rfp_id,spec_rel_pos,wc_long,spec_in_512
RFP_0001,0.7430891165667891,806,False
RFP_0002,0.12295560747663552,570,True
RFP_0003,0.9863117870722433,622,False
RFP_0004,0.9275158339197748,1061,False
RFP_0005,0.9911390595969701,1115,False
RFP_0006,0.9834528405956977,568,False
RFP_0007,0.992862807295797,1214,False
RFP_0008,0.9869604316546763,684,False
RFP_0009,0.6791646891314665,666,False
RFP_0010,0.17557764642665233,1194,True
RFP_0011,0.86281179138322,556,False
RFP_0012,0.9908108979526036,979,False
RFP_0013,0.7543904301348944,633,False
RFP_0014,0.8209039548022599,823,False
RFP_0015,0.7564427827480305,1192,False
RFP_0016,0.9861762527770921,623,False
RFP_0017,0.0,700,True
RFP_0018,0.6091589496384625,1260,False
RFP_0019,0.7584298806847657,922,False
RFP_0020,0.2818216707176666,1247,True
RFP_0021,0.08111702127659574,839,True
RFP_0022,0.6527726088574618,834,False
RFP_0023,0.06290637191157347,969,True
RFP_0024,0.6416621694549379,1145,False
RFP_0025,0.3025224907391074,907,True
RFP_0026,0.9395377888819488,1253,False
RFP_0027,0.9871289184139506,764,False
RFP_0028,0.984781405644715,558,False
RFP_0029,0.8563287342531494,1025,False
RFP_0030,0.9917247386759582,1067,False
RFP_0031,0.9927404718693285,1249,False
RFP_0032,0.18848526387936942,694,True
RFP_0033,0.9882442169131589,794,False
RFP_0034,0.5011542901115814,805,False
RFP_0035,0.9861514406968952,720,False
RFP_0036,0.9900048363694987,967,False
RFP_0037,0.18624398528163033,1093,True
RFP_0038,0.6274963212108472,767,False
RFP_0039,0.0,557,True
RFP_0040,0.3037740217642973,706,True
RFP_0041,0.9837215126471325,622,False
RFP_0042,0.091715379963717,747,True
RFP_0043,0.06023408506994005,1062,True
RFP_0044,0.9886706948640483,857,False
RFP_0045,0.550188679245283,1259,False
RFP_0046,0.8856490872210954,615,False
RFP_0047,0.9928247734138973,1246,False
RFP_0048,0.08290965975752836,778,True
RFP_0049,0.9865319865319865,688,False
RFP_0050,0.2471379507727533,1105,True
RFP_0051,0.0,1028,True
RFP_0052,0.336283185840708,827,True
RFP_0053,0.1986501687289089,703,True
RFP_0054,0.44561140285071266,1194,False
RFP_0055,0.9888654252255711,807,False
RFP_0056,0.37779702612963767,1101,False
RFP_0057,0.9857872529424828,692,False
RFP_0058,0.0,881,True
RFP_0059,0.9910862668076749,1085,False
RFP_0060,0.8868284008637114,1237,False
RFP_0061,0.9342889582741981,1119,False
RFP_0062,0.991311093871218,1041,False
RFP_0063,0.301753901394835,1154,True
RFP_0064,0.26818384649709953,1083,True
RFP_0065,0.13717483363581368,1024,True
RFP_0066,0.0,952,True
RFP_0067,0.8375021864614308,904,False
RFP_0068,0.9852829231159604,602,False
RFP_0069,0.0,1005,True
RFP_0070,0.623235835549192,772,False
RFP_0071,0.10511820059674087,694,True
RFP_0072,0.9812041116005874,535,False
RFP_0073,0.9920614263404477,1206,False
RFP_0074,0.3879045594141271,671,True
RFP_0075,0.9918355855855856,1095,False
RFP_0076,0.06745713827912193,1000,True
RFP_0077,0.24438122332859175,570,True
RFP_0078,0.9840380845701484,555,False
RFP_0079,0.11297283574511298,629,True
RFP_0080,0.1074233595135546,630,True
RFP_0081,0.7562767094017094,1157,False
RFP_0082,0.6184840800225415,557,True
RFP_0083,0.6563775510204082,608,False
RFP_0084,0.9929521276595744,1189,False
RFP_0085,0.0,544,True
RFP_0086,0.3808326348141939,530,True
RFP_0087,0.909261694533158,838,False
RFP_0088,0.9891990461495301,1119,False
RFP_0089,0.1721362229102167,747,True
RFP_0090,0.07782395164336985,860,True
RFP_0091,0.9863336475023563,668,False
RFP_0092,0.6244420828905419,739,False
RFP_0093,0.4114877589453861,833,True
RFP_0094,0.424677395969262,1117,False
RFP_0095,0.5004755564009892,821,False
RFP_0096,0.32676269901440486,643,True
RFP_0097,0.0,1108,True
RFP_0098,0.0,671,True
RFP_0099,0.23752672843905917,876,True
RFP_0100,0.16130653266331657,1213,True
RFP_0101,0.0,617,True
RFP_0102,0.9069189602446484,842,False
RFP_0103,0.11765550926591008,1094,True
RFP_0104,0.5259660779856619,853,False
RFP_0105,0.0,1023,True
RFP_0106,0.0,629,True
RFP_0107,0.10866222450025628,633,True
RFP_0108,0.8699494949494949,628,False
RFP_0109,0.6615539351269801,1236,False
RFP_0110,0.0,1280,True
RFP_0111,0.991008991008991,1129,False
RFP_0112,0.0,649,True
RFP_0113,0.9889048695294843,759,False
RFP_0114,0.8501339584728734,937,False
RFP_0115,0.884479271991911,604,False
RFP_0116,0.45584627964022895,1176,False
RFP_0117,0.687333923826395,896,False
RFP_0118,0.33380245649948825,1227,False
RFP_0119,0.765938864628821,895,False
RFP_0120,0.0,1117,True
RFP_0121,0.06826843413421707,933,True
RFP_0122,0.08714551852618506,764,True
RFP_0123,0.2481954469739034,551,True
RFP_0124,0.7622448979591837,891,False
RFP_0125,0.48992336077206927,543,True
RFP_0126,0.4080352375867592,1143,False
RFP_0127,0.0,770,True
RFP_0128,0.9871708305199189,696,False
RFP_0129,0.7767283717415943,1231,False
RFP_0130,0.19927371765773944,693,True
RFP_0131,0.8870314083080041,1245,False
RFP_0132,0.9820410490307868,538,False
RFP_0133,0.35588282893672113,986,True
RFP_0134,0.0,830,True
RFP_0135,0.23550863723608445,812,True
RFP_0136,0.9876517802016875,752,False
RFP_0137,0.5034635224760501,1096,False
RFP_0138,0.7189028279821391,747,False
RFP_0139,0.0,849,True
RFP_0140,0.0,949,True
RFP_0141,0.6968806140780663,971,False
RFP_0142,0.12777857450164923,1131,True
RFP_0143,0.0,580,True
RFP_0144,0.19379965726748716,1035,True
RFP_0145,0.0,1172,True
RFP_0146,0.986627043090639,733,False
RFP_0147,0.7485745316318219,1152,False
RFP_0148,0.3224621038125861,1051,True
RFP_0149,0.9869739478957916,612,False
RFP_0150,0.988436018957346,797,False
RFP_0151,0.8910369068541301,722,False
RFP_0152,0.0,849,True
RFP_0153,0.0,1043,True
RFP_0154,0.7102222222222222,1249,False
RFP_0155,0.989657794676806,1015,False
RFP_0156,0.9899366985878916,961,False
RFP_0157,0.664681062298337,617,False
RFP_0158,0.9909159727479182,1061,False
RFP_0159,0.85479375696767,582,False
RFP_0160,0.0,719,True
RFP_0161,0.0,1191,True
RFP_0162,0.9819557625145519,524,False
RFP_0163,0.11913615560640732,1091,True
RFP_0164,0.9913636363636363,1021,False
RFP_0165,0.0,1149,True
RFP_0166,0.5279369627507163,898,False
RFP_0167,0.2327209098862642,910,True
RFP_0168,0.660212367270456,997,False
RFP_0169,0.9900815869460886,955,False
RFP_0170,0.4473148383812675,1236,False
RFP_0171,0.6664134700595012,1254,False
RFP_0172,0.10667340748230536,645,True
RFP_0173,0.0,1154,True
RFP_0174,0.0,851,True
RFP_0175,0.9920727745289148,1205,False
RFP_0176,0.0,565,True
RFP_0177,0.38843537414965984,726,True
RFP_0178,0.7380227083910275,588,False
RFP_0179,0.8975248669905158,703,False
RFP_0180,0.6519306099608282,842,False
RFP_0181,0.4185036202735318,1015,False
RFP_0182,0.2483908718548859,525,True
RFP_0183,0.986850344395742,739,False
RFP_0184,0.0,536,True
RFP_0185,0.9877466251298027,741,False
RFP_0186,0.5264184929450615,1043,False
RFP_0187,0.3875352654526802,1223,False
RFP_0188,0.9924119241192412,1148,False
RFP_0189,0.05986815552266918,1175,True
RFP_0190,0.0,616,True
RFP_0191,0.0,1231,True
RFP_0192,0.0,962,True
RFP_0193,0.6836803223640027,708,False
RFP_0194,0.45581477553905975,893,False
RFP_0195,0.4105050505050505,1144,False
RFP_0196,0.0,703,True
RFP_0197,0.7471835020049646,848,False
RFP_0198,0.9076698624426844,774,False
RFP_0199,0.9158036056770233,819,False
RFP_0200,0.1343692870201097,1018,True
RFP_0201,0.20286837844089753,678,True
RFP_0202,0.0,881,True
RFP_0203,0.6594026211520878,1016,False
RFP_0204,0.06601506168883192,960,True
RFP_0205,0.0,618,True
RFP_0206,0.14288041707396545,976,True
RFP_0207,0.0,633,True
RFP_0208,0.0,1182,True
RFP_0209,0.0,943,True
RFP_0210,0.9856281872971719,681,False
RFP_0211,0.9922656354180558,1181,False
RFP_0212,0.11990008326394672,554,True
RFP_0213,0.1871935390827805,1096,True
RFP_0214,0.0,1125,True
RFP_0215,0.9895833333333334,869,False
RFP_0216,0.9874202027788209,856,False
RFP_0217,0.0,1215,True
RFP_0218,0.0,609,True
RFP_0219,0.9847831600304336,618,False
RFP_0220,0.9867185711014427,668,False
RFP_0221,0.8003173164097914,712,False
RFP_0222,0.98933281613654,841,False
RFP_0223,0.3863723854741435,1200,False
RFP_0224,0.0,629,True
RFP_0225,0.504194060303786,708,True
RFP_0226,0.30910349601938386,909,True
RFP_0227,0.7220461747397012,1021,False
RFP_0228,0.424102638027966,1065,False
RFP_0229,0.790740176667682,1068,False
RFP_0230,0.9922602837895944,1111,False
RFP_0231,0.9917941585535466,1141,False
RFP_0232,0.16748706298119398,1290,True
RFP_0233,0.1754782966467805,766,True
RFP_0234,0.8869955156950673,1222,False
RFP_0235,0.2913375284509305,1169,True
RFP_0236,0.8701117318435754,550,False
RFP_0237,0.4897435897435897,566,True
RFP_0238,0.9926171079429735,1241,False
RFP_0239,0.0,690,True
RFP_0240,0.24270877792004553,1133,True
RFP_0241,0.31593366979091564,1118,True
RFP_0242,0.3978134761267291,676,True
RFP_0243,0.6050566695727986,558,True
RFP_0244,0.8390345546101754,885,False
RFP_0245,0.49270695207425647,823,False
RFP_0246,0.0,1239,True
RFP_0247,0.3647422680412371,781,True
RFP_0248,0.7729257641921398,636,False
RFP_0249,0.7014512785072564,687,False
RFP_0250,0.0,1024,True
RFP_0251,0.0,817,True
RFP_0252,0.0,605,True
RFP_0253,0.3073136427566807,902,True
RFP_0254,0.6334543498722603,1191,False
RFP_0255,0.8835930339138405,684,False
RFP_0256,0.3574380165289256,769,True
RFP_0257,0.9909443725743855,1093,False
RFP_0258,0.9906499773789775,1021,False
RFP_0259,0.9908592321755028,1008,False
RFP_0260,0.5772024585583908,824,False
RFP_0261,0.6101724438251176,910,False
RFP_0262,0.9874144402737911,724,False
RFP_0263,0.98704200178731,688,False
RFP_0264,0.0,682,True
RFP_0265,0.5206589251957872,1166,False
RFP_0266,0.0,1063,True
RFP_0267,0.993309315491508,1252,False
RFP_0268,0.5908466819221968,706,False
RFP_0269,0.0,1161,True
RFP_0270,0.3826662827526634,541,True
RFP_0271,0.4028056112224449,719,True
RFP_0272,0.9901025097207494,889,False
RFP_0273,0.0,773,True
RFP_0274,0.0,1223,True
RFP_0275,0.05395360758682558,1235,True
RFP_0276,0.8952780692549842,794,False
RFP_0277,0.9875713121434393,742,False
RFP_0278,0.8716642081265925,1174,False
RFP_0279,0.9874343585896475,817,False
RFP_0280,0.0,998,True
RFP_0281,0.18718877320054322,701,True
RFP_0282,0.41739953998105805,1141,False
RFP_0283,0.0,818,True
RFP_0284,0.5973568281938326,899,False
RFP_0285,0.9190283400809717,942,False
RFP_0286,0.0,764,True
RFP_0287,0.0,537,True
RFP_0288,0.5275548421615838,899,False
RFP_0289,0.0,866,True
RFP_0290,0.5658786576293602,954,False
RFP_0291,0.9910054609701253,959,False
RFP_0292,0.0,986,True
RFP_0293,0.2111056349597503,975,True
RFP_0294,0.9914887868143745,1158,False
RFP_0295,0.1827782290820471,762,True
RFP_0296,0.0,906,True
RFP_0297,0.49723909442297076,571,True
RFP_0298,0.0,835,True
RFP_0299,0.2996152975786377,695,True
RFP_0300,0.9925608372210314,1241,False
RFP_0301,0.9905750580521787,1163,False
RFP_0302,0.0,1244,True
RFP_0303,0.8931219110378913,764,False
RFP_0304,0.9905184278941734,1038,False
RFP_0305,0.0,703,True
RFP_0306,0.9908894379246448,1023,False
RFP_0307,0.9899186991869918,957,False
RFP_0308,0.6828203950390446,684,False
RFP_0309,0.18724191940766055,1109,True
RFP_0310,0.12509007061536245,1070,True
RFP_0311,0.0,685,True
RFP_0312,0.29889553612517256,725,True
RFP_0313,0.6522234891676169,825,False
RFP_0314,0.0,890,True
RFP_0315,0.24234454255119295,831,True
RFP_0316,0.0,982,True
RFP_0317,0.9312654725498762,1091,False
RFP_0318,0.9914395776858325,1105,False
RFP_0319,0.9925273552175073,1177,False
RFP_0320,0.9835103409726104,573,False
RFP_0321,0.0,940,True
RFP_0322,0.6267748478701826,811,False
RFP_0323,0.992664727456684,1251,False
RFP_0324,0.8350104094378904,905,False
RFP_0325,0.9900592954307639,916,False
RFP_0326,0.7868550368550369,1028,False
RFP_0327,0.055916775032509754,1070,True
RFP_0328,0.8059518956379943,761,False
RFP_0329,0.6732913926222477,1096,False
RFP_0330,0.8088834555827221,753,False
RFP_0331,0.0,620,True
RFP_0332,0.0,1142,True
RFP_0333,0.0,1030,True
RFP_0334,0.8390177353342428,902,False
RFP_0335,0.6954192338601661,1157,False
RFP_0336,0.8618677042801557,578,False
RFP_0337,0.4353693181818182,1100,False
RFP_0338,0.0,949,True
RFP_0339,0.2343983684568321,1171,True
RFP_0340,0.9871244635193133,690,False
RFP_0341,0.9861878453038674,698,False
RFP_0342,0.0,1265,True
RFP_0343,0.9900908340214699,951,False
RFP_0344,0.0,641,True
RFP_0345,0.9923148270836094,1189,False
RFP_0346,0.704853041695147,1137,False
RFP_0347,0.9860034991252187,625,False
RFP_0348,0.6767515923566879,1109,False
RFP_0349,0.0,1026,True
RFP_0350,0.9885496183206107,822,False
RFP_0351,0.9881314668289713,1014,False
RFP_0352,0.4402295982031445,607,True
RFP_0353,0.4939353099730458,675,True
RFP_0354,0.0,820,True
RFP_0355,0.9890616004605642,817,False
RFP_0356,0.5922871154703522,714,False
RFP_0357,0.2452292794075762,548,True
RFP_0358,0.9907323002127013,1039,False
RFP_0359,0.15856645610416398,1252,True
RFP_0360,0.0,622,True
RFP_0361,0.9930660615229451,1230,False
RFP_0362,0.34151905528717125,1130,False
RFP_0363,0.0,1226,True
RFP_0364,0.7359392575928009,561,False
RFP_0365,0.12988178961544217,1079,True
RFP_0366,0.9889791183294664,843,False
RFP_0367,0.9848614681519566,543,False
RFP_0368,0.0,814,True
RFP_0369,0.6997151769971518,1190,False
RFP_0370,0.464909217877095,923,False
RFP_0371,0.11573604060913706,608,True
RFP_0372,0.42533570619640837,953,False
RFP_0373,0.05772882643372579,1230,True
RFP_0374,0.5368861024033438,722,False
RFP_0375,0.787663379958725,697,False
RFP_0376,0.9883392890727855,826,False
RFP_0377,0.9889721181856014,750,False
RFP_0378,0.493163513766623,826,False
RFP_0379,0.0,1176,True
RFP_0380,0.762582613116421,621,False
RFP_0381,0.5918131359851989,679,False
RFP_0382,0.06196943972835314,1119,True
RFP_0383,0.9914899970140341,1015,False
RFP_0384,0.9193130265716137,989,False
RFP_0385,0.7414213388336771,889,False
RFP_0386,0.5964647227677897,1040,False
RFP_0387,0.0,825,True
RFP_0388,0.982937062937063,570,False
RFP_0389,0.0880779518532671,802,True
RFP_0390,0.28867313915857606,948,True
RFP_0391,0.868928621709137,1101,False
RFP_0392,0.9828962371721779,543,False
RFP_0393,0.9919354838709677,1088,False
RFP_0394,0.9863263445761167,680,False
RFP_0395,0.9897653079230634,889,False
RFP_0396,0.16851945426983325,1221,True
RFP_0397,0.9903862660944206,889,False
RFP_0398,0.23855804912528716,888,True
RFP_0399,0.6693386773547094,636,False
RFP_0400,0.11651006711409397,1172,True
RFP_0401,0.9913951191987587,1080,False
RFP_0402,0.0,1064,True
RFP_0403,0.9880753138075313,766,False
RFP_0404,0.9903525697246097,875,False
RFP_0405,0.9921238819917234,1190,False
RFP_0406,0.9235629526891663,1041,False
RFP_0407,0.49513303049967555,970,False
RFP_0408,0.0,639,True
RFP_0409,0.9922480620155039,1150,False
RFP_0410,0.3160659565153947,1062,True
RFP_0411,0.8946635730858469,656,False
RFP_0412,0.38584369722094275,1024,False
RFP_0413,0.0,1067,True
RFP_0414,0.9859261120884645,613,False
RFP_0415,0.5883783783783784,1157,False
RFP_0416,0.9916190476190476,1228,False
RFP_0417,0.9919901417128774,1028,False
RFP_0418,0.35341494845360827,972,True
RFP_0419,0.9847692657422141,734,False
RFP_0420,0.5451948051948052,1215,False
RFP_0421,0.9904220779220779,972,False
RFP_0422,0.0,919,True
RFP_0423,0.0,908,True
RFP_0424,0.07044359528160823,957,True
RFP_0425,0.2947727272727273,664,True
RFP_0426,0.1360544217687075,1032,True
RFP_0427,0.0,590,True
RFP_0428,0.4582450832072617,1072,False
RFP_0429,0.454434250764526,788,True
RFP_0430,0.7389705882352942,817,False
RFP_0431,0.0,626,True
RFP_0432,0.6845730027548209,664,False
RFP_0433,0.2211296016137166,624,True
RFP_0434,0.0,1213,True
RFP_0435,0.0,601,True
RFP_0436,0.2510492178557802,829,True
RFP_0437,0.9914333792259447,1036,False
RFP_0438,0.9912861061804099,970,False
RFP_0439,0.7716214494968794,1267,False
RFP_0440,0.5833664415309231,1169,False
RFP_0441,0.07518261179404953,902,True
RFP_0442,0.7617168228909719,623,False
RFP_0443,0.3870814533364996,684,True
RFP_0444,0.9915709925882866,1113,False
RFP_0445,0.0,1023,True
RFP_0446,0.9838056680161943,568,False
RFP_0447,0.6175063326766114,531,True
RFP_0448,0.8021446593776282,739,False
RFP_0449,0.0,1065,True
RFP_0450,0.9870779491454773,756,False
RFP_0451,0.37525122021246055,535,True
RFP_0452,0.0,621,True
RFP_0453,0.35505441195751936,1172,False
RFP_0454,0.0,1161,True
RFP_0455,0.9899334307517454,962,False
RFP_0456,0.0,1261,True
RFP_0457,0.9917034658102503,1174,False
RFP_0458,0.9921151439299124,1223,False
RFP_0459,0.9868181818181818,685,False
RFP_0460,0.9915484887551926,1084,False
RFP_0461,0.3053382420616659,708,True
RFP_0462,0.9853995901639344,615,False
RFP_0463,0.12492997198879552,541,True
RFP_0464,0.9901537398514424,904,False
RFP_0465,0.17033179012345678,819,True
RFP_0466,0.833274461321088,877,False
RFP_0467,0.631960631960632,600,True
RFP_0468,0.6650404025003811,1063,False
RFP_0469,0.9900196335078534,954,False
RFP_0470,0.23433048433048434,890,True
RFP_0471,0.11266912669126691,622,True
RFP_0472,0.9891696750902527,839,False
RFP_0473,0.6030038108047523,693,False
RFP_0474,0.0,1051,True
RFP_0475,0.055368257261410786,1222,True
RFP_0476,0.43328611898017,1127,False
RFP_0477,0.16683699540112418,1208,True
RFP_0478,0.906390134529148,851,False
RFP_0479,0.41054038571701357,818,True
RFP_0480,0.9901469875625909,959,False
RFP_0481,0.3783860045146727,543,True
RFP_0482,0.0,619,True
RFP_0483,0.0,686,True
RFP_0484,0.7124109486314211,1266,False
RFP_0485,0.0,1054,True
RFP_0486,0.0,781,True
RFP_0487,0.25009187798603455,839,True
RFP_0488,0.5368581596339603,620,True
RFP_0489,0.6939834024896265,907,False
RFP_0490,0.0,1030,True
RFP_0491,0.9826539462272333,536,False
RFP_0492,0.9851045545688915,553,False
RFP_0493,0.6566280566280567,625,False
RFP_0494,0.9879267277268943,760,False
RFP_0495,0.0,923,True
RFP_0496,0.0,974,True
RFP_0497,0.991626065773447,1050,False
RFP_0498,0.11311569301260023,525,True
RFP_0499,0.25203606748109364,1110,True
RFP_0500,0.9899681528662421,988,False
RFP_0501,0.9339292654488923,1200,False
RFP_0502,0.2653970826580227,800,True
RFP_0503,0.8116389060250874,794,False
RFP_0504,0.0,1150,True
RFP_0505,0.9868031854379977,688,False
RFP_0506,0.41479650057055917,835,True
RFP_0507,0.35855975995999334,925,True
RFP_0508,0.8073116542112705,745,False
RFP_0509,0.0,954,True
RFP_0510,0.9920774647887324,1229,False
RFP_0511,0.0,567,True
RFP_0512,0.9829179501540185,574,False
RFP_0513,0.088816459564066,753,True
RFP_0514,0.0,1036,True
RFP_0515,0.984806280070904,631,False
RFP_0516,0.6241984945637022,1107,False
RFP_0517,0.6666666666666666,650,False
RFP_0518,0.49338503649635035,666,True
RFP_0519,0.9860122075279756,630,False
RFP_0520,0.9923602734217933,1177,False
RFP_0521,0.985781990521327,696,False
RFP_0522,0.0,921,True
RFP_0523,0.36828929068150207,573,True
RFP_0524,0.5531488669087267,1250,False
RFP_0525,0.3591508892713712,552,True
RFP_0526,0.11358461927649886,630,True
RFP_0527,0.9873273761169781,946,False
RFP_0528,0.9862155388471178,641,False
RFP_0529,0.9871794871794872,829,False
RFP_0530,0.9916434540389972,1078,False
RFP_0531,0.5817730656440334,669,False
RFP_0532,0.0,541,True
RFP_0533,0.3865046208380808,1236,False
RFP_0534,0.0,1256,True
RFP_0535,0.22981208735398678,617,True
RFP_0536,0.0,786,True
RFP_0537,0.9927657206455203,1127,False
RFP_0538,0.9906513409961686,1022,False
RFP_0539,0.20730918499353168,969,True
RFP_0540,0.0,768,True
RFP_0541,0.6415982779496838,1170,False
RFP_0542,0.9826639699508812,543,False
RFP_0543,0.0,850,True
RFP_0544,0.08635414689694439,826,True
RFP_0545,0.9909075880310795,956,False
RFP_0546,0.0,622,True
RFP_0547,0.4228374836173001,976,False
RFP_0548,0.24876673713883016,1108,True
RFP_0549,0.3834968465311843,873,True
RFP_0550,0.641139924365208,1164,False
RFP_0551,0.30960056061667834,1118,True
RFP_0552,0.9899682327370005,945,False
RFP_0553,0.9814198557958957,564,False
RFP_0554,0.1364122954580211,1026,True
RFP_0555,0.05275963631707005,1222,True
RFP_0556,0.0,1221,True
RFP_0557,0.19555143651529194,987,True
RFP_0558,0.9884453781512605,763,False
RFP_0559,0.9873769790329482,766,False
RFP_0560,0.8785082660515187,1211,False
RFP_0561,0.0,945,True
RFP_0562,0.6501901140684411,1166,False
RFP_0563,0.15184866723989682,895,True
RFP_0564,0.9908256880733946,1051,False
RFP_0565,0.11133151500123978,650,True
RFP_0566,0.0,882,True
RFP_0567,0.9893748893217638,880,False
RFP_0568,0.887917507285362,696,False
RFP_0569,0.4570985527222605,885,False
RFP_0570,0.06509146341463415,1042,True
RFP_0571,0.2600840336134454,754,True
RFP_0572,0.44979402677651903,1191,False
RFP_0573,0.9844961240310077,604,False
RFP_0574,0.3910474892069984,680,True
RFP_0575,0.7148105916634993,1227,False
RFP_0576,0.9922190632949274,1044,False
RFP_0577,0.0,1095,True
RFP_0578,0.0,1099,True
RFP_0579,0.9903069466882067,981,False
RFP_0580,0.0,825,True
RFP_0581,0.5317761261944487,1009,False
RFP_0582,0.9859024728449272,691,False
RFP_0583,0.5,1218,False
RFP_0584,0.1789363920750782,731,True
RFP_0585,0.7379350124975966,820,False
RFP_0586,0.16336441336441337,797,True
RFP_0587,0.0,1163,True
RFP_0588,0.3278045838359469,1018,True
RFP_0589,0.4275008145975888,967,False
RFP_0590,0.9828539823008849,557,False
RFP_0591,0.24648695153427014,1104,True
RFP_0592,0.07944465869649055,828,True
RFP_0593,0.9362467866323907,1231,False
RFP_0594,0.5672480620155039,813,False
RFP_0595,0.881496359527994,608,False
RFP_0596,0.0,983,True
RFP_0597,0.19594175960346963,1003,True
RFP_0598,0.46594728462763135,917,False
RFP_0599,0.9902521008403361,967,False
RFP_0600,0.7117369695425003,1227,False
RFP_0601,0.7254901960784313,521,True
RFP_0602,0.98771345272803,755,False
RFP_0603,0.4126231993934799,822,True
RFP_0604,0.2214398873437775,889,True
RFP_0605,0.9911358173076923,1014,False
RFP_0606,0.9881570745896531,740,False
RFP_0607,0.0,685,True
RFP_0608,0.0,991,True
RFP_0609,0.0,896,True
RFP_0610,0.2949067758071851,688,True
RFP_0611,0.28405370006548786,924,True
RFP_0612,0.9896013864818024,906,False
RFP_0613,0.9885857999613078,847,False
RFP_0614,0.46581346423562414,899,False
RFP_0615,0.9888910170465428,852,False
RFP_0616,0.17210456019843542,839,True
RFP_0617,0.990418967197142,957,False
RFP_0618,0.9914854797019917,1054,False
RFP_0619,0.9852789256198347,610,False
RFP_0620,0.9911489645958583,928,False
RFP_0621,0.9905,939,False
RFP_0622,0.1346094473602964,1022,True
RFP_0623,0.0539714867617108,1207,True
RFP_0624,0.0,1198,True
RFP_0625,0.7661391610148204,635,False
RFP_0626,0.9876317923763179,779,False
RFP_0627,0.9888909809828658,831,False
RFP_0628,0.9914130762277794,1049,False
RFP_0629,0.5406289308176101,619,True
RFP_0630,0.9917231000752446,1023,False
RFP_0631,0.9920528017241379,1180,False
RFP_0632,0.9900831733845169,958,False
RFP_0633,0.9886845827439887,888,False
RFP_0634,0.9266956888077518,1117,False
RFP_0635,0.7625991302123305,653,False
RFP_0636,0.4100609756097561,825,True
RFP_0637,0.8845186370912417,691,False
RFP_0638,0.06359617852559532,1106,True
RFP_0639,0.0,1179,True
RFP_0640,0.0,804,True
RFP_0641,0.5070382882882883,563,True
RFP_0642,0.985655737704918,618,False
RFP_0643,0.0,594,True
RFP_0644,0.0,620,True
RFP_0645,0.6186177715091679,574,True
RFP_0646,0.9910325390725083,1199,False
RFP_0647,0.3720665623666619,1097,False
RFP_0648,0.21822849807445444,1255,True
RFP_0649,0.9919012214551248,1190,False
RFP_0650,0.0,639,True
RFP_0651,0.0,1175,True
RFP_0652,0.9838909541511772,757,False
RFP_0653,0.2254219126707742,1149,True
RFP_0654,0.19080888060860116,1007,True
RFP_0655,0.9916240772288473,1112,False
RFP_0656,0.0,978,True
RFP_0657,0.9920918367346939,1226,False
RFP_0658,0.0,551,True
RFP_0659,0.058472856418061894,1253,True
RFP_0660,0.9214916584887144,978,False
RFP_0661,0.8906043228936921,739,False
RFP_0662,0.9869511184755593,763,False
RFP_0663,0.9922104456646661,1226,False
RFP_0664,0.11256940938919738,634,True
RFP_0665,0.5868096014914939,703,False
RFP_0666,0.0,1109,True
RFP_0667,0.9893689986282579,935,False
RFP_0668,0.2215834857590802,617,True
RFP_0669,0.0,567,True
RFP_0670,0.313588850174216,1062,True
RFP_0671,0.992195496417605,1249,False
RFP_0672,0.36122994652406415,1210,False
RFP_0673,0.0,621,True
RFP_0674,0.9867467384551667,741,False
RFP_0675,0.0,608,True
RFP_0676,0.4052888222055514,837,True
RFP_0677,0.35215404699738906,981,True
RFP_0678,0.9830605799598048,561,False
RFP_0679,0.33282019704433496,1040,True
RFP_0680,0.9911649214659686,947,False
RFP_0681,0.0,754,True
RFP_0682,0.9817559863169898,543,False
RFP_0683,0.9930332261521972,1166,False
RFP_0684,0.9843251088534107,549,False
RFP_0685,0.125,525,True
RFP_0686,0.43488194973343486,629,True
RFP_0687,0.989501312335958,956,False
RFP_0688,0.9871794871794872,764,False
RFP_0689,0.8643882646691635,994,False
RFP_0690,0.9871677360219981,676,False
RFP_0691,0.3880650348400929,870,True
RFP_0692,0.8335892514395393,805,False
RFP_0693,0.9909399773499433,1124,False
RFP_0694,0.9894280762564991,874,False
RFP_0695,0.337665583604099,641,True
RFP_0696,0.0,639,True
RFP_0697,0.2245220136818102,902,True
RFP_0698,0.9327935222672065,1186,False
RFP_0699,0.8921706516643225,684,False
RFP_0700,0.26919831223628693,728,True
RFP_0701,0.9891609045038311,838,False
RFP_0702,0.9922074432352546,1193,False
RFP_0703,0.6709628506444276,611,False
RFP_0704,0.987034369211772,800,False
RFP_0705,0.991010134030729,987,False
RFP_0706,0.9871475953565506,736,False
RFP_0707,0.0,1097,True
RFP_0708,0.9875802111364107,738,False
RFP_0709,0.9267446900736888,1094,False
RFP_0710,0.7401877133105802,1120,False
RFP_0711,0.43829033889731916,623,True
RFP_0712,0.9935205183585313,1221,False
RFP_0713,0.18826185101580137,711,True
RFP_0714,0.9904515293736851,988,False
RFP_0715,0.6048262878658224,915,False
RFP_0716,0.9886524822695035,788,False
RFP_0717,0.0,625,True
RFP_0718,0.9930220756153261,1222,False
RFP_0719,0.9910952804986642,1062,False
RFP_0720,0.23081073789289086,1148,True
RFP_0721,0.1115071283095723,635,True
RFP_0722,0.9923736892278361,1131,False
RFP_0723,0.9912240184757506,1013,False
RFP_0724,0.992208490059108,1133,False
RFP_0725,0.4590814196242171,752,True
RFP_0726,0.8747340425531915,1174,False
RFP_0727,0.0,585,True
RFP_0728,0.0,1051,True
RFP_0729,0.9262485481997678,1114,False
RFP_0730,0.27441681620097413,1237,True
RFP_0731,0.14127243066884176,945,True
RFP_0732,0.9255118338899375,1072,False
RFP_0733,0.09926470588235294,679,True
RFP_0734,0.0,1179,True
RFP_0735,0.6744016345592527,1078,False
RFP_0736,0.0,963,True
RFP_0737,0.0,1099,True
RFP_0738,0.7669434770961693,1158,False
RFP_0739,0.9915086328898953,1110,False
RFP_0740,0.6088310217945089,562,True
RFP_0741,0.13383800151400455,1049,True
RFP_0742,0.7171639887783728,1234,False
RFP_0743,0.9875930521091811,681,False
RFP_0744,0.32288930581613506,824,True
RFP_0745,0.719690063810392,1056,False
RFP_0746,0.9926595143986449,1117,False
RFP_0747,0.25219112242013003,550,True
RFP_0748,0.9905831818932761,943,False
RFP_0749,0.9914285714285714,1120,False
RFP_0750,0.0,757,True
RFP_0751,0.7711726384364821,975,False
RFP_0752,0.9918906742754168,1047,False
RFP_0753,0.49311610830656266,709,True
RFP_0754,0.7889337892446379,1006,False
RFP_0755,0.988517060367454,981,False
RFP_0756,0.9920191540303273,1196,False
RFP_0757,0.2471655328798186,556,True
RFP_0758,0.4282174128531307,945,False
RFP_0759,0.0,647,True
RFP_0760,0.35375777884155096,983,True
RFP_0761,0.4924546322827125,835,False
RFP_0762,0.9917758572623362,1094,False
RFP_0763,0.5501756146512795,651,True
RFP_0764,0.16911612502587456,792,True
RFP_0765,0.6459686147186147,1148,False
RFP_0766,0.9921409214092141,1137,False
RFP_0767,0.23031443160440743,1166,True
RFP_0768,0.9901850362027353,972,False
RFP_0769,0.09077956442092408,757,True
RFP_0770,0.0,636,True
RFP_0771,0.25319330116378086,549,True
RFP_0772,0.062295973884657234,1152,True
RFP_0773,0.9923751978132643,1097,False
RFP_0774,0.07545403482493915,849,True
RFP_0775,0.4873405672948791,808,False
RFP_0776,0.0,750,True
RFP_0777,0.9917660420215787,1123,False
RFP_0778,0.9857428714357178,645,False
RFP_0779,0.24068188384859868,554,True
RFP_0780,0.6550549034456645,819,False
RFP_0781,0.0,550,True
RFP_0782,0.9870742716454657,748,False
RFP_0783,0.6838420107719928,928,False
RFP_0784,0.7327277731902009,549,False
RFP_0785,0.9868299445471349,702,False
RFP_0786,0.0,1241,True
RFP_0787,0.7860696517412935,986,False
RFP_0788,0.9905034669882424,1048,False
RFP_0789,0.08444022770398482,824,True
RFP_0790,0.9917683792222538,1126,False
RFP_0791,0.0,700,True
RFP_0792,0.9889344993753346,881,False
RFP_0793,0.05459370655882725,1240,True
RFP_0794,0.5430711610486891,635,True
RFP_0795,0.0,709,True
RFP_0796,0.0,533,True
RFP_0797,0.9884140550807218,825,False
RFP_0798,0.9900972897845726,887,False
RFP_0799,0.2086007702182285,1005,True
RFP_0800,0.0,723,True
RFP_0801,0.9909370448292604,971,False
RFP_0802,0.6881101813110181,881,False
RFP_0803,0.0,698,True
RFP_0804,0.0,642,True
RFP_0805,0.0,745,True
RFP_0806,0.0,986,True
RFP_0807,0.0,709,True
RFP_0808,0.8807386509361375,1247,False
RFP_0809,0.0,561,True
RFP_0810,0.2537520844913841,545,True
RFP_0811,0.4139748614677659,1155,False
RFP_0812,0.982490821801751,556,False
RFP_0813,0.9165507649513213,869,False
RFP_0814,0.9829704075935232,573,False
RFP_0815,0.0,1012,True
RFP_0816,0.7634219327583172,903,False
RFP_0817,0.0,1187,True
RFP_0818,0.466908797417272,1165,False
RFP_0819,0.6189583333333334,754,False
RFP_0820,0.1832618025751073,1136,True
RFP_0821,0.0573882733723391,1264,True
RFP_0822,0.42955820981436177,1103,False
RFP_0823,0.0,1155,True
RFP_0824,0.9894169713296133,850,False
RFP_0825,0.7422080360495682,861,False
RFP_0826,0.9833709131905298,561,False
RFP_0827,0.5947551995866167,1237,False
RFP_0828,0.4626845637583893,1194,False
RFP_0829,0.8833109017496635,1138,False
RFP_0830,0.11318376607007814,628,True
RFP_0831,0.39935882757041447,700,True
RFP_0832,0.5647638365691104,1084,False
RFP_0833,0.0,1110,True
RFP_0834,0.5698155814828755,834,False
RFP_0835,0.9891090876629174,870,False
RFP_0836,0.9832338732594487,533,False
RFP_0837,0.9918279569892473,1087,False
RFP_0838,0.6630330847198317,811,False
RFP_0839,0.989228780697975,1101,False
RFP_0840,0.5944293478260869,693,False
RFP_0841,0.24351585014409222,565,True
RFP_0842,0.7532700232933166,864,False
RFP_0843,0.17573500066515899,1185,True
RFP_0844,0.5547131665403083,1263,False
RFP_0845,0.0,669,True
RFP_0846,0.991059860067375,1216,False
RFP_0847,0.0,761,True
RFP_0848,0.12751677852348994,562,True
RFP_0849,0.7055164511376657,967,False
RFP_0850,0.23358294930875576,1115,True
RFP_0851,0.175194777847968,733,True
RFP_0852,0.0,655,True
RFP_0853,0.0,1022,True
RFP_0854,0.8218556701030928,770,False
RFP_0855,0.0,739,True
RFP_0856,0.9865736704446382,910,False
RFP_0857,0.11524475524475525,561,True
RFP_0858,0.6145985401459854,1109,False
RFP_0859,0.906855151045701,809,False
RFP_0860,0.9849818746763335,623,False
RFP_0861,0.0,1120,True
RFP_0862,0.5023224950232249,949,False
RFP_0863,0.9914968281819408,1166,False
RFP_0864,0.753030303030303,1181,False
RFP_0865,0.5996022031823746,1033,False
RFP_0866,0.9919321755777383,1168,False
RFP_0867,0.9907487713211911,1095,False
RFP_0868,0.9881171891005941,777,False
RFP_0869,0.0639943741209564,1118,True
RFP_0870,0.3203901706996811,855,True
RFP_0871,0.9921698739216988,1166,False
RFP_0872,0.0,1080,True
RFP_0873,0.0,689,True
RFP_0874,0.9861463865158162,660,False
RFP_0875,0.6736342877217636,877,False
RFP_0876,0.22956730769230768,1180,True
RFP_0877,0.583367139959432,1144,False
RFP_0878,0.0,1036,True
RFP_0879,0.9856279941678817,751,False
RFP_0880,0.9840455840455841,560,False
RFP_0881,0.3037991858887381,1178,True
RFP_0882,0.828980181126132,1242,False
RFP_0883,0.0,614,True
RFP_0884,0.05821524320183838,1264,True
RFP_0885,0.0,1188,True
RFP_0886,0.9855504587155963,693,False
RFP_0887,0.6582805988578484,1045,False
RFP_0888,0.0,1012,True
RFP_0889,0.7588132635253054,888,False
RFP_0890,0.9907066175292422,978,False
RFP_0891,0.33460803059273425,848,True
RFP_0892,0.0,713,True
RFP_0893,0.4475514343668502,1100,False
RFP_0894,0.0,889,True
RFP_0895,0.38155256373531937,542,True
RFP_0896,0.0,1298,True
RFP_0897,0.42820255343566205,1109,False
RFP_0898,0.0,738,True
RFP_0899,0.9912747707778764,1038,False
RFP_0900,0.0,907,True
RFP_0901,0.9845803842264914,601,False
RFP_0902,0.5931357726035682,1066,False
RFP_0903,0.7267185200756779,759,False
RFP_0904,0.9905386845719518,1030,False
RFP_0905,0.37358597285067874,571,True
RFP_0906,0.452880658436214,780,True
RFP_0907,0.8030095759233926,1031,False
RFP_0908,0.7303749043611324,1025,False
RFP_0909,0.9896563229896563,955,False
RFP_0910,0.9837040869115364,622,False
RFP_0911,0.9927206551410374,1215,False
RFP_0912,0.08037383177570094,784,True
RFP_0913,0.0,1193,True
RFP_0914,0.40076079659879166,722,True
RFP_0915,0.9920261996297879,1124,False
RFP_0916,0.0,1049,True
RFP_0917,0.5377659574468086,913,False
RFP_0918,0.39631231504666514,685,True
RFP_0919,0.991324703938309,1145,False
RFP_0920,0.11243052046488125,601,True
RFP_0921,0.0,587,True
RFP_0922,0.7351428571428571,557,False
RFP_0923,0.99039555162391,1252,False
RFP_0924,0.991848617176128,1097,False
RFP_0925,0.9866236162361623,679,False
RFP_0926,0.0,1198,True
RFP_0927,0.9915966386554622,1009,False
RFP_0928,0.44452754923959115,611,True
RFP_0929,0.28926822813285696,1151,True
RFP_0930,0.7988523573200993,981,False
RFP_0931,0.9906844876468206,1153,False
RFP_0932,0.5322925006672005,1191,False
RFP_0933,0.0,624,True
RFP_0934,0.5546154817527466,1250,False
RFP_0935,0.2642424242424242,1055,True
RFP_0936,0.0,973,True
RFP_0937,0.993054678621038,1243,False
RFP_0938,0.9914063565679989,1143,False
RFP_0939,0.0,1247,True
RFP_0940,0.7847168942765076,1030,False
RFP_0941,0.9885091777346665,1028,False
RFP_0942,0.9903454518026852,1038,False
RFP_0943,0.0,744,True
RFP_0944,0.10982290737673589,1253,True
RFP_0945,0.9917311283008803,1167,False
RFP_0946,0.7625525599802128,623,False
RFP_0947,0.9904347826086957,902,False
RFP_0948,0.35149644343041203,1195,False
RFP_0949,0.988583192962755,826,False
RFP_0950,0.0,701,True
RFP_0951,0.8587952531170197,1038,False
RFP_0952,0.870148401826484,547,False
RFP_0953,0.9866518353726362,681,False
RFP_0954,0.0,923,True
RFP_0955,0.6092915885153658,1076,False
RFP_0956,0.0,1011,True
RFP_0957,0.9108826049700086,932,False
RFP_0958,0.2644223412394797,1051,True
RFP_0959,0.9921239837398373,1230,False
RFP_0960,0.5846065699006876,837,False
RFP_0961,0.9913093858632677,1079,False
RFP_0962,0.0,1250,True
RFP_0963,0.9861687413554634,692,False
RFP_0964,0.991872197309417,1104,False
RFP_0965,0.3778048356235867,905,True
RFP_0966,0.3055703861897135,913,True
RFP_0967,0.7648010788941335,1146,False
RFP_0968,0.396455223880597,666,True
RFP_0969,0.06857142857142857,998,True
RFP_0970,0.9250377073906486,1064,False
RFP_0971,0.9924802447106806,1264,False
RFP_0972,0.9891929579919819,872,False
RFP_0973,0.0,562,True
RFP_0974,0.5767381656804734,906,False
RFP_0975,0.0,1189,True
RFP_0976,0.9830172657797905,551,False
RFP_0977,0.0,573,True
RFP_0978,0.991266962246406,1168,False
RFP_0979,0.2187223276407337,1263,True
RFP_0980,0.24943181818181817,542,True
RFP_0981,0.9832624113475177,571,False
RFP_0982,0.7606852702225362,894,False
RFP_0983,0.9868234340158119,774,False
RFP_0984,0.772635814889336,618,False
RFP_0985,0.9922071392659628,1249,False
RFP_0986,0.0,1156,True
RFP_0987,0.3587360594795539,761,True
RFP_0988,0.20233265720081137,644,True
RFP_0989,0.9922732818218788,1149,False
RFP_0990,0.9922730199613651,1233,False
RFP_0991,0.7279202279202279,561,False
RFP_0992,0.9849412965798877,640,False
RFP_0993,0.0,568,True
RFP_0994,0.32937853107344633,845,True
RFP_0995,0.9814356435643564,633,False
RFP_0996,0.5897377938517179,716,False
RFP_0997,0.09157959434542103,761,True
RFP_0998,0.28955089144662605,692,True
RFP_0999,0.6147776183644189,1103,False
RFP_1000,0.0,553,True
RFP_1001,0.10581745235707121,642,True
RFP_1002,0.2241509433962264,622,True
RFP_1003,0.0,838,True
RFP_1004,0.9875170222423967,684,False
RFP_1005,0.9849474581084919,547,False
RFP_1006,0.10186873290793072,697,True
RFP_1007,0.0,1072,True
RFP_1008,0.4938694040490448,545,True
RFP_1009,0.07639266920704046,880,True
RFP_1010,0.9904851037279676,993,False
RFP_1011,0.9913557779799818,1051,False
RFP_1012,0.0,780,True
RFP_1013,0.8260701142746465,824,False
RFP_1014,0.0,1042,True
RFP_1015,0.24517116083381144,822,True
RFP_1016,0.7308453491659599,544,False
RFP_1017,0.5391484942886812,757,False
RFP_1018,0.2522857142857143,530,True
RFP_1019,0.21457424462756503,949,True
RFP_1020,0.18705035971223022,776,True
RFP_1021,0.0,975,True
RFP_1022,0.4997443109179238,1252,False
RFP_1023,0.30390583199571963,875,True
RFP_1024,0.07361268403171008,984,True
RFP_1025,0.0,891,True
RFP_1026,0.0,873,True
RFP_1027,0.0,1148,True
RFP_1028,0.9927263606721846,1230,False
RFP_1029,0.33049787340505377,648,True
RFP_1030,0.9924498828430096,1257,False
RFP_1031,0.9924936386768448,1199,False
RFP_1032,0.6,1007,False
RFP_1033,0.0,1047,True
RFP_1034,0.5469627360898418,612,True
RFP_1035,0.9772859638905067,544,False
RFP_1036,0.9883673469387755,753,False
RFP_1037,0.5717987181235511,1148,False
RFP_1038,0.0,769,True
RFP_1039,0.7240356083086054,1227,False
RFP_1040,0.9899541769474798,885,False
RFP_1041,0.9906498363721365,1022,False
RFP_1042,0.2537010159651669,557,True
RFP_1043,0.3719582850521437,1058,False
RFP_1044,0.5557238419790483,1239,False
RFP_1045,0.23313131313131313,1179,True
RFP_1046,0.9907033144704931,1140,False
RFP_1047,0.9927258805513017,1254,False
RFP_1048,0.6120343839541548,551,True
RFP_1049,0.774748375589247,1206,False
RFP_1050,0.8358052695864596,894,False
RFP_1051,0.2384036408191843,922,True
RFP_1052,0.3359061438715653,1044,True
RFP_1053,0.4512350394703336,620,True
RFP_1054,0.7412685107571948,559,False
RFP_1055,0.1597222222222222,839,True
RFP_1056,0.0,1142,True
RFP_1057,0.1221490892392469,1040,True
RFP_1058,0.0,1168,True
RFP_1059,0.9840137025406794,562,False
RFP_1060,0.9922691481746599,1110,False
RFP_1061,0.4903023388476897,535,True
RFP_1062,0.9921179760996695,1252,False
RFP_1063,0.20068238213399503,1027,True
RFP_1064,0.9830412662521198,567,False
RFP_1065,0.6606525911708253,833,False
RFP_1066,0.5857974388824214,677,False
RFP_1067,0.169629057187017,841,True
RFP_1068,0.9139612985766832,963,False
RFP_1069,0.0,695,True
RFP_1070,0.9902370990237099,1257,False
RFP_1071,0.0,1249,True
RFP_1072,0.053270909781095784,1269,True
RFP_1073,0.2317142857142857,555,True
RFP_1074,0.9858666005454997,637,False
RFP_1075,0.0,838,True
RFP_1076,0.0,986,True
RFP_1077,0.6345473465140479,755,False
RFP_1078,0.0,685,True
RFP_1079,0.12475126281953161,1057,True
RFP_1080,0.9922184300341297,1154,False
RFP_1081,0.0,842,True
RFP_1082,0.0,672,True
RFP_1083,0.3843283582089552,901,True
RFP_1084,0.14436163318211276,956,True
RFP_1085,0.98640866159871,670,False
RFP_1086,0.5954898911353033,1035,False
RFP_1087,0.5250303135284947,900,False
RFP_1088,0.9896546903397176,1087,False
RFP_1089,0.0,1044,True
RFP_1090,0.07351973684210526,936,True
RFP_1091,0.9856927710843374,614,False
RFP_1092,0.9913068675746161,1111,False
RFP_1093,0.9868151852693794,715,False
RFP_1094,0.7199263502454992,781,False
RFP_1095,0.4597917022366399,929,False
RFP_1096,0.9930643127364439,1203,False
RFP_1097,0.988820409918303,1113,False
RFP_1098,0.262910085054678,1035,True
RFP_1099,0.9888139204545454,890,False
RFP_1100,0.7321724709784412,762,False
RFP_1101,0.6593423478795328,1025,False
RFP_1102,0.3639806438039133,736,True
RFP_1103,0.0,697,True
RFP_1104,0.0,543,True
RFP_1105,0.10406320541760722,715,True
RFP_1106,0.7501429388221841,793,False
RFP_1107,0.8563980336660212,1007,False
RFP_1108,0.9917366567325928,1178,False
RFP_1109,0.987445678416224,954,False
RFP_1110,0.6148850272073021,906,False
RFP_1111,0.0,858,True
RFP_1112,0.6018543768748296,603,True
RFP_1113,0.0,621,True
RFP_1114,0.9863291139240506,613,False
RFP_1115,0.9860391803647827,706,False
RFP_1116,0.9911836734693877,946,False
RFP_1117,0.06474089127594716,1095,True
RFP_1118,0.9909135161447347,946,False
RFP_1119,0.1336533994114914,1054,True
RFP_1120,0.9316319677635997,1173,False
RFP_1121,0.41415685674973246,1017,False
RFP_1122,0.0,711,True
RFP_1123,0.8765368852459017,649,False
RFP_1124,0.9911849710982659,1112,False
RFP_1125,0.9872369010300045,682,False
RFP_1126,0.9873192436040045,733,False
RFP_1127,0.9822739934160547,620,False
RFP_1128,0.7908668730650155,1037,False
RFP_1129,0.0790829927137018,888,True
RFP_1130,0.0870632672332389,826,True
RFP_1131,0.9840478564307079,634,False
RFP_1132,0.05709668731483975,1164,True
RFP_1133,0.11159844054580896,639,True
RFP_1134,0.24755887421022402,838,True
RFP_1135,0.9925544876133748,1169,False
RFP_1136,0.1681057744198597,1145,True
RFP_1137,0.6116666666666667,555,True
RFP_1138,0.6502749919120026,967,False
RFP_1139,0.9911844846930598,977,False
RFP_1140,0.0,558,True
RFP_1141,0.9036513095010514,804,False
RFP_1142,0.33760955163216055,1232,False
RFP_1143,0.7594484167517875,632,False
RFP_1144,0.44302819621475475,1217,False
RFP_1145,0.17732518669382213,1161,True
RFP_1146,0.0,810,True
RFP_1147,0.31203966005665723,1092,True
RFP_1148,0.9929864830400408,1217,False
RFP_1149,0.0,681,True
RFP_1150,0.9895510835913313,791,False
RFP_1151,0.6150549921439794,1097,False
RFP_1152,0.8484126984126984,986,False
RFP_1153,0.9306748466257668,1029,False
RFP_1154,0.9901168014375562,902,False
RFP_1155,0.6434010152284264,619,False
RFP_1156,0.9924619733476915,1168,False
RFP_1157,0.8012236767216847,1085,False
RFP_1158,0.9903147699757869,858,False
RFP_1159,0.9914800054967706,1155,False
RFP_1160,0.7780966044954567,1046,False
RFP_1161,0.8581520203447301,545,False
RFP_1162,0.1593757994371962,1211,True
RFP_1163,0.5306404546152664,1022,False
RFP_1164,0.9883961873186904,765,False
RFP_1165,0.6616952522992792,643,False
RFP_1166,0.9917355371900827,1189,False
RFP_1167,0.9861146824376447,605,False
RFP_1168,0.9905946118284712,948,False
RFP_1169,0.9919415764291111,1225,False
RFP_1170,0.9863852961198094,695,False
RFP_1171,0.22550404520354436,1230,True
RFP_1172,0.9844299347061778,605,False
RFP_1173,0.0,621,True
RFP_1174,0.0,953,True
RFP_1175,0.0,1025,True
RFP_1176,0.0,1183,True
RFP_1177,0.98771345272803,756,False
RFP_1178,0.0,771,True
RFP_1179,0.9903130946203079,896,False
RFP_1180,0.6331016647809924,943,False
RFP_1181,0.31743327654741627,1092,True
RFP_1182,0.7624547491811756,901,False
RFP_1183,0.9875027895559026,688,False
RFP_1184,0.0,1086,True
RFP_1185,0.9897663641629658,828,False
RFP_1186,0.9922569544020649,1115,False
RFP_1187,0.0,628,True
RFP_1188,0.9902264212412445,954,False
RFP_1189,0.9830460582085335,548,False
RFP_1190,0.9890186508628203,885,False
RFP_1191,0.9830364715860899,549,False
RFP_1192,0.0,1045,True
RFP_1193,0.7005226084980686,720,False
RFP_1194,0.5024734982332155,662,True
RFP_1195,0.6336224700536969,775,False
RFP_1196,0.0,553,True
RFP_1197,0.0,669,True
RFP_1198,0.0,907,True
RFP_1199,0.9894771456757645,971,False
RFP_1200,0.5531853560103777,1105,False
RFP_1201,0.9855649576903932,656,False
RFP_1202,0.23009294147199197,621,True
RFP_1203,0.7121327254305978,1266,False
RFP_1204,0.22342342342342342,612,True
RFP_1205,0.22409033877038895,616,True
RFP_1206,0.8809523809523809,680,False
RFP_1207,0.9896568707929733,938,False
RFP_1208,0.7859889650560107,929,False
RFP_1209,0.11240197502178333,540,True
RFP_1210,0.991676072234763,1093,False
RFP_1211,0.6540039507673606,1036,False
RFP_1212,0.8953801533043299,751,False
RFP_1213,0.8550546237882751,1028,False
RFP_1214,0.9828239454407679,622,False
RFP_1215,0.5857600854929201,1183,False
RFP_1216,0.9890552995391705,815,False
RFP_1217,0.0,1225,True
RFP_1218,0.9920575453319347,1018,False
RFP_1219,0.407269832846909,1178,False
RFP_1220,0.44787803873094356,770,True
RFP_1221,0.9876903818068016,730,False
RFP_1222,0.9219406002176955,1017,False
RFP_1223,0.9921390778533635,1031,False
RFP_1224,0.8424011606819006,897,False
RFP_1225,0.386127428829643,724,True
RFP_1226,0.0,545,True
RFP_1227,0.8083345226202369,1105,False
RFP_1228,0.9915358361774744,1160,False
RFP_1229,0.0,772,True
RFP_1230,0.9920624421219738,1191,False
RFP_1231,0.9873522703711383,781,False
RFP_1232,0.9910402429764616,1008,False
RFP_1233,0.20004480286738352,706,True
RFP_1234,0.08358720487433359,853,True
RFP_1235,0.8024359155926922,1127,False
RFP_1236,0.4950753186558517,541,True
RFP_1237,0.991776759234295,1157,False
RFP_1238,0.9882330613019549,813,False
RFP_1239,0.978476352308128,550,False
RFP_1240,0.0,626,True
RFP_1241,0.992235801581596,1065,False
RFP_1242,0.07042932947419199,993,True
RFP_1243,0.7991740593453656,1024,False
RFP_1244,0.3516122407065106,746,True
RFP_1245,0.5362196409714889,760,False
RFP_1246,0.9896623018607856,863,False
RFP_1247,0.3355940718412459,1246,False
RFP_1248,0.0,890,True
RFP_1249,0.49596437517394937,571,True
RFP_1250,0.6860491840956102,695,False
RFP_1251,0.0,962,True
RFP_1252,0.9919765664798778,1207,False
RFP_1253,0.7578675838349097,918,False
RFP_1254,0.0,1158,True
RFP_1255,0.9907743496672716,1032,False
RFP_1256,0.34257714762301916,755,True
RFP_1257,0.0,1225,True
RFP_1258,0.9889984825493171,817,False
RFP_1259,0.7826875141627011,679,False
RFP_1260,0.15930232558139534,799,True
RFP_1261,0.9354147125820715,1174,False
RFP_1262,0.681899641577061,686,False
RFP_1263,0.7482894162177901,1093,False
RFP_1264,0.5262017603249831,1146,False
RFP_1265,0.0,774,True
RFP_1266,0.9033421952145841,828,False
RFP_1267,0.9915496992265826,1095,False
RFP_1268,0.505641864268193,979,False
RFP_1269,0.4122890195334724,818,True
RFP_1270,0.0,984,True
RFP_1271,0.9882908404154863,822,False
RFP_1272,0.06400931044515566,1092,True
RFP_1273,0.0,968,True
RFP_1274,0.33096986578880727,615,True
RFP_1275,0.9915694815231136,1110,False
RFP_1276,0.053249211356466875,1304,True
RFP_1277,0.0,1196,True
RFP_1278,0.49425511197663097,817,False
RFP_1279,0.5310152018172287,923,False
RFP_1280,0.6137708445400754,883,False
RFP_1281,0.0,555,True
RFP_1282,0.8227157360406091,1244,False
RFP_1283,0.8238068289002075,832,False
RFP_1284,0.0,630,True
RFP_1285,0.0,902,True
RFP_1286,0.44077030279994933,1226,False
RFP_1287,0.0,820,True
RFP_1288,0.8075869336143309,760,False
RFP_1289,0.9880182578927349,847,False
RFP_1290,0.6575239053850025,625,False
RFP_1291,0.35286783042394015,732,True
RFP_1292,0.6325421790105805,1071,False
RFP_1293,0.7025481868670369,957,False
RFP_1294,0.0,882,True
RFP_1295,0.9907957244655582,1022,False
RFP_1296,0.4157845868152275,857,True
RFP_1297,0.9826889786497404,555,False
RFP_1298,0.08475894245723173,812,True
RFP_1299,0.8576076851564921,1016,False
RFP_1300,0.17633791265122,776,True
RFP_1301,0.9904138041220643,978,False
RFP_1302,0.15883124180558156,842,True
RFP_1303,0.7407641967489973,732,False
RFP_1304,0.8172623061362104,1164,False
RFP_1305,0.989492119089317,809,False
RFP_1306,0.18378226711560045,1136,True
RFP_1307,0.9898747211257937,926,False
RFP_1308,0.5007649158592555,1264,False
RFP_1309,0.9808075772681955,641,False
RFP_1310,0.4877641824249166,566,True
RFP_1311,0.0,835,True
RFP_1312,0.8284648050443958,1215,False
RFP_1313,0.2049532474096538,626,True
RFP_1314,0.0,571,True
RFP_1315,0.9262805897552819,1012,False
RFP_1316,0.990267209343479,890,False
RFP_1317,0.054512728207765496,1197,True
RFP_1318,0.7740289664252797,972,False
RFP_1319,0.8255311148712164,808,False
RFP_1320,0.9916805324459235,996,False
RFP_1321,0.8861250570515746,696,False
RFP_1322,0.9882379050155349,712,False
RFP_1323,0.6584261181354972,857,False
RFP_1324,0.0,683,True
RFP_1325,0.0,941,True
RFP_1326,0.5553830958092282,1113,False
RFP_1327,0.9911131194456997,1040,False
RFP_1328,0.0,683,True
RFP_1329,0.0,543,True
RFP_1330,0.0,1206,True
RFP_1331,0.0,574,True
RFP_1332,0.18874172185430463,1103,True
RFP_1333,0.4003044140030441,1041,False
RFP_1334,0.05535804977145759,1241,True
RFP_1335,0.5815526102245063,1192,False
RFP_1336,0.09251728344855632,769,True
RFP_1337,0.0,1182,True
RFP_1338,0.40210555099808587,1167,False
RFP_1339,0.7334896443923408,806,False
RFP_1340,0.7835911434637549,1032,False
RFP_1341,0.7548185941043084,559,False
RFP_1342,0.0,1132,True
RFP_1343,0.11307420494699646,1197,True
RFP_1344,0.49943246311010214,565,True
RFP_1345,0.9905675988747311,964,False
RFP_1346,0.9865926953305594,699,False
RFP_1347,0.19261173608999696,1055,True
RFP_1348,0.14139749505603164,943,True
RFP_1349,0.07267297162767546,971,True
RFP_1350,0.6525,645,False
RFP_1351,0.7030589000976245,977,False
RFP_1352,0.9848278985507246,690,False
RFP_1353,0.0,1084,True
RFP_1354,0.19875361673714667,701,True
RFP_1355,0.2495697074010327,794,True
RFP_1356,0.9883578431372549,750,False
RFP_1357,0.0,645,True
RFP_1358,0.8552226267152058,547,False
RFP_1359,0.06037633680790578,1149,True
RFP_1360,0.6887772774506408,917,False
RFP_1361,0.057443873071616705,1214,True
RFP_1362,0.9894347596407819,893,False
RFP_1363,0.4612123781263247,747,True
RFP_1364,0.9904376012965964,960,False
RFP_1365,0.09293602833923734,772,True
RFP_1366,0.0,779,True
RFP_1367,0.9898576803533453,948,False
RFP_1368,0.23129490099877342,912,True
RFP_1369,0.9919587316037021,1028,False
RFP_1370,0.5849133261105092,1142,False
RFP_1371,0.4978601997146933,1208,False
RFP_1372,0.4760688357085238,1171,False
RFP_1373,0.7113273969765997,753,False
RFP_1374,0.7224917028338014,1231,False
RFP_1375,0.0,845,True
RFP_1376,0.0,761,True
RFP_1377,0.0,1109,True
RFP_1378,0.9904638758687571,948,False
RFP_1379,0.9855670103092784,610,False
RFP_1380,0.9832822513234885,577,False
RFP_1381,0.0,613,True
RFP_1382,0.5920706210314387,996,False
RFP_1383,0.9841404701217785,551,False
RFP_1384,0.0,1163,True
RFP_1385,0.9878197320341048,792,False
RFP_1386,0.9905362776025236,885,False
RFP_1387,0.3499005964214712,915,True
RFP_1388,0.9838743455497382,738,False
RFP_1389,0.2145256758918573,989,True
RFP_1390,0.5995831403427513,672,False
RFP_1391,0.9924156238149412,1232,False
RFP_1392,0.5992045280709806,1021,False
RFP_1393,0.5337970663843944,1034,False
RFP_1394,0.0,1017,True
RFP_1395,0.5264028885211374,1070,False
RFP_1396,0.4586678560808802,1014,False
RFP_1397,0.29369295736275713,1163,True
RFP_1398,0.991647331786543,1055,False
RFP_1399,0.9912162162162163,1184,False
RFP_1400,0.488974358974359,1202,False
RFP_1401,0.0,1289,True
RFP_1402,0.5876993166287016,855,False
RFP_1403,0.9895363151415675,767,False
RFP_1404,0.8946502057613168,777,False
RFP_1405,0.932392866648922,1200,False
RFP_1406,0.31837738168408114,1023,True
RFP_1407,0.660207506866036,1043,False
RFP_1408,0.817654986522911,1162,False
RFP_1409,0.07006271990209577,1020,True
RFP_1410,0.9037267080745341,760,False
RFP_1411,0.9903022466461936,994,False
RFP_1412,0.0,820,True
RFP_1413,0.5067189249720044,548,True
RFP_1414,0.45319675026492406,860,False
RFP_1415,0.0,611,True
RFP_1416,0.990011462256427,962,False
RFP_1417,0.19574533210896847,1017,True
RFP_1418,0.9896925227113906,894,False
RFP_1419,0.991238670694864,1045,False
RFP_1420,0.30619345859429364,902,True
RFP_1421,0.05760151085930123,1191,True
RFP_1422,0.13429684962650212,966,True
RFP_1423,0.982328190743338,551,False
RFP_1424,0.0,976,True
RFP_1425,0.9876644736842105,785,False
RFP_1426,0.4436851430017717,1249,False
RFP_1427,0.0,796,True
RFP_1428,0.9897069085833915,898,False
RFP_1429,0.9899464893789525,973,False
RFP_1430,0.7633341602580005,628,False
RFP_1431,0.14112315908723094,974,True
RFP_1432,0.9872611464968153,914,False
RFP_1433,0.5994475138121547,668,False
RFP_1434,0.9924744897959183,1238,False
RFP_1435,0.9875182026211774,732,False
RFP_1436,0.991695687114921,1154,False
RFP_1437,0.0,854,True
RFP_1438,0.8560864618885097,564,False
RFP_1439,0.19796954314720813,673,True
RFP_1440,0.0,814,True
RFP_1441,0.9903184713375797,1197,False
RFP_1442,0.6274111675126903,788,False
RFP_1443,0.0,1031,True
RFP_1444,0.9919398907103825,1159,False
RFP_1445,0.6071428571428571,877,False
RFP_1446,0.35815190294166527,940,True
RFP_1447,0.9893536121673003,813,False
RFP_1448,0.9865337530605107,890,False
RFP_1449,0.988681618109411,765,False
RFP_1450,0.5016124303723248,549,True
RFP_1451,0.8716671155399947,1164,False
RFP_1452,0.9899513776337115,966,False
RFP_1453,0.0,819,True
RFP_1454,0.21767511925684158,637,True
RFP_1455,0.3367033529562324,1231,False
RFP_1456,0.4491647762425242,765,True
RFP_1457,0.4983723958333333,987,False
RFP_1458,0.6698880196349133,1022,False
RFP_1459,0.06538580725131701,1012,True
RFP_1460,0.5074836295603368,672,True
RFP_1461,0.7834770767135724,687,False
RFP_1462,0.3799654576856649,894,True
RFP_1463,0.9856923863055698,602,False
RFP_1464,0.9871555831779574,776,False
RFP_1465,0.6794982698961938,1095,False
RFP_1466,0.934903748733536,1226,False
RFP_1467,0.0,624,True
RFP_1468,0.0,1157,True
RFP_1469,0.14045676998368678,980,True
RFP_1470,0.0,756,True
RFP_1471,0.9840522875816994,598,False
RFP_1472,0.3753959204358292,1240,False
RFP_1473,0.32668518050997225,639,True
RFP_1474,0.2680953094560168,1024,True
RFP_1475,0.0,1199,True
RFP_1476,0.991701244813278,1224,False
RFP_1477,0.0,1163,True
RFP_1478,0.8335356337783943,869,False
RFP_1479,0.9869827986982799,678,False
RFP_1480,0.0,613,True
RFP_1481,0.9882673371045464,750,False
RFP_1482,0.9913681484678464,1098,False
RFP_1483,0.8804887874311803,1208,False
RFP_1484,0.15353356890459363,873,True
RFP_1485,0.5024327418431597,1069,False
RFP_1486,0.27446897126197417,767,True
RFP_1487,0.0,682,True
RFP_1488,0.717546362339515,769,False
RFP_1489,0.0,1060,True
RFP_1490,0.9896687438504428,951,False
RFP_1491,0.0,677,True
RFP_1492,0.990757304710793,1028,False
RFP_1493,0.15329984410185346,912,True
RFP_1494,0.1897630755476084,731,True
RFP_1495,0.0,887,True
RFP_1496,0.09152472809357685,769,True
RFP_1497,0.4412821618513727,1105,False
RFP_1498,0.9826767253422743,595,False
RFP_1499,0.25451186585192553,1094,True
RFP_1500,0.5265438786565547,1171,False
RFP_1501,0.9914169333721269,1089,False
RFP_1502,0.05658475110270952,1238,True
RFP_1503,0.9913988964621876,940,False
RFP_1504,0.9897723523589574,961,False
RFP_1505,0.0,840,True
RFP_1506,0.9887238231609092,890,False
RFP_1507,0.433071988595866,1099,False
RFP_1508,0.0,667,True
RFP_1509,0.681262187555398,899,False
RFP_1510,0.8633625410733844,574,False
RFP_1511,0.5559835644581407,605,True
RFP_1512,0.5468632841789552,624,True
RFP_1513,0.4169248328713517,951,False
RFP_1514,0.7602061576020616,1173,False
RFP_1515,0.0615052603183167,1148,True
RFP_1516,0.35980113636363636,1125,False
RFP_1517,0.9839752600506044,553,False
RFP_1518,0.0,1030,True
RFP_1519,0.7263711799230925,759,False
RFP_1520,0.33070866141732286,864,True
RFP_1521,0.2825983123706416,1001,True
RFP_1522,0.9915760453361924,1070,False
RFP_1523,0.0,1014,True
RFP_1524,0.0,969,True
RFP_1525,0.18101135190918471,759,True
RFP_1526,0.9915500396091893,1206,False
RFP_1527,0.38463511607028344,1230,False
RFP_1528,0.0,615,True
RFP_1529,0.9267254484645789,1031,False
RFP_1530,0.9920451629458558,1228,False
RFP_1531,0.6800516277068693,1099,False
RFP_1532,0.11473465757485918,525,True
RFP_1533,0.29344196607452916,1202,True
RFP_1534,0.9891018414130026,848,False
RFP_1535,0.9011057792614229,747,False
RFP_1536,0.0,958,True
RFP_1537,0.1305094447624499,561,True
RFP_1538,0.283801652892562,922,True
RFP_1539,0.08372191606612972,734,True
RFP_1540,0.4941761363636364,1096,False
RFP_1541,0.8339060710194731,850,False
RFP_1542,0.9921079429735234,1218,False
RFP_1543,0.9903403863845446,1051,False
RFP_1544,0.10014910536779324,598,True
RFP_1545,0.161392807218198,1244,True
RFP_1546,0.799362573986948,1036,False
RFP_1547,0.9899094437257439,1230,False
RFP_1548,0.7764810351389065,1230,False
RFP_1549,0.988583192962755,835,False
RFP_1550,0.12121212121212122,557,True
RFP_1551,0.9863692688971499,628,False
RFP_1552,0.5901714285714286,721,False
RFP_1553,0.6859410430839002,704,False
RFP_1554,0.0,1161,True
RFP_1555,0.06606471030850264,1063,True
RFP_1556,0.9931113662456946,1235,False
RFP_1557,0.9844961240310077,609,False
RFP_1558,0.9895912187736563,830,False
RFP_1559,0.9832175925925926,552,False
RFP_1560,0.6816132264529058,642,False
RFP_1561,0.7947510094212651,688,False
RFP_1562,0.0,553,True
RFP_1563,0.5273509526736324,764,False
RFP_1564,0.9918146718146719,1010,False
RFP_1565,0.992375935680621,1130,False
RFP_1566,0.4465896788163118,874,False
RFP_1567,0.8837262531471732,702,False
RFP_1568,0.0,1048,True
RFP_1569,0.9848571428571429,557,False
RFP_1570,0.18476903870162298,734,True
RFP_1571,0.44980489535296203,874,False
RFP_1572,0.0,1090,True
RFP_1573,0.7585842577918648,888,False
RFP_1574,0.7196605016468204,1239,False
RFP_1575,0.7547068316299086,1181,False
RFP_1576,0.38310682952004127,903,True
RFP_1577,0.4162474380473263,834,True
RFP_1578,0.19200972201124109,1036,True
RFP_1579,0.802915082382763,730,False
RFP_1580,0.1261207411835027,1049,True
RFP_1581,0.9184773729782715,956,False
RFP_1582,0.5416091376929836,1273,False
RFP_1583,0.0,610,True
RFP_1584,0.24554341575618172,561,True
RFP_1585,0.0,943,True
RFP_1586,0.2068527918781726,629,True
RFP_1587,0.406517094017094,1159,False
RFP_1588,0.9914727561786385,1110,False
RFP_1589,0.9894934333958724,831,False
RFP_1590,0.0,828,True
RFP_1591,0.22239031770045387,638,True
RFP_1592,0.0,1171,True
RFP_1593,0.21881693854012194,968,True
RFP_1594,0.6997684239204468,1146,False
RFP_1595,0.5427280197206245,782,False
RFP_1596,0.19575524949198464,694,True
RFP_1597,0.9891459074733097,881,False
RFP_1598,0.0,642,True
RFP_1599,0.9929140832595217,1275,False
RFP_1600,0.9893962715922695,914,False
RFP_1601,0.982275586049171,552,False
RFP_1602,0.0,766,True
RFP_1603,0.06536252134761683,1020,True
RFP_1604,0.9910510901399284,950,False
RFP_1605,0.9819948556730494,555,False
RFP_1606,0.9925278622087133,1205,False
RFP_1607,0.9910279805352799,1042,False
RFP_1608,0.37618879887284257,900,True
RFP_1609,0.9844546381243628,625,False
RFP_1610,0.9888574126534466,803,False
RFP_1611,0.4324827981651376,1118,False
RFP_1612,0.0,645,True
RFP_1613,0.0,824,True
RFP_1614,0.983698707138842,557,False
RFP_1615,0.912232204561161,887,False
RFP_1616,0.5912707433507616,690,False
RFP_1617,0.07274180655475619,961,True
RFP_1618,0.9845270776141752,621,False
RFP_1619,0.9898400752587018,833,False
RFP_1620,0.9899403874813711,830,False
RFP_1621,0.9912478825522304,1142,False
RFP_1622,0.0,1240,True
RFP_1623,0.9793411501954216,547,False
RFP_1624,0.39321493624772313,676,True
RFP_1625,0.8399311531841652,837,False
RFP_1626,0.056953080836630865,1092,True
RFP_1627,0.0,1180,True
RFP_1628,0.0,692,True
RFP_1629,0.3298396262154312,1219,False
RFP_1630,0.99,960,False
RFP_1631,0.7704782392851233,958,False
RFP_1632,0.987546699875467,754,False
RFP_1633,0.530279975654291,1040,False
RFP_1634,0.9885151763740772,779,False
RFP_1635,0.8607768052516411,541,False
RFP_1636,0.6171560161197467,546,True
RFP_1637,0.0,690,True
RFP_1638,0.987205943045811,770,False
RFP_1639,0.9862909367859863,635,False
RFP_1640,0.9890936442271531,849,False
RFP_1641,0.8638233054074638,1004,False
RFP_1642,0.0,564,True
RFP_1643,0.8796829049993607,1201,False
RFP_1644,0.745269697825473,569,False
RFP_1645,0.7551211674923015,1139,False
RFP_1646,0.43192948090107736,987,False
RFP_1647,0.4092875028454359,682,True
RFP_1648,0.0,530,True
RFP_1649,0.0,836,True
RFP_1650,0.9898572000533832,1161,False
RFP_1651,0.4960729668102356,1245,False
RFP_1652,0.21811004194423883,632,True
RFP_1653,0.9830508474576272,569,False
RFP_1654,0.9931367564819522,1224,False
RFP_1655,0.5951435909409293,702,False
RFP_1656,0.0,1215,True
RFP_1657,0.3685121107266436,562,True
RFP_1658,0.5483994388470859,1217,False
RFP_1659,0.9886451116243264,821,False
RFP_1660,0.0,716,True
RFP_1661,0.8478436439993539,1014,False
RFP_1662,0.9885779554540263,830,False
RFP_1663,0.9861426624261699,703,False
RFP_1664,0.9155947136563877,878,False
RFP_1665,0.9911693490955704,1124,False
RFP_1666,0.0,984,True
RFP_1667,0.9920250640843065,1088,False
RFP_1668,0.9874226804123711,806,False
RFP_1669,0.7535429882575246,1157,False
RFP_1670,0.6609914872308462,621,False
RFP_1671,0.0,852,True
RFP_1672,0.7397022691140338,1066,False
RFP_1673,0.0,952,True
RFP_1674,0.9914715039935021,1170,False
RFP_1675,0.9841824157764996,789,False
RFP_1676,0.5,564,True
RFP_1677,0.0,1117,True
RFP_1678,0.5518394648829431,1222,False
RFP_1679,0.9125568380552641,898,False
RFP_1680,0.9845319405383688,765,False
RFP_1681,0.9882556796303427,821,False
RFP_1682,0.5093023255813953,528,True
RFP_1683,0.6870432827431141,1085,False
RFP_1684,0.3262179809141135,614,True
RFP_1685,0.0,845,True
RFP_1686,0.6467944481163251,1188,False
RFP_1687,0.0,1157,True
RFP_1688,0.2337823466855725,882,True
RFP_1689,0.13838709677419356,937,True
RFP_1690,0.6411709159584513,1159,False
RFP_1691,0.9877412031782066,701,False
RFP_1692,0.0,765,True
RFP_1693,0.0,830,True
RFP_1694,0.5842318059299192,692,False
RFP_1695,0.0,1151,True
RFP_1696,0.0,1221,True
RFP_1697,0.9863605364855649,696,False
RFP_1698,0.0,901,True
RFP_1699,0.8725690194478444,1144,False
RFP_1700,0.1602506714413608,1231,True
RFP_1701,0.9912150089338893,1052,False
RFP_1702,0.0,1043,True
RFP_1703,0.9381313131313131,1245,False
RFP_1704,0.9869557553322756,882,False
RFP_1705,0.3568022440392707,562,True
RFP_1706,0.19472100023153507,671,True
RFP_1707,0.6900678813862093,893,False
RFP_1708,0.9877526025719534,750,False
RFP_1709,0.22102148462627041,1239,True
RFP_1710,0.9870923913043478,711,False
RFP_1711,0.0,638,True
RFP_1712,0.3763950892857143,569,True
RFP_1713,0.9884986650236188,750,False
RFP_1714,0.9902928594932544,967,False
RFP_1715,0.9881220561130453,769,False
RFP_1716,0.0,1030,True
RFP_1717,0.4694697375468666,1182,False
RFP_1718,0.7969037400367872,1070,False
RFP_1719,0.0,1139,True
RFP_1720,0.8115095913261051,750,False
RFP_1721,0.0,547,True
RFP_1722,0.555007400098668,929,False
RFP_1723,0.3368434407510784,1222,False
RFP_1724,0.9895570759812747,859,False
RFP_1725,0.23893021608218207,887,True
RFP_1726,0.990216271884655,923,False
RFP_1727,0.4916930881420419,1232,False
RFP_1728,0.22514472690661969,1259,True
RFP_1729,0.9928149858865795,1238,False
RFP_1730,0.0,1254,True
RFP_1731,0.7111472742066721,963,False
RFP_1732,0.9860635138222527,696,False
RFP_1733,0.8565466068944195,1056,False
RFP_1734,0.41904761904761906,969,False
RFP_1735,0.7653659780668197,632,False
RFP_1736,0.49398683911958247,722,True
RFP_1737,0.0,758,True
RFP_1738,0.23652894772028346,1156,True
RFP_1739,0.9884825217215599,794,False
RFP_1740,0.9913413963716328,1157,False
RFP_1741,0.7627471383975026,918,False
RFP_1742,0.991308625778944,972,False
RFP_1743,0.0,633,True
RFP_1744,0.33164940641576157,641,True
RFP_1745,0.7590319186250438,916,False
RFP_1746,0.5325865580448065,785,False
RFP_1747,0.0,852,True
RFP_1748,0.0,683,True
RFP_1749,0.49093484419263456,514,True
RFP_1750,0.9852573713143429,628,False
RFP_1751,0.412751677852349,1009,False
RFP_1752,0.3608213280344428,974,True
RFP_1753,0.9866143549503807,654,False
RFP_1754,0.9119929453262786,866,False
RFP_1755,0.4127386053759252,824,True
RFP_1756,0.0,564,True
RFP_1757,0.2722985441870002,796,True
RFP_1758,0.9869015356820234,683,False
RFP_1759,0.9833003113501274,575,False
RFP_1760,0.17074102368220015,1217,True
RFP_1761,0.3497472688733083,957,True
RFP_1762,0.0,1181,True
RFP_1763,0.9875073199297286,807,False
RFP_1764,0.0,979,True
RFP_1765,0.31443823080833755,600,True
RFP_1766,0.5237773574709538,1211,False
RFP_1767,0.0,1227,True
RFP_1768,0.4515063970284771,773,True
RFP_1769,0.33316352521650533,640,True
RFP_1770,0.9051170499274912,768,False
RFP_1771,0.9896303729720689,933,False
RFP_1772,0.3418234912394549,990,True
RFP_1773,0.0,1030,True
RFP_1774,0.0,872,True
RFP_1775,0.9157483114113046,907,False
RFP_1776,0.0,624,True
RFP_1777,0.616652211621856,538,True
RFP_1778,0.7249841337000211,752,False
RFP_1779,0.743755383290267,1092,False
RFP_1780,0.7231518101612413,1027,False
RFP_1781,0.6131428571428571,548,True
RFP_1782,0.0,1162,True
RFP_1783,0.9898843930635838,981,False
RFP_1784,0.4450762470922719,1237,False
RFP_1785,0.9914738124238733,1023,False
RFP_1786,0.9864287509424479,632,False
RFP_1787,0.9916594765602531,1114,False
RFP_1788,0.4113663524100385,1163,False
RFP_1789,0.0,1158,True
RFP_1790,0.8318276580959,907,False
RFP_1791,0.0,566,True
RFP_1792,0.7633964276193015,1183,False
RFP_1793,0.5690135612112205,822,False
RFP_1794,0.25483503981797495,564,True
RFP_1795,0.0,1114,True
RFP_1796,0.9897923266455474,892,False
RFP_1797,0.0,937,True
RFP_1798,0.4420230263157895,760,True
RFP_1799,0.0,1035,True
RFP_1800,0.3809084620705557,688,True
RFP_1801,0.060626249167221855,1151,True
RFP_1802,0.2521343198634035,1124,True
RFP_1803,0.932015493522105,1159,False
RFP_1804,0.4819163037303541,863,False
RFP_1805,0.6660660660660661,1040,False
RFP_1806,0.0,1164,True
RFP_1807,0.9847870182555781,613,False
RFP_1808,0.6076195773081201,558,True
RFP_1809,0.3238512035010941,1232,False
RFP_1810,0.9902196568863235,1011,False
RFP_1811,0.9915594855305466,1166,False
RFP_1812,0.0,1025,True
RFP_1813,0.9800462695199538,575,False
RFP_1814,0.0,1176,True
RFP_1815,0.9892944892944893,884,False
RFP_1816,0.5262933787523951,758,False
RFP_1817,0.8543825259031084,549,False
RFP_1818,0.5452061599602583,620,True
RFP_1819,0.9919977537554401,1127,False
RFP_1820,0.6224299065420561,1069,False
RFP_1821,0.0,1236,True
RFP_1822,0.7419534883720931,813,False
RFP_1823,0.9840380845701484,578,False
RFP_1824,0.0,544,True
RFP_1825,0.19009351256575102,1092,True
RFP_1826,0.7368274323947589,593,False
RFP_1827,0.46405761652398425,1171,False
RFP_1828,0.6390904692791485,993,False
RFP_1829,0.9845154845154845,634,False
RFP_1830,0.990787134313884,973,False
RFP_1831,0.8103912233492031,753,False
RFP_1832,0.9314565483476133,1184,False
RFP_1833,0.3430973335084723,1218,False
RFP_1834,0.907160308212742,841,False
RFP_1835,0.9856887298747764,619,False
RFP_1836,0.23698575422713353,1192,True
RFP_1837,0.9905646020392634,1063,False
RFP_1838,0.12579802669762044,1086,True
RFP_1839,0.992024202420242,1171,False
RFP_1840,0.9844175117487015,629,False
RFP_1841,0.5422552664188351,633,True
RFP_1842,0.9888429008457801,883,False
RFP_1843,0.8657407407407407,542,False
RFP_1844,0.9906009244992295,1002,False
RFP_1845,0.4995520286701651,1226,False
RFP_1846,0.0,605,True
RFP_1847,0.0,1027,True
RFP_1848,0.5525510204081633,599,True
RFP_1849,0.5194403336472487,1158,False
RFP_1850,0.9928306234797081,1226,False
RFP_1851,0.336468330134357,856,True
RFP_1852,0.24445068839561673,550,True
RFP_1853,0.9846695149535059,624,False
RFP_1854,0.9899147974265345,863,False
RFP_1855,0.44847423711855927,608,True
RFP_1856,0.990442248501539,1006,False
RFP_1857,0.9921588465916277,1243,False
RFP_1858,0.10266633441315724,628,True
RFP_1859,0.987984496124031,832,False
RFP_1860,0.9891236143066304,772,False
RFP_1861,0.9924025229357798,1108,False
RFP_1862,0.0,829,True
RFP_1863,0.07959260656356092,846,True
RFP_1864,0.9909159727479182,1060,False
RFP_1865,0.0,1172,True
RFP_1866,0.0,1042,True
RFP_1867,0.9897740392544945,961,False
RFP_1868,0.0,1231,True
RFP_1869,0.0,828,True
RFP_1870,0.6222284591636261,585,True
RFP_1871,0.35130136081384594,1190,False
RFP_1872,0.9898170521228857,921,False
RFP_1873,0.0,958,True
RFP_1874,0.37821438890494075,537,True
RFP_1875,0.10592055958031477,624,True
RFP_1876,0.3696457990115321,759,True
RFP_1877,0.4926634059582036,685,True
RFP_1878,0.993036750483559,1216,False
RFP_1879,0.9824712643678161,547,False
RFP_1880,0.9846239865809338,585,False
RFP_1881,0.9885724990633196,850,False
RFP_1882,0.0,565,True
RFP_1883,0.3746732500726111,1094,False
RFP_1884,0.9924589280904929,1162,False
RFP_1885,0.0,1042,True
RFP_1886,0.9215270413573701,1025,False
RFP_1887,0.9925276990466375,1212,False
RFP_1888,0.7627999010635667,649,False
RFP_1889,0.0,1177,True
RFP_1890,0.9920227149810709,1170,False
RFP_1891,0.0,822,True
RFP_1892,0.5809437796342289,705,False
RFP_1893,0.9075964699775048,901,False
RFP_1894,0.9924093337081811,1117,False
RFP_1895,0.3052948468213211,886,True
RFP_1896,0.0,1128,True
RFP_1897,0.987708719851577,670,False
RFP_1898,0.9248602433410062,983,False
RFP_1899,0.38688299817184646,710,True
RFP_1900,0.7594304271796153,651,False
RFP_1901,0.0,545,True
RFP_1902,0.7554301351120233,932,False
RFP_1903,0.9903726708074534,1009,False
RFP_1904,0.3528695181375203,1181,False
RFP_1905,0.35836038961038963,1161,False
RFP_1906,0.5855712335002276,711,False
RFP_1907,0.18659471740982675,1110,True
RFP_1908,0.11222696459954808,622,True
RFP_1909,0.2885890692888177,683,True
RFP_1910,0.5007161271841879,544,True
RFP_1911,0.863255033557047,553,False
RFP_1912,0.9889629321116201,766,False
RFP_1913,0.28223649010165863,1167,True
RFP_1914,0.8565826330532212,539,False
RFP_1915,0.4375,1228,False
RFP_1916,0.9899288070845633,868,False
RFP_1917,0.15025451992276637,907,True
RFP_1918,0.9322826232135701,1181,False
RFP_1919,0.0,912,True
RFP_1920,0.381585856817784,893,True
RFP_1921,0.1101367036368326,651,True
RFP_1922,0.9924204143506822,1237,False
RFP_1923,0.4958416977344422,1088,False
RFP_1924,0.9916182236041639,1163,False
RFP_1925,0.1591079460269865,861,True
RFP_1926,0.9929172791661098,1211,False
RFP_1927,0.9898350594553126,819,False
RFP_1928,0.9917050691244239,1050,False
RFP_1929,0.1678281068524971,835,True
RFP_1930,0.0,857,True
RFP_1931,0.9900089663122839,1258,False
RFP_1932,0.4886337543053961,660,True
RFP_1933,0.9919288645690835,1195,False
RFP_1934,0.49622222222222223,677,True
RFP_1935,0.3478555917480999,1183,False
RFP_1936,0.4311766175368474,630,True
RFP_1937,0.9924606785389315,1233,False
RFP_1938,0.990139687756779,972,False
RFP_1939,0.991991991991992,1099,False
RFP_1940,0.3848087627940384,872,True
RFP_1941,0.9277448489980242,1116,False
RFP_1942,0.9916897506925207,1028,False
RFP_1943,0.0,650,True
RFP_1944,0.9930904522613065,1274,False
RFP_1945,0.9933583959899749,1249,False
RFP_1946,0.9926022063595068,1226,False
RFP_1947,0.9855758395312147,709,False
RFP_1948,0.989939992940346,885,False
RFP_1949,0.5396080032666395,748,False
RFP_1950,0.9849887415561671,613,False
RFP_1951,0.9859537834164024,696,False
RFP_1952,0.0,1163,True
RFP_1953,0.412890044576523,848,True
RFP_1954,0.8028345143809921,741,False
RFP_1955,0.3344303797468354,615,True
RFP_1956,0.9825863545532401,557,False
RFP_1957,0.6148072330262709,919,False
RFP_1958,0.8900960080848913,1224,False
RFP_1959,0.9911491584445734,1098,False
RFP_1960,0.374306673823582,886,True
RFP_1961,0.1266628108733372,1098,True
RFP_1962,0.986130374479889,680,False
RFP_1963,0.691751334596177,894,False
RFP_1964,0.2305540756526372,1182,True
RFP_1965,0.9906756093571079,924,False
RFP_1966,0.9840604026845637,563,False
RFP_1967,0.8830188679245283,724,False
RFP_1968,0.9894123062758938,1054,False
RFP_1969,0.9861111111111112,622,False
RFP_1970,0.9880805589806823,779,False
RFP_1971,0.9860475754803294,694,False
RFP_1972,0.5459929435483871,1238,False
RFP_1973,0.0,1008,True
RFP_1974,0.4941941477008825,675,True
RFP_1975,0.0,886,True
RFP_1976,0.9891418563922942,901,False
RFP_1977,0.34430327015205164,758,True
RFP_1978,0.6699984622481931,1027,False
RFP_1979,0.9918501572776666,1103,False
RFP_1980,0.988436018957346,824,False
RFP_1981,0.16591676040494938,839,True
RFP_1982,0.0,879,True
RFP_1983,0.9919828968466061,1202,False
RFP_1984,0.9843883054215158,567,False
RFP_1985,0.7331703107019563,1099,False
RFP_1986,0.0,1053,True
RFP_1987,0.7087219767632139,966,False
RFP_1988,0.06331806282722513,978,True
RFP_1989,0.988749296831052,803,False
RFP_1990,0.0,785,True
RFP_1991,0.0,970,True
RFP_1992,0.2921399363925488,682,True
RFP_1993,0.8022339968494916,1104,False
RFP_1994,0.9887768689366558,855,False
RFP_1995,0.8738578680203045,612,False
RFP_1996,0.9903066899729859,981,False
RFP_1997,0.0,993,True
RFP_1998,0.990614485567558,886,False
RFP_1999,0.9927286643704554,1215,False
RFP_2000,0.0,705,True
RFP_2001,0.5693916349809885,849,False
RFP_2002,0.3975041850555471,1013,False
RFP_2003,0.15580341582432902,913,True
RFP_2004,0.3388301984024736,616,True
RFP_2005,0.9346355164049533,1251,False
RFP_2006,0.9923391215526047,1221,False
RFP_2007,0.8569049061175046,1054,False
RFP_2008,0.29924953095684803,1176,True
RFP_2009,0.9833472106577852,553,False
RFP_2010,0.9922606924643584,1145,False
RFP_2011,0.8425941283794991,929,False
RFP_2012,0.9919903884661594,1124,False
RFP_2013,0.9925296239052035,1264,False
RFP_2014,0.0,1014,True
RFP_2015,0.7162796599416318,1269,False
RFP_2016,0.2522194731480134,1080,True
RFP_2017,0.6502353232598465,662,False
RFP_2018,0.06903902918989832,980,True
RFP_2019,0.9897069085833915,879,False
RFP_2020,0.33167220376522705,831,True
RFP_2021,0.5330951880647194,733,False
RFP_2022,0.9925043501539286,1157,False
RFP_2023,0.5222567988093627,1181,False
RFP_2024,0.9881731784582893,768,False
RFP_2025,0.9312238115879208,1096,False
RFP_2026,0.9876128490447197,765,False
RFP_2027,0.9902008032128514,959,False
RFP_2028,0.35500515995872034,733,True
RFP_2029,0.06987100737100738,1033,True
RFP_2030,0.9916582770027327,1136,False
RFP_2031,0.9901234567901235,879,False
RFP_2032,0.49037987173162306,957,False
RFP_2033,0.9862490450725745,620,False
RFP_2034,0.9110955547777388,941,False
RFP_2035,0.0,769,True
RFP_2036,0.05345436207766011,1256,True
RFP_2037,0.16438098816456886,862,True
RFP_2038,0.9916430383524847,1058,False
RFP_2039,0.9866817155756208,704,False
RFP_2040,0.6951412429378531,681,False
RFP_2041,0.0,978,True
RFP_2042,0.32814070351758795,632,True
RFP_2043,0.9897689186805433,866,False
RFP_2044,0.4315638450502152,1102,False
RFP_2045,0.0,1252,True
RFP_2046,0.0,655,True
RFP_2047,0.9881299458558934,752,False
RFP_2048,0.9876709689847814,807,False
RFP_2049,0.05990039036209449,1159,True
RFP_2050,0.45286506469500926,771,True
RFP_2051,0.2470705915975993,1090,True
RFP_2052,0.0,1164,True
RFP_2053,0.9902082685732049,1056,False
RFP_2054,0.6844737440327348,694,False
RFP_2055,0.23203009539164315,1157,True
RFP_2056,0.9880140524901839,766,False
RFP_2057,0.0,708,True
RFP_2058,0.7583547557840618,1146,False
RFP_2059,0.42679830747531733,1148,False
RFP_2060,0.0,1075,True
RFP_2061,0.0,1169,True
RFP_2062,0.33458177278401996,1009,True
RFP_2063,0.08545698409657022,813,True
RFP_2064,0.0,909,True
RFP_2065,0.9900958466453674,995,False
RFP_2066,0.16285278413424867,1264,True
RFP_2067,0.0,1144,True
RFP_2068,0.9880205362236166,814,False
RFP_2069,0.46094224924012156,1024,False
RFP_2070,0.0,1175,True
RFP_2071,0.0,944,True
RFP_2072,0.9925006464959917,1201,False
RFP_2073,0.4631091283459163,969,False
RFP_2074,0.12620533182076007,567,True
RFP_2075,0.7354234372013,817,False
RFP_2076,0.49034038638454464,683,True
RFP_2077,0.9899534883720931,835,False
RFP_2078,0.9893936715573626,914,False
RFP_2079,0.9183472700442695,955,False
RFP_2080,0.11658177702320317,558,True
RFP_2081,0.06078793474915359,1034,True
RFP_2082,0.0,1019,True
RFP_2083,0.9899039244422733,962,False
RFP_2084,0.9919224555735057,1174,False
RFP_2085,0.9919769906145928,1048,False
RFP_2086,0.18087800759814268,752,True
RFP_2087,0.5550525464834276,959,False
RFP_2088,0.0,863,True
RFP_2089,0.9920886075949367,1071,False
RFP_2090,0.09414182939362796,740,True
RFP_2091,0.0,1159,True
RFP_2092,0.9914018117610932,1023,False
RFP_2093,0.9918501572776666,1113,False
RFP_2094,0.32727960650775634,830,True
RFP_2095,0.9879444217409072,779,False
RFP_2096,0.49442697913689626,1095,False
RFP_2097,0.37155833096792507,567,True
RFP_2098,0.9916205084505042,1085,False
RFP_2099,0.0,866,True
RFP_2100,0.9908705575480926,948,False
RFP_2101,0.9828178694158075,552,False
RFP_2102,0.9886234357224118,839,False
RFP_2103,0.9871315898713159,775,False
RFP_2104,0.35853514471352627,522,True
RFP_2105,0.05643226865294786,1235,True
RFP_2106,0.9930904522613065,1254,False
RFP_2107,0.9207984546039922,968,False
RFP_2108,0.0,1135,True
RFP_2109,0.0,813,True
RFP_2110,0.862453531598513,560,False
RFP_2111,0.8779965180125887,1171,False
RFP_2112,0.9062265566391597,824,False
RFP_2113,0.992757584039355,1142,False
RFP_2114,0.9887275506304929,809,False
RFP_2115,0.3677053824362606,565,True
RFP_2116,0.8180469382249798,1162,False
RFP_2117,0.0,1112,True
RFP_2118,0.9854924917281751,623,False
RFP_2119,0.9867595818815331,682,False
RFP_2120,0.9888236408410683,821,False
RFP_2121,0.9838848920863309,553,False
RFP_2122,0.9873446847676024,701,False
RFP_2123,0.07175200278648554,903,True
RFP_2124,0.9879873551106427,770,False
RFP_2125,0.3858543417366947,697,True
RFP_2126,0.7808219178082192,968,False
RFP_2127,0.9842998227399342,635,False
RFP_2128,0.0,559,True
RFP_2129,0.5807123910572186,808,False
RFP_2130,0.987072945521699,676,False
RFP_2131,0.9924657534246575,1124,False
RFP_2132,0.9920900925056978,1205,False
RFP_2133,0.9917665751841687,1141,False
RFP_2134,0.546266029670606,1259,False
RFP_2135,0.5653906361178312,1097,False
RFP_2136,0.9905597880092746,987,False
RFP_2137,0.16593385585930032,825,True
RFP_2138,0.9921598381385939,1251,False
RFP_2139,0.12443310657596372,1114,True
RFP_2140,0.988824101068999,932,False
RFP_2141,0.6627924528301887,1054,False
RFP_2142,0.7178104913953971,742,False
RFP_2143,0.4866187050359712,1054,False
RFP_2144,0.0,891,True
RFP_2145,0.9906009244992295,1041,False
RFP_2146,0.9925193694897141,1180,False
RFP_2147,0.0,809,True
RFP_2148,0.9819587628865979,558,False
RFP_2149,0.9885559717020391,774,False
RFP_2150,0.9845105328376704,768,False
RFP_2151,0.33759194734804493,841,True
RFP_2152,0.0,1283,True
RFP_2153,0.9857738998482549,844,False
RFP_2154,0.9287531806615776,1035,False
RFP_2155,0.9918720503408495,1176,False
RFP_2156,0.4434174369223083,648,True
RFP_2157,0.9896036387264457,977,False
RFP_2158,0.39582855833142333,685,True
RFP_2159,0.686257258490234,891,False
RFP_2160,0.21708476799475324,992,True
RFP_2161,0.909581881533101,914,False
RFP_2162,0.07983856816985437,887,True
RFP_2163,0.9868875086266391,900,False
RFP_2164,0.0,699,True
RFP_2165,0.0,537,True
RFP_2166,0.9871568874338957,615,False
RFP_2167,0.0,667,True
RFP_2168,0.10552500654621629,583,True
RFP_2169,0.5034683013389256,990,False
RFP_2170,0.5014234200037958,847,False
RFP_2171,0.9906556372549019,1025,False
RFP_2172,0.06761621537016747,993,True
RFP_2173,0.5741769407939303,1138,False
RFP_2174,0.3715913013462202,904,True
RFP_2175,0.5393541876892028,637,True
RFP_2176,0.9912714097496707,955,False
RFP_2177,0.5029970667006759,1243,False
RFP_2178,0.9909600203717851,1219,False
RFP_2179,0.5763603109282122,689,False
RFP_2180,0.18355150825270347,1094,True
RFP_2181,0.0,563,True
RFP_2182,0.9349142280524723,1261,False
RFP_2183,0.0,707,True
RFP_2184,0.0,1113,True
RFP_2185,0.1286229271809661,1107,True
RFP_2186,0.0694570821959357,1006,True
RFP_2187,0.9902565768106528,957,False
RFP_2188,0.993168880455408,1244,False
RFP_2189,0.3687831446180307,1084,False
RFP_2190,0.9923175416133163,1243,False
RFP_2191,0.8204990609068956,1194,False
RFP_2192,0.0,1214,True
RFP_2193,0.7632446134347275,656,False
RFP_2194,0.0882414588136659,766,True
RFP_2195,0.990286466908133,970,False
RFP_2196,0.6703330278032387,1049,False
RFP_2197,0.9882939934753406,832,False
RFP_2198,0.5608163265306122,958,False
RFP_2199,0.08857904449456633,762,True
RFP_2200,0.0,831,True
RFP_2201,0.5329397141081417,1020,False
RFP_2202,0.0,967,True
RFP_2203,0.2140193885160328,633,True
RFP_2204,0.0,1214,True
RFP_2205,0.9833476887740453,551,False
RFP_2206,0.37995787995787994,952,True
RFP_2207,0.9916654894759147,1101,False
RFP_2208,0.989579653832568,896,False
RFP_2209,0.9871234766613014,702,False
RFP_2210,0.5472510767671649,1214,False
RFP_2211,0.0,813,True
RFP_2212,0.43476587556125723,1213,False
RFP_2213,0.8278221208665907,829,False
RFP_2214,0.0,1192,True
RFP_2215,0.0,1263,True
RFP_2216,0.37039170506912444,1103,False
RFP_2217,0.8259541984732824,847,False
RFP_2218,0.9918298351880547,1111,False
RFP_2219,0.9919311457772996,1156,False
RFP_2220,0.5839572192513369,1198,False
RFP_2221,0.9892963677838217,907,False
RFP_2222,0.9927829830336794,1230,False
RFP_2223,0.06594110115236876,1018,True
RFP_2224,0.4103633916554509,1137,False
RFP_2225,0.3718095784341841,1077,False
RFP_2226,0.5398572884811417,748,False
RFP_2227,0.4530046224961479,598,True
RFP_2228,0.6608763287529168,1227,False
RFP_2229,0.3486521597921403,961,True
RFP_2230,0.9906558533145275,912,False
RFP_2231,0.9873471109236609,768,False
RFP_2232,0.9881392183550457,818,False
RFP_2233,0.17966659806544558,778,True
RFP_2234,0.9870698644421272,740,False
RFP_2235,0.9923518164435946,1213,False
RFP_2236,0.0,990,True
RFP_2237,0.5267069205759406,1043,False
RFP_2238,0.12268551236749117,1105,True
RFP_2239,0.451163610719323,869,False
RFP_2240,0.6819503466785954,709,False
RFP_2241,0.4542092286016203,888,False
RFP_2242,0.7164741009996105,1216,False
RFP_2243,0.9923559088824339,1019,False
RFP_2244,0.9891407887216612,837,False
RFP_2245,0.9915775834143181,977,False
RFP_2246,0.0,1022,True
RFP_2247,0.8540329332961206,546,False
RFP_2248,0.0,1020,True
RFP_2249,0.991860154790499,1208,False
RFP_2250,0.9886685552407932,755,False
RFP_2251,0.6850761772853186,884,False
RFP_2252,0.25445982588839733,1107,True
RFP_2253,0.9864988558352403,700,False
RFP_2254,0.5335252982311806,770,False
RFP_2255,0.9903713892709766,925,False
RFP_2256,0.9881253649990267,807,False
RFP_2257,0.9869294605809129,755,False
RFP_2258,0.9107396870554765,903,False
RFP_2259,0.05467091295116773,1209,True
RFP_2260,0.4533167348390539,884,False
RFP_2261,0.8771364874907109,640,False
RFP_2262,0.0,1132,True
RFP_2263,0.6571428571428571,1026,False
RFP_2264,0.5302841086481423,1030,False
RFP_2265,0.8732215447154471,622,False
RFP_2266,0.9923850574712644,1076,False
RFP_2267,0.4480973336784882,1216,False
RFP_2268,0.0,644,True
RFP_2269,0.0,548,True
RFP_2270,0.582010582010582,1177,False
RFP_2271,0.46255201109570043,899,False
RFP_2272,0.0,832,True
RFP_2273,0.0,573,True
RFP_2274,0.0,875,True
RFP_2275,0.0,839,True
RFP_2276,0.0,1113,True
RFP_2277,0.7192870782940802,1218,False
RFP_2278,0.5646502293577982,1079,False
RFP_2279,0.4235849056603774,841,True
RFP_2280,0.25096153846153846,854,True
RFP_2281,0.5271541262135923,1033,False
RFP_2282,0.3134899912967798,905,True
RFP_2283,0.5532214679134111,1230,False
RFP_2284,0.9895763731123881,1168,False
RFP_2285,0.0,1124,True
RFP_2286,0.7354067718706909,1057,False
RFP_2287,0.9908809891808347,1027,False
RFP_2288,0.9897119341563786,832,False
RFP_2289,0.5957055214723926,993,False
RFP_2290,0.7357438902386737,1081,False
RFP_2291,0.6927199642697632,721,False
RFP_2292,0.2517401392111369,1116,True
RFP_2293,0.987755815987406,909,False
RFP_2294,0.9861915367483296,697,False
RFP_2295,0.7983246073298429,749,False
RFP_2296,0.7867501647989453,957,False
RFP_2297,0.5651054241107355,986,False
RFP_2298,0.7553130384836301,839,False
RFP_2299,0.5989878852936666,1006,False
RFP_2300,0.9868329868329868,679,False
RFP_2301,0.9303266840127205,1091,False
RFP_2302,0.0,763,True
RFP_2303,0.0,681,True
RFP_2304,0.2491638795986622,550,True
RFP_2305,0.9846192011907715,625,False
RFP_2306,0.7814976548601003,984,False
RFP_2307,0.0,560,True
RFP_2308,0.9899439180042545,814,False
RFP_2309,0.0,960,True
RFP_2310,0.0,1235,True
RFP_2311,0.0,821,True
RFP_2312,0.0,741,True
RFP_2313,0.1129559748427673,609,True
RFP_2314,0.0,1036,True
RFP_2315,0.1737660581473969,1177,True
RFP_2316,0.0805136567468406,758,True
RFP_2317,0.9914739884393063,1079,False
RFP_2318,0.9898653539887071,1077,False
RFP_2319,0.3380977130977131,588,True
RFP_2320,0.9903188115506594,962,False
RFP_2321,0.9898286937901499,883,False
RFP_2322,0.8951077943615257,768,False
RFP_2323,0.3311586638830898,603,True
RFP_2324,0.9872111285618129,707,False
RFP_2325,0.9850498338870431,550,False
RFP_2326,0.0,1021,True
RFP_2327,0.28781878663076194,967,True
RFP_2328,0.9900245012250612,883,False
RFP_2329,0.7638004246284501,1145,False
RFP_2330,0.9882600315402138,897,False
RFP_2331,0.13559066967644845,1050,True
RFP_2332,0.9923144765024569,1247,False
RFP_2333,0.564951214845992,831,False
RFP_2334,0.8951531129588319,769,False
RFP_2335,0.0,1047,True
RFP_2336,0.5364457831325301,1016,False
RFP_2337,0.0,645,True
RFP_2338,0.7993441278950605,772,False
RFP_2339,0.9859887005649718,717,False
RFP_2340,0.9891696750902527,734,False
RFP_2341,0.17563094745552338,763,True
RFP_2342,0.0,634,True
RFP_2343,0.6220759209973385,1126,False
RFP_2344,0.9877796188898095,743,False
RFP_2345,0.0,553,True
RFP_2346,0.7931269913518434,687,False
RFP_2347,0.9848792597607764,703,False
RFP_2348,0.9896626768226333,1164,False
RFP_2349,0.9900367068694285,897,False
RFP_2350,0.867722602739726,1111,False
RFP_2351,0.5419473361910594,769,False
RFP_2352,0.0,836,True
RFP_2353,0.6032168186423505,1217,False
RFP_2354,0.43339341307553664,921,False
RFP_2355,0.43882382257662594,622,True
RFP_2356,0.9918981481481481,1262,False
RFP_2357,0.9850336742329758,626,False
RFP_2358,0.0,1159,True
RFP_2359,0.1021530004580852,712,True
RFP_2360,0.0,696,True
RFP_2361,0.9919011082693947,1123,False
RFP_2362,0.6242544731610338,561,True
RFP_2363,0.0,783,True
RFP_2364,0.491893416043987,1126,False
RFP_2365,0.9369380940148986,1198,False
RFP_2366,0.0,571,True
RFP_2367,0.06832197338526452,968,True
RFP_2368,0.4941040015464914,829,False
RFP_2369,0.9882819882819883,816,False
RFP_2370,0.9905875208744497,1032,False
RFP_2371,0.9830264672036824,551,False
RFP_2372,0.6006016634224031,896,False
RFP_2373,0.7758815409712636,1257,False
RFP_2374,0.9844192634560907,549,False
RFP_2375,0.0,777,True
RFP_2376,0.988715953307393,803,False
RFP_2377,0.8014143455044018,1076,False
RFP_2378,0.6766047001052262,903,False
RFP_2379,0.0,834,True
RFP_2380,0.0,1000,True
RFP_2381,0.6546735198933943,833,False
RFP_2382,0.21527244819646968,1238,True
RFP_2383,0.0,562,True
RFP_2384,0.7363399826539462,1077,False
RFP_2385,0.9906984906984907,880,False
RFP_2386,0.9879493464052288,753,False
RFP_2387,0.9378406436542953,1249,False
RFP_2388,0.3618843683083512,758,True
RFP_2389,0.0,1148,True
RFP_2390,0.06149855028231344,1039,True
RFP_2391,0.916015625,995,False
RFP_2392,0.9303710490151168,1048,False
RFP_2393,0.9865802869042111,666,False
RFP_2394,0.0,688,True
RFP_2395,0.17804523760116206,754,True
RFP_2396,0.9888418622547134,822,False
RFP_2397,0.9927774130006566,1152,False
RFP_2398,0.9899104963384866,956,False
RFP_2399,0.8592896174863388,1036,False
RFP_2400,0.0702880658436214,964,True
RFP_2401,0.8576004659289458,544,False
RFP_2402,0.2730288338861955,1214,True
RFP_2403,0.9922279792746114,1131,False
RFP_2404,0.604115022310362,1263,False
RFP_2405,0.0,1044,True
RFP_2406,0.21806418876062414,1262,True
RFP_2407,0.985021579080985,610,False
RFP_2408,0.6159014557670772,546,True
RFP_2409,0.2991195551436515,676,True
RFP_2410,0.0,765,True
RFP_2411,0.0,577,True
RFP_2412,0.41370935096478206,1177,False
RFP_2413,0.992350020131526,1173,False
RFP_2414,0.6503740648379053,631,False
RFP_2415,0.7745336577453366,969,False
RFP_2416,0.9846230158730159,629,False
RFP_2417,0.5511155040948884,1113,False
RFP_2418,0.8903444929645803,661,False
RFP_2419,0.9864740944520862,685,False
RFP_2420,0.7475908080059304,848,False
RFP_2421,0.9876593994241053,761,False
RFP_2422,0.0,540,True
RFP_2423,0.6429389625265914,965,False
RFP_2424,0.7153209109730849,744,False
RFP_2425,0.36140350877192984,542,True
RFP_2426,0.9914541508410201,1160,False
RFP_2427,0.0,1081,True
RFP_2428,0.7664655605832077,618,False
RFP_2429,0.0,704,True
RFP_2430,0.09210797444879457,762,True
RFP_2431,0.0,952,True
RFP_2432,0.9896321070234114,950,False
RFP_2433,0.9362611737271668,1228,False
RFP_2434,0.40867919426794647,1157,False
RFP_2435,0.9863443026639803,718,False
RFP_2436,0.9890558337970692,832,False
RFP_2437,0.7534915254237288,1137,False
RFP_2438,0.5290462876669774,1025,False
RFP_2439,0.9911463187325257,1023,False
RFP_2440,0.3335048231511254,1226,False
RFP_2441,0.0684953741275767,949,True
RFP_2442,0.9855469723398953,629,False
RFP_2443,0.6838400900900901,1123,False
RFP_2444,0.1977537987227483,699,True
RFP_2445,0.0,1047,True
RFP_2446,0.9872006606110653,780,False
RFP_2447,0.0,638,True
RFP_2448,0.189718482252142,1074,True
RFP_2449,0.47156013001083424,1170,False
RFP_2450,0.9862605907945958,679,False
RFP_2451,0.49349146658952847,533,True
RFP_2452,0.9926204039357845,1239,False
RFP_2453,0.6042390548992356,920,False
RFP_2454,0.0,908,True
RFP_2455,0.8794468887492143,1247,False
RFP_2456,0.9903331607112031,905,False
RFP_2457,0.08857904449456633,773,True
RFP_2458,0.8020484949832776,753,False
RFP_2459,0.0,1229,True
RFP_2460,0.0,662,True
RFP_2461,0.0,1092,True
RFP_2462,0.5637866753120441,946,False
RFP_2463,0.9898233486943164,821,False
RFP_2464,0.9878370160145956,785,False
RFP_2465,0.0,900,True
RFP_2466,0.9103250478011472,837,False
RFP_2467,0.9923106012857683,1228,False
RFP_2468,0.9920709582045424,1154,False
RFP_2469,0.49369747899159666,834,False
RFP_2470,0.6654042794925203,808,False
RFP_2471,0.0,690,True
RFP_2472,0.9116917795155446,822,False
RFP_2473,0.057058269411923025,1185,True
RFP_2474,0.7415573541724811,583,False
RFP_2475,0.9901874890485369,901,False
RFP_2476,0.0,915,True
RFP_2477,0.0,1228,True
RFP_2478,0.6602396106327219,849,False
RFP_2479,0.0,1030,True
RFP_2480,0.0,551,True
RFP_2481,0.9914250714577378,1174,False
RFP_2482,0.1777961546413066,758,True
RFP_2483,0.9883743091290261,812,False
RFP_2484,0.33676525645825534,841,True
RFP_2485,0.9879313995341944,751,False
RFP_2486,0.4918835351713476,1219,False
RFP_2487,0.0,1011,True
RFP_2488,0.9870188003581021,704,False
RFP_2489,0.991364145210299,944,False
RFP_2490,0.0,711,True
RFP_2491,0.9905473395334655,1010,False
RFP_2492,0.8496827720839434,954,False
RFP_2493,0.6492518387014963,616,False
RFP_2494,0.29670818505338076,717,True
RFP_2495,0.9891017753559501,865,False
RFP_2496,0.9904761904761905,1011,False
RFP_2497,0.0,876,True
RFP_2498,0.9883114172406595,753,False
RFP_2499,0.9898293963254593,948,False
RFP_2500,0.0,811,True
RFP_2501,0.9903531974482651,980,False
RFP_2502,0.9845320959010054,591,False
RFP_2503,0.9851216022889843,527,False
RFP_2504,0.0,965,True
RFP_2505,0.991698595146871,1199,False
RFP_2506,0.9918833608898241,1049,False
RFP_2507,0.10160669834804255,700,True
RFP_2508,0.0623478496077901,1201,True
RFP_2509,0.9825682742591516,540,False
RFP_2510,0.4645730198019802,1053,False
RFP_2511,0.8531869572341472,980,False
RFP_2512,0.9912828708412029,1094,False
RFP_2513,0.0,906,True
RFP_2514,0.0,567,True
RFP_2515,0.9925083612040134,1182,False
RFP_2516,0.0,1168,True
RFP_2517,0.0,1196,True
RFP_2518,0.35756517065305027,1185,False
RFP_2519,0.9880478087649402,984,False
RFP_2520,0.987220447284345,697,False
RFP_2521,0.9906598373003916,1046,False
RFP_2522,0.990974212034384,1093,False
RFP_2523,0.0,566,True
RFP_2524,0.5878241262683201,713,False
RFP_2525,0.9893070121324286,734,False
RFP_2526,0.20166741775574584,706,True
RFP_2527,0.4163475944731147,955,False
RFP_2528,0.9895814939078227,879,False
RFP_2529,0.6921447484554281,925,False
RFP_2530,0.0,1190,True
RFP_2531,0.990532905787143,1038,False
RFP_2532,0.9922795611540024,1136,False
RFP_2533,0.982237600922722,711,False
RFP_2534,0.8911426639621366,692,False
RFP_2535,0.9921299822289922,1246,False
RFP_2536,0.9902876354127755,815,False
RFP_2537,0.9879931389365352,843,False
RFP_2538,0.6420980926430517,1150,False
RFP_2539,0.35576654565763755,542,True
RFP_2540,0.7372364039955605,559,False
RFP_2541,0.0,625,True
RFP_2542,0.9856078129015677,621,False
RFP_2543,0.12010008340283569,571,True
RFP_2544,0.7376228087073782,833,False
RFP_2545,0.8245979186376537,843,False
RFP_2546,0.6095057034220532,1258,False
RFP_2547,0.3301490256018342,1218,False
RFP_2548,0.9841897233201581,552,False
RFP_2549,0.6385365853658537,1016,False
RFP_2550,0.8945010183299389,773,False
RFP_2551,0.0,1258,True
RFP_2552,0.9870953135612407,697,False
RFP_2553,0.9917178352134799,1105,False
RFP_2554,0.9241800152555302,1042,False
RFP_2555,0.5331508515815085,995,False
RFP_2556,0.5668228678537957,839,False
RFP_2557,0.9922533297091601,1179,False
RFP_2558,0.39929219879981537,1029,False
RFP_2559,0.6578506239523189,860,False
RFP_2560,0.4111470113085622,1179,False
RFP_2561,0.7731200825486908,1218,False
RFP_2562,0.1768519795833908,1143,True
RFP_2563,0.9870940882597835,773,False
RFP_2564,0.9833953621528772,543,False
RFP_2565,0.9922134286443707,1217,False
RFP_2566,0.0,555,True
RFP_2567,0.0,1215,True
RFP_2568,0.921826751178287,931,False
RFP_2569,0.8195869420386409,1186,False
RFP_2570,0.058299595141700404,1185,True
RFP_2571,0.09954545454545455,678,True
RFP_2572,0.6533173141102656,1187,False
RFP_2573,0.9877745075843333,700,False
RFP_2574,0.0,962,True
RFP_2575,0.0,640,True
RFP_2576,0.2743250127356088,1244,True
RFP_2577,0.9899605003291639,976,False
RFP_2578,0.0,656,True
RFP_2579,0.989155151303131,924,False
RFP_2580,0.9816272965879265,527,False
RFP_2581,0.9925585171154107,1153,False
RFP_2582,0.9870246085011186,689,False
RFP_2583,0.9862284245317664,832,False
RFP_2584,0.4476608942879297,606,True
RFP_2585,0.0,767,True
RFP_2586,0.9929789368104313,1272,False
RFP_2587,0.6001748251748251,893,False
RFP_2588,0.0,1061,True
RFP_2589,0.9877124718410814,785,False
RFP_2590,0.9927674153026266,1239,False
RFP_2591,0.7740447957839263,947,False
RFP_2592,0.25671472999717276,593,True
RFP_2593,0.9931561996779388,1177,False
RFP_2594,0.52906162464986,886,False
RFP_2595,0.9884615384615385,748,False
RFP_2596,0.0,1039,True
RFP_2597,0.3021438142027691,708,True
RFP_2598,0.16536334159832158,814,True
RFP_2599,0.9878589323569088,837,False
RFP_2600,0.5439732609149781,749,False
RFP_2601,0.1521968365553603,884,True
RFP_2602,0.9895620139173148,768,False
RFP_2603,0.2220039292730845,635,True
RFP_2604,0.9891752577319588,908,False
RFP_2605,0.989961139896373,982,False
RFP_2606,0.39766702014846234,1050,False
RFP_2607,0.992373204525232,1235,False
RFP_2608,0.9870013446884806,703,False
RFP_2609,0.0,1016,True
RFP_2610,0.506993006993007,1078,False
RFP_2611,0.6616654163540885,841,False
RFP_2612,0.0,815,True
RFP_2613,0.5530804480651731,1234,False
RFP_2614,0.8591749644381224,568,False
RFP_2615,0.0,682,True
RFP_2616,0.08245083207261725,835,True
RFP_2617,0.6858870030225529,689,False
RFP_2618,0.9902755267423015,973,False
RFP_2619,0.8773633111905978,621,False
RFP_2620,0.4926506218704571,981,False
RFP_2621,0.9875162127107653,965,False
RFP_2622,0.0,788,True
RFP_2623,0.9897707899223338,860,False
RFP_2624,0.9879164508890039,925,False
RFP_2625,0.8727272727272727,621,False
RFP_2626,0.756,623,False
RFP_2627,0.07921309192200557,909,True
RFP_2628,0.8274137709962816,1236,False
RFP_2629,0.6594327051208833,806,False
RFP_2630,0.0,934,True
RFP_2631,0.7086538461538462,987,False
RFP_2632,0.9333333333333333,1164,False
RFP_2633,0.4606098127224888,1000,False
RFP_2634,0.6274388991579379,732,False
RFP_2635,0.9903225806451613,849,False
RFP_2636,0.9891285288444678,878,False
RFP_2637,0.3514410118183703,744,True
RFP_2638,0.0,1190,True
RFP_2639,0.9866666666666667,690,False
RFP_2640,0.0,1163,True
RFP_2641,0.5404201145767027,774,False
RFP_2642,0.9898076606937366,959,False
RFP_2643,0.7646023926812104,880,False
RFP_2644,0.9917243250576584,1148,False
RFP_2645,0.0,1279,True
RFP_2646,0.6375604513702311,1173,False
RFP_2647,0.6045256744995648,897,False
RFP_2648,0.43826459831000125,1212,False
RFP_2649,0.9896957801766437,954,False
RFP_2650,0.22108060230292295,880,True
RFP_2651,0.32086374695863745,1011,True
RFP_2652,0.9349953089398204,1158,False
RFP_2653,0.20997247854945766,954,True
RFP_2654,0.46368715083798884,852,False
RFP_2655,0.06162503431237991,1143,True
RFP_2656,0.7811186550274815,965,False
RFP_2657,0.7439931350114416,1123,False
RFP_2658,0.8157382158161278,813,False
RFP_2659,0.7603631380609798,893,False
RFP_2660,0.0,1102,True
RFP_2661,0.9896444597859855,902,False
RFP_2662,0.0,697,True
RFP_2663,0.0,773,True
RFP_2664,0.9908922506946588,1010,False
RFP_2665,0.9923237962316818,1087,False
RFP_2666,0.9919288645690835,1181,False
RFP_2667,0.3888383378829239,997,False
RFP_2668,0.9923224568138196,1249,False
RFP_2669,0.6851772746689448,1120,False
RFP_2670,0.986845141933995,679,False
RFP_2671,0.8616334549536907,549,False
RFP_2672,0.10293099469189938,677,True
RFP_2673,0.813126350953036,801,False
RFP_2674,0.08672530169768869,782,True
RFP_2675,0.9821479172570133,553,False
RFP_2676,0.4881516587677725,1227,False
RFP_2677,0.0,1206,True
RFP_2678,0.606724593879864,1255,False
RFP_2679,0.760878405856039,1166,False
RFP_2680,0.35082644628099174,1180,False
RFP_2681,0.10809426229508197,600,True
RFP_2682,0.0,529,True
RFP_2683,0.9873080859774821,755,False
RFP_2684,0.9886472965172215,840,False
RFP_2685,0.9871902561948761,775,False
RFP_2686,0.9910307084220128,1044,False
RFP_2687,0.889790398918188,693,False
RFP_2688,0.0,1192,True
RFP_2689,0.49555236728837876,561,True
RFP_2690,0.7794283142021157,710,False
RFP_2691,0.9913384761131412,1212,False
RFP_2692,0.34074806393145496,966,True
RFP_2693,0.7436328015673104,566,False
RFP_2694,0.0,889,True
RFP_2695,0.3146404109589041,1131,True
RFP_2696,0.41912165848336064,1155,False
RFP_2697,0.9917067950775816,1202,False
RFP_2698,0.08721773358193495,758,True
RFP_2699,0.0,997,True
RFP_2700,0.8101582014987511,786,False
RFP_2701,0.5798256999814575,838,False
RFP_2702,0.9925591283550359,1169,False
RFP_2703,0.9165318667098027,986,False
RFP_2704,0.7624530663329161,657,False
RFP_2705,0.0,766,True
RFP_2706,0.4655149142934269,1137,False
RFP_2707,0.9896569556972936,926,False
RFP_2708,0.9902082685732049,978,False
RFP_2709,0.9825056433408578,559,False
RFP_2710,0.9864314789687924,682,False
RFP_2711,0.16063565000957306,849,True
RFP_2712,0.06646525679758308,1051,True
RFP_2713,0.9202302631578947,960,False
RFP_2714,0.0,1085,True
RFP_2715,0.24230019493177388,811,True
RFP_2716,0.9905319332070924,893,False
RFP_2717,0.9903114186851211,869,False
RFP_2718,0.0570733026778469,1186,True
RFP_2719,0.0,824,True
RFP_2720,0.0,863,True
RFP_2721,0.0,682,True
RFP_2722,0.9043966323666979,841,False
RFP_2723,0.9838056680161943,608,False
RFP_2724,0.9845764854614412,622,False
RFP_2725,0.0,700,True
RFP_2726,0.5779159600527605,824,False
RFP_2727,0.0,982,True
RFP_2728,0.36252151462994836,722,True
RFP_2729,0.0,828,True
RFP_2730,0.3037383177570093,896,True
RFP_2731,0.0,1049,True
RFP_2732,0.9917713295799048,1079,False
RFP_2733,0.16366906474820145,1185,True
RFP_2734,0.22301790281329922,904,True
RFP_2735,0.5678652413346291,954,False
RFP_2736,0.0,623,True
RFP_2737,0.0741825280624695,952,True
RFP_2738,0.0,920,True
RFP_2739,0.5434872217642209,760,False
RFP_2740,0.6840790370202134,692,False
RFP_2741,0.12300810735253005,560,True
RFP_2742,0.6949602122015915,870,False
RFP_2743,0.9926881148630683,1188,False
RFP_2744,0.0,1095,True
RFP_2745,0.9859384552679845,774,False
RFP_2746,0.0,1188,True
RFP_2747,0.9246924692469247,1083,False
RFP_2748,0.3994096276112625,672,True
RFP_2749,0.17215326497571506,1182,True
RFP_2750,0.1308543854669316,555,True
RFP_2751,0.23399178045870345,1175,True
RFP_2752,0.2491089851810167,832,True
RFP_2753,0.9898907549323332,972,False
RFP_2754,0.06597168196670297,991,True
RFP_2755,0.06874717322478517,1040,True
RFP_2756,0.6456662848415425,818,False
RFP_2757,0.5025515025515026,821,False
RFP_2758,0.46062992125984253,763,True
RFP_2759,0.44529262086513993,750,True
RFP_2760,0.9919199692189303,1210,False
RFP_2761,0.0,927,True
RFP_2762,0.4993654822335025,1235,False
RFP_2763,0.0,1265,True
RFP_2764,0.990549128238553,984,False
RFP_2765,0.29372791519434627,708,True
RFP_2766,0.4291845493562232,635,True
RFP_2767,0.9903272610027406,990,False
RFP_2768,0.1890007745933385,1004,True
RFP_2769,0.9871285254590195,824,False
RFP_2770,0.7790270766406608,683,False
RFP_2771,0.9854572344096623,656,False
RFP_2772,0.0,683,True
RFP_2773,0.10369515011547344,674,True
RFP_2774,0.9894867037724181,734,False
RFP_2775,0.0,1240,True
RFP_2776,0.9923929000400373,1179,False
RFP_2777,0.417946645109135,1174,False
RFP_2778,0.0,574,True
RFP_2779,0.5359488420324923,887,False
RFP_2780,0.0,619,True
RFP_2781,0.16509789156626506,831,True
RFP_2782,0.5233216500404422,1165,False
RFP_2783,0.12984643454462522,1022,True
RFP_2784,0.21180643526729162,1222,True
RFP_2785,0.0,1020,True
RFP_2786,0.3438163225930928,798,True
RFP_2787,0.8542283645936163,972,False
RFP_2788,0.0,1070,True
RFP_2789,0.12433443660958411,1089,True
RFP_2790,0.4728171334431631,1037,False
RFP_2791,0.9842767295597484,534,False
RFP_2792,0.4143605086013463,841,True
RFP_2793,0.7542523033309709,882,False
RFP_2794,0.2911795961742827,1161,True
RFP_2795,0.9890941072999121,908,False
RFP_2796,0.8575851393188855,540,False
RFP_2797,0.9826175869120655,608,False
RFP_2798,0.9890358510268012,891,False
RFP_2799,0.3761904761904762,864,True
RFP_2800,0.5051783659378596,550,True
RFP_2801,0.9905806053119209,1086,False
RFP_2802,0.0,1187,True
RFP_2803,0.3555327868852459,756,True
RFP_2804,0.9913571910871033,1165,False
RFP_2805,0.7497131931166348,850,False
RFP_2806,0.7369649805447471,803,False
RFP_2807,0.9882602001539645,827,False
RFP_2808,0.9932696190604389,1149,False
RFP_2809,0.9910287946751556,1096,False
RFP_2810,0.0,609,True
RFP_2811,0.2612555485098288,764,True
RFP_2812,0.9897610921501706,1060,False
RFP_2813,0.5453127215997731,1139,False
RFP_2814,0.9909564684242795,1063,False
RFP_2815,0.9883000688231246,690,False
RFP_2816,0.24070897655803317,573,True
RFP_2817,0.9918329093586825,1184,False
RFP_2818,0.0,769,True
RFP_2819,0.5471602434077079,648,True
RFP_2820,0.9904158544509422,981,False
RFP_2821,0.2760775312420301,1231,True
RFP_2822,0.9919925263579341,1130,False
RFP_2823,0.0,699,True
RFP_2824,0.9895993836671803,810,False
RFP_2825,0.9898895337951694,862,False
RFP_2826,0.9912528216704289,1094,False
RFP_2827,0.22354279934252116,1254,True
RFP_2828,0.9905675988747311,944,False
RFP_2829,0.6614954221770092,625,False
RFP_2830,0.13161209068010077,962,True
RFP_2831,0.0,1112,True
RFP_2832,0.0,548,True
RFP_2833,0.0,1097,True
RFP_2834,0.7179276315789473,764,False
RFP_2835,0.0,820,True
RFP_2836,0.9898299140803086,913,False
RFP_2837,0.9881091617933723,814,False
RFP_2838,0.06217127444369521,1149,True
RFP_2839,0.9890339425587468,912,False
RFP_2840,0.0,728,True
RFP_2841,0.9901589704769115,849,False
RFP_2842,0.0,711,True
RFP_2843,0.9879518072289156,787,False
RFP_2844,0.8684052757793765,527,False
RFP_2845,0.5806495447751053,1161,False
RFP_2846,0.12865329512893983,541,True
RFP_2847,0.6035231044166454,1225,False
RFP_2848,0.9839911675407121,552,False
RFP_2849,0.498005698005698,1098,False
RFP_2850,0.9224242424242424,1050,False
RFP_2851,0.9894291754756871,836,False
RFP_2852,0.9857443327880346,683,False
RFP_2853,0.9923215898825655,1079,False
RFP_2854,0.9835971223021582,531,False
RFP_2855,0.9879109225874867,764,False
RFP_2856,0.7035412605588044,972,False
RFP_2857,0.0,611,True
RFP_2858,0.7672142607479903,901,False
RFP_2859,0.0,944,True
RFP_2860,0.9882785566536428,686,False
RFP_2861,0.0,906,True
RFP_2862,0.9870158943362436,671,False
RFP_2863,0.8549618320610687,560,False
RFP_2864,0.9920075860200488,1151,False
RFP_2865,0.9863852961198094,662,False
RFP_2866,0.09916232737151913,709,True
RFP_2867,0.9922259652759783,1236,False
RFP_2868,0.9923954372623575,1126,False
RFP_2869,0.7109150594993845,777,False
RFP_2870,0.0,1257,True
RFP_2871,0.7246906636670416,561,False
RFP_2872,0.7636122177954847,1190,False
RFP_2873,0.9875573018991487,967,False
RFP_2874,0.9904132231404958,954,False
RFP_2875,0.9919115664599623,1190,False
RFP_2876,0.28716904276985744,706,True
RFP_2877,0.9907277816655004,910,False
RFP_2878,0.2584629460201281,1000,True
RFP_2879,0.9876050420168068,752,False
RFP_2880,0.0,879,True
RFP_2881,0.0,550,True
RFP_2882,0.3872935196950445,1214,False
RFP_2883,0.9829816201497618,713,False
RFP_2884,0.9846977811782709,626,False
RFP_2885,0.37608196431725843,899,True
RFP_2886,0.5347746277789108,789,False
RFP_2887,0.0,1024,True
RFP_2888,0.9885101493680583,781,False
RFP_2889,0.0,1081,True
RFP_2890,0.9916678435249259,1154,False
RFP_2891,0.8710199676200756,1191,False
RFP_2892,0.08440893259577956,777,True
RFP_2893,0.8750169629529109,1166,False
RFP_2894,0.0,1181,True
RFP_2895,0.9849548645937813,634,False
RFP_2896,0.0,1178,True
RFP_2897,0.869753979739508,552,False
RFP_2898,0.9910920488287693,957,False
RFP_2899,0.37366347777152503,570,True
RFP_2900,0.9866000454235748,729,False
RFP_2901,0.9897277025925322,970,False
RFP_2902,0.0,561,True
RFP_2903,0.0,1191,True
RFP_2904,0.0755813953488372,940,True
RFP_2905,0.0,575,True
RFP_2906,0.0,773,True
RFP_2907,0.1267765776009096,554,True
RFP_2908,0.9830130882762461,540,False
RFP_2909,0.18688664485848386,1125,True
RFP_2910,0.07001766500722659,986,True
RFP_2911,0.3289943848902501,613,True
RFP_2912,0.22451790633608815,919,True
RFP_2913,0.9895579533588583,912,False
RFP_2914,0.39281705948372614,701,True
RFP_2915,0.9842886237998254,524,False
RFP_2916,0.9873858921161826,946,False
RFP_2917,0.10111295287710159,674,True
RFP_2918,0.5589239965841162,1111,False
RFP_2919,0.9912431811656618,1083,False
RFP_2920,0.0,609,True
RFP_2921,0.4208309400727551,843,True
RFP_2922,0.8202865182911231,1194,False
RFP_2923,0.986946287181682,736,False
RFP_2924,0.9923518164435946,1223,False
RFP_2925,0.9873930661864025,686,False
RFP_2926,0.543584469015171,599,True
RFP_2927,0.1958623791319991,699,True
RFP_2928,0.9854443309499489,617,False
RFP_2929,0.9860076732114647,700,False
RFP_2930,0.0,693,True
RFP_2931,0.0,830,True
RFP_2932,0.0,650,True
RFP_2933,0.9252417376244768,1072,False
RFP_2934,0.7640392848149081,607,False
RFP_2935,0.0,1126,True
RFP_2936,0.28116092251878727,1195,True
RFP_2937,0.5114678899082569,534,True
RFP_2938,0.08320697498104625,826,True
RFP_2939,0.5337063318777293,1152,False
RFP_2940,0.3289111389236546,613,True
RFP_2941,0.9823209428830463,696,False
RFP_2942,0.9897843359818388,825,False
RFP_2943,0.4031049250535332,1207,False
RFP_2944,0.9916552875132757,1054,False
RFP_2945,0.9864773495605138,709,False
RFP_2946,0.4413109756097561,1253,False
RFP_2947,0.7056120774532327,941,False
RFP_2948,0.6114907618324474,1226,False
RFP_2949,0.9893502083654885,1033,False
RFP_2950,0.0,631,True
RFP_2951,0.9914236706689536,1120,False
RFP_2952,0.5960679177837355,703,False
RFP_2953,0.06595744680851064,954,True
RFP_2954,0.9066566094663399,841,False
RFP_2955,0.1819879643079477,721,True
RFP_2956,0.6999348746336698,957,False
RFP_2957,0.6147798742138365,898,False
RFP_2958,0.9922867513611615,1026,False
RFP_2959,0.6589176829268293,807,False
RFP_2960,0.9883186518575259,808,False
RFP_2961,0.7530315278900566,1148,False
RFP_2962,0.0,1231,True
RFP_2963,0.9911517054374197,1066,False
RFP_2964,0.30414150129421913,1115,True
RFP_2965,0.6955828779599271,691,False
RFP_2966,0.39148073022312374,1233,False
RFP_2967,0.8057868442964197,747,False
RFP_2968,0.0,631,True
RFP_2969,0.1768036912751678,756,True
RFP_2970,0.0,862,True
RFP_2971,0.24939870490286772,839,True
RFP_2972,0.10447080291970803,688,True
RFP_2973,0.9928238700742792,1252,False
RFP_2974,0.6892313019390581,930,False
RFP_2975,0.0,1130,True
RFP_2976,0.10604890604890604,617,True
RFP_2977,0.6156241154825927,579,True
RFP_2978,0.819646968534152,834,False
RFP_2979,0.4321582551356835,617,True
RFP_2980,0.0,781,True
RFP_2981,0.0,908,True
RFP_2982,0.5032430370087753,800,False
RFP_2983,0.9915458937198067,1165,False
RFP_2984,0.6472805600430802,1168,False
RFP_2985,0.9169186694254338,1010,False
RFP_2986,0.9911760451323594,1078,False
RFP_2987,0.0,757,True
RFP_2988,0.0,603,True
RFP_2989,0.9886851346078814,802,False
RFP_2990,0.5800980522061746,1201,False
RFP_2991,0.2959431345353675,934,True
RFP_2992,0.9895238095238095,823,False
RFP_2993,0.6013704751973782,1012,False
RFP_2994,0.5545927209705372,633,True
RFP_2995,0.3506092607636068,961,True
RFP_2996,0.6150268856270891,1098,False
RFP_2997,0.9855285749325484,626,False
RFP_2998,0.0571041948579161,1181,True
RFP_2999,0.9869604316546763,698,False
RFP_3000,0.0,1055,True
RFP_3001,0.8051811288963774,728,False
RFP_3002,0.9921133538297019,1173,False
RFP_3003,0.40899986647082387,1188,False
RFP_3004,0.0,1180,True
RFP_3005,0.9865266042475451,697,False
RFP_3006,0.0,608,True
RFP_3007,0.6365868631062002,743,False
RFP_3008,0.9838160136286201,549,False
RFP_3009,0.44910485933503835,1220,False
RFP_3010,0.0,1090,True
RFP_3011,0.9905831818932761,956,False
RFP_3012,0.9841476091476091,617,False
RFP_3013,0.0,769,True
RFP_3014,0.5498032718989438,738,False
RFP_3015,0.0,875,True
RFP_3016,0.43479511143062544,1073,False
RFP_3017,0.8374333390676071,907,False
RFP_3018,0.6065055056321984,1240,False
RFP_3019,0.613323782234957,1113,False
RFP_3020,0.684076727524844,676,False
RFP_3021,0.3054421768707483,723,True
RFP_3022,0.0,1055,True
RFP_3023,0.0,564,True
RFP_3024,0.9928843710292249,1230,False
RFP_3025,0.9232419940574447,959,False
RFP_3026,0.3280363223609535,1283,False
RFP_3027,0.6827240143369175,1095,False
RFP_3028,0.9887457184798565,962,False
RFP_3029,0.8587711982207396,582,False
RFP_3030,0.17140164265517704,1144,True
RFP_3031,0.9914274050891277,1149,False
RFP_3032,0.9909261126314274,1121,False
RFP_3033,0.35693461057892545,760,True
RFP_3034,0.2439118670274449,799,True
RFP_3035,0.9892857142857143,820,False
RFP_3036,0.0,892,True
RFP_3037,0.6835094166283877,717,False
RFP_3038,0.9905778894472361,992,False
RFP_3039,0.9870307167235495,685,False
RFP_3040,0.44231750893312916,636,True
RFP_3041,0.9896733007885843,830,False
RFP_3042,0.0,1122,True
RFP_3043,0.9839391377852916,589,False
RFP_3044,0.9825238311393554,690,False
RFP_3045,0.0,565,True
RFP_3046,0.0,769,True
RFP_3047,0.9894657637321295,825,False
RFP_3048,0.9877883310719131,817,False
RFP_3049,0.7870354940843193,962,False
RFP_3050,0.9912305516265912,1067,False
RFP_3051,0.9898146602103857,907,False
RFP_3052,0.24933013679311802,1114,True
RFP_3053,0.23727647867950483,1146,True
RFP_3054,0.7910447761194029,706,False
RFP_3055,0.9011009870918755,824,False
RFP_3056,0.3039571453257301,909,True
RFP_3057,0.7241222070223439,1043,False
RFP_3058,0.9920328964276536,1212,False
RFP_3059,0.9899967731526299,984,False
RFP_3060,0.9884105960264901,757,False
RFP_3061,0.9910757747850073,1002,False
RFP_3062,0.0,1216,True
RFP_3063,0.9852536865783554,614,False
RFP_3064,0.932614196297776,1186,False
RFP_3065,0.42719227674979887,952,False
RFP_3066,0.555757475631918,957,False
RFP_3067,0.0,1169,True
RFP_3068,0.0,791,True
RFP_3069,0.9928607214428857,1235,False
RFP_3070,0.0,1243,True
RFP_3071,0.5958156458459672,1027,False
RFP_3072,0.4963726613211149,1221,False
RFP_3073,0.9854428818159389,644,False
RFP_3074,0.9923654408957883,1229,False
RFP_3075,0.7159191970524711,1214,False
RFP_3076,0.057172157415715935,1237,True
RFP_3077,0.0,697,True
RFP_3078,0.9802766393442623,625,False
RFP_3079,0.9880352644836272,747,False
RFP_3080,0.33064667291471417,839,True
RFP_3081,0.09217819749538082,752,True
RFP_3082,0.9843117408906883,627,False
RFP_3083,0.10805402701350675,639,True
RFP_3084,0.9875363523057749,753,False
RFP_3085,0.6666666666666666,1035,False
RFP_3086,0.4701552462526767,1173,False
RFP_3087,0.4958285930982177,823,False
RFP_3088,0.9875026036242449,750,False
RFP_3089,0.9911029298972235,1018,False
RFP_3090,0.9858585858585859,628,False
RFP_3091,0.11088295687885011,610,True
RFP_3092,0.6908993956629933,885,False
RFP_3093,0.11126529582439763,1231,True
RFP_3094,0.9869085898024805,681,False
RFP_3095,0.0,1016,True
RFP_3096,0.8583666476299258,554,False
RFP_3097,0.0,1163,True
RFP_3098,0.9923328127218515,1106,False
RFP_3099,0.4999285816311955,1101,False
RFP_3100,0.9924041017850361,1237,False
RFP_3101,0.9824605998983224,629,False
RFP_3102,0.9835011185682326,581,False
RFP_3103,0.8529948312557009,1034,False
RFP_3104,0.8065244152646697,762,False
RFP_3105,0.9805211231975715,597,False
RFP_3106,0.9912452830188679,1014,False
RFP_3107,0.0,1080,True
RFP_3108,0.16651791406349611,1273,True
RFP_3109,0.7690566037735849,1240,False
RFP_3110,0.991262428442302,1033,False
RFP_3111,0.3293896713615023,830,True
RFP_3112,0.0,637,True
RFP_3113,0.6349180327868853,977,False
RFP_3114,0.6982479784366576,1167,False
RFP_3115,0.9917836868837765,1047,False
RFP_3116,0.0,1041,True
RFP_3117,0.2935528120713306,677,True
RFP_3118,0.9900276158330776,1010,False
RFP_3119,0.06078379098906958,1180,True
RFP_3120,0.5867431677487543,1027,False
RFP_3121,0.0,937,True
RFP_3122,0.7607329142704293,1153,False
RFP_3123,0.6801004044066379,1137,False
RFP_3124,0.27610419026047567,677,True
RFP_3125,0.992786636294609,1253,False
RFP_3126,0.0,888,True
RFP_3127,0.7034103765960886,991,False
RFP_3128,0.4477383082034245,624,True
RFP_3129,0.9859367152184831,630,False
RFP_3130,0.3954744150167138,1184,False
RFP_3131,0.0,1093,True
RFP_3132,0.9902234636871509,871,False
RFP_3133,0.9922113622480146,1030,False
RFP_3134,0.9923479661699557,1188,False
RFP_3135,0.9890627946445408,823,False
RFP_3136,0.0,1140,True
RFP_3137,0.0,769,True
RFP_3138,0.9887103777681285,1088,False
RFP_3139,0.0,1113,True
RFP_3140,0.07236842105263158,950,True
RFP_3141,0.8564686737184704,976,False
RFP_3142,0.9879900294584183,698,False
RFP_3143,0.2512676056338028,550,True
RFP_3144,0.0,757,True
RFP_3145,0.9831380394398399,560,False
RFP_3146,0.6701004378058203,609,False
RFP_3147,0.9898160315374507,957,False
RFP_3148,0.23058252427184467,1170,True
RFP_3149,0.9132238547968885,890,False
RFP_3150,0.0893492362418916,730,True
RFP_3151,0.9894847528916929,884,False
RFP_3152,0.38776881720430106,688,True
RFP_3153,0.24438573315719947,864,True
RFP_3154,0.624949290060852,755,False
RFP_3155,0.9892675578987008,877,False
RFP_3156,0.2051365409622887,968,True
RFP_3157,0.9851448378311464,629,False
RFP_3158,0.9906727828746177,1013,False
RFP_3159,0.9917187075753462,1163,False
RFP_3160,0.9927115670130922,1166,False
RFP_3161,0.9881414843590268,760,False
RFP_3162,0.9835439318248604,531,False
RFP_3163,0.8496794871794872,971,False
RFP_3164,0.0,926,True
RFP_3165,0.1975642760487145,691,True
RFP_3166,0.24172661870503598,554,True
RFP_3167,0.9872117400419287,774,False
RFP_3168,0.9854745805159029,618,False
RFP_3169,0.5333194934606602,764,False
RFP_3170,0.36071354490769547,756,True
RFP_3171,0.22770728315661395,898,True
RFP_3172,0.24740823760156908,556,True
RFP_3173,0.3297135367908631,822,True
RFP_3174,0.3079337899543379,1084,True
RFP_3175,0.28415161536504707,1227,True
RFP_3176,0.4998357424441524,966,False
RFP_3177,0.7671400587659157,655,False
RFP_3178,0.9880264244426095,789,False
RFP_3179,0.0,677,True
RFP_3180,0.9924741298212606,1150,False
RFP_3181,0.0,688,True
RFP_3182,0.0,712,True
RFP_3183,0.0,555,True
RFP_3184,0.868138251524833,542,False
RFP_3185,0.0,870,True
RFP_3186,0.0,1078,True
RFP_3187,0.27137238666942665,753,True
RFP_3188,0.10877626699629171,622,True
RFP_3189,0.986826900855096,714,False
RFP_3190,0.26260112009956443,755,True
RFP_3191,0.9927292311835196,1141,False
RFP_3192,0.4840328467153285,693,True
RFP_3193,0.0,899,True
RFP_3194,0.5551616562677255,1131,False
RFP_3195,0.0,1137,True
RFP_3196,0.0,680,True
RFP_3197,0.32310775396947744,992,True
RFP_3198,0.0,691,True
RFP_3199,0.4972146836166262,1096,False
RFP_3200,0.11226136058080129,1155,True
RFP_3201,0.8353413654618473,900,False
RFP_3202,0.9904509283819629,918,False
RFP_3203,0.9900667643706237,991,False
RFP_3204,0.0,882,True
RFP_3205,0.7563325991189427,1129,False
RFP_3206,0.2237385751846751,1270,True
RFP_3207,0.3833539058367131,892,True
RFP_3208,0.0,750,True
RFP_3209,0.6819234194122885,877,False
RFP_3210,0.282513395031661,969,True
RFP_3211,0.23707512139388745,546,True
RFP_3212,0.5469849246231155,610,True
RFP_3213,0.382213691618682,1237,False
RFP_3214,0.884081074925985,711,False
RFP_3215,0.990722968650032,972,False
RFP_3216,0.9888696987142583,826,False
RFP_3217,0.9869146005509641,685,False
RFP_3218,0.9829562151043197,536,False
RFP_3219,0.5559974879631568,756,False
RFP_3220,0.07338795867474172,854,True
RFP_3221,0.24714176829268292,811,True
RFP_3222,0.6529543754674645,834,False
RFP_3223,0.9865630904891874,779,False
RFP_3224,0.18191225165562913,740,True
RFP_3225,0.8856145792943001,1180,False
RFP_3226,0.4823169033695349,554,True
RFP_3227,0.0,1180,True
RFP_3228,0.0,551,True
RFP_3229,0.36539278131634817,753,True
RFP_3230,0.6598267213862289,1031,False
RFP_3231,0.9915414904477177,1081,False
RFP_3232,0.49707602339181284,1103,False
RFP_3233,0.9892554194156457,839,False
RFP_3234,0.32113377978508023,994,True
RFP_3235,0.0,971,True
RFP_3236,0.0,1111,True
RFP_3237,0.0,617,True
RFP_3238,0.8966515088879702,765,False
RFP_3239,0.9877250409165302,767,False
RFP_3240,0.9883430474604497,749,False
RFP_3241,0.21781928319030794,619,True
RFP_3242,0.729903536977492,1028,False
RFP_3243,0.8785474108944183,1150,False
RFP_3244,0.9902200488997555,952,False
RFP_3245,0.331650681474003,639,True
RFP_3246,0.9823726916620034,568,False
RFP_3247,0.0,1194,True
RFP_3248,0.9853164556962025,634,False
RFP_3249,0.9841359773371104,533,False
RFP_3250,0.11100049776007964,631,True
RFP_3251,0.9892917527709938,837,False
RFP_3252,0.8711484593837535,616,False
RFP_3253,0.5022883295194508,530,True
RFP_3254,0.0,537,True
RFP_3255,0.8072649572649573,1128,False
RFP_3256,0.9312802582033352,1187,False
RFP_3257,0.7447744774477447,801,False
RFP_3258,0.4143448795180723,830,True
RFP_3259,0.9856787048567871,751,False
RFP_3260,0.9831812998859749,565,False
RFP_3261,0.9862637362637363,661,False
RFP_3262,0.7818930041152263,664,False
RFP_3263,0.6626964014191586,620,False
RFP_3264,0.9851320174314279,627,False
RFP_3265,0.5624186315637205,1100,False
RFP_3266,0.9911070223857712,1019,False
RFP_3267,0.10664033571957542,619,True
RFP_3268,0.16476552598225602,1254,True
RFP_3269,0.8389905811267105,896,False
RFP_3270,0.239824192623734,846,True
RFP_3271,0.8668204093398674,1130,False
RFP_3272,0.9894259818731118,807,False
RFP_3273,0.3012091038406828,902,True
RFP_3274,0.06752608962553713,977,True
RFP_3275,0.0,796,True
RFP_3276,0.5278182954782247,736,False
RFP_3277,0.941685765215177,1229,False
RFP_3278,0.1145048439181916,1207,True
RFP_3279,0.7416777629826897,807,False
RFP_3280,0.0,1073,True
RFP_3281,0.9840329642029358,613,False
RFP_3282,0.985423473234481,634,False
RFP_3283,0.17956740579512992,1173,True
RFP_3284,0.6411166693561401,948,False
RFP_3285,0.0,877,True
RFP_3286,0.0,1108,True
RFP_3287,0.25741861135119565,1067,True
RFP_3288,0.0,893,True
RFP_3289,0.23346033945271907,920,True
RFP_3290,0.08544546850998463,823,True
RFP_3291,0.0,983,True
RFP_3292,0.09400513179379519,697,True
RFP_3293,0.0,916,True
RFP_3294,0.9912991299129913,1062,False
RFP_3295,0.3629943502824859,793,True
RFP_3296,0.0,694,True
RFP_3297,0.0,907,True
RFP_3298,0.9896957801766437,947,False
RFP_3299,0.9808660624370594,652,False
RFP_3300,0.9874592833876221,954,False
RFP_3301,0.1696309045706636,814,True
RFP_3302,0.1580238262088297,881,True
RFP_3303,0.6011938601478113,545,True
RFP_3304,0.0,954,True
RFP_3305,0.0,1109,True
RFP_3306,0.9099378881987578,907,False
RFP_3307,0.39890368050117464,989,False
RFP_3308,0.8325459317585302,904,False
RFP_3309,0.984359233097881,614,False
RFP_3310,0.10603426868636702,629,True
RFP_3311,0.44281524926686217,1235,False
RFP_3312,0.33314669652855544,830,True
RFP_3313,0.3318356867779204,1259,False
RFP_3314,0.13270999849193182,1025,True
RFP_3315,0.9822302343548802,616,False
RFP_3316,0.0,543,True
RFP_3317,0.9909805062554553,1081,False
RFP_3318,0.0,1068,True
RFP_3319,0.9899462645172473,903,False
RFP_3320,0.9885122410546139,827,False
RFP_3321,0.25140765765765766,539,True
RFP_3322,0.055373772967530835,1227,True
RFP_3323,0.0,559,True
RFP_3324,0.9892514395393474,847,False
RFP_3325,0.2755829015544041,973,True
RFP_3326,0.45002126754572525,765,True
RFP_3327,0.08468052347959969,811,True
RFP_3328,0.27282136203684537,756,True
RFP_3329,0.9914634146341463,1127,False
RFP_3330,0.9921462230472654,1101,False
RFP_3331,0.9911341585814654,925,False
RFP_3332,0.8195796029583495,822,False
RFP_3333,0.3108108108108108,917,True
RFP_3334,0.0,1103,True
RFP_3335,0.6634099616858238,817,False
RFP_3336,0.3695955369595537,573,True
RFP_3337,0.5818266110338433,680,False
RFP_3338,0.08113137327874953,828,True
RFP_3339,0.9915034562211982,1080,False
RFP_3340,0.0,638,True
RFP_3341,0.686317941727722,917,False
RFP_3342,0.4567297469700191,759,True
RFP_3343,0.9906938775510205,945,False
RFP_3344,0.9912280701754386,1149,False
RFP_3345,0.9877175025588536,773,False
RFP_3346,0.11350414655279119,1262,True
RFP_3347,0.23426859166439662,1158,True
RFP_3348,0.9897087039944182,883,False
RFP_3349,0.0,706,True
RFP_3350,0.9868962935230251,802,False
RFP_3351,0.0,922,True
RFP_3352,0.5977393617021277,686,False
RFP_3353,0.4731865459948669,1199,False
RFP_3354,0.7654878354652621,625,False
RFP_3355,0.49591770084911824,965,False
RFP_3356,0.9905920519059205,993,False
RFP_3357,0.5357459641653362,887,False
RFP_3358,0.9907221277253749,1038,False
RFP_3359,0.5374721317098268,903,False
RFP_3360,0.6569120560890108,1035,False
RFP_3361,0.8173240234006416,853,False
RFP_3362,0.0,769,True
RFP_3363,0.0,566,True
RFP_3364,0.9058921507391214,767,False
RFP_3365,0.4327210593763349,1092,False
RFP_3366,0.23160286663170773,920,True
RFP_3367,0.370643241711533,554,True
RFP_3368,0.935868754660701,1215,False
RFP_3369,0.0,562,True
RFP_3370,0.9890320334261838,902,False
RFP_3371,0.1848421052631579,769,True
RFP_3372,0.9359171143514965,1225,False
RFP_3373,0.5597317134902556,1221,False
RFP_3374,0.9842783505154639,619,False
RFP_3375,0.7427101200686106,541,False
RFP_3376,0.42078364565587734,834,True
RFP_3377,0.9887063655030801,773,False
RFP_3378,0.4391272005950905,644,True
RFP_3379,0.8768811810233624,1126,False
RFP_3380,0.9899006622516556,982,False
RFP_3381,0.6141846544531109,838,False
RFP_3382,0.0,597,True
RFP_3383,0.9865198831723209,705,False
RFP_3384,0.9921799972561394,1180,False
RFP_3385,0.9910638297872341,1094,False
RFP_3386,0.486652977412731,556,True
RFP_3387,0.9304769603880356,1141,False
RFP_3388,0.4371962138654387,1255,False
RFP_3389,0.7407266501807115,806,False
RFP_3390,0.9859154929577465,613,False
RFP_3391,0.0,710,True
RFP_3392,0.987299604413908,753,False
RFP_3393,0.8333623845215269,896,False
RFP_3394,0.9914297957434652,1093,False
RFP_3395,0.8925244262667575,702,False
RFP_3396,0.6669146825396826,637,False
RFP_3397,0.9041225416036308,826,False
RFP_3398,0.6864750484923294,889,False
RFP_3399,0.0,564,True
RFP_3400,0.7515046141500602,1138,False
RFP_3401,0.3664668908054378,1110,False
RFP_3402,0.9887818207967783,1108,False
RFP_3403,0.9852377300613497,811,False
RFP_3404,0.768586387434555,882,False
RFP_3405,0.989493627282122,876,False
RFP_3406,0.15485882556729602,872,True
RFP_3407,0.7402298850574712,554,False
RFP_3408,0.9888968481375359,878,False
RFP_3409,0.19170753455193937,688,True
RFP_3410,0.0,1153,True
RFP_3411,0.9847347347347347,654,False
RFP_3412,0.0,1205,True
RFP_3413,0.13492663742247768,1059,True
RFP_3414,0.9917193616380608,1031,False
RFP_3415,0.9874055415617129,720,False
RFP_3416,0.827386319721757,1184,False
RFP_3417,0.0,1144,True
RFP_3418,0.18213058419243985,1086,True
RFP_3419,0.33750711439954467,821,True
RFP_3420,0.9830069124423964,568,False
RFP_3421,0.09075873475294605,799,True
RFP_3422,0.0,901,True
RFP_3423,0.5907754917476825,700,False
RFP_3424,0.5754042873260624,844,False
RFP_3425,0.9846308893927942,638,False
RFP_3426,0.990158172231986,905,False
RFP_3427,0.8744448930157449,1165,False
RFP_3428,0.0,1101,True
RFP_3429,0.9859046642747309,638,False
RFP_3430,0.935781041388518,1197,False
RFP_3431,0.9834223096375386,538,False
RFP_3432,0.986318407960199,645,False
RFP_3433,0.9867163831274761,673,False
RFP_3434,0.10195496164315763,646,True
RFP_3435,0.13559064682660188,1063,True
RFP_3436,0.992466345560084,1232,False
RFP_3437,0.40988316414479986,830,True
RFP_3438,0.0,1095,True
RFP_3439,0.13420724094881398,1024,True
RFP_3440,0.0,815,True
RFP_3441,0.8374583113919607,898,False
RFP_3442,0.0,1214,True
RFP_3443,0.7084888816750528,954,False
RFP_3444,0.9889149435088467,723,False
RFP_3445,0.0,705,True
RFP_3446,0.9898381633421152,826,False
RFP_3447,0.0,1112,True
RFP_3448,0.34673779236766517,758,True
RFP_3449,0.6562111028130445,654,False
RFP_3450,0.08028059236165237,830,True
RFP_3451,0.3615916955017301,573,True
RFP_3452,0.0,1156,True
RFP_3453,0.27682227682227684,767,True
RFP_3454,0.9908452853219408,1058,False
RFP_3455,0.0,676,True
RFP_3456,0.6436875716391026,961,False
RFP_3457,0.5419895287958115,766,False
RFP_3458,0.44792762465811065,747,True
RFP_3459,0.0,756,True
RFP_3460,0.9881126173096976,751,False
RFP_3461,0.29567210462451127,1160,True
RFP_3462,0.6561746987951808,1024,False
RFP_3463,0.21690711212351305,1255,True
RFP_3464,0.8597903691326143,1033,False
RFP_3465,0.9915314043754411,1120,False
RFP_3466,0.5457125481451449,771,False
RFP_3467,0.7648533467034344,649,False
RFP_3468,0.4888091822094692,1109,False
RFP_3469,0.9915929844905059,1068,False
RFP_3470,0.0,777,True
RFP_3471,0.8195131228604032,848,False
RFP_3472,0.7322033898305085,535,False
RFP_3473,0.9861834654586636,683,False
RFP_3474,0.0,840,True
RFP_3475,0.11644204851752021,1149,True
RFP_3476,0.7397959183673469,567,False
RFP_3477,0.9908895146595992,962,False
RFP_3478,0.9900426742532006,874,False
RFP_3479,0.08275080294728887,861,True
RFP_3480,0.9893602693602693,1150,False
RFP_3481,0.0,1061,True
RFP_3482,0.8387323943661972,873,False
RFP_3483,0.11703253107643481,1193,True
RFP_3484,0.06814529090324654,981,True
RFP_3485,0.9935199585277346,1218,False
RFP_3486,0.7400982943047123,568,False
RFP_3487,0.9849681528662421,617,False
RFP_3488,0.0,807,True
RFP_3489,0.5020943870427255,547,True
RFP_3490,0.988,1024,False
RFP_3491,0.9201600278309271,867,False
RFP_3492,0.9777460770328102,547,False
RFP_3493,0.9345002823263693,1108,False
RFP_3494,0.2295210677833028,595,True
RFP_3495,0.8872627486851132,703,False
RFP_3496,0.9920187147378561,1101,False
RFP_3497,0.5922578701611688,1024,False
RFP_3498,0.0,819,True
RFP_3499,0.5273993808049535,1008,False
RFP_3500,0.0,559,True
RFP_3501,0.10545175326337343,625,True
RFP_3502,0.4241232382825303,979,False
RFP_3503,0.3718985224421522,548,True
RFP_3504,0.9869727047146402,763,False
RFP_3505,0.38245747651688244,1272,False
RFP_3506,0.8661931818181818,1101,False
RFP_3507,0.594146116616732,678,False
RFP_3508,0.763011278706346,1134,False
RFP_3509,0.9825664475564447,561,False
RFP_3510,0.7407247004475241,1076,False
RFP_3511,0.9897308781869688,895,False
RFP_3512,0.4105263157894737,1187,False
RFP_3513,0.2446590576529119,540,True
RFP_3514,0.993025958930647,1208,False
RFP_3515,0.9834757834757835,558,False
RFP_3516,0.9830605799598048,550,False
RFP_3517,0.9831602582093741,556,False
RFP_3518,0.22216404886561955,879,True
RFP_3519,0.9912294199107555,1037,False
RFP_3520,0.9929086995061416,1243,False
RFP_3521,0.9911151960784313,1041,False
RFP_3522,0.0,626,True
RFP_3523,0.0,694,True
RFP_3524,0.9881690140845071,847,False
RFP_3525,0.9882673371045464,770,False
RFP_3526,0.9918438293889558,1195,False
RFP_3527,0.8361077741547966,896,False
RFP_3528,0.0,931,True
RFP_3529,0.990521327014218,965,False
RFP_3530,0.12067114093959731,1183,True
RFP_3531,0.1291630466261222,553,True
RFP_3532,0.18191056910569106,758,True
RFP_3533,0.9888498864340285,777,False
RFP_3534,0.0,1238,True
RFP_3535,0.9845599588265569,611,False
RFP_3536,0.635899967094439,959,False
RFP_3537,0.9920864213038563,1238,False
RFP_3538,0.8940217391304348,749,False
RFP_3539,0.05247077577045696,1191,True
RFP_3540,0.9845995893223819,611,False
RFP_3541,0.6742539200809307,606,False
RFP_3542,0.8107712571344944,1073,False
RFP_3543,0.0,603,True
RFP_3544,0.3851471900089206,730,True
RFP_3545,0.9873729091505412,956,False
RFP_3546,0.21408378308918016,606,True
RFP_3547,0.8692121384812651,1109,False
RFP_3548,0.4046797084771768,822,True
RFP_3549,0.9830855971296771,620,False
RFP_3550,0.4628174123337364,1038,False
RFP_3551,0.9921217786086259,1147,False
RFP_3552,0.6079752878404943,543,True
RFP_3553,0.9910143161742309,1035,False
RFP_3554,0.9901453957996769,968,False
RFP_3555,0.8177236455270894,753,False
RFP_3556,0.9867246509498742,724,False
RFP_3557,0.0,541,True
RFP_3558,0.7976835138387485,1024,False
RFP_3559,0.8213944603629417,843,False
RFP_3560,0.07356995175740869,910,True
RFP_3561,0.22155898876404495,913,True
RFP_3562,0.989897199574619,896,False
RFP_3563,0.0,620,True
RFP_3564,0.9910183977980588,1112,False
RFP_3565,0.6408196062675774,1166,False
RFP_3566,0.986948694869487,696,False
RFP_3567,0.9917119176907688,1109,False
RFP_3568,0.1667300380228137,817,True
RFP_3569,0.9889582333173308,963,False
RFP_3570,0.27575719173742236,1241,True
RFP_3571,0.0,1156,True
RFP_3572,0.9905110704178458,933,False
RFP_3573,0.592794017675051,702,False
RFP_3574,0.9918907383696116,1120,False
RFP_3575,0.983934611048478,556,False
RFP_3576,0.0,964,True
RFP_3577,0.9861179970252851,615,False
RFP_3578,0.08902691511387163,690,True
RFP_3579,0.9926133469179826,1216,False
RFP_3580,0.48620016727069976,568,True
RFP_3581,0.693027360988526,910,False
RFP_3582,0.985543369890329,646,False
RFP_3583,0.7772180695482613,942,False
RFP_3584,0.062887760857304,1101,True
RFP_3585,0.7240419610361807,712,False
RFP_3586,0.990829825616356,1061,False
RFP_3587,0.09769972792480831,629,True
RFP_3588,0.7752735587130491,991,False
RFP_3589,0.1661305581835383,854,True
RFP_3590,0.5954504906333631,690,False
RFP_3591,0.0,1202,True
RFP_3592,0.9912990383147611,1077,False
RFP_3593,0.8220699870394371,804,False
RFP_3594,0.991784375900836,1094,False
RFP_3595,0.9881705078523353,734,False
RFP_3596,0.9893913043478261,927,False
RFP_3597,0.9907323002127013,1032,False
RFP_3598,0.6992281075326058,1141,False
RFP_3599,0.9922237380627558,1128,False
RFP_3600,0.4893095768374165,719,True
RFP_3601,0.5705622029175546,974,False
RFP_3602,0.45419537900283746,788,True
RFP_3603,0.9915795192177101,1171,False
RFP_3604,0.0,640,True
RFP_3605,0.0,1027,True
RFP_3606,0.9849428868120457,615,False
RFP_3607,0.1952770208900999,703,True
RFP_3608,0.8692111959287532,606,False
RFP_3609,0.0,1225,True
RFP_3610,0.5023350846468184,1093,False
RFP_3611,0.0,614,True
RFP_3612,0.22238805970149253,629,True
RFP_3613,0.0,824,True
RFP_3614,0.0,1163,True
RFP_3615,0.9291143167364666,1035,False
RFP_3616,0.49226084750063437,1224,False
RFP_3617,0.2518891687657431,584,True
RFP_3618,0.0,1068,True
RFP_3619,0.2984697272122422,1168,True
RFP_3620,0.0,714,True
RFP_3621,0.9891096675582728,832,False
RFP_3622,0.9839977540707467,530,False
RFP_3623,0.0,853,True
RFP_3624,0.35334198572355613,975,True
RFP_3625,0.7119447453954496,1178,False
RFP_3626,0.987106989368921,710,False
RFP_3627,0.48535267349260525,1096,False
RFP_3628,0.7116879859543517,1276,False
RFP_3629,0.9868001820664543,718,False
RFP_3630,0.6212814645308925,1086,False
RFP_3631,0.9890449438202247,1142,False
RFP_3632,0.252425799086758,1123,True
RFP_3633,0.990613592908048,937,False
RFP_3634,0.3313268442622951,1201,False
RFP_3635,0.0,1184,True
RFP_3636,0.9855757274309873,641,False
RFP_3637,0.8025550035486161,1079,False
RFP_3638,0.2105397148676171,611,True
RFP_3639,0.0,659,True
RFP_3640,0.0,899,True
RFP_3641,0.9824957651044608,574,False
RFP_3642,0.4005160115343755,1021,False
RFP_3643,0.98997042561399,1226,False
RFP_3644,0.0,679,True
RFP_3645,0.9833620195065979,548,False
RFP_3646,0.1969835466179159,683,True
RFP_3647,0.4840440553515956,549,True
RFP_3648,0.0,811,True
RFP_3649,0.4384453781512605,737,True
RFP_3650,0.9929684268578519,1160,False
RFP_3651,0.3461648132306815,546,True
RFP_3652,0.9903193361830526,1231,False
RFP_3653,0.45312178034205647,754,True
RFP_3654,0.9868025005788377,685,False
RFP_3655,0.9191685912240185,1031,False
RFP_3656,0.9386244736506316,1245,False
RFP_3657,0.715311618363683,1249,False
RFP_3658,0.0,978,True
RFP_3659,0.9859353023909986,681,False
RFP_3660,0.44481122343717766,764,True
RFP_3661,0.8949865896430782,763,False
RFP_3662,0.9912844036697248,1038,False
RFP_3663,0.19693900517668242,708,True
RFP_3664,0.4955273947074171,822,False
RFP_3665,0.9876186545604623,755,False
RFP_3666,0.49886649874055417,1251,False
RFP_3667,0.07889616133026711,885,True
RFP_3668,0.0,987,True
RFP_3669,0.921990171990172,1034,False
RFP_3670,0.24517752306402013,575,True
RFP_3671,0.2183560262228946,647,True
RFP_3672,0.8678789600795568,1093,False
RFP_3673,0.6602469135802469,639,False
RFP_3674,0.8431199151043509,899,False
RFP_3675,0.0,1218,True
RFP_3676,0.0,544,True
RFP_3677,0.621786767804467,748,False
RFP_3678,0.10152515365353973,676,True
RFP_3679,0.9845732769345609,618,False
RFP_3680,0.0,615,True
RFP_3681,0.7743082000507743,1268,False
RFP_3682,0.5568066801619433,1229,False
RFP_3683,0.7365145228215768,848,False
RFP_3684,0.9852286049237984,696,False
RFP_3685,0.4080107320812572,814,True
RFP_3686,0.6923386555749362,1179,False
RFP_3687,0.9903485254691688,868,False
RFP_3688,0.12221603563474387,560,True
RFP_3689,0.11215218625780807,551,True
RFP_3690,0.9905259719046063,945,False
RFP_3691,0.9912835653029664,1118,False
RFP_3692,0.0,1062,True
RFP_3693,0.6385673430478006,1163,False
RFP_3694,0.0,918,True
RFP_3695,0.9900489396411093,972,False
RFP_3696,0.0,776,True
RFP_3697,0.9856328392246294,694,False
RFP_3698,0.0,902,True
RFP_3699,0.42744841139862433,960,False
RFP_3700,0.5950075642965205,1032,False
RFP_3701,0.40969994338554444,812,True
RFP_3702,0.9273263986505482,1137,False
RFP_3703,0.10470964791952446,697,True
RFP_3704,0.0,565,True
RFP_3705,0.6792351679771265,900,False
RFP_3706,0.7154656204831716,755,False
RFP_3707,0.0,688,True
RFP_3708,0.0,934,True
RFP_3709,0.9886081495545495,1088,False
RFP_3710,0.4909399773499434,585,True
RFP_3711,0.0,561,True
RFP_3712,0.0,695,True
RFP_3713,0.0,894,True
RFP_3714,0.0,1046,True
RFP_3715,0.8108672936259144,767,False
RFP_3716,0.9931881928676373,1193,False
RFP_3717,0.985837009519387,684,False
RFP_3718,0.11078900932694731,1269,True
RFP_3719,0.15911916178298705,863,True
RFP_3720,0.9911371488658555,1042,False
RFP_3721,0.0,759,True
RFP_3722,0.061605388717373,1149,True
RFP_3723,0.984588175846387,605,False
RFP_3724,0.24608951525476228,1007,True
RFP_3725,0.9907125456760049,1034,False
RFP_3726,0.0,603,True
RFP_3727,0.0,782,True
RFP_3728,0.9930997158706535,1188,False
RFP_3729,0.9887052917799624,762,False
RFP_3730,0.0,968,True
RFP_3731,0.0,743,True
RFP_3732,0.9845119217444467,783,False
RFP_3733,0.08408095138744001,751,True
RFP_3734,0.24804323518449498,805,True
RFP_3735,0.1658434650455927,820,True
RFP_3736,0.9889224572004028,801,False
RFP_3737,0.0,835,True
RFP_3738,0.0,558,True
RFP_3739,0.0,547,True
RFP_3740,0.6569093328264588,831,False
RFP_3741,0.0,1184,True
RFP_3742,0.0,707,True
RFP_3743,0.0,563,True
RFP_3744,0.9885538190622937,692,False
RFP_3745,0.6341008089607966,785,False
RFP_3746,0.9919575113808802,1047,False
RFP_3747,0.9872598162071846,758,False
RFP_3748,0.6539270017198547,802,False
RFP_3749,0.7353915662650602,1022,False
RFP_3750,0.0,963,True
RFP_3751,0.0,1208,True
RFP_3752,0.3948824343015214,693,True
RFP_3753,0.594731977818854,1028,False
RFP_3754,0.9918325676365493,1226,False
RFP_3755,0.9856960408684546,597,False
RFP_3756,0.25191055759977354,1084,True
RFP_3757,0.992574913815964,1179,False
RFP_3758,0.4104180491041805,948,False
RFP_3759,0.07859268335375459,888,True
RFP_3760,0.9920805369127517,1169,False
RFP_3761,0.9861426624261699,694,False
RFP_3762,0.0,1225,True
RFP_3763,0.778694867165334,624,False
RFP_3764,0.9319282255767588,1100,False
RFP_3765,0.9878752886836027,813,False
RFP_3766,0.5799809342230696,815,False
RFP_3767,0.2660592255125285,1041,True
RFP_3768,0.07106518282988872,995,True
RFP_3769,0.16560752414844943,1231,True
RFP_3770,0.9915883919809337,1118,False
RFP_3771,0.2732641009977601,766,True
RFP_3772,0.9869415807560138,665,False
RFP_3773,0.9158771643253839,979,False
RFP_3774,0.0,751,True
RFP_3775,0.8738550117770217,1179,False
RFP_3776,0.9898193760262726,936,False
RFP_3777,0.539568345323741,788,False
RFP_3778,0.98854041013269,1038,False
RFP_3779,0.2959430413756045,1158,True
RFP_3780,0.9935776350585569,1235,False
RFP_3781,0.659838138593829,623,False
RFP_3782,0.16760899610503832,1278,True
RFP_3783,0.0,689,True
RFP_3784,0.987224397280033,745,False
RFP_3785,0.6370262390670554,976,False
RFP_3786,0.20077132486388385,717,True
RFP_3787,0.9927436506943575,1253,False
RFP_3788,0.990271021542738,866,False
RFP_3789,0.0,1078,True
RFP_3790,0.9811850603762988,556,False
RFP_3791,0.9856350806451613,622,False
RFP_3792,0.4018348623853211,1021,False
RFP_3793,0.9899268887083672,981,False
RFP_3794,0.9888268156424581,750,False
RFP_3795,0.8546760391198044,1038,False
RFP_3796,0.0,1146,True
RFP_3797,0.0,1058,True
RFP_3798,0.0,1039,True
RFP_3799,0.11071789686552073,625,True
RFP_3800,0.0,1158,True
RFP_3801,0.0,837,True
RFP_3802,0.9880228136882129,852,False
RFP_3803,0.0,793,True
RFP_3804,0.0,903,True
RFP_3805,0.7395181180041738,801,False
RFP_3806,0.0,1083,True
RFP_3807,0.12235430559582487,533,True
RFP_3808,0.0,651,True
RFP_3809,0.9899263851220457,816,False
RFP_3810,0.912632594021215,831,False
RFP_3811,0.36750676349138545,1123,False
RFP_3812,0.9882691911916032,740,False
RFP_3813,0.7595552466990966,903,False
RFP_3814,0.7138164647916239,795,False
RFP_3815,0.9843629838502947,608,False
RFP_3816,0.0,1147,True
RFP_3817,0.5460493205837946,1284,False
RFP_3818,0.9904918032786886,924,False
RFP_3819,0.6861751152073733,685,False
RFP_3820,0.0,914,True
RFP_3821,0.24711981566820276,1121,True
RFP_3822,0.9118530295000883,881,False
RFP_3823,0.9917706397663923,1175,False
RFP_3824,0.9902165196471532,969,False
RFP_3825,0.9923786602486964,1199,False
RFP_3826,0.0,726,True
RFP_3827,0.49534818156188326,568,True
RFP_3828,0.9921854983346144,1221,False
RFP_3829,0.15234822451317298,808,True
RFP_3830,0.9903366583541147,1020,False
RFP_3831,0.7043883619996785,953,False
RFP_3832,0.6474734042553192,1153,False
RFP_3833,0.9905460472697637,944,False
RFP_3834,0.8004862482905334,1022,False
RFP_3835,0.5524102564102564,769,False
RFP_3836,0.0,1111,True
RFP_3837,0.7968325791855203,705,False
RFP_3838,0.29863301787592006,887,True
RFP_3839,0.992462311557789,1242,False
RFP_3840,0.9880975235169899,821,False
RFP_3841,0.9899942824471126,1054,False
RFP_3842,0.9278961478763934,1087,False
RFP_3843,0.4939234120614538,706,True
RFP_3844,0.9865133760778244,696,False
RFP_3845,0.99137311286844,1108,False
RFP_3846,0.99264612653734,1267,False
RFP_3847,0.6572458270106222,811,False
RFP_3848,0.0,1095,True
RFP_3849,0.5279774127310062,600,True
RFP_3850,0.9887554793215171,793,False
RFP_3851,0.22031608807240308,1186,True
RFP_3852,0.0862456570611077,732,True
RFP_3853,0.6017676444216729,1246,False
RFP_3854,0.0,1262,True
RFP_3855,0.15484550561797752,892,True
RFP_3856,0.9925098387711058,1240,False
RFP_3857,0.362962962962963,772,True
RFP_3858,0.9928352098259979,1221,False
RFP_3859,0.9923335574983188,1183,False
RFP_3860,0.9874134675896791,755,False
RFP_3861,0.49010957734452826,1114,False
RFP_3862,0.9876621995320145,729,False
RFP_3863,0.0,542,True
RFP_3864,0.9863117870722433,621,False
RFP_3865,0.9911734915352337,1102,False
RFP_3866,0.3670106047578103,1100,False
RFP_3867,0.11395197923426346,1201,True
RFP_3868,0.9916010498687664,1158,False
RFP_3869,0.7765327357131423,960,False
RFP_3870,0.9926869247257597,1248,False
RFP_3871,0.9879791335903833,702,False
RFP_3872,0.0,1033,True
RFP_3873,0.6145953757225433,1084,False
RFP_3874,0.991512012660049,1075,False
RFP_3875,0.8047289033836119,753,False
RFP_3876,0.8108960875052588,772,False
RFP_3877,0.3113033612253581,1112,True
RFP_3878,0.21870433511933757,950,True
RFP_3879,0.21905476369092272,619,True
RFP_3880,0.0,1110,True
RFP_3881,0.257693885925318,785,True
RFP_3882,0.9900377877018207,910,False
RFP_3883,0.8847254748894093,617,False
RFP_3884,0.6515055266166941,1230,False
RFP_3885,0.3511656111036249,1159,False
RFP_3886,0.5688702610020956,806,False
RFP_3887,0.9907671418873049,1152,False
RFP_3888,0.6611119527344341,1024,False
RFP_3889,0.5026515151515152,828,False
RFP_3890,0.0,621,True
RFP_3891,0.19179753011129747,1022,True
RFP_3892,0.0,774,True
RFP_3893,0.0,742,True
RFP_3894,0.9890946858230916,891,False
RFP_3895,0.8253405486098153,856,False
RFP_3896,0.9920388611523411,1183,False
RFP_3897,0.0,1143,True
RFP_3898,0.2752374920835972,1223,True
RFP_3899,0.9908955470948518,940,False
RFP_3900,0.07922168172341904,898,True
RFP_3901,0.9923867529501332,1207,False
RFP_3902,0.47154595252586734,1019,False
RFP_3903,0.056109406952965235,1246,True
RFP_3904,0.6491575817641229,607,False
RFP_3905,0.0,946,True
RFP_3906,0.85913140311804,568,False
RFP_3907,0.9918449197860962,1177,False
RFP_3908,0.9907866761162296,854,False
RFP_3909,0.9890998593530239,880,False
RFP_3910,0.3772583882993978,1107,False
RFP_3911,0.11398369842078451,1238,True
RFP_3912,0.8001126919284406,1107,False
RFP_3913,0.0,1094,True
RFP_3914,0.0,849,True
RFP_3915,0.0,607,True
RFP_3916,0.35431702753274524,1151,False
RFP_3917,0.892174704276615,697,False
RFP_3918,0.7318451539983046,554,False
RFP_3919,0.9902845246356696,904,False
RFP_3920,0.9873727087576375,793,False
RFP_3921,0.0,1092,True
RFP_3922,0.9888751545117429,875,False
RFP_3923,0.9908340971585701,1002,False
RFP_3924,0.5853091585309158,697,False
RFP_3925,0.5294117647058824,877,False
RFP_3926,0.6023076923076923,992,False
RFP_3927,0.9903598971722365,993,False
RFP_3928,0.8594156783338155,551,False
RFP_3929,0.309513621452004,1105,True
RFP_3930,0.3113344988344988,1082,True
RFP_3931,0.9859096560298384,767,False
RFP_3932,0.8530705326600424,975,False
RFP_3933,0.3302880345133866,1268,False
RFP_3934,0.4942657342657343,561,True
RFP_3935,0.9897089564238624,948,False
RFP_3936,0.9901687694576438,941,False
RFP_3937,0.07366720516962844,948,True
RFP_3938,0.3746112524738479,1109,False
RFP_3939,0.9921767773812792,1149,False
RFP_3940,0.10836219693221177,630,True
RFP_3941,0.0,954,True
RFP_3942,0.0,776,True
RFP_3943,0.8730407523510971,597,False
RFP_3944,0.558078745303055,930,False
RFP_3945,0.0,1166,True
RFP_3946,0.9860212270256278,602,False
RFP_3947,0.17798397300716998,764,True
RFP_3948,0.982879595846197,564,False
RFP_3949,0.9057860677578987,798,False
RFP_3950,0.986878453038674,698,False
RFP_3951,0.9918378451911305,1152,False
RFP_3952,0.0,709,True
RFP_3953,0.4586066300301365,918,False
RFP_3954,0.9891219891219891,808,False
RFP_3955,0.7274577651129656,756,False
RFP_3956,0.9925671025464556,1163,False
RFP_3957,0.06859806859806859,947,True
RFP_3958,0.9847367082167388,597,False
RFP_3959,0.0,826,True
RFP_3960,0.9922687283391096,1167,False
RFP_3961,0.9904821344983616,1015,False
RFP_3962,0.0,931,True
RFP_3963,0.0,695,True
RFP_3964,0.9829059829059829,561,False
RFP_3965,0.0,686,True
RFP_3966,0.8736685657666584,626,False
RFP_3967,0.0,852,True
RFP_3968,0.9851010101010101,603,False
RFP_3969,0.4125914516750096,818,True
RFP_3970,0.11326530612244898,1247,True
RFP_3971,0.0,1046,True
RFP_3972,0.9919593736775285,1084,False
RFP_3973,0.6195862068965517,584,True
RFP_3974,0.0,723,True
RFP_3975,0.9913109756097561,1031,False
RFP_3976,0.0,1249,True
RFP_3977,0.9922962562508447,1151,False
RFP_3978,0.4683638529105255,1051,False
RFP_3979,0.0,828,True
RFP_3980,0.0,968,True
RFP_3981,0.6874445430346051,732,False
RFP_3982,0.3565732978940912,766,True
RFP_3983,0.9845360824742269,703,False
RFP_3984,0.6762985286296755,895,False
RFP_3985,0.9861646631889317,700,False
RFP_3986,0.9919354838709677,1252,False
RFP_3987,0.2113140537798072,619,True
RFP_3988,0.5716160479940008,834,False
RFP_3989,0.0,1097,True
RFP_3990,0.9916578188988321,1078,False
RFP_3991,0.0,869,True
RFP_3992,0.9885433715220949,737,False
RFP_3993,0.5819416157501697,1167,False
RFP_3994,0.0,1146,True
RFP_3995,0.6344986049565075,967,False
RFP_3996,0.0,822,True
RFP_3997,0.11786817022419116,1190,True
RFP_3998,0.9870188003581021,691,False
RFP_3999,0.9918941979522184,1112,False
RFP_4000,0.0,1140,True
RFP_4001,0.39642529789184233,692,True
RFP_4002,0.6600211448421689,1026,False
RFP_4003,0.9870887130362349,803,False
RFP_4004,0.3721953990343652,1090,False
RFP_4005,0.9877485795454546,886,False
RFP_4006,0.0,966,True
RFP_4007,0.9921128469588958,1020,False
RFP_4008,0.15786474164133737,837,True
RFP_4009,0.0,1237,True
RFP_4010,0.9859719438877755,620,False
RFP_4011,0.9852204408817635,638,False
RFP_4012,0.9920624421219738,1215,False
RFP_4013,0.8207635632953785,1165,False
RFP_4014,0.7058507061197041,1155,False
RFP_4015,0.9885866463762603,825,False
RFP_4016,0.1089544513457557,617,True
RFP_4017,0.29879011046817466,912,True
RFP_4018,0.6592095451155854,627,False
RFP_4019,0.9817559863169898,555,False
RFP_4020,0.6175021732831063,550,True
RFP_4021,0.5296075683251577,922,False
RFP_4022,0.1028110359187923,613,True
RFP_4023,0.992861695347355,1203,False
RFP_4024,0.5227410551849606,1027,False
RFP_4025,0.0,962,True
RFP_4026,0.3312965438227993,832,True
RFP_4027,0.0,544,True
RFP_4028,0.6186440677966102,1113,False
RFP_4029,0.49371494875265903,831,False
RFP_4030,0.6299971647292316,530,True
RFP_4031,0.9900196335078534,992,False
RFP_4032,0.9866004962779157,631,False
RFP_4033,0.0,1207,True
RFP_4034,0.9881484359821255,840,False
RFP_4035,0.6679345758843667,1242,False
RFP_4036,0.9912563276576162,1041,False
RFP_4037,0.9905263157894737,902,False
RFP_4038,0.9855108668498626,633,False
RFP_4039,0.0,676,True
RFP_4040,0.0,908,True
RFP_4041,0.9859875444839857,723,False
RFP_4042,0.9913995308835027,994,False
RFP_4043,0.0,770,True
RFP_4044,0.8838163631700436,1228,False
RFP_4045,0.0,1165,True
RFP_4046,0.2274690469334869,558,True
RFP_4047,0.9915696507426737,1168,False
RFP_4048,0.0,1049,True
RFP_4049,0.9916430383524847,1063,False
RFP_4050,0.9885410272150603,740,False
RFP_4051,0.0,1026,True
RFP_4052,0.9919480152563921,1135,False
RFP_4053,0.9312537855844942,1048,False
RFP_4054,0.7413105413105413,819,False
RFP_4055,0.7447937131630649,813,False
RFP_4056,0.9883349012229539,818,False
RFP_4057,0.06505576208178439,1092,True
RFP_4058,0.31820760068065795,828,True
RFP_4059,0.0,945,True
RFP_4060,0.12418670438472419,1085,True
RFP_4061,0.0,1258,True
RFP_4062,0.16536282708389533,1142,True
RFP_4063,0.0,875,True
RFP_4064,0.864304502552994,1022,False
RFP_4065,0.9324252136752137,1202,False
RFP_4066,0.9830215827338129,530,False
RFP_4067,0.0,533,True
RFP_4068,0.1397179403082978,955,True
RFP_4069,0.06969280146721687,1048,True
RFP_4070,0.8033877797943134,1029,False
RFP_4071,0.0,1132,True
RFP_4072,0.9884105960264901,782,False
RFP_4073,0.08343895226024503,752,True
RFP_4074,0.40978552278820374,1169,False
RFP_4075,0.9904027420736933,898,False
RFP_4076,0.9871175523349437,710,False
RFP_4077,0.229020979020979,919,True
RFP_4078,0.25147845677274006,563,True
RFP_4079,0.6194262993467765,525,True
RFP_4080,0.9887081339712919,832,False
RFP_4081,0.991402779767875,1088,False
RFP_4082,0.7714789619551524,632,False
RFP_4083,0.5248284214775939,1171,False
RFP_4084,0.9851998026640355,628,False
RFP_4085,0.9896071868944866,858,False
RFP_4086,0.0,782,True
RFP_4087,0.49362962962962964,532,True
RFP_4088,0.36405079778573757,968,True
RFP_4089,0.9869595058339052,686,False
RFP_4090,0.7300185873605948,1037,False
RFP_4091,0.7347639484978541,566,False
RFP_4092,0.0,565,True
RFP_4093,0.12432585864320182,563,True
RFP_4094,0.0,758,True
RFP_4095,0.9850956130483689,559,False
RFP_4096,0.9852293340243586,611,False
RFP_4097,0.9924619733476915,1196,False
RFP_4098,0.3875957120980092,1030,False
RFP_4099,0.7193667763157895,735,False
RFP_4100,0.0,1171,True
RFP_4101,0.9892884468247896,835,False
RFP_4102,0.5689819219790676,823,False
RFP_4103,0.9912781954887218,1037,False
RFP_4104,0.7426184646406453,1116,False
RFP_4105,0.9866425175458456,703,False
RFP_4106,0.0,833,True
RFP_4107,0.0,834,True
RFP_4108,0.667343313879726,624,False
RFP_4109,0.6576737083227284,620,False
RFP_4110,0.10369515011547344,665,True
RFP_4111,0.9916205297022296,1008,False
RFP_4112,0.9925688474428093,1084,False
RFP_4113,0.9918122270742358,1193,False
RFP_4114,0.2991891444646699,932,True
RFP_4115,0.18772459393416702,1076,True
RFP_4116,0.4169956758789246,860,True
RFP_4117,0.983829049956685,565,False
RFP_4118,0.2753441802252816,1247,True
RFP_4119,0.0,939,True
RFP_4120,0.9881859756097561,837,False
RFP_4121,0.9906415094339622,1028,False
RFP_4122,0.32787193973634654,826,True
RFP_4123,0.0,1019,True
RFP_4124,0.0,842,True
RFP_4125,0.47193569993302076,1177,False
RFP_4126,0.9929903617474026,1248,False
RFP_4127,0.704140127388535,988,False
RFP_4128,0.44796828543111994,629,True
RFP_4129,0.5497369080430969,610,True
RFP_4130,0.9917390086810417,1105,False
RFP_4131,0.5467393999504091,633,True
RFP_4132,0.7929269427640763,1024,False
RFP_4133,0.0,1012,True
RFP_4134,0.33223767383059416,618,True
RFP_4135,0.4878998609179416,564,True
RFP_4136,0.9912383177570093,1086,False
RFP_4137,0.7298469387755102,1232,False
RFP_4138,0.22107411659650467,1230,True
RFP_4139,0.9914044289044289,1072,False
RFP_4140,0.9898135359116023,881,False
RFP_4141,0.482150926344329,685,True
RFP_4142,0.9892410015649452,821,False
RFP_4143,0.0,540,True
RFP_4144,0.0,729,True
RFP_4145,0.1259684361549498,557,True
RFP_4146,0.0,1101,True
RFP_4147,0.07474181690880448,869,True
RFP_4148,0.9913636363636363,1029,False
RFP_4149,0.7177625960717335,762,False
RFP_4150,0.717579721995094,962,False
RFP_4151,0.0,688,True
RFP_4152,0.0,1220,True
RFP_4153,0.0,854,True
RFP_4154,0.2725656976006094,1227,True
RFP_4155,0.0,688,True
RFP_4156,0.0,708,True
RFP_4157,0.41658875383998933,1181,False
RFP_4158,0.9859282796187018,706,False
RFP_4159,0.0,1238,True
RFP_4160,0.0,896,True
RFP_4161,0.4968791796700847,697,True
RFP_4162,0.6570862239841427,630,False
RFP_4163,0.9862581662536607,701,False
RFP_4164,0.6784217877094972,899,False
RFP_4165,0.9833476887740453,537,False
RFP_4166,0.7458206686930091,836,False
RFP_4167,0.7016641861723718,1160,False
RFP_4168,0.2483453237410072,556,True
RFP_4169,0.9847985812009121,627,False
RFP_4170,0.9275690357627886,1025,False
RFP_4171,0.13401393615297358,951,True
RFP_4172,0.890608875128999,1220,False
RFP_4173,0.22684597817812738,597,True
RFP_4174,0.6249475890985325,754,False
RFP_4175,0.0,596,True
RFP_4176,0.5384615384615384,759,False
RFP_4177,0.5942094548744628,678,False
RFP_4178,0.9902200488997555,970,False
RFP_4179,0.7709772951628825,975,False
RFP_4180,0.8758508031581813,1141,False
RFP_4181,0.24185009752020062,556,True
RFP_4182,0.33032219211081,1041,True
RFP_4183,0.0,540,True
RFP_4184,0.0,615,True
RFP_4185,0.9867027270678387,683,False
RFP_4186,0.8840050377833754,1220,False
RFP_4187,0.9849359779061009,648,False
RFP_4188,0.9909854851031321,1014,False
RFP_4189,0.9820971867007673,576,False
RFP_4190,0.6829971181556196,1113,False
RFP_4191,0.8265126788852624,1217,False
RFP_4192,0.0,1194,True
RFP_4193,0.26272755322431346,1010,True
RFP_4194,0.8559977097051246,560,False
RFP_4195,0.0,953,True
RFP_4196,0.9160441701851251,960,False
RFP_4197,0.5742871435717859,954,False
RFP_4198,0.6572635389953235,1069,False
RFP_4199,0.0,815,True
RFP_4200,0.3994055784179241,691,True
RFP_4201,0.8059089043906442,768,False
RFP_4202,0.0,727,True
RFP_4203,0.9878048780487805,747,False
RFP_4204,0.6922411306605134,1100,False
RFP_4205,0.4018189334435717,1144,False
RFP_4206,0.9927793260704333,1260,False
RFP_4207,0.0,684,True
RFP_4208,0.0,712,True
RFP_4209,0.0735124443711884,931,True
RFP_4210,0.0,1204,True
RFP_4211,0.0,540,True
RFP_4212,0.1577871470550658,1233,True
RFP_4213,0.9919004917558577,1101,False
RFP_4214,0.8129979035639413,746,False
RFP_4215,0.19658119658119658,1066,True
RFP_4216,0.9906141939733245,923,False
RFP_4217,0.22289308176100628,606,True
RFP_4218,0.14640653660163416,938,True
RFP_4219,0.29456159822419536,704,True
RFP_4220,0.9891361485894515,905,False
RFP_4221,0.9261274158911954,1095,False
RFP_4222,0.590613069840557,691,False
RFP_4223,0.9899470899470899,899,False
RFP_4224,0.9917811910536244,1154,False
RFP_4225,0.987012987012987,768,False
RFP_4226,0.05817068503635668,1252,True
RFP_4227,0.9828669331810395,552,False
RFP_4228,0.32770568224770064,1269,False
RFP_4229,0.9887547544236812,945,False
RFP_4230,0.44798994974874373,624,True
RFP_4231,0.6491844416562108,617,False
RFP_4232,0.9896672504378283,900,False
RFP_4233,0.9927163129473816,1247,False
RFP_4234,0.9914913366336634,1031,False
RFP_4235,0.08494845360824742,738,True
RFP_4236,0.0,599,True
RFP_4237,0.42725210628645494,1036,False
RFP_4238,0.4890470974808324,552,True
RFP_4239,0.6469178538144056,1143,False
RFP_4240,0.0,765,True
RFP_4241,0.22902374670184697,891,True
RFP_4242,0.3274942878903275,841,True
RFP_4243,0.6959740860712633,676,False
RFP_4244,0.9828424363740349,557,False
RFP_4245,0.2245470783363103,599,True
RFP_4246,0.0,1037,True
RFP_4247,0.38806231402065466,909,True
RFP_4248,0.0,1055,True
RFP_4249,0.9919354838709677,1083,False
RFP_4250,0.38313099041533544,1218,False
RFP_4251,0.4260220635950681,988,False
RFP_4252,0.0,883,True
RFP_4253,0.5061185468451243,809,False
RFP_4254,0.43005550021346234,1085,False
RFP_4255,0.9918677148278666,1198,False
RFP_4256,0.9912180842413401,978,False
RFP_4257,0.988674570872412,911,False
RFP_4258,0.9896594758423961,893,False
RFP_4259,0.8631819480148529,1080,False
RFP_4260,0.15792272243885147,885,True
RFP_4261,0.988950276243094,824,False
RFP_4262,0.9905545399146861,1022,False
RFP_4263,0.9125973779213377,849,False
RFP_4264,0.9912899834810032,1025,False
RFP_4265,0.0,1133,True
RFP_4266,0.9863495346432265,754,False
RFP_4267,0.4323838850397742,626,True
RFP_4268,0.17804391217564872,1153,True
RFP_4269,0.9910334346504559,1016,False
RFP_4270,0.12960743182499251,1047,True
RFP_4271,0.9903531720078482,966,False
RFP_4272,0.0,1247,True
RFP_4273,0.17452640064490124,1179,True
RFP_4274,0.0,565,True
RFP_4275,0.9838570193139233,587,False
RFP_4276,0.8203907815631263,1236,False
RFP_4277,0.12747657809860236,1031,True
RFP_4278,0.9869445141852875,631,False
RFP_4279,0.0,996,True
RFP_4280,0.0,992,True
RFP_4281,0.9903709997167941,1103,False
RFP_4282,0.6087658306431587,1249,False
RFP_4283,0.2195339360753852,1230,True
RFP_4284,0.988356807511737,835,False
RFP_4285,0.06148590947907771,1098,True
RFP_4286,0.0,732,True
RFP_4287,0.8240715641095148,1152,False
RFP_4288,0.0,1103,True
RFP_4289,0.9908714876622451,1088,False
RFP_4290,0.0,1275,True
RFP_4291,0.3907815631262525,1034,False
RFP_4292,0.24831649831649832,548,True
RFP_4293,0.9924761520892114,1200,False
RFP_4294,0.35752461322081575,554,True
RFP_4295,0.8983539094650206,763,False
RFP_4296,0.9908286403861625,990,False
RFP_4297,0.7781575520833334,997,False
RFP_4298,0.9829254410927718,534,False
RFP_4299,0.9910755500846284,1006,False
RFP_4300,0.0,839,True
RFP_4301,0.2860833064255731,957,True
RFP_4302,0.9098955567357054,875,False
RFP_4303,0.13297150610583447,1019,True
RFP_4304,0.0,537,True
RFP_4305,0.13440613026819923,1031,True
RFP_4306,0.21890547263681592,1234,True
RFP_4307,0.9857723577235772,619,False
RFP_4308,0.928780896522832,1103,False
RFP_4309,0.9909686817188638,1098,False
RFP_4310,0.2208729898260584,983,True
RFP_4311,0.27283090563647877,1232,True
RFP_4312,0.24787775891341257,1123,True
RFP_4313,0.40173806982771765,1008,False
RFP_4314,0.9883283132530121,872,False
RFP_4315,0.0,773,True
RFP_4316,0.7000335345405768,978,False
RFP_4317,0.9922608475006344,1227,False
RFP_4318,0.9904274632777686,957,False
RFP_4319,0.0,633,True
RFP_4320,0.9862012987012987,757,False
RFP_4321,0.9890854347007904,847,False
RFP_4322,0.17435367114788003,756,True
RFP_4323,0.9923428264373992,1208,False
RFP_4324,0.9878279118572928,752,False
RFP_4325,0.9845809500124347,643,False
RFP_4326,0.7846648301193756,688,False
RFP_4327,0.9875259875259875,743,False
RFP_4328,0.06983971213608113,976,True
RFP_4329,0.0,557,True
RFP_4330,0.5886763580719204,1007,False
RFP_4331,0.5814266487213997,823,False
RFP_4332,0.9210019267822736,988,False
RFP_4333,0.07805133577789418,869,True
RFP_4334,0.0,958,True
RFP_4335,0.0,655,True
RFP_4336,0.0,891,True
RFP_4337,0.9869457107335268,751,False
RFP_4338,0.9828930817610063,630,False
RFP_4339,0.9900714161295942,899,False
RFP_4340,0.3701622971285893,765,True
RFP_4341,0.8721631715024418,558,False
RFP_4342,0.0,822,True
RFP_4343,0.0,706,True
RFP_4344,0.9893926788685524,751,False
RFP_4345,0.0,720,True
RFP_4346,0.0,624,True
RFP_4347,0.42715736040609137,608,True
RFP_4348,0.08592954591732845,764,True
RFP_4349,0.6356889319135205,972,False
RFP_4350,0.0,1197,True
RFP_4351,0.7647367500437292,908,False
RFP_4352,0.4390182186234818,632,True
RFP_4353,0.3838438115708401,886,True
RFP_4354,0.0,709,True
RFP_4355,0.0,990,True
RFP_4356,0.3248369887374037,1036,True
RFP_4357,0.9838802533103052,563,False
RFP_4358,0.9915953307392996,1039,False
RFP_4359,0.5490464913374049,1257,False
RFP_4360,0.5047511312217194,669,True
RFP_4361,0.28506991429860173,689,True
RFP_4362,0.9845938375350141,547,False
RFP_4363,0.24528832630098452,579,True
RFP_4364,0.9826111744583809,546,False
RFP_4365,0.5165665568688239,824,False
RFP_4366,0.4927032661570535,691,True
RFP_4367,0.7436479772888573,1143,False
RFP_4368,0.9821736630247269,532,False
RFP_4369,0.0,630,True
RFP_4370,0.9238239757207891,1028,False
RFP_4371,0.990011462256427,939,False
RFP_4372,0.9788477595324242,564,False
RFP_4373,0.8806451612903226,622,False
RFP_4374,0.9927825750741075,1202,False
RFP_4375,0.0,1004,True
RFP_4376,0.878291996931731,1240,False
RFP_4377,0.4206966520121745,933,False
RFP_4378,0.9857868020304569,610,False
RFP_4379,0.4417293233082707,729,True
RFP_4380,0.32657100445324094,616,True
RFP_4381,0.9914130762277794,1068,False
RFP_4382,0.6615149196633512,1021,False
RFP_4383,0.9916768999863556,1158,False
RFP_4384,0.23889046136427966,568,True
RFP_4385,0.0,687,True
RFP_4386,0.9916169595357085,950,False
RFP_4387,0.0,1238,True
RFP_4388,0.9914281340884739,1026,False
RFP_4389,0.9887577290612704,844,False
RFP_4390,0.0,774,True
RFP_4391,0.9894994749737487,915,False
RFP_4392,0.05723569107723069,1277,True
RFP_4393,0.5337570864112695,903,False
RFP_4394,0.9882449989688595,791,False
RFP_4395,0.6860301860301861,920,False
RFP_4396,0.6976010966415352,1142,False
RFP_4397,0.28109571587832455,974,True
RFP_4398,0.9894892428970274,972,False
RFP_4399,0.0,688,True
RFP_4400,0.6585178055822907,820,False
RFP_4401,0.2810546344115249,1146,True
RFP_4402,0.881975059831213,1239,False
RFP_4403,0.9921628112754393,1231,False
RFP_4404,0.29677565849227977,684,True
RFP_4405,0.9893497757847534,814,False
RFP_4406,0.5594618606422135,1234,False
RFP_4407,0.18284656519950637,760,True
RFP_4408,0.3737039170506912,1090,False
RFP_4409,0.8453319320371343,900,False
RFP_4410,0.9866041527126591,695,False
RFP_4411,0.9922501336183859,1181,False
RFP_4412,0.9903846153846154,941,False
RFP_4413,0.05907058664137651,1159,True
RFP_4414,0.8830462375339981,688,False
RFP_4415,0.0,627,True
RFP_4416,0.7574404761904762,1170,False
RFP_4417,0.9918465951985505,1017,False
RFP_4418,0.8576326774001193,1018,False
RFP_4419,0.9869096055191934,893,False
RFP_4420,0.8206905927134313,1174,False
RFP_4421,0.06537530266343826,1033,True
RFP_4422,0.8863889507685453,692,False
RFP_4423,0.12340871648944136,1026,True
RFP_4424,0.9886188271604939,831,False
RFP_4425,0.8125255832992223,1149,False
RFP_4426,0.7217470983506414,1053,False
RFP_4427,0.9917291289738951,1201,False
RFP_4428,0.507760850819201,1142,False
RFP_4429,0.0,1148,True
RFP_4430,0.0,905,True
RFP_4431,0.0,932,True
RFP_4432,0.984585201793722,557,False
RFP_4433,0.9892141756548536,820,False
RFP_4434,0.13504144687264508,1011,True
RFP_4435,0.0,1107,True
RFP_4436,0.0,1148,True
RFP_4437,0.8689320388349514,563,False
RFP_4438,0.687402103378832,700,False
RFP_4439,0.31485375645192126,820,True
RFP_4440,0.1834635952283011,749,True
RFP_4441,0.0,945,True
RFP_4442,0.0,700,True
RFP_4443,0.7954859511745739,1025,False
RFP_4444,0.9831693423096841,615,False
RFP_4445,0.0,533,True
RFP_4446,0.146780809702158,865,True
RFP_4447,0.0,755,True
RFP_4448,0.589499886852229,693,False
RFP_4449,0.9923508414074452,1228,False
RFP_4450,0.8891372373714796,701,False
RFP_4451,0.0,765,True
RFP_4452,0.9909560723514211,976,False
RFP_4453,0.3198137007568407,833,True
RFP_4454,0.3358878504672897,853,True
RFP_4455,0.9908597543558983,1098,False
RFP_4456,0.9843066632364291,613,False
RFP_4457,0.9832449036581961,581,False
RFP_4458,0.4313824419778002,629,True
RFP_4459,0.2293148308759757,899,True
RFP_4460,0.6430288461538461,1159,False
RFP_4461,0.24612291786329696,575,True
RFP_4462,0.0,898,True
RFP_4463,0.9876720772549825,772,False
RFP_4464,0.9843400447427293,606,False
RFP_4465,0.5114942528735632,569,True
RFP_4466,0.9864345466877685,678,False
RFP_4467,0.9925212320953226,1213,False
RFP_4468,0.0,1168,True
RFP_4469,0.0,809,True
RFP_4470,0.11450806003335186,559,True
RFP_4471,0.0782211284935841,894,True
RFP_4472,0.8055038278501966,749,False
RFP_4473,0.9877650897226754,766,False
RFP_4474,0.49955516014234874,723,True
RFP_4475,0.9886877828054299,750,False
RFP_4476,0.8227729403884796,1161,False
RFP_4477,0.9879217791411042,815,False
RFP_4478,0.9870362092087618,693,False
RFP_4479,0.0,626,True
RFP_4480,0.8154628687690743,793,False
RFP_4481,0.9855181493323303,834,False
RFP_4482,0.38074785245073267,1230,False
RFP_4483,0.251847640704946,830,True
RFP_4484,0.06699186991869918,976,True
RFP_4485,0.5325308547920159,1055,False
RFP_4486,0.0,1227,True
RFP_4487,0.32425223852162316,851,True
RFP_4488,0.9866991797827532,734,False
RFP_4489,0.264743049705139,769,True
RFP_4490,0.7044383027150057,1001,False
RFP_4491,0.9846332270223254,561,False
RFP_4492,0.992350020131526,1152,False
RFP_4493,0.8876074174581637,704,False
RFP_4494,0.9904559915164369,1023,False
RFP_4495,0.39151785714285714,715,True
RFP_4496,0.991800920598389,1085,False
RFP_4497,0.21134357633213469,980,True
RFP_4498,0.3495717344753747,1192,False
RFP_4499,0.0,955,True
RFP_4500,0.9918325676365493,1252,False
RFP_4501,0.9918926103136629,1197,False
RFP_4502,0.12130681818181818,554,True
RFP_4503,0.1262582686223756,561,True
RFP_4504,0.838599487617421,932,False
RFP_4505,0.9840737636211232,588,False
RFP_4506,0.5390585878818227,634,True
RFP_4507,0.4712939160239931,553,True
RFP_4508,0.3317586101798232,1021,True
RFP_4509,0.0,837,True
RFP_4510,0.9915290739411342,1087,False
RFP_4511,0.7438324727481354,1109,False
RFP_4512,0.0,961,True
RFP_4513,0.0,755,True
RFP_4514,0.607570076772005,913,False
RFP_4515,0.8803863298662704,639,False
RFP_4516,0.9901655466316998,949,False
RFP_4517,0.9893979553199546,807,False
RFP_4518,0.7744256500883615,1269,False
RFP_4519,0.11257920992314951,1153,True
RFP_4520,0.523041825095057,1042,False
RFP_4521,0.9915149856302176,1171,False
RFP_4522,0.9881548974943052,711,False
RFP_4523,0.9882328654004955,758,False
RFP_4524,0.3008298755186722,694,True
RFP_4525,0.9827437446074202,566,False
RFP_4526,0.0,708,True
RFP_4527,0.0,976,True
RFP_4528,0.9911793996301038,1128,False
RFP_4529,0.9899811238565414,1086,False
RFP_4530,0.9869143098353735,746,False
RFP_4531,0.9894673487812218,1082,False
RFP_4532,0.9841628959276018,561,False
RFP_4533,0.8810194500335345,1162,False
RFP_4534,0.0,733,True
RFP_4535,0.44631043256997455,603,True
RFP_4536,0.989153627311522,855,False
RFP_4537,0.8769762845849802,604,False
RFP_4538,0.7790550783223851,1202,False
RFP_4539,0.7528431631843427,1174,False
RFP_4540,0.9846594395581919,774,False
RFP_4541,0.0,1058,True
RFP_4542,0.7709287115761936,974,False
RFP_4543,0.22030075187969925,634,True
RFP_4544,0.9875789045001018,761,False
RFP_4545,0.9926923076923077,1195,False
RFP_4546,0.4926409330741461,586,True
RFP_4547,0.8417886178861789,993,False
RFP_4548,0.9925611052072264,1205,False
RFP_4549,0.0,608,True
RFP_4550,0.0,1035,True
RFP_4551,0.9925720760417978,1223,False
RFP_4552,0.3907393388846833,1235,False
RFP_4553,0.9921259842519685,1216,False
RFP_4554,0.9926461423407703,1263,False
RFP_4555,0.7857948139797069,708,False
RFP_4556,0.5012928248222366,973,False
RFP_4557,0.9229811731756652,1026,False
RFP_4558,0.9836929252383342,616,False
RFP_4559,0.0,682,True
RFP_4560,0.9828987945051865,559,False
RFP_4561,0.2887635924285139,1164,True
RFP_4562,0.0,980,True
RFP_4563,0.9887780548628429,909,False
RFP_4564,0.0,1019,True
RFP_4565,0.9829201101928374,560,False
RFP_4566,0.9861317483902923,631,False
RFP_4567,0.7536693191865605,904,False
RFP_4568,0.23680456490727533,561,True
RFP_4569,0.29006490264603096,991,True
RFP_4570,0.3337134169517294,1202,False
RFP_4571,0.0,832,True
RFP_4572,0.7395950506186727,557,False
RFP_4573,0.0,546,True
RFP_4574,0.20916858363457114,961,True
RFP_4575,0.0,963,True
RFP_4576,0.7766165904637492,956,False
RFP_4577,0.9911015648972077,1018,False
RFP_4578,0.9909661613841678,1024,False
RFP_4579,0.6982423185294512,1159,False
RFP_4580,0.0,1213,True
RFP_4581,0.4875444839857651,563,True
RFP_4582,0.7504346146416844,801,False
RFP_4583,0.0,902,True
RFP_4584,0.9158022130013831,887,False
RFP_4585,0.9913693901035673,1114,False
RFP_4586,0.9836757669575007,566,False
RFP_4587,0.9901110340041638,868,False
RFP_4588,0.3239751552795031,624,True
RFP_4589,0.2524682651622003,582,True
RFP_4590,0.09346186085498742,758,True
RFP_4591,0.4382278481012658,639,True
RFP_4592,0.7620361083249749,641,False
RFP_4593,0.38559535822401614,1243,False
RFP_4594,0.35830931796349663,959,True
RFP_4595,0.9920042643923241,1197,False
RFP_4596,0.3703576341127923,920,True
RFP_4597,0.6980663473478801,903,False
RFP_4598,0.0,870,True
RFP_4599,0.9894645941278065,899,False
RFP_4600,0.9920928453003444,1249,False
RFP_4601,0.9863107460643394,713,False
RFP_4602,0.0,639,True
RFP_4603,0.3318363273453094,648,True
RFP_4604,0.0,761,True
RFP_4605,0.2979344409519533,688,True
RFP_4606,0.9333603129637124,1148,False
RFP_4607,0.985963323522753,687,False
RFP_4608,0.12745098039215685,1086,True
RFP_4609,0.7007192328183272,1151,False
RFP_4610,0.9915032679738562,953,False
RFP_4611,0.12227805695142378,562,True
RFP_4612,0.0,701,True
RFP_4613,0.38567708333333334,1209,False
RFP_4614,0.0,757,True
RFP_4615,0.8822036049758822,1266,False
RFP_4616,0.9893434823977164,827,False
RFP_4617,0.0,1178,True
RFP_4618,0.9894207422823448,882,False
RFP_4619,0.21979305740987984,938,True
RFP_4620,0.9908153399935546,1002,False
RFP_4621,0.08813209494324045,762,True
RFP_4622,0.4956402019274897,708,True
RFP_4623,0.6297899631232965,976,False
RFP_4624,0.0,1223,True
RFP_4625,0.9912963811268896,1033,False
RFP_4626,0.45908154253753314,1031,False
RFP_4627,0.9917201998572448,1061,False
RFP_4628,0.2940983067565346,945,True
RFP_4629,0.98836987607245,831,False
RFP_4630,0.9840693124650642,583,False
RFP_4631,0.0,606,True
RFP_4632,0.0,565,True
RFP_4633,0.0,558,True
RFP_4634,0.9923857868020305,1139,False
RFP_4635,0.0,760,True
RFP_4636,0.9931166347992352,1240,False
RFP_4637,0.15522388059701492,886,True
RFP_4638,0.13287134679120216,1052,True
RFP_4639,0.5394138453764528,632,True
RFP_4640,0.9832542562098799,545,False
RFP_4641,0.3735110606920023,575,True
RFP_4642,0.36259621385479507,759,True
RFP_4643,0.8675191815856778,637,False
RFP_4644,0.0,1136,True
RFP_4645,0.8788640361899975,609,False
RFP_4646,0.9917042642992286,1067,False
RFP_4647,0.9897598870056498,874,False
RFP_4648,0.9917985611510791,1109,False
RFP_4649,0.7336370539104025,1034,False
RFP_4650,0.9870996441281139,684,False
RFP_4651,0.1886046511627907,682,True
RFP_4652,0.9831211953514112,575,False
RFP_4653,0.22120386425563537,614,True
RFP_4654,0.0,1274,True
RFP_4655,0.9894911504424779,847,False
RFP_4656,0.05482794042116076,1251,True
RFP_4657,0.9911424711004354,1046,False
RFP_4658,0.9861655522250403,695,False
RFP_4659,0.9923726505039498,1128,False
RFP_4660,0.28331767547980136,1149,True
RFP_4661,0.41955232446910273,814,True
RFP_4662,0.6139372822299651,871,False
RFP_4663,0.9888011749586929,840,False
RFP_4664,0.9850670716274361,632,False
RFP_4665,0.9847019122609674,707,False
RFP_4666,0.0,959,True
RFP_4667,0.6761687571265679,703,False
RFP_4668,0.5360523145758045,910,False
RFP_4669,0.38265019651880966,555,True
RFP_4670,0.7666495901639344,619,False
RFP_4671,0.07286595261278805,963,True
RFP_4672,0.9921523034442669,1072,False
RFP_4673,0.9125946317962835,868,False
RFP_4674,0.0,867,True
RFP_4675,0.9811797752808988,540,False
RFP_4676,0.7149738219895287,753,False
RFP_4677,0.9857384124601238,828,False
RFP_4678,0.9907785336356765,1007,False
RFP_4679,0.0,1122,True
RFP_4680,0.6187877046825625,538,True
RFP_4681,0.9348902144942252,1233,False
RFP_4682,0.0,804,True
RFP_4683,0.0,1242,True
RFP_4684,0.9868287740628167,604,False
RFP_4685,0.9889513108614232,817,False
RFP_4686,0.14807520143240824,881,True
RFP_4687,0.6801613600345772,1087,False
RFP_4688,0.3740606735318675,550,True
RFP_4689,0.6791802996383675,913,False
RFP_4690,0.9872794419368075,782,False
RFP_4691,0.0,1026,True
RFP_4692,0.10277214334009466,691,True
RFP_4693,0.8635880297736594,1044,False
RFP_4694,0.7179698782752217,760,False
RFP_4695,0.31380459568496755,891,True
RFP_4696,0.991543690930194,981,False
RFP_4697,0.4063071297989031,696,True
RFP_4698,0.0,816,True
RFP_4699,0.978494623655914,569,False
RFP_4700,0.9892359272983942,910,False
RFP_4701,0.0,1223,True
RFP_4702,0.5403326403326403,728,False
RFP_4703,0.9915433403805497,1048,False
RFP_4704,0.9900163666121113,951,False
RFP_4705,0.2528280542986425,815,True
RFP_4706,0.28807422493776874,704,True
RFP_4707,0.8700402530189765,551,False
RFP_4708,0.9879123130506043,762,False
RFP_4709,0.986232790988736,636,False
RFP_4710,0.9902204284383732,1006,False
RFP_4711,0.5362673186634067,782,False
RFP_4712,0.9920287991771664,1225,False
RFP_4713,0.9855947955390335,680,False
RFP_4714,0.0,1247,True
RFP_4715,0.9821124361158433,535,False
RFP_4716,0.19456670207922294,1045,True
RFP_4717,0.0,543,True
RFP_4718,0.9913884272548723,1025,False
RFP_4719,0.0,1056,True
RFP_4720,0.7448004496908376,1087,False
RFP_4721,0.07845206684256815,897,True
RFP_4722,0.17515442690459848,1133,True
RFP_4723,0.9056498228603393,842,False
RFP_4724,0.9852462157501437,806,False
RFP_4725,0.9911773653787649,1011,False
RFP_4726,0.8838904247298316,610,False
RFP_4727,0.0,845,True
RFP_4728,0.816833018613434,1171,False
RFP_4729,0.0,636,True
RFP_4730,0.16355489171023152,840,True
RFP_4731,0.9874468085106383,738,False
RFP_4732,0.6421958746142602,977,False
RFP_4733,0.9825214899713467,538,False
RFP_4734,0.7690358545546687,1241,False
RFP_4735,0.0,762,True
RFP_4736,0.0,625,True
RFP_4737,0.37565986588671707,1126,False
RFP_4738,0.6555192356047271,628,False
RFP_4739,0.5039370078740157,687,True
RFP_4740,0.0,772,True
RFP_4741,0.0,541,True
RFP_4742,0.0,556,True
RFP_4743,0.1204906204906205,1091,True
RFP_4744,0.9130857791470731,952,False
RFP_4745,0.6632710809281268,846,False
RFP_4746,0.6918141592920354,701,False
RFP_4747,0.7677205507394187,620,False
RFP_4748,0.4697063369397218,1021,False
RFP_4749,0.0,684,True
RFP_4750,0.3814102564102564,545,True
RFP_4751,0.9893562231759656,899,False
RFP_4752,0.9904227212681638,916,False
RFP_4753,0.9833518312985572,558,False
RFP_4754,0.0,685,True
RFP_4755,0.0,685,True
RFP_4756,0.985297845373891,620,False
RFP_4757,0.0,932,True
RFP_4758,0.630516296509951,547,True
RFP_4759,0.2214892807306863,1242,True
RFP_4760,0.7216733559740661,1018,False
RFP_4761,0.5500934310766135,1105,False
RFP_4762,0.0,1155,True
RFP_4763,0.057304785894206546,1236,True
RFP_4764,0.11761347416500142,555,True
RFP_4765,0.9835425383542539,555,False
RFP_4766,0.9332571101900815,1124,False
RFP_4767,0.0,550,True
RFP_4768,0.8237824161922833,1259,False
RFP_4769,0.4994295854987958,1255,False
RFP_4770,0.0,924,True
RFP_4771,0.43133903133903134,1093,False
RFP_4772,0.992152466367713,1121,False
RFP_4773,0.11072535647861129,1229,True
RFP_4774,0.9868906185989349,781,False
RFP_4775,0.9821325648414986,535,False
RFP_4776,0.993278376664553,1241,False
RFP_4777,0.993042547497993,1176,False
RFP_4778,0.0,928,True
RFP_4779,0.06238480079398837,1111,True
RFP_4780,0.0841963943229766,845,True
RFP_4781,0.0,896,True
RFP_4782,0.49516908212560384,1275,False
RFP_4783,0.9921562596124269,1032,False
RFP_4784,0.70752,971,False
RFP_4785,0.0,878,True
RFP_4786,0.5812709030100335,1161,False
RFP_4787,0.16139997482059676,1257,True
RFP_4788,0.0,941,True
RFP_4789,0.9921319796954314,1225,False
RFP_4790,0.9840780688238315,592,False
RFP_4791,0.0,610,True
RFP_4792,0.0,745,True
RFP_4793,0.8776250972258232,603,False
RFP_4794,0.0,1050,True
RFP_4795,0.0,909,True
RFP_4796,0.43528643708176923,975,False
RFP_4797,0.9923204914885447,1210,False
RFP_4798,0.6149564720993292,1092,False
RFP_4799,0.0,1233,True
RFP_4800,0.0,806,True
RFP_4801,0.991644204851752,1140,False
RFP_4802,0.9894510995887716,912,False
RFP_4803,0.11770207080828324,1148,True
RFP_4804,0.0,884,True
RFP_4805,0.5404833303933675,910,False
RFP_4806,0.8490412739681508,966,False
RFP_4807,0.986052303860523,619,False
RFP_4808,0.9875441145941457,780,False
RFP_4809,0.9921754746023602,1204,False
RFP_4810,0.8004910988336402,1026,False
RFP_4811,0.9856577645895154,649,False
RFP_4812,0.5046835083735453,557,True
RFP_4813,0.7766118836915297,1218,False
RFP_4814,0.9907407407407407,1055,False
RFP_4815,0.9861959719393528,688,False
RFP_4816,0.36061884669479605,531,True
RFP_4817,0.0,988,True
RFP_4818,0.9875026036242449,741,False
RFP_4819,0.98076442667999,656,False
RFP_4820,0.39620882535736485,1027,False
RFP_4821,0.5022222222222222,806,False
RFP_4822,0.26694214876033057,739,True
RFP_4823,0.7575554063129617,1137,False
RFP_4824,0.0,1104,True
RFP_4825,0.45781032078103207,867,False
RFP_4826,0.5826784544859201,972,False
RFP_4827,0.9353771784760209,1286,False
RFP_4828,0.7288212239975882,1058,False
RFP_4829,0.0,910,True
RFP_4830,0.0,969,True
RFP_4831,0.719056663501108,972,False
RFP_4832,0.26160208301424415,1043,True
RFP_4833,0.9909841075794621,1089,False
RFP_4834,0.0,578,True
RFP_4835,0.21372201642776614,974,True
RFP_4836,0.3768699654775604,561,True
RFP_4837,0.9930088733530519,1153,False
RFP_4838,0.9845741113346748,698,False
RFP_4839,0.9925083612040134,1175,False
RFP_4840,0.7394765039032604,1031,False
RFP_4841,0.0,957,True
RFP_4842,0.0,854,True
RFP_4843,0.4571639586410635,1044,False
RFP_4844,0.9887275506304929,802,False
RFP_4845,0.24867649162970382,1106,True
RFP_4846,0.1282346175963197,541,True
RFP_4847,0.9912569872438011,1079,False
RFP_4848,0.7236897274633124,754,False
RFP_4849,0.5543824367353779,925,False
RFP_4850,0.0,554,True
RFP_4851,0.9916509561001885,1169,False
RFP_4852,0.19684163701067617,718,True
RFP_4853,0.990018805149718,1070,False
RFP_4854,0.49187292205393424,843,False
RFP_4855,0.9900820141140568,821,False
RFP_4856,0.6160409556313993,1090,False
RFP_4857,0.0,829,True
RFP_4858,0.8561424874410108,1012,False
RFP_4859,0.0,901,True
RFP_4860,0.1106350806451613,633,True
RFP_4861,0.741777466759972,1124,False
RFP_4862,0.32553558236887464,619,True
RFP_4863,0.0,747,True
RFP_4864,0.9115229935303375,914,False
RFP_4865,0.6121413575927221,868,False
RFP_4866,0.1130123866683693,1245,True
RFP_4867,0.18799435028248587,1084,True
RFP_4868,0.9902321857485988,967,False
RFP_4869,0.16098364811763213,1244,True
RFP_4870,0.9919938016528925,1208,False
RFP_4871,0.0,1237,True
RFP_4872,0.986609169314571,679,False
RFP_4873,0.0,622,True
RFP_4874,0.9870806890299184,679,False
RFP_4875,0.9849938499384994,639,False
RFP_4876,0.9915750392688848,1094,False
RFP_4877,0.0,981,True
RFP_4878,0.528737220226582,1134,False
RFP_4879,0.556350114416476,1097,False
RFP_4880,0.0,773,True
RFP_4881,0.30714990833450856,1093,True
RFP_4882,0.990780577750461,1014,False
RFP_4883,0.0,828,True
RFP_4884,0.3615964096810386,1002,True
RFP_4885,0.0,1040,True
RFP_4886,0.9920574308843745,1027,False
RFP_4887,0.9929533157166226,1235,False
RFP_4888,0.0,752,True
RFP_4889,0.9917986425339367,1084,False
RFP_4890,0.7968503937007874,692,False
RFP_4891,0.3277763529110028,597,True
RFP_4892,0.7856982739296122,692,False
RFP_4893,0.9832214765100671,564,False
RFP_4894,0.9844744209722576,614,False
RFP_4895,0.2540265611754733,573,True
RFP_4896,0.12471031286210892,1081,True
RFP_4897,0.9330493810728071,1148,False
RFP_4898,0.9921042737185111,1221,False
RFP_4899,0.7945632798573975,1051,False
RFP_4900,0.9920501452377313,1016,False
RFP_4901,0.4224039558767592,838,True
RFP_4902,0.986483390607102,678,False
RFP_4903,0.9897742363877822,1183,False
RFP_4904,0.0,1209,True
RFP_4905,0.8185511171293162,1159,False
RFP_4906,0.0,688,True
RFP_4907,0.9914564686737185,1163,False
RFP_4908,0.9825682742591516,554,False
RFP_4909,0.9876658133581568,653,False
RFP_4910,0.09809885931558936,619,True
RFP_4911,0.07978257057688935,910,True
RFP_4912,0.9893939393939394,829,False
RFP_4913,0.33219627394384676,601,True
RFP_4914,0.751593220338983,1126,False
RFP_4915,0.6284700480066792,769,False
RFP_4916,0.9845559845559846,629,False
RFP_4917,0.9900852322142981,896,False
RFP_4918,0.0,962,True
RFP_4919,0.8132319704129854,771,False
RFP_4920,0.4088408271675204,828,True
RFP_4921,0.9916420845624385,989,False
RFP_4922,0.0,924,True
RFP_4923,0.0,887,True
RFP_4924,0.1073015873015873,1232,True
RFP_4925,0.5831990794016111,693,False
RFP_4926,0.0,633,True
RFP_4927,0.9922677145392318,1261,False
RFP_4928,0.9914385964912281,1144,False
RFP_4929,0.6082538886101355,1248,False
RFP_4930,0.902613311555737,791,False
RFP_4931,0.9912031782065834,1077,False
RFP_4932,0.0,1128,True
RFP_4933,0.9923165578179024,1259,False
RFP_4934,0.2502524159815376,1103,True
RFP_4935,0.8994447871684146,762,False
RFP_4936,0.9900337566307668,959,False
RFP_4937,0.570316301703163,979,False
RFP_4938,0.0,1250,True
RFP_4939,0.0,616,True
RFP_4940,0.0,1031,True
RFP_4941,0.0,636,True
RFP_4942,0.5383400596595894,886,False
RFP_4943,0.9833568406205924,562,False
RFP_4944,0.3034938293064488,921,True
RFP_4945,0.4234895539243365,833,True
RFP_4946,0.8275022427271562,1247,False
RFP_4947,0.4201474201474201,811,True
RFP_4948,0.161015307111025,813,True
RFP_4949,0.0,1234,True
RFP_4950,0.9890457130819464,739,False
RFP_4951,0.9862637362637363,688,False
RFP_4952,0.9917590650284687,1046,False
RFP_4953,0.5225543958959844,899,False
RFP_4954,0.9919646444355162,1180,False
RFP_4955,0.2940383059077421,1189,True
RFP_4956,0.9869281045751634,719,False
RFP_4957,0.41615853658536583,837,True
RFP_4958,0.6635921086343838,1204,False
RFP_4959,0.5611868256672345,1107,False
RFP_4960,0.34840974803800084,764,True
RFP_4961,0.9858458773309369,696,False
RFP_4962,0.9861646631889317,704,False
RFP_4963,0.9920424403183024,1218,False
RFP_4964,0.0,603,True
RFP_4965,0.0,1023,True
RFP_4966,0.9890151515151515,847,False
RFP_4967,0.4223385689354276,995,False
RFP_4968,0.38128986534372783,880,True
RFP_4969,0.9861415025528811,659,False
RFP_4970,0.9929980903882877,1248,False
RFP_4971,0.7780283505154639,961,False
RFP_4972,0.9916489523231097,1049,False
RFP_4973,0.0,1094,True
RFP_4974,0.0,741,True
RFP_4975,0.9875663129973474,963,False
RFP_4976,0.888414907947912,688,False
RFP_4977,0.9856855851330989,633,False
RFP_4978,0.6544970228768411,993,False
RFP_4979,0.319672131147541,617,True
RFP_4980,0.8244115413819286,808,False
RFP_4981,0.26380275298744515,1055,True
RFP_4982,0.6602398664035221,1027,False
RFP_4983,0.8920377867746289,701,False
RFP_4984,0.11163600198906017,620,True
RFP_4985,0.3490066225165563,1209,False
RFP_4986,0.9811209439528024,528,False
RFP_4987,0.9867826086956522,923,False
RFP_4988,0.0,608,True
RFP_4989,0.9913779830638954,1031,False
RFP_4990,0.1767247198595923,1187,True
RFP_4991,0.98380355276907,611,False
RFP_4992,0.06626419433663935,1113,True
RFP_4993,0.9869457573711456,695,False
RFP_4994,0.3227990970654628,655,True
RFP_4995,0.9921343215852367,1046,False
RFP_4996,0.0,756,True
RFP_4997,0.3300342596117244,1209,False
RFP_4998,0.5398230088495575,745,False
RFP_4999,0.0,905,True
RFP_5000,0.0,689,True
RFP_5001,0.9843157095876549,590,False
RFP_5002,0.9894615826786741,811,False
RFP_5003,0.32440020418580906,604,True
RFP_5004,0.7104113110539846,1216,False
RFP_5005,0.2438742041288829,836,True
RFP_5006,0.5309038942479457,894,False
RFP_5007,0.9880378159367161,811,False
RFP_5008,0.9905868510075011,1108,False
RFP_5009,0.2299947005829359,895,True
RFP_5010,0.0,1233,True
RFP_5011,0.0,556,True
RFP_5012,0.8561452513966481,565,False
RFP_5013,0.9128814762242725,880,False
RFP_5014,0.9872082585278277,699,False
RFP_5015,0.9878822850548182,818,False
RFP_5016,0.13188142770719904,1065,True
RFP_5017,0.8432337434094903,896,False
RFP_5018,0.0,848,True
RFP_5019,0.5725089809037626,809,False
RFP_5020,0.9922406751973863,1138,False
RFP_5021,0.9874256973022405,698,False
RFP_5022,0.4376207859136783,728,True
RFP_5023,0.0,1053,True
RFP_5024,0.0,651,True
RFP_5025,0.9923047325894575,1226,False
RFP_5026,0.17233468286099865,1181,True
RFP_5027,0.9881447587354409,766,False
RFP_5028,0.0,716,True
RFP_5029,0.5809359416954354,835,False
RFP_5030,0.49210987726475747,542,True
RFP_5031,0.9907038512616202,1193,False
RFP_5032,0.6078321678321679,565,True
RFP_5033,0.8254594962559564,1201,False
RFP_5034,0.4160330798986261,1181,False
RFP_5035,0.6554278416347382,1253,False
RFP_5036,0.9865311308767472,628,False
RFP_5037,0.24123893805309735,884,True
RFP_5038,0.9918433931484503,1136,False
RFP_5039,0.11835034927458356,1174,True
RFP_5040,0.46012163336229367,905,False
RFP_5041,0.6945886854331784,1199,False
RFP_5042,0.4979398177050818,1271,False
RFP_5043,0.5981818181818181,704,False
RFP_5044,0.9896978021978022,893,False
RFP_5045,0.5051593671176335,656,True
RFP_5046,0.535763175906913,953,False
RFP_5047,0.9932817847635949,1213,False
RFP_5048,0.9910986775178027,1254,False
RFP_5049,0.0,891,True
RFP_5050,0.9889222681186631,854,False
RFP_5051,0.05638432364096081,1242,True
RFP_5052,0.7654234925060996,872,False
RFP_5053,0.6446901446901447,1166,False
RFP_5054,0.9917175831636117,1166,False
RFP_5055,0.6846287200231147,1098,False
RFP_5056,0.9874494788342906,733,False
RFP_5057,0.9922140430351076,1090,False
RFP_5058,0.493119698397738,832,False
RFP_5059,0.9900645802285146,936,False
RFP_5060,0.9895941727367326,893,False
RFP_5061,0.0,731,True
RFP_5062,0.6641265002857687,833,False
RFP_5063,0.0,1196,True
RFP_5064,0.05020335536349771,1244,True
RFP_5065,0.9873375541486171,942,False
RFP_5066,0.9928735047085773,1232,False
RFP_5067,0.4581545064377682,873,False
RFP_5068,0.6293444328824142,755,False
RFP_5069,0.7190779995883927,792,False
RFP_5070,0.0,1184,True
RFP_5071,0.9826889786497404,534,False
RFP_5072,0.9861076655916646,636,False
RFP_5073,0.9817813765182186,543,False
RFP_5074,0.9895167022032694,869,False
RFP_5075,0.40342036952206445,1027,False
RFP_5076,0.5784784098697738,688,False
RFP_5077,0.060117092674568044,1094,True
RFP_5078,0.14705882352941177,965,True
RFP_5079,0.7185544630315414,1208,False
RFP_5080,0.9860172453973433,669,False
RFP_5081,0.3470846191326945,981,True
RFP_5082,0.21585458217621814,1235,True
RFP_5083,0.9904577066149118,964,False
RFP_5084,0.620042194092827,764,False
RFP_5085,0.984577922077922,779,False
RFP_5086,0.8901025412394115,735,False
RFP_5087,0.24148488327592804,819,True
RFP_5088,0.0,885,True
RFP_5089,0.9855325517585433,599,False
RFP_5090,0.0,697,True
RFP_5091,0.9902209804419608,1226,False
RFP_5092,0.19770114942528735,699,True
RFP_5093,0.0,722,True
RFP_5094,0.6449158031088082,951,False
RFP_5095,0.9886960032297134,777,False
RFP_5096,0.1984353843839326,1027,True
RFP_5097,0.0783280646294345,864,True
RFP_5098,0.0,1093,True
RFP_5099,0.11807325909029921,1169,True
RFP_5100,0.9855721393034826,649,False
RFP_5101,0.9857024450891007,776,False
RFP_5102,0.7428517326263965,837,False
RFP_5103,0.6843581949964929,650,False
RFP_5104,0.743250923557829,1110,False
RFP_5105,0.2459546925566343,1054,True
RFP_5106,0.17014108233312275,742,True
RFP_5107,0.5518377693282637,644,True
RFP_5108,0.496849087893864,943,False
RFP_5109,0.0,891,True
RFP_5110,0.0,891,True
RFP_5111,0.0,776,True
RFP_5112,0.18508885999133073,1101,True
RFP_5113,0.0,904,True
RFP_5114,0.0,1135,True
RFP_5115,0.0,1034,True
RFP_5116,0.9875579924082666,745,False
RFP_5117,0.7324023938444001,566,False
RFP_5118,0.8620590765701176,560,False
RFP_5119,0.8016119032858029,1028,False
RFP_5120,0.0,846,True
RFP_5121,0.9911193029490617,924,False
RFP_5122,0.9904900064474532,994,False
RFP_5123,0.0,952,True
RFP_5124,0.7893768682455737,691,False
RFP_5125,0.9926610491981517,1146,False
RFP_5126,0.7405253283302063,851,False
RFP_5127,0.7372881355932204,570,False
RFP_5128,0.9856098675194153,707,False
RFP_5129,0.8924195223260644,779,False
RFP_5130,0.9891661830141226,835,False
RFP_5131,0.9852342158859471,614,False
RFP_5132,0.8752726281352236,1157,False
RFP_5133,0.054857142857142854,1265,True
RFP_5134,0.9921864992955041,1204,False
RFP_5135,0.6334883720930232,1149,False
RFP_5136,0.9882869692532943,759,False
RFP_5137,0.9889237199582027,764,False
RFP_5138,0.4450272342142425,782,True
RFP_5139,0.9871111111111112,709,False
RFP_5140,0.991553544494721,1008,False
RFP_5141,0.368539960463146,588,True
RFP_5142,0.1785426731078905,757,True
RFP_5143,0.3645268862025844,740,True
RFP_5144,0.0,975,True
RFP_5145,0.0,762,True
RFP_5146,0.0,902,True
RFP_5147,0.5524520530312782,1215,False
RFP_5148,0.9923273657289002,1131,False
RFP_5149,0.8385610490873648,911,False
RFP_5150,0.4603505843071786,756,True
RFP_5151,0.0,543,True
RFP_5152,0.0,770,True
RFP_5153,0.5413191811978771,614,True
RFP_5154,0.8590395480225989,559,False
RFP_5155,0.33840690005073565,631,True
RFP_5156,0.0,604,True
RFP_5157,0.9822349570200573,568,False
RFP_5158,0.9929505255062805,1235,False
RFP_5159,0.41510050661872855,979,False
RFP_5160,0.30467805972725703,909,True
RFP_5161,0.8952695724023962,760,False
RFP_5162,0.8946590669199915,747,False
RFP_5163,0.8297465936584745,1243,False
RFP_5164,0.5462662337662337,782,False
RFP_5165,0.9827146500425049,549,False
RFP_5166,0.32776300797569313,810,True
RFP_5167,0.0,677,True
RFP_5168,0.9896783072423877,936,False
RFP_5169,0.33671922377198304,1022,True
RFP_5170,0.0,1076,True
RFP_5171,0.9807983830217282,634,False
RFP_5172,0.9872508113120074,681,False
RFP_5173,0.4324289405684755,1199,False
RFP_5174,0.4407124681933842,622,True
RFP_5175,0.5376228775692583,885,False
RFP_5176,0.9877211238293444,745,False
RFP_5177,0.7581047381546134,1160,False
RFP_5178,0.7841973053208495,678,False
RFP_5179,0.7464195450716091,553,False
RFP_5180,0.26347117794486213,1011,True
RFP_5181,0.35696465696465696,771,True
RFP_5182,0.0,1264,True
RFP_5183,0.9860892977339017,668,False
RFP_5184,0.0,555,True
RFP_5185,0.17515087903437418,1197,True
RFP_5186,0.9829593865379154,555,False
RFP_5187,0.24829738933030646,590,True
RFP_5188,0.0,742,True
RFP_5189,0.12559707783085136,541,True
RFP_5190,0.5013297872340425,822,False
RFP_5191,0.11146971201588877,633,True
RFP_5192,0.986845039018952,693,False
RFP_5193,0.9917908178777743,1049,False
RFP_5194,0.07038074831053238,968,True
RFP_5195,0.9878999179655455,773,False
RFP_5196,0.9854455888938648,697,False
RFP_5197,0.9076243518340695,826,False
RFP_5198,0.0,904,True
RFP_5199,0.19799498746867167,708,True
RFP_5200,0.24034639409426461,1066,True
RFP_5201,0.0,916,True
RFP_5202,0.8648980217758012,1026,False
RFP_5203,0.9185198054204309,903,False
RFP_5204,0.18598689831956708,1073,True
RFP_5205,0.8372338553580855,868,False
RFP_5206,0.4075157515751575,687,True
RFP_5207,0.9925709737330857,1200,False
RFP_5208,0.0,872,True
RFP_5209,0.46636277900031436,994,False
RFP_5210,0.991422805247225,1260,False
RFP_5211,0.6210458360232408,727,False
RFP_5212,0.2389482808436868,546,True
RFP_5213,0.09490532010820558,704,True
RFP_5214,0.08593012275731822,837,True
RFP_5215,0.0,841,True
RFP_5216,0.9926534678122276,1239,False
RFP_5217,0.7627683691158821,1193,False
RFP_5218,0.0,1015,True
RFP_5219,0.0,1234,True
RFP_5220,0.48227955769776015,586,True
RFP_5221,0.9842158859470469,621,False
RFP_5222,0.3736154501562056,1081,False
RFP_5223,0.9834269662921349,555,False
RFP_5224,0.9878211227402474,833,False
RFP_5225,0.5535221860115317,617,True
RFP_5226,0.989437880415324,911,False
RFP_5227,0.9871875656374711,741,False
RFP_5228,0.0,563,True
RFP_5229,0.8451816745655608,931,False
RFP_5230,0.09373034179073181,746,True
RFP_5231,0.12193032552826956,560,True
RFP_5232,0.6403622250970246,940,False
RFP_5233,0.0,1251,True
RFP_5234,0.38846153846153847,1243,False
RFP_5235,0.30134228187919465,1154,True
RFP_5236,0.7921531994395142,1038,False
RFP_5237,0.9875864514984927,873,False
RFP_5238,0.9896337249481686,905,False
RFP_5239,0.0,890,True
RFP_5240,0.0,759,True
RFP_5241,0.0,1031,True
RFP_5242,0.16369426751592356,1249,True
RFP_5243,0.9873758278145696,779,False
RFP_5244,0.7141060574303081,733,False
RFP_5245,0.9915856666183084,1070,False
RFP_5246,0.0,624,True
RFP_5247,0.0,624,True
RFP_5248,0.6207694532831936,554,True
RFP_5249,0.9883151149641914,858,False
RFP_5250,0.9123820527633353,795,False
RFP_5251,0.0,904,True
RFP_5252,0.9897333333333334,1191,False
RFP_5253,0.9908939140992563,1041,False
RFP_5254,0.9879333461022792,804,False
RFP_5255,0.8701754385964913,548,False
RFP_5256,0.9920517311060219,1128,False
RFP_5257,0.3705992240264406,1106,False
RFP_5258,0.9788182831661093,531,False
RFP_5259,0.7745694022289767,1227,False
RFP_5260,0.99081889530579,1020,False
RFP_5261,0.22174893510398397,650,True
RFP_5262,0.991826381059752,1115,False
RFP_5263,0.9859544093944278,672,False
RFP_5264,0.49272581934452436,969,False
RFP_5265,0.9872714649386716,689,False
RFP_5266,0.9896418539325843,885,False
RFP_5267,0.0,766,True
RFP_5268,0.9346380148375544,1227,False
RFP_5269,0.49760225669957686,558,True
RFP_5270,0.10901575820201498,609,True
RFP_5271,0.9844064386317908,622,False
RFP_5272,0.9916075821154681,1092,False
RFP_5273,0.0,1153,True
RFP_5274,0.9903605855051767,860,False
RFP_5275,0.0,1138,True
RFP_5276,0.9888659793814433,757,False
RFP_5277,0.0,642,True
RFP_5278,0.3742690058479532,539,True
RFP_5279,0.9867664983458123,939,False
RFP_5280,0.0,1042,True
RFP_5281,0.9911702873160476,1125,False
RFP_5282,0.9924108272198331,1203,False
RFP_5283,0.8778936657339099,616,False
RFP_5284,0.991108641289247,1103,False
RFP_5285,0.9873044661074586,692,False
RFP_5286,0.9896065330363771,820,False
RFP_5287,0.9841656516443362,747,False
RFP_5288,0.7945063103192279,1037,False
RFP_5289,0.2708411920030177,1254,True
RFP_5290,0.6094158674803836,932,False
RFP_5291,0.5984098409840984,1073,False
RFP_5292,0.9913030210558438,1078,False
RFP_5293,0.45399239543726233,620,True
RFP_5294,0.9880711231150123,716,False
RFP_5295,0.2500721084511105,540,True
RFP_5296,0.0,610,True
RFP_5297,0.9906011991573489,961,False
RFP_5298,0.24431314623338257,531,True
RFP_5299,0.38652789823648454,541,True
RFP_5300,0.9860411899313501,709,False
RFP_5301,0.36863079988613723,561,True
RFP_5302,0.9847893114080164,736,False
RFP_5303,0.0,1034,True
RFP_5304,0.0,833,True
RFP_5305,0.48845346396081174,682,True
RFP_5306,0.6751399253731343,681,False
RFP_5307,0.30369433909256915,1108,True
RFP_5308,0.9837096313232352,555,False
RFP_5309,0.5939916059200353,724,False
RFP_5310,0.3642590286425903,778,True
RFP_5311,0.7626990144048522,610,False
RFP_5312,0.9862982929020665,708,False
RFP_5313,0.0,716,True
RFP_5314,0.0,606,True
RFP_5315,0.0,960,True
RFP_5316,0.4319430973165212,957,False
RFP_5317,0.7642262317834837,926,False
RFP_5318,0.0,830,True
RFP_5319,0.7146118721461188,1211,False
RFP_5320,0.0,1230,True
RFP_5321,0.5006317917614355,1250,False
RFP_5322,0.6964613970588235,677,False
RFP_5323,0.0,547,True
RFP_5324,0.0,971,True
RFP_5325,0.6580742987111448,634,False
RFP_5326,0.9922734415924568,1179,False
RFP_5327,0.0,1105,True
RFP_5328,0.0,1178,True
RFP_5329,0.24552798615118293,565,True
RFP_5330,0.24042145593869732,838,True
RFP_5331,0.6840469613259669,912,False
RFP_5332,0.4141318722841489,831,True
RFP_5333,0.0,1173,True
RFP_5334,0.9838383838383838,545,False
RFP_5335,0.27065286287766743,757,True
RFP_5336,0.27249291054395464,1210,True
RFP_5337,0.7626085829119668,1223,False
RFP_5338,0.0,763,True
RFP_5339,0.0,1151,True
RFP_5340,0.991854720256376,1191,False
RFP_5341,0.0,810,True
RFP_5342,0.7000678579506899,681,False
RFP_5343,0.0,980,True
RFP_5344,0.0,961,True
RFP_5345,0.0,973,True
RFP_5346,0.8345058037284558,896,False
RFP_5347,0.44123456790123455,642,True
RFP_5348,0.25296551724137933,557,True
RFP_5349,0.9920736384556379,1225,False
RFP_5350,0.9900421294523171,836,False
RFP_5351,0.989959485643826,875,False
RFP_5352,0.29492143019813255,703,True
RFP_5353,0.8619006603502728,561,False
RFP_5354,0.9919085538145389,1218,False
RFP_5355,0.7391555812608445,533,False
RFP_5356,0.8813729174495804,1223,False
RFP_5357,0.9846610588817417,640,False
RFP_5358,0.0,1225,True
RFP_5359,0.0,1070,True
RFP_5360,0.0,761,True
RFP_5361,0.9913707738011034,1146,False
RFP_5362,0.0,933,True
RFP_5363,0.0,1021,True
RFP_5364,0.09148848684210527,770,True
RFP_5365,0.9883076923076923,743,False
RFP_5366,0.23755854800936768,1083,True
RFP_5367,0.9865981684163503,717,False
RFP_5368,0.9910741766697445,1029,False
RFP_5369,0.4959839357429719,739,True
RFP_5370,0.33547169811320754,826,True
RFP_5371,0.9862353750860289,702,False
RFP_5372,0.6048366675107623,1247,False
RFP_5373,0.29249793899422916,966,True
RFP_5374,0.988594890510949,1045,False
RFP_5375,0.7423524342955623,1113,False
RFP_5376,0.9807692307692307,651,False
RFP_5377,0.40257945647167204,1050,False
RFP_5378,0.20143767358274792,966,True
RFP_5379,0.9783403656821378,561,False
RFP_5380,0.9827039492649179,543,False
RFP_5381,0.0,757,True
RFP_5382,0.989764973464746,833,False
RFP_5383,0.992447741065408,1151,False
RFP_5384,0.9900344959754696,819,False
RFP_5385,0.07476799159516723,899,True
RFP_5386,0.9866576209859792,681,False
RFP_5387,0.6631419939577039,602,False
RFP_5388,0.0,702,True
RFP_5389,0.6614436167480092,602,False
RFP_5390,0.8687737041719342,631,False
RFP_5391,0.6648756524408965,1015,False
RFP_5392,0.8865719523373052,696,False
RFP_5393,0.9866700845936939,617,False
RFP_5394,0.086329552009229,776,True
RFP_5395,0.3518321826872013,1166,False
RFP_5396,0.989887072307433,936,False
RFP_5397,0.46677666116694166,1014,False
RFP_5398,0.0,915,True
RFP_5399,0.7762203166226913,954,False
RFP_5400,0.9859760235240895,693,False
RFP_5401,0.27367758186397984,1221,True
RFP_5402,0.27463484879654393,746,True
RFP_5403,0.1696394686907021,831,True
RFP_5404,0.07487001733102253,876,True
RFP_5405,0.2030178326474623,1028,True
RFP_5406,0.33828288596992195,843,True
RFP_5407,0.9152374670184696,940,False
RFP_5408,0.0,857,True
RFP_5409,0.0,969,True
RFP_5410,0.9895366218236173,846,False
RFP_5411,0.7058345522509345,939,False
RFP_5412,0.98205499276411,545,False
RFP_5413,0.771889400921659,620,False
RFP_5414,0.5493350221659278,1251,False
RFP_5415,0.9868748585652862,697,False
RFP_5416,0.0,1090,True
RFP_5417,0.9842118665648077,629,False
RFP_5418,0.5346996753246753,765,False
RFP_5419,0.5546175492453312,616,True
RFP_5420,0.22074074074074074,638,True
RFP_5421,0.8564958958392301,557,False
RFP_5422,0.0,971,True
RFP_5423,0.6219736655811978,1110,False
RFP_5424,0.3858702472079307,1260,False
RFP_5425,0.9863636363636363,707,False
RFP_5426,0.2474671669793621,858,True
RFP_5427,0.9288289491253839,1200,False
RFP_5428,0.0,830,True
RFP_5429,0.0,1000,True
RFP_5430,0.38094405594405595,909,True
RFP_5431,0.9861495844875346,662,False
RFP_5432,0.1682007313075274,1260,True
RFP_5433,0.0,771,True
RFP_5434,0.9908789386401327,945,False
RFP_5435,0.9878869448183042,721,False
RFP_5436,0.0,1041,True
RFP_5437,0.0,613,True
RFP_5438,0.0,838,True
RFP_5439,0.6964245046686404,665,False
RFP_5440,0.9899039244422733,953,False
RFP_5441,0.9898227183191071,957,False
RFP_5442,0.9922940879231935,1229,False
RFP_5443,0.8536585365853658,1051,False
RFP_5444,0.9923154446963971,1259,False
RFP_5445,0.09937106918238994,631,True
RFP_5446,0.06417910447761194,969,True
RFP_5447,0.9877074370006146,749,False
RFP_5448,0.9919246298788694,1064,False
RFP_5449,0.48748182846066873,965,False
RFP_5450,0.9909992372234935,1030,False
RFP_5451,0.8610491071428571,570,False
RFP_5452,0.11838552915766738,1199,True
RFP_5453,0.6898748577929465,686,False
RFP_5454,0.0,764,True
RFP_5455,0.6593059936908517,641,False
RFP_5456,0.1724280687228317,771,True
RFP_5457,0.9887699596420425,939,False
RFP_5458,0.9848484848484849,627,False
RFP_5459,0.9905975128905066,1032,False
RFP_5460,0.8164251207729468,868,False
RFP_5461,0.8237446379005804,1247,False
RFP_5462,0.819452313503305,847,False
RFP_5463,0.7667720407446434,903,False
RFP_5464,0.8778625954198473,620,False
RFP_5465,0.05300931755225384,1252,True
RFP_5466,0.27692813681960204,968,True
RFP_5467,0.4907906558849955,716,True
RFP_5468,0.0,806,True
RFP_5469,0.16722846441947564,827,True
RFP_5470,0.6473829201101928,637,False
RFP_5471,0.9928888888888889,1253,False
RFP_5472,0.0,686,True
RFP_5473,0.9901812688821753,1061,False
RFP_5474,0.0,569,True
RFP_5475,0.8614894233555491,520,False
RFP_5476,0.7963591484109843,1024,False
RFP_5477,0.2862301001148859,977,True
RFP_5478,0.9173247381144238,964,False
RFP_5479,0.0,904,True
RFP_5480,0.4937670153317094,1111,False
RFP_5481,0.5208775654635527,927,False
RFP_5482,0.9911441222682474,1120,False
RFP_5483,0.985126425384234,640,False
RFP_5484,0.0,989,True
RFP_5485,0.16391976491631532,1233,True
RFP_5486,0.0,549,True
RFP_5487,0.21611350392703318,615,True
RFP_5488,0.9856050382366172,690,False
RFP_5489,0.12970521541950114,1008,True
RFP_5490,0.6630860609124226,1245,False
RFP_5491,0.9874122988031366,738,False
RFP_5492,0.9885866463762603,821,False
RFP_5493,0.24352106558563777,1117,True
RFP_5494,0.34535974973931177,767,True
RFP_5495,0.22107645875251508,615,True
RFP_5496,0.5609259730348511,637,True
RFP_5497,0.2129958078039342,974,True
RFP_5498,0.0,685,True
RFP_5499,0.0,691,True
RFP_5500,0.9819897084048027,582,False
RFP_5501,0.9873303167420815,686,False
RFP_5502,0.8066241514091751,762,False
RFP_5503,0.7679671457905544,656,False
RFP_5504,0.06270928462709284,1033,True
RFP_5505,0.9907647440051847,972,False
RFP_5506,0.13496460449369035,1008,True
RFP_5507,0.0,1027,True
RFP_5508,0.9902215431627196,1026,False
RFP_5509,0.7132279367620572,786,False
RFP_5510,0.736701620591039,812,False
RFP_5511,0.27062404870624046,1051,True
RFP_5512,0.13097294185377087,545,True
RFP_5513,0.2511144130757801,853,True
RFP_5514,0.9894815927873779,849,False
RFP_5515,0.534489966555184,765,False
RFP_5516,0.0,681,True
RFP_5517,0.6146424517593644,552,True
RFP_5518,0.3704918032786885,538,True
RFP_5519,0.09184315370098553,751,True
RFP_5520,0.0,1232,True
RFP_5521,0.9894339622641509,827,False
RFP_5522,0.2946666666666667,1155,True
RFP_5523,0.1059441455290802,1239,True
RFP_5524,0.9907167858773398,1043,False
RFP_5525,0.12156431600439768,1009,True
RFP_5526,0.6579687899718598,621,False
RFP_5527,0.9890883491728265,894,False
RFP_5528,0.0,1190,True
RFP_5529,0.7235958485958486,1058,False
RFP_5530,0.26012058570198104,572,True
RFP_5531,0.9916434540389972,1239,False
RFP_5532,0.5863250205535763,1148,False
RFP_5533,0.9818850834984433,573,False
RFP_5534,0.9915375788869765,1081,False
RFP_5535,0.9910764872521246,1137,False
RFP_5536,0.9838750314940791,600,False
RFP_5537,0.9889712873169804,821,False
RFP_5538,0.12489498739848783,558,True
RFP_5539,0.15673327541268461,897,True
RFP_5540,0.9874651810584958,676,False
RFP_5541,0.31188910609561044,887,True
RFP_5542,0.6206030150753769,582,True
RFP_5543,0.05421377183967112,1236,True
RFP_5544,0.9850595087363889,627,False
RFP_5545,0.27808,975,True
RFP_5546,0.0,846,True
RFP_5547,0.3819919906988761,1211,False
RFP_5548,0.6219792865362486,544,True
RFP_5549,0.8445638020833334,956,False
RFP_5550,0.3620654186381403,746,True
RFP_5551,0.2474108170310702,549,True
RFP_5552,0.22832871012482664,906,True
RFP_5553,0.0,1117,True
RFP_5554,0.9917547023962896,1253,False
RFP_5555,0.9921600432549338,1189,False
RFP_5556,0.0,668,True
RFP_5557,0.0,541,True
RFP_5558,0.3633327474072772,877,True
RFP_5559,0.9855108668498626,626,False
RFP_5560,0.6551063422111516,822,False
RFP_5561,0.0,887,True
RFP_5562,0.0,1014,True
RFP_5563,0.9923634975181367,1241,False
RFP_5564,0.8964527373385278,770,False
RFP_5565,0.3651767455448437,556,True
RFP_5566,0.6163732886281084,548,True
RFP_5567,0.0,681,True
RFP_5568,0.6255612572161642,975,False
RFP_5569,0.6908009793634138,906,False
RFP_5570,0.0,770,True
RFP_5571,0.0,880,True
RFP_5572,0.2514060742407199,555,True
RFP_5573,0.0,1013,True
RFP_5574,0.3503634475597092,763,True
RFP_5575,0.9886066492342174,814,False
RFP_5576,0.0,1117,True
RFP_5577,0.9917820069204152,1082,False
RFP_5578,0.9116327235070762,930,False
RFP_5579,0.7399744934107978,1099,False
RFP_5580,0.9872448979591837,913,False
RFP_5581,0.3990275034189333,1064,False
RFP_5582,0.9848744292237442,560,False
RFP_5583,0.33751146438398044,1041,True
RFP_5584,0.24352991090369114,1115,True
RFP_5585,0.5814476644170967,1176,False
RFP_5586,0.12295560747663552,538,True
RFP_5587,0.5920130780009342,709,False
RFP_5588,0.9893276414087513,871,False
RFP_5589,0.0,1255,True
RFP_5590,0.9844980940279543,617,False
RFP_5591,0.10033821871476889,697,True
RFP_5592,0.5244147157190635,1159,False
RFP_5593,0.0,1061,True
RFP_5594,0.0,885,True
RFP_5595,0.9891226818830242,884,False
RFP_5596,0.0,911,True
RFP_5597,0.0,881,True
RFP_5598,0.9047619047619048,892,False
RFP_5599,0.0,570,True
RFP_5600,0.23523122159850307,1196,True
RFP_5601,0.7259956776782958,1041,False
RFP_5602,0.4885341726618705,737,True
RFP_5603,0.6554506699147381,1023,False
RFP_5604,0.702521283562541,955,False
RFP_5605,0.22710951526032316,1246,True
RFP_5606,0.098607367475292,708,True
RFP_5607,0.9881076569997914,773,False
RFP_5608,0.9887383088375644,809,False
RFP_5609,0.9913406525436833,1041,False
RFP_5610,0.12314581584102995,571,True
RFP_5611,0.9910778529284789,1074,False
RFP_5612,0.0,615,True
RFP_5613,0.0,1170,True
RFP_5614,0.494874715261959,573,True
RFP_5615,0.9835241552638928,565,False
RFP_5616,0.0,759,True
RFP_5617,0.18893914473684212,766,True
RFP_5618,0.7595003518648838,899,False
RFP_5619,0.20342755397284665,699,True
RFP_5620,0.991878722252301,1162,False
RFP_5621,0.6345062429057888,979,False
RFP_5622,0.16535732387227572,1222,True
RFP_5623,0.09311489008710079,783,True
RFP_5624,0.9174311926605505,971,False
RFP_5625,0.5428394039735099,753,False
RFP_5626,0.0,572,True
RFP_5627,0.0,616,True
RFP_5628,0.6367905267456104,793,False
RFP_5629,0.12386877828054299,573,True
RFP_5630,0.5857335733573358,677,False
RFP_5631,0.35430194805194803,1132,False
RFP_5632,0.0,672,True
RFP_5633,0.9895386726119019,929,False
RFP_5634,0.6658113207547169,1038,False
RFP_5635,0.9902927580893682,1050,False
RFP_5636,0.9823261117445838,563,False
RFP_5637,0.0,1134,True
RFP_5638,0.9374919943640323,1232,False
RFP_5639,0.12683467183605648,584,True
RFP_5640,0.18446043165467627,1076,True
RFP_5641,0.4937168388718235,567,True
RFP_5642,0.9876072449952336,974,False
RFP_5643,0.0,1099,True
RFP_5644,0.1361580217129071,1027,True
RFP_5645,0.0,1156,True
RFP_5646,0.8423932227320862,904,False
RFP_5647,0.0,833,True
RFP_5648,0.277526395173454,1275,True
RFP_5649,0.9876763418193611,965,False
RFP_5650,0.639344262295082,986,False
RFP_5651,0.9908214777420835,1048,False
RFP_5652,0.6956288549208903,1177,False
RFP_5653,0.0,1010,True
RFP_5654,0.39392544868844914,1026,False
RFP_5655,0.6642588412340106,1038,False
RFP_5656,0.0,980,True
RFP_5657,0.9833568406205924,546,False
RFP_5658,0.16870466321243524,771,True
RFP_5659,0.8296493902439024,1220,False
RFP_5660,0.0,1108,True
RFP_5661,0.0,1004,True
RFP_5662,0.758144523394557,1137,False
RFP_5663,0.9894518741759276,819,False
RFP_5664,0.386221027020105,1224,False
RFP_5665,0.222249448664543,646,True
RFP_5666,0.22789488091979196,1155,True
RFP_5667,0.0,622,True
RFP_5668,0.9880496054114994,706,False
RFP_5669,0.39495985727029437,696,True
RFP_5670,0.33031743597607727,1033,True
RFP_5671,0.9856948228882834,700,False
RFP_5672,0.9841628959276018,585,False
RFP_5673,0.0,952,True
RFP_5674,0.0,677,True
RFP_5675,0.5561835106382979,950,False
RFP_5676,0.7316053511705686,576,False
RFP_5677,0.9906908378245958,958,False
RFP_5678,0.3314843152257077,815,True
RFP_5679,0.9884779780709905,855,False
RFP_5680,0.9856410256410256,737,False
RFP_5681,0.9907207953603977,949,False
RFP_5682,0.6833709768492378,1090,False
RFP_5683,0.08851774530271399,771,True
RFP_5684,0.0,1229,True
RFP_5685,0.8711213739356328,1105,False
RFP_5686,0.11988636363636364,550,True
RFP_5687,0.3326582278481013,1234,False
RFP_5688,0.0,573,True
RFP_5689,0.23169681309216192,537,True
RFP_5690,0.992131234995999,1182,False
RFP_5691,0.8527397260273972,535,False
RFP_5692,0.18940795559666976,667,True
RFP_5693,0.4455324357405141,891,False
RFP_5694,0.991221431814742,1045,False
RFP_5695,0.060047813247081985,1122,True
RFP_5696,0.9912765338761268,1101,False
RFP_5697,0.40682335102350264,1064,False
RFP_5698,0.3340111845449924,605,True
RFP_5699,0.16378330597297638,1203,True
RFP_5700,0.8459264126149802,971,False
RFP_5701,0.6206493126645218,537,True
RFP_5702,0.0,869,True
RFP_5703,0.7918088737201365,686,False
RFP_5704,0.9872122762148338,614,False
RFP_5705,0.8830869388308694,1116,False
RFP_5706,0.7374545454545455,1084,False
RFP_5707,0.5243351063829788,1161,False
RFP_5708,0.37503522118906735,557,True
RFP_5709,0.9890282131661442,1069,False
RFP_5710,0.0,647,True
RFP_5711,0.6573238625455942,827,False
RFP_5712,0.39087875417130147,709,True
RFP_5713,0.49546313799621927,815,False
RFP_5714,0.12589413447782546,532,True
RFP_5715,0.22942372881355932,1162,True
RFP_5716,0.0,836,True
RFP_5717,0.7609781298432926,879,False
RFP_5718,0.20779433437039463,932,True
RFP_5719,0.0,889,True
RFP_5720,0.46229565828792407,897,False
RFP_5721,0.10166022287923585,677,True
RFP_5722,0.9907256548439655,1242,False
RFP_5723,0.0,1158,True
RFP_5724,0.3737090845440224,877,True
RFP_5725,0.0,892,True
RFP_5726,0.9891446752760621,849,False
RFP_5727,0.2348074179743224,541,True
RFP_5728,0.37696036498431706,571,True
RFP_5729,0.9905789393709162,1008,False
RFP_5730,0.5952055833712638,1043,False
RFP_5731,0.9320525497951688,1113,False
RFP_5732,0.10761670761670762,633,True
RFP_5733,0.0,1240,True
RFP_5734,0.5425776754890679,1093,False
RFP_5735,0.9861142217245241,696,False
RFP_5736,0.39380833143637606,678,True
RFP_5737,0.9864651081033573,879,False
RFP_5738,0.0,555,True
RFP_5739,0.4396935685016925,877,True
RFP_5740,0.0,522,True
RFP_5741,0.0,827,True
RFP_5742,0.8617947178871549,1028,False
RFP_5743,0.9316715542521994,1073,False
RFP_5744,0.9892781926096114,823,False
RFP_5745,0.24978997479697565,553,True
RFP_5746,0.7634446397188049,905,False
RFP_5747,0.2980447419411661,893,True
RFP_5748,0.9910562837316885,1040,False
RFP_5749,0.0,981,True
RFP_5750,0.09662819642453044,696,True
RFP_5751,0.4983867906623648,825,False
RFP_5752,0.8123723373212722,1074,False
RFP_5753,0.0,640,True
RFP_5754,0.9846185397867104,777,False
RFP_5755,0.0,576,True
RFP_5756,0.0,546,True
RFP_5757,0.9929040032132815,1182,False
RFP_5758,0.3263197445049784,834,True
RFP_5759,0.0,885,True
RFP_5760,0.6139163630053791,927,False
RFP_5761,0.8838231890766026,705,False
RFP_5762,0.9908354971742783,1017,False
RFP_5763,0.8723968696113543,1113,False
RFP_5764,0.0,692,True
RFP_5765,0.0,1155,True
RFP_5766,0.6879656807405735,691,False
RFP_5767,0.99215965787598,1085,False
RFP_5768,0.9924271109428247,1235,False
RFP_5769,0.0,547,True
RFP_5770,0.2523470839260313,520,True
RFP_5771,0.9871422646204894,791,False
RFP_5772,0.9908843754997602,982,False
RFP_5773,0.8793882978723404,1158,False
RFP_5774,0.12397395980752901,550,True
RFP_5775,0.5061748723859707,950,False
RFP_5776,0.3784229208924949,1229,False
RFP_5777,0.9898343373493976,804,False
RFP_5778,0.44026040336992595,1258,False
RFP_5779,0.0,982,True
RFP_5780,0.9016299137104506,816,False
RFP_5781,0.5681689609654912,821,False
RFP_5782,0.0,908,True
RFP_5783,0.9920506601994071,1204,False
RFP_5784,0.2143666073450898,965,True
RFP_5785,0.9853017019082001,620,False
RFP_5786,0.0,654,True
RFP_5787,0.9819173363949484,545,False
RFP_5788,0.9904899135446686,1106,False
RFP_5789,0.35979440319817246,563,True
RFP_5790,0.0,802,True
RFP_5791,0.7450759707371976,541,False
RFP_5792,0.051772867420349436,1186,True
RFP_5793,0.23775367389783064,883,True
RFP_5794,0.9929488793754722,1258,False
RFP_5795,0.44018172640080766,617,True
RFP_5796,0.856941309255079,549,False
RFP_5797,0.0,983,True
RFP_5798,0.0,1102,True
RFP_5799,0.8952716715055994,760,False
RFP_5800,0.9923096976016684,1168,False
RFP_5801,0.9826281871672737,562,False
RFP_5802,0.9920688264551687,1170,False
RFP_5803,0.8440025864856127,981,False
RFP_5804,0.9915014164305949,1093,False
RFP_5805,0.9915509093512817,1059,False
RFP_5806,0.0,968,True
RFP_5807,0.0,1227,True
RFP_5808,0.32884231536926145,623,True
RFP_5809,0.6467294476966149,609,False
RFP_5810,0.9894657637321295,839,False
RFP_5811,0.40386869871043374,801,True
RFP_5812,0.0,998,True
RFP_5813,0.1256080114449213,577,True
RFP_5814,0.37679062364346694,1091,False
RFP_5815,0.9922666666666666,1173,False
RFP_5816,0.9882648784576697,739,False
RFP_5817,0.7892580791989076,705,False
RFP_5818,0.35149313962873285,1186,False
RFP_5819,0.4795777879761358,1017,False
RFP_5820,0.0,962,True
RFP_5821,0.9854033290653009,632,False
RFP_5822,0.09877488514548238,615,True
RFP_5823,0.9896019496344436,960,False
RFP_5824,0.9924047004872456,1092,False
RFP_5825,0.4947765525246663,545,True
RFP_5826,0.12451068955133995,1077,True
RFP_5827,0.21524777636594664,1243,True
RFP_5828,0.9871902561948761,783,False
RFP_5829,0.9920152091254753,1227,False
RFP_5830,0.9879222108495395,774,False
RFP_5831,0.2304921968787515,891,True
RFP_5832,0.0,652,True
RFP_5833,0.9143563482253223,895,False
RFP_5834,0.9039785768936496,831,False
RFP_5835,0.9926925238898258,1107,False
RFP_5836,0.0,647,True
RFP_5837,0.989337822671156,821,False
RFP_5838,0.9853847910481845,699,False
RFP_5839,0.5453610896941661,613,True
RFP_5840,0.9920356371490281,1165,False
RFP_5841,0.0,1096,True
RFP_5842,0.6483460559796438,615,False
RFP_5843,0.3694813544792113,1114,False
RFP_5844,0.9915368081676518,1222,False
RFP_5845,0.0,694,True
RFP_5846,0.0,705,True
RFP_5847,0.0941444237533623,760,True
RFP_5848,0.9849624060150376,648,False
RFP_5849,0.41142322097378276,835,True
RFP_5850,0.42207896857373084,965,False
RFP_5851,0.0,1239,True
RFP_5852,0.5042518961158354,671,True
RFP_5853,0.9824858757062147,568,False
RFP_5854,0.509515570934256,565,True
RFP_5855,0.8715166130760986,1197,False
RFP_5856,0.0,958,True
RFP_5857,0.5701555411535969,967,False
RFP_5858,0.0,1050,True
RFP_5859,0.19783509903270383,682,True
RFP_5860,0.0,830,True
RFP_5861,0.0,1231,True
RFP_5862,0.7663480885311871,645,False
RFP_5863,0.9905176434012125,1022,False
RFP_5864,0.3155920957738353,1102,True
RFP_5865,0.06920468557336622,1017,True
RFP_5866,0.9874622707220804,686,False
RFP_5867,0.5301076899742151,1027,False
RFP_5868,0.8067561896768779,760,False
RFP_5869,0.9921714579055442,1230,False
RFP_5870,0.8786565547128927,1167,False
RFP_5871,0.0,1175,True
RFP_5872,0.9859705611775529,679,False
RFP_5873,0.22478436894912868,867,True
RFP_5874,0.989010989010989,907,False
RFP_5875,0.08555848063181647,856,True
RFP_5876,0.3003514938488576,891,True
RFP_5877,0.9864376130198915,706,False
RFP_5878,0.9910047263302333,1021,False
RFP_5879,0.9927637425415767,1234,False
RFP_5880,0.9823713392095536,573,False
RFP_5881,0.9111427048160654,879,False
RFP_5882,0.0,544,True
RFP_5883,0.4003139717425432,696,True
RFP_5884,0.7626733921815889,645,False
RFP_5885,0.7199481865284975,1201,False
RFP_5886,0.9921089474354079,1230,False
RFP_5887,0.0,758,True
RFP_5888,0.9910371318822023,1118,False
RFP_5889,0.9895141558895492,881,False
RFP_5890,0.7408250355618776,533,False
RFP_5891,0.54369274136716,876,False
RFP_5892,0.7361008154188288,822,False
RFP_5893,0.0,634,True
RFP_5894,0.23549965059399022,905,True
RFP_5895,0.11517650090182943,1222,True
RFP_5896,0.9897574123989218,883,False
RFP_5897,0.2761394101876676,810,True
RFP_5898,0.2791108865875221,1248,True
RFP_5899,0.9918267852021795,1101,False
RFP_5900,0.9907167858773398,1036,False
RFP_5901,0.9885230479774224,830,False
RFP_5902,0.22963464140730716,1175,True
RFP_5903,0.9911143481427531,1104,False
RFP_5904,0.11118235444985894,1211,True
RFP_5905,0.35634167385677307,564,True
RFP_5906,0.0,940,True
RFP_5907,0.0,1257,True
RFP_5908,0.0,1133,True
RFP_5909,0.48297952518527826,1215,False
RFP_5910,0.16637881404720783,854,True
RFP_5911,0.07701754385964912,909,True
RFP_5912,0.9916450590607894,1145,False
RFP_5913,0.990401822027005,971,False
RFP_5914,0.1178514550456059,1121,True
RFP_5915,0.9875104079933389,751,False
RFP_5916,0.3763074984247007,1242,False
RFP_5917,0.8874643874643875,661,False
RFP_5918,0.23766555086595836,1104,True
RFP_5919,0.0,1171,True
RFP_5920,0.9905441570026762,876,False
RFP_5921,0.0,993,True
RFP_5922,0.0,1274,True
RFP_5923,0.21969890278132176,578,True
RFP_5924,0.0,1268,True
RFP_5925,0.33329136237723495,1207,False
RFP_5926,0.9893029675638372,919,False
RFP_5927,0.9896285121629267,824,False
RFP_5928,0.0,936,True
RFP_5929,0.9872029250457038,812,False
RFP_5930,0.5677655677655677,1078,False
RFP_5931,0.992587008418143,1246,False
RFP_5932,0.21237585943468296,630,True
RFP_5933,0.8891161099750057,706,False
RFP_5934,0.986722866174921,748,False
RFP_5935,0.4422476586888658,767,True
RFP_5936,0.49375,548,True
RFP_5937,0.9834638816362054,559,False
RFP_5938,0.07651306740027511,913,True
RFP_5939,0.0,760,True
RFP_5940,0.9876466954910439,774,False
RFP_5941,0.8885710732495958,1264,False
RFP_5942,0.0,838,True
RFP_5943,0.0,1282,True
RFP_5944,0.2309296264118158,878,True
RFP_5945,0.0,816,True
RFP_5946,0.9922954303931987,1159,False
RFP_5947,0.9925790912641583,1210,False
RFP_5948,0.0,824,True
RFP_5949,0.0,1254,True
RFP_5950,0.5741298986023569,1188,False
RFP_5951,0.9908994387987259,1050,False
RFP_5952,0.0,1145,True
RFP_5953,0.0,1230,True
RFP_5954,0.9872108331766033,833,False
RFP_5955,0.9908001115137999,1091,False
RFP_5956,0.8622222222222222,541,False
RFP_5957,0.10432698372650435,1212,True
RFP_5958,0.575366229760987,819,False
RFP_5959,0.9825629670633822,556,False
RFP_5960,0.0,983,True
RFP_5961,0.720936181097327,1259,False
RFP_5962,0.0,743,True
RFP_5963,0.9197068403908795,937,False
RFP_5964,0.0,824,True
RFP_5965,0.1331168831168831,1015,True
RFP_5966,0.0,1027,True
RFP_5967,0.39165390505359876,1280,False
RFP_5968,0.8487700181608057,951,False
RFP_5969,0.9839121552604698,596,False
RFP_5970,0.9837625979843225,562,False
RFP_5971,0.992398327632079,1243,False
RFP_5972,0.39360978925900747,699,True
RFP_5973,0.79182156133829,1026,False
RFP_5974,0.17913549459684122,758,True
RFP_5975,0.0,1139,True
RFP_5976,0.21001771621839266,985,True
RFP_5977,0.9927961579509071,1171,False
RFP_5978,0.4254937163375224,950,False
RFP_5979,0.0,560,True
RFP_5980,0.76105476673428,1152,False
RFP_5981,0.92,962,False
RFP_5982,0.9922686945500634,1246,False
RFP_5983,0.9911463898641428,1034,False
RFP_5984,0.7413434247871334,792,False
RFP_5985,0.9882151682189698,858,False
RFP_5986,0.48963603721233884,957,False
RFP_5987,0.0,1081,True
RFP_5988,0.9907617504051864,948,False
RFP_5989,0.6856486796785304,673,False
RFP_5990,0.21855509355509356,599,True
RFP_5991,0.36126932465419037,791,True
RFP_5992,0.5304022450888681,1189,False
RFP_5993,0.9841404701217785,553,False
RFP_5994,0.08314263920671243,823,True
RFP_5995,0.8567251461988304,975,False
RFP_5996,0.932099587272001,1191,False
RFP_5997,0.166794674859191,1228,True
RFP_5998,0.9863741339491917,701,False
RFP_5999,0.8604786923525978,1070,False
RFP_6000,0.9856855851330989,606,False
RFP_6001,0.0,953,True
RFP_6002,0.9913457377758547,1091,False
RFP_6003,0.7692307692307693,649,False
RFP_6004,0.7738348323793949,976,False
RFP_6005,0.9245166279969064,1020,False
RFP_6006,0.3451586655817738,947,True
RFP_6007,0.0,1172,True
RFP_6008,0.8511951875890454,965,False
RFP_6009,0.0,633,True
RFP_6010,0.490569596378725,826,False
RFP_6011,0.05323450134770889,1156,True
RFP_6012,0.2899052899052899,665,True
RFP_6013,0.0,643,True
RFP_6014,0.28115328229353315,972,True
RFP_6015,0.17179652285898261,1218,True
RFP_6016,0.0,562,True
RFP_6017,0.8739369684842421,635,False
RFP_6018,0.6984148489364584,1164,False
RFP_6019,0.0,822,True
RFP_6020,0.3280105203832425,848,True
RFP_6021,0.8525534171844219,1034,False
RFP_6022,0.29694028844857795,1154,True
RFP_6023,0.12842224103866778,539,True
RFP_6024,0.46441032798325194,907,False
RFP_6025,0.8083978801467591,1170,False
RFP_6026,0.2945341889798628,722,True
RFP_6027,0.9895397489539749,878,False
RFP_6028,0.9914929817099106,1128,False
RFP_6029,0.12017719348385253,1106,True
RFP_6030,0.3063483826327625,922,True
RFP_6031,0.9907335907335907,1024,False
RFP_6032,0.0,944,True
RFP_6033,0.6088410104011887,1228,False
RFP_6034,0.08447816280500307,733,True
RFP_6035,0.0,1090,True
RFP_6036,0.7462602314422806,1105,False
RFP_6037,0.9851301115241635,558,False
RFP_6038,0.24086143383394729,1108,True
RFP_6039,0.25303586557469643,568,True
RFP_6040,0.8723897911832946,619,False
RFP_6041,0.29367878459034186,1119,True
RFP_6042,0.9932233729702085,1214,False
RFP_6043,0.08586727863836298,832,True
RFP_6044,0.4557739557739558,1007,False
RFP_6045,0.12015915119363395,1176,True
RFP_6046,0.9831380394398399,555,False
RFP_6047,0.9921101707072156,1061,False
RFP_6048,0.2882903446701666,679,True
RFP_6049,0.3461017866811045,1144,False
RFP_6050,0.8787261146496815,1212,False
RFP_6051,0.0,571,True
RFP_6052,0.4977123248498713,1127,False
RFP_6053,0.43104434907010014,1118,False
RFP_6054,0.3301801801801802,1061,True
RFP_6055,0.08432821678984272,831,True
RFP_6056,0.3531761885737115,1176,False
RFP_6057,0.9924213230571612,1212,False
RFP_6058,0.990086741016109,894,False
RFP_6059,0.9902720778233775,1042,False
RFP_6060,0.9890825512353956,802,False
RFP_6061,0.0879281537176274,725,True
RFP_6062,0.0,554,True
RFP_6063,0.22604605100272346,621,True
RFP_6064,0.9897850282055192,1047,False
RFP_6065,0.0,920,True
RFP_6066,0.9913482335976929,1095,False
RFP_6067,0.27182276465906074,1209,True
RFP_6068,0.9028012784357962,848,False
RFP_6069,0.6876075731497419,896,False
RFP_6070,0.22919964819700966,905,True
RFP_6071,0.0,713,True
RFP_6072,0.4396769308430086,1244,False
RFP_6073,0.9900530503978779,980,False
RFP_6074,0.0,1200,True
RFP_6075,0.36492397417204747,755,True
RFP_6076,0.986377396569122,621,False
RFP_6077,0.983274647887324,547,False
RFP_6078,0.0,696,True
RFP_6079,0.11667932169071121,638,True
RFP_6080,0.9876338132152086,809,False
RFP_6081,0.9830316742081447,561,False
RFP_6082,0.6117747440273038,573,True
RFP_6083,0.0,899,True
RFP_6084,0.10918450284475752,1116,True
RFP_6085,0.297964783901212,663,True
RFP_6086,0.9872853000223065,717,False
RFP_6087,0.0,540,True
RFP_6088,0.5516805660854183,1241,False
RFP_6089,0.0,1018,True
RFP_6090,0.9890678941311852,827,False
RFP_6091,0.9866920152091255,744,False
RFP_6092,0.9904824417459797,976,False
RFP_6093,0.9911532893678623,990,False
RFP_6094,0.9842105263157894,550,False
RFP_6095,0.9867411025819958,691,False
RFP_6096,0.9929357424263008,1195,False
RFP_6097,0.8231845688350984,827,False
RFP_6098,0.9918329093586825,1182,False
RFP_6099,0.9916754956863932,1037,False
RFP_6100,0.41337435233160624,974,False
RFP_6101,0.0,1147,True
RFP_6102,0.9924879042526101,1245,False
RFP_6103,0.32317708333333334,648,True
RFP_6104,0.13028571428571428,561,True
RFP_6105,0.6608409321175278,1224,False
RFP_6106,0.3725776203375703,752,True
RFP_6107,0.0,848,True
RFP_6108,0.9912167026637869,1076,False
RFP_6109,0.15004460303300624,880,True
RFP_6110,0.9924312840260258,1189,False
RFP_6111,0.06853441783401115,1021,True
RFP_6112,0.08399395998489996,820,True
RFP_6113,0.27481995884773663,1238,True
RFP_6114,0.0,1171,True
RFP_6115,0.0,877,True
RFP_6116,0.7420373027259685,1085,False
RFP_6117,0.9917977679171709,1177,False
RFP_6118,0.0,1093,True
RFP_6119,0.3212227511901779,606,True
RFP_6120,0.1421361120156301,963,True
RFP_6121,0.8756887515118935,1146,False
RFP_6122,0.7350014216661928,547,False
RFP_6123,0.9097878409698699,859,False
RFP_6124,0.0,709,True
RFP_6125,0.35209187858900737,965,True
RFP_6126,0.8614091040881415,1082,False
RFP_6127,0.0,629,True
RFP_6128,0.7975810132359653,686,False
RFP_6129,0.9910470409711685,1017,False
RFP_6130,0.9897326960523987,904,False
RFP_6131,0.0,556,True
RFP_6132,0.9897497738920712,1022,False
RFP_6133,0.983188568226394,577,False
RFP_6134,0.6186513629842181,569,True
RFP_6135,0.9916846319679704,1033,False
RFP_6136,0.0,759,True
RFP_6137,0.3520364568499003,550,True
RFP_6138,0.9897513759726704,832,False
RFP_6139,0.43913636927658517,1246,False
RFP_6140,0.9329268292682927,1180,False
RFP_6141,0.9906817067189799,937,False
RFP_6142,0.31038710807496933,900,True
RFP_6143,0.0,827,True
RFP_6144,0.9917916784602321,1127,False
RFP_6145,0.0,1034,True
RFP_6146,0.9919067215363512,1155,False
RFP_6147,0.987264043666136,664,False
RFP_6148,0.9905703422053231,1032,False
RFP_6149,0.0,1074,True
RFP_6150,0.9879798371461807,827,False
RFP_6151,0.9791028141543605,558,False
RFP_6152,0.0,656,True
RFP_6153,0.05309139784946237,1185,True
RFP_6154,0.9835740583404134,555,False
RFP_6155,0.0,628,True
RFP_6156,0.6521739130434783,613,False
RFP_6157,0.3784728289358728,881,True
RFP_6158,0.9843549628109771,628,False
RFP_6159,0.9897891963109354,945,False
RFP_6160,0.0,941,True
RFP_6161,0.9848840239770654,588,False
RFP_6162,0.0,1234,True
RFP_6163,0.28288726682887266,947,True
RFP_6164,0.21606217616580312,625,True
RFP_6165,0.820722433460076,850,False
RFP_6166,0.2871191359019829,974,True
RFP_6167,0.6137254901960785,570,True
RFP_6168,0.9922309983167164,1233,False
RFP_6169,0.0,894,True
RFP_6170,0.0,1234,True
RFP_6171,0.13513071895424836,961,True
RFP_6172,0.11586170493533914,1191,True
RFP_6173,0.9922393290774816,1223,False
RFP_6174,0.0,845,True
RFP_6175,0.4374616171954964,750,True
RFP_6176,0.3304130162703379,633,True
RFP_6177,0.0,887,True
RFP_6178,0.6138111888111888,894,False
RFP_6179,0.652027899767502,616,False
RFP_6180,0.0,626,True
RFP_6181,0.9351336680689375,1174,False
RFP_6182,0.3946436816992458,1057,False
RFP_6183,0.11472972972972972,1129,True
RFP_6184,0.9905906952430737,877,False
RFP_6185,0.1366687004270897,1014,True
RFP_6186,0.9898630624221946,865,False
RFP_6187,0.05649208596062283,1250,True
RFP_6188,0.992870782940802,1265,False
RFP_6189,0.2447766915852022,831,True
RFP_6190,0.8644600868653587,1017,False
RFP_6191,0.0,1072,True
RFP_6192,0.9906276150627615,961,False
RFP_6193,0.29967727063162747,679,True
RFP_6194,0.28906378094769636,945,True
RFP_6195,0.9901944762216048,969,False
RFP_6196,0.6091954022988506,553,True
RFP_6197,0.985239852398524,569,False
RFP_6198,0.0,834,True
RFP_6199,0.7017496270174963,1179,False
RFP_6200,0.9901230289377924,882,False
RFP_6201,0.6539325842696629,616,False
RFP_6202,0.5695473251028806,964,False
RFP_6203,0.4017094017094017,670,True
RFP_6204,0.9315536240881577,1007,False
RFP_6205,0.0,645,True
RFP_6206,0.13716373297907672,968,True
RFP_6207,0.0,1236,True
RFP_6208,0.9847870182555781,639,False
RFP_6209,0.9905660377358491,970,False
RFP_6210,0.6619570118743424,1036,False
RFP_6211,0.2322472848788638,1133,True
RFP_6212,0.11089275687815833,563,True
RFP_6213,0.08380765456329735,818,True
RFP_6214,0.6016421291053228,563,True
RFP_6215,0.318796992481203,636,True
RFP_6216,0.5210301737275221,1032,False
RFP_6217,0.9160781737559534,952,False
RFP_6218,0.551355384232778,642,True
RFP_6219,0.4979376340537865,976,False
RFP_6220,0.0,640,True
RFP_6221,0.9902809683689697,895,False
RFP_6222,0.992403140035452,1261,False
RFP_6223,0.0,986,True
RFP_6224,0.7835558678847505,668,False
RFP_6225,0.98851246105919,801,False
RFP_6226,0.2825788751714678,708,True
RFP_6227,0.0,539,True
RFP_6228,0.9919582392776524,1120,False
RFP_6229,0.9870102660800335,750,False
RFP_6230,0.1673158968651456,831,True
RFP_6231,0.6359846055163566,998,False
RFP_6232,0.6262333139872316,1051,False
RFP_6233,0.9910970706490523,1110,False
RFP_6234,0.5522899828557434,617,True
RFP_6235,0.0,930,True
RFP_6236,0.10816326530612246,626,True
RFP_6237,0.06836953196696237,1034,True
RFP_6238,0.4965369600805944,1229,False
RFP_6239,0.7563249001331558,1168,False
RFP_6240,0.4336643748408454,622,True
RFP_6241,0.9914700028433324,1099,False
RFP_6242,0.740279639915725,803,False
RFP_6243,0.9890282131661442,1053,False
RFP_6244,0.9874548160748459,730,False
RFP_6245,0.06267887807670292,1073,True
RFP_6246,0.4649243466299862,1008,False
RFP_6247,0.8994995829858216,745,False
RFP_6248,0.9889727219965178,813,False
RFP_6249,0.9911365260900643,1119,False
RFP_6250,0.7579406631762653,918,False
RFP_6251,0.0,654,True
RFP_6252,0.6645048640558743,631,False
RFP_6253,0.617636684303351,903,False
RFP_6254,0.0,849,True
RFP_6255,0.9891881638846738,820,False
RFP_6256,0.0,759,True
RFP_6257,0.7841912884556808,1029,False
RFP_6258,0.9894870978018477,983,False
RFP_6259,0.0,934,True
RFP_6260,0.9914336512041377,991,False
RFP_6261,0.4111902876748482,1182,False
RFP_6262,0.3279684178560583,1047,True
RFP_6263,0.3517186250999201,1179,False
RFP_6264,0.24240676662821992,800,True
RFP_6265,0.991997672050051,1073,False
RFP_6266,0.0,831,True
RFP_6267,0.9802558398220245,563,False
RFP_6268,0.0,1133,True
RFP_6269,0.19443176631675035,706,True
RFP_6270,0.27682911629066437,1269,True
RFP_6271,0.9838114172110196,551,False
RFP_6272,0.12937371361364305,528,True
RFP_6273,0.9889641819941917,811,False
RFP_6274,0.9359857179290997,1224,False
RFP_6275,0.9865259375701774,720,False
RFP_6276,0.7390562819783968,551,False
RFP_6277,0.9907407407407407,980,False
RFP_6278,0.9907392623343446,976,False
RFP_6279,0.4006973923590055,1048,False
RFP_6280,0.11285425101214575,616,True
RFP_6281,0.30809582094771815,880,True
RFP_6282,0.24631936579841449,572,True
RFP_6283,0.3774069319640565,1077,False
RFP_6284,0.9851337958374629,656,False
RFP_6285,0.6152912621359223,887,False
RFP_6286,0.7250190114068441,1032,False
RFP_6287,0.39481461579795807,1173,False
RFP_6288,0.9899366985878916,989,False
RFP_6289,0.9357681011365088,1211,False
RFP_6290,0.0,942,True
RFP_6291,0.9808599167822469,581,False
RFP_6292,0.5510204081632653,1232,False
RFP_6293,0.9886973180076628,811,False
RFP_6294,0.5473446893787575,614,True
RFP_6295,0.5767148014440433,690,False
RFP_6296,0.6373670212765957,1176,False
RFP_6297,0.0,553,True
RFP_6298,0.9839954272649328,559,False
RFP_6299,0.11701277955271565,1166,True
RFP_6300,0.0,554,True
RFP_6301,0.9889727219965178,798,False
RFP_6302,0.4119887398575923,941,False
RFP_6303,0.0,1111,True
RFP_6304,0.5451099317664898,608,True
RFP_6305,0.0,889,True
RFP_6306,0.27868307283006316,960,True
RFP_6307,0.98692259017085,733,False
RFP_6308,0.9863450159308147,701,False
RFP_6309,0.877089355284655,1233,False
RFP_6310,0.6233925290875689,760,False
RFP_6311,0.9881253649990267,812,False
RFP_6312,0.9906864954183566,1069,False
RFP_6313,0.5545760954109411,605,True
RFP_6314,0.0,972,True
RFP_6315,0.0,988,True
RFP_6316,0.8805970149253731,629,False
RFP_6317,0.0,688,True
RFP_6318,0.0,614,True
RFP_6319,0.9872768315206238,751,False
RFP_6320,0.25280737114886265,560,True
RFP_6321,0.0,756,True
RFP_6322,0.9894319682959049,813,False
RFP_6323,0.3003669404158658,925,True
RFP_6324,0.44464400256574726,1226,False
RFP_6325,0.0,1097,True
RFP_6326,0.0,940,True
RFP_6327,0.6211232187761945,578,True
RFP_6328,0.0,864,True
RFP_6329,0.0,859,True
RFP_6330,0.0,1101,True
RFP_6331,0.18789275240888145,757,True
RFP_6332,0.9855403348554034,635,False
RFP_6333,0.24958904109589042,535,True
RFP_6334,0.5995723885155773,1005,False
RFP_6335,0.0,879,True
RFP_6336,0.9915617848970252,1130,False
RFP_6337,0.9902755267423015,960,False
RFP_6338,0.9908380895163713,1043,False
RFP_6339,0.0,1000,True
RFP_6340,0.9878650761003702,780,False
RFP_6341,0.0,703,True
RFP_6342,0.0,687,True
RFP_6343,0.9919181034482759,1151,False
RFP_6344,0.9894905593159957,892,False
RFP_6345,0.8898362126991249,710,False
RFP_6346,0.1045016077170418,686,True
RFP_6347,0.9833662249788554,547,False
RFP_6348,0.0,1127,True
RFP_6349,0.17198656026879464,746,True
RFP_6350,0.06568823026503277,1111,True
RFP_6351,0.0,900,True
RFP_6352,0.9835921476706709,539,False
RFP_6353,0.5797815663292488,1154,False
RFP_6354,0.9265864170010403,1009,False
RFP_6355,0.28750406768630005,980,True
RFP_6356,0.12193392882461364,1084,True
RFP_6357,0.0,728,True
RFP_6358,0.0,695,True
RFP_6359,0.8836317135549873,1249,False
RFP_6360,0.45876560576754,865,False
RFP_6361,0.9924566255971838,1286,False
RFP_6362,0.0,1124,True
RFP_6363,0.0,624,True
RFP_6364,0.8367238634353441,913,False
RFP_6365,0.07821612349914236,895,True
RFP_6366,0.9926574777792091,1229,False
RFP_6367,0.0,630,True
RFP_6368,0.8970921839554548,747,False
RFP_6369,0.15025564901863764,954,True
RFP_6370,0.6307790753479443,991,False
RFP_6371,0.0,1150,True
RFP_6372,0.8282506060992727,1248,False
RFP_6373,0.6517857142857143,626,False
RFP_6374,0.938606546936696,1235,False
RFP_6375,0.5819375282933454,706,False
RFP_6376,0.9905022537025112,972,False
RFP_6377,0.0,988,True
RFP_6378,0.0,1116,True
RFP_6379,0.7084925690021231,747,False
RFP_6380,0.6274288932695016,563,True
RFP_6381,0.0,539,True
RFP_6382,0.8040251213245789,1135,False
RFP_6383,0.985126425384234,633,False
RFP_6384,0.0,1121,True
RFP_6385,0.5551481372836609,1080,False
RFP_6386,0.9911415916559508,1133,False
RFP_6387,0.23020186335403728,820,True
RFP_6388,0.0,705,True
RFP_6389,0.9903814262023217,967,False
RFP_6390,0.9899935442220787,943,False
RFP_6391,0.13994828700711054,994,True
RFP_6392,0.9929991248906114,1276,False
RFP_6393,0.6089743589743589,913,False
RFP_6394,0.0,529,True
RFP_6395,0.821502153961416,820,False
RFP_6396,0.385266529398307,707,True
RFP_6397,0.0,1022,True
RFP_6398,0.26615416580095574,770,True
RFP_6399,0.4851821862348178,953,False
RFP_6400,0.0,614,True
RFP_6401,0.28708791208791207,700,True
RFP_6402,0.7231956612432207,782,False
RFP_6403,0.9846064478652338,526,False
RFP_6404,0.5371157210697326,632,True
RFP_6405,0.9844011142061281,544,False
RFP_6406,0.989242745930644,1112,False
RFP_6407,0.9897972704385849,1171,False
RFP_6408,0.9886457473162675,770,False
RFP_6409,0.0,1028,True
RFP_6410,0.40465328467153283,683,True
RFP_6411,0.0,1246,True
RFP_6412,0.7642693055310126,885,False
RFP_6413,0.6824951813562292,874,False
RFP_6414,0.9920544835414302,1245,False
RFP_6415,0.8025954198473283,994,False
RFP_6416,0.9897893030794165,971,False
RFP_6417,0.9857393044783588,658,False
RFP_6418,0.11300152361604876,617,True
RFP_6419,0.255561893896178,568,True
RFP_6420,0.44421315570358033,754,True
RFP_6421,0.49232914923291493,538,True
RFP_6422,0.0,1121,True
RFP_6423,0.9907196352979486,962,False
RFP_6424,0.9902912621359223,941,False
RFP_6425,0.0,956,True
RFP_6426,0.0,1022,True
RFP_6427,0.5038798084860492,949,False
RFP_6428,0.0,1178,True
RFP_6429,0.7151384302768605,1243,False
RFP_6430,0.3604813881891967,547,True
RFP_6431,0.9896302975653742,1022,False
RFP_6432,0.6845291479820628,690,False
RFP_6433,0.2662586074980872,1216,True
RFP_6434,0.992059359541786,1195,False
RFP_6435,0.0,1130,True
RFP_6436,0.06463768115942028,1085,True
RFP_6437,0.9869574994378233,696,False
RFP_6438,0.0,831,True
RFP_6439,0.8174360930942388,833,False
RFP_6440,0.9919093851132686,1204,False
RFP_6441,0.0,709,True
RFP_6442,0.9898664950940969,997,False
RFP_6443,0.9916722632639355,1133,False
RFP_6444,0.40053691275167785,1191,False
RFP_6445,0.9251018033740547,1057,False
RFP_6446,0.7990203354608877,1072,False
RFP_6447,0.43397874508662104,1107,False
RFP_6448,0.21993850137562712,955,True
RFP_6449,0.8442211055276382,869,False
RFP_6450,0.0,974,True
RFP_6451,0.9911208151382824,1069,False
RFP_6452,0.33052792654934965,841,True
RFP_6453,0.0,1070,True
RFP_6454,0.6504128368904813,999,False
RFP_6455,0.8452768729641694,972,False
RFP_6456,0.0,1117,True
RFP_6457,0.9853387259858443,628,False
RFP_6458,0.5251252466980416,1008,False
RFP_6459,0.0,1175,True
RFP_6460,0.9907351154313487,1042,False
RFP_6461,0.9900297358754592,898,False
RFP_6462,0.5562510294844342,947,False
RFP_6463,0.0,1230,True
RFP_6464,0.8797800549862534,634,False
RFP_6465,0.9931488078925733,1169,False
RFP_6466,0.29454545454545455,1200,True
RFP_6467,0.9915760869565218,1164,False
RFP_6468,0.06039755351681957,1017,True
RFP_6469,0.0,741,True
RFP_6470,0.396701786532295,682,True
RFP_6471,0.9898576512455516,874,False
RFP_6472,0.06239041496201052,1079,True
RFP_6473,0.1798590965602984,753,True
RFP_6474,0.8930921052631579,761,False
RFP_6475,0.9911436860589403,1029,False
RFP_6476,0.35405141555483244,966,True
RFP_6477,0.0,1138,True
RFP_6478,0.9923973644196655,1245,False
RFP_6479,0.9804018853882411,650,False
RFP_6480,0.5539894286433426,624,True
RFP_6481,0.3129475794901174,1086,True
RFP_6482,0.910105980317941,823,False
RFP_6483,0.08609406952965235,766,True
RFP_6484,0.9825764067409312,548,False
RFP_6485,0.0,866,True
RFP_6486,0.0,694,True
RFP_6487,0.0,807,True
RFP_6488,0.6154400115223967,1087,False
RFP_6489,0.9876517802016875,748,False
RFP_6490,0.9908129658519674,897,False
RFP_6491,0.7899284862932062,1045,False
RFP_6492,0.8146196459937847,1189,False
RFP_6493,0.8059142024156601,756,False
RFP_6494,0.9890239121912975,805,False
RFP_6495,0.0,702,True
RFP_6496,0.238756148981026,868,True
RFP_6497,0.6871609403254972,682,False
RFP_6498,0.806613645876936,750,False
RFP_6499,0.9902023771281722,1011,False
RFP_6500,0.7661932802216834,879,False
RFP_6501,0.9925132309281012,1248,False
RFP_6502,0.915756372062231,942,False
RFP_6503,0.9874772773177136,788,False
RFP_6504,0.0,814,True
RFP_6505,0.0,617,True
RFP_6506,0.5932203389830508,1032,False
RFP_6507,0.11540664375715923,553,True
RFP_6508,0.9892512972572276,817,False
RFP_6509,0.3555967841682127,785,True
RFP_6510,0.9819819819819819,549,False
RFP_6511,0.0,586,True
RFP_6512,0.5820156220232425,814,False
RFP_6513,0.98523146833286,553,False
RFP_6514,0.45043213014743266,623,True
RFP_6515,0.3406950308541734,998,True
RFP_6516,0.6611617312072893,821,False
RFP_6517,0.7055628703094141,933,False
RFP_6518,0.11679025423728813,1203,True
RFP_6519,0.5628370648798824,971,False
RFP_6520,0.0,1262,True
RFP_6521,0.9925916298414349,1222,False
RFP_6522,0.989933489124573,877,False
RFP_6523,0.9916812022004562,1162,False
RFP_6524,0.9907130017974836,1066,False
RFP_6525,0.39990900818926295,721,True
RFP_6526,0.7811059907834101,965,False
RFP_6527,0.0,649,True
RFP_6528,0.9910430511412887,1106,False
RFP_6529,0.32435465768799104,842,True
RFP_6530,0.0,1193,True
RFP_6531,0.0,1164,True
RFP_6532,0.1468657696094519,932,True
RFP_6533,0.9904385097263435,966,False
RFP_6534,0.7041388518024032,1150,False
RFP_6535,0.0,832,True
RFP_6536,0.14391845196959227,887,True
RFP_6537,0.11501954215522055,570,True
RFP_6538,0.8317035512094699,1214,False
RFP_6539,0.9845413076533198,626,False
RFP_6540,0.9897264843228819,1180,False
RFP_6541,0.9922728483879563,1167,False
RFP_6542,0.9889922186373126,835,False
RFP_6543,0.0,1041,True
RFP_6544,0.9836020011117287,552,False
RFP_6545,0.0,905,True
RFP_6546,0.0,1241,True
RFP_6547,0.0,1117,True
RFP_6548,0.0,789,True
RFP_6549,0.6885060077080027,687,False
RFP_6550,0.6191555681496175,544,True
RFP_6551,0.1810596579057155,762,True
RFP_6552,0.9298031435983519,1035,False
RFP_6553,0.16854636591478697,741,True
RFP_6554,0.31323454266734796,641,True
RFP_6555,0.0,939,True
RFP_6556,0.9921067738231917,1100,False
RFP_6557,0.0,768,True
RFP_6558,0.9917213816728518,1073,False
RFP_6559,0.0898598516075845,745,True
RFP_6560,0.6467470518086657,1181,False
RFP_6561,0.0,769,True
RFP_6562,0.16889568207871608,834,True
RFP_6563,0.0,897,True
RFP_6564,0.0,1171,True
RFP_6565,0.4899915421482943,557,True
RFP_6566,0.5517142033995966,1045,False
RFP_6567,0.9880707527766351,777,False
RFP_6568,0.0,889,True
RFP_6569,0.6860599078341014,1124,False
RFP_6570,0.7215369059656218,770,False
RFP_6571,0.736989891426432,844,False
RFP_6572,0.8594327990135635,1045,False
RFP_6573,0.9930123237199847,1243,False
RFP_6574,0.9877032096706961,759,False
RFP_6575,0.9922167771692131,1119,False
RFP_6576,0.9894339622641509,827,False
RFP_6577,0.0,893,True
RFP_6578,0.5415617128463476,603,True
RFP_6579,0.0,559,True
RFP_6580,0.9846420609363389,632,False
RFP_6581,0.7845696348917892,997,False
RFP_6582,0.9900375632859709,1000,False
RFP_6583,0.0,1235,True
RFP_6584,0.9889440113394755,1065,False
RFP_6585,0.20394736842105263,685,True
RFP_6586,0.22432915921288013,891,True
RFP_6587,0.602472575309072,900,False
RFP_6588,0.9929426591052299,1223,False
RFP_6589,0.521524064171123,1203,False
RFP_6590,0.0,899,True
RFP_6591,0.0,1087,True
RFP_6592,0.0,1016,True
RFP_6593,0.9902424150022869,1051,False
RFP_6594,0.8550964187327824,572,False
RFP_6595,0.30258640421149,692,True
RFP_6596,0.20267192955822075,1043,True
RFP_6597,0.2249557522123894,906,True
RFP_6598,0.0,642,True
RFP_6599,0.6323769155526573,964,False
RFP_6600,0.0,1028,True
RFP_6601,0.9884622659353131,823,False
RFP_6602,0.6090463843272832,549,True
RFP_6603,0.0,1261,True
RFP_6604,0.9909032875837855,951,False
RFP_6605,0.0,1156,True
RFP_6606,0.9925074925074925,1238,False
RFP_6607,0.985947938263073,699,False
RFP_6608,0.5364691255698301,771,False
RFP_6609,0.6137634408602151,1097,False
RFP_6610,0.0,976,True
RFP_6611,0.8830665978316985,615,False
RFP_6612,0.9883305100696405,821,False
RFP_6613,0.0,1043,True
RFP_6614,0.0,1078,True
RFP_6615,0.9921996879875195,1082,False
RFP_6616,0.9860681114551083,600,False
RFP_6617,0.0,582,True
RFP_6618,0.0,1055,True
RFP_6619,0.5019444444444444,564,True
RFP_6620,0.5815548780487805,805,False
RFP_6621,0.9894322049077557,889,False
RFP_6622,0.9919496855345912,1222,False
RFP_6623,0.0,1274,True
RFP_6624,0.989948862634456,920,False
RFP_6625,0.6021474992935858,550,True
RFP_6626,0.2695417789757412,779,True
RFP_6627,0.0,1168,True
RFP_6628,0.9906285344966876,989,False
RFP_6629,0.9927729174591099,1250,False
RFP_6630,0.0,1074,True
RFP_6631,0.0,771,True
RFP_6632,0.25748502994011974,719,True
RFP_6633,0.3761652809271857,1249,False
RFP_6634,0.7405075367296318,831,False
RFP_6635,0.9929550886904013,1255,False
RFP_6636,0.371976348324673,893,True
RFP_6637,0.9863140802598005,699,False
RFP_6638,0.9123907259597112,820,False
RFP_6639,0.467482192629297,1002,False
RFP_6640,0.22016955586486145,1216,True
RFP_6641,0.990625,953,False
RFP_6642,0.11863458310016788,573,True
RFP_6643,0.8814954784721285,1187,False
RFP_6644,0.9904065783462769,1033,False
RFP_6645,0.34595407326407873,1188,False
RFP_6646,0.7002385821404227,927,False
RFP_6647,0.0,965,True
RFP_6648,0.5028117763810784,984,False
RFP_6649,0.8105815831987075,1191,False
RFP_6650,0.0,1235,True
RFP_6651,0.7124385828807861,1203,False
RFP_6652,0.9928301886792453,1273,False
RFP_6653,0.6308866515102306,983,False
RFP_6654,0.988491316174932,766,False
RFP_6655,0.5755868544600939,1129,False
RFP_6656,0.9857142857142858,689,False
RFP_6657,0.4885428253615128,681,True
RFP_6658,0.8562101427269967,1041,False
RFP_6659,0.8381757351646416,889,False
RFP_6660,0.4677441260355833,1162,False
RFP_6661,0.9875930521091811,932,False
RFP_6662,0.9904426559356136,912,False
RFP_6663,0.9900555340307374,1207,False
RFP_6664,0.0,1099,True
RFP_6665,0.98721071863581,746,False
RFP_6666,0.4140377076722046,821,True
RFP_6667,0.6728448275862069,1099,False
RFP_6668,0.3816631130063966,1027,False
RFP_6669,0.0,742,True
RFP_6670,0.9856812933025404,693,False
RFP_6671,0.9891304347826086,911,False
RFP_6672,0.9875510204081632,766,False
RFP_6673,0.4903400309119011,804,False
RFP_6674,0.9839162624457493,620,False
RFP_6675,0.3863788114845315,705,True
RFP_6676,0.5489116837628221,639,True
RFP_6677,0.0,1039,True
RFP_6678,0.11352232814851981,1225,True
RFP_6679,0.9910956836703894,1055,False
RFP_6680,0.4015544041450777,1036,False
RFP_6681,0.7758733268037872,926,False
RFP_6682,0.9932077406125849,1239,False
RFP_6683,0.5007645259938838,796,False
RFP_6684,0.0,597,True
RFP_6685,0.23491027732463296,1147,True
RFP_6686,0.49705634987384356,576,True
RFP_6687,0.9866485630233084,683,False
RFP_6688,0.9863517060367454,606,False
RFP_6689,0.9853587115666179,648,False
RFP_6690,0.8062714776632303,1079,False
RFP_6691,0.985390428211587,625,False
RFP_6692,0.18418335742308486,774,True
RFP_6693,0.9843276036400405,609,False
RFP_6694,0.07512362114872576,817,True
RFP_6695,0.7288651942117289,1060,False
RFP_6696,0.39626125086545116,675,True
RFP_6697,0.23820395738203956,794,True
RFP_6698,0.0,1190,True
RFP_6699,0.987115544472153,732,False
RFP_6700,0.0,664,True
RFP_6701,0.24574588769143504,1093,True
RFP_6702,0.5673205103789755,841,False
RFP_6703,0.9919701749354746,1115,False
RFP_6704,0.0,610,True
RFP_6705,0.0,1020,True
RFP_6706,0.9922732818218788,1154,False
RFP_6707,0.0,888,True
RFP_6708,0.9916786226685796,1109,False
RFP_6709,0.6857650455252055,703,False
RFP_6710,0.7858546168958742,959,False
RFP_6711,0.9857700252467294,689,False
RFP_6712,0.9820757444348077,559,False
RFP_6713,0.8588182228236355,1019,False
RFP_6714,0.0,748,True
RFP_6715,0.9904497843499692,1017,False
RFP_6716,0.2829992189533976,1159,True
RFP_6717,0.9917745415318231,1169,False
RFP_6718,0.9923231814749559,1245,False
RFP_6719,0.9886984366170654,835,False
RFP_6720,0.9916209188095926,1090,False
RFP_6721,0.0,1000,True
RFP_6722,0.9870869730345614,830,False
RFP_6723,0.9883103081827843,1010,False
RFP_6724,0.3584441161989168,946,True
RFP_6725,0.9899270580062521,899,False
RFP_6726,0.6783752529632842,1072,False
RFP_6727,0.9892564320045236,1108,False
RFP_6728,0.0,1164,True
RFP_6729,0.0,1032,True
RFP_6730,0.9922837417084066,1152,False
RFP_6731,0.5970565846231921,1259,False
RFP_6732,0.48351400180668475,699,True
RFP_6733,0.06149193548387097,1088,True
RFP_6734,0.7889367490364997,703,False
RFP_6735,0.9852941176470589,654,False
RFP_6736,0.908785046728972,848,False
RFP_6737,0.6290479274611399,969,False
RFP_6738,0.9006928406466512,781,False
RFP_6739,0.09854175872735307,717,True
RFP_6740,0.19457735247208932,707,True
RFP_6741,0.9167467178994556,949,False
RFP_6742,0.6850632009969735,889,False
RFP_6743,0.9923703607914134,1215,False
RFP_6744,0.07221177944862156,1044,True
RFP_6745,0.9919794674366378,1007,False
RFP_6746,0.2914332784184514,953,True
RFP_6747,0.5870500339597011,713,False
RFP_6748,0.06810845706907682,994,True
RFP_6749,0.9908330652943068,970,False
RFP_6750,0.9933297758804696,1197,False
RFP_6751,0.0,1235,True
RFP_6752,0.0,1032,True
RFP_6753,0.9902603483798464,858,False
RFP_6754,0.0,867,True
RFP_6755,0.0,1191,True
RFP_6756,0.2167376597344024,1252,True
RFP_6757,0.3462264150943396,1158,False
RFP_6758,0.9924461790255571,1219,False
RFP_6759,0.992497320471597,1185,False
RFP_6760,0.0,937,True
RFP_6761,0.9882864160211601,816,False
RFP_6762,0.9838874680306905,634,False
RFP_6763,0.9892813213846424,877,False
RFP_6764,0.0,971,True
RFP_6765,0.0,1190,True
RFP_6766,0.9910782956468236,1027,False
RFP_6767,0.2682301678841471,1201,True
RFP_6768,0.7873379099923722,1029,False
RFP_6769,0.9910951413841588,1001,False
RFP_6770,0.8674596431605778,1085,False
RFP_6771,0.9896907216494846,936,False
RFP_6772,0.4311625249928592,1087,False
RFP_6773,0.9868771785933976,757,False
RFP_6774,0.9924773683539462,1242,False
RFP_6775,0.6150776984460311,748,False
RFP_6776,0.8475130890052356,985,False
RFP_6777,0.0,1087,True
RFP_6778,0.06441764616089146,1059,True
RFP_6779,0.0,790,True
RFP_6780,0.9925972396486825,1224,False
RFP_6781,0.06865622961513372,976,True
RFP_6782,0.9864833372174319,685,False
RFP_6783,0.0,838,True
RFP_6784,0.19170021678538246,1014,True
RFP_6785,0.758900795022468,921,False
RFP_6786,0.9861111111111112,754,False
RFP_6787,0.7784184514003295,961,False
RFP_6788,0.9828410689170183,581,False
RFP_6789,0.0,778,True
RFP_6790,0.0,1093,True
RFP_6791,0.9924571720787523,1240,False
RFP_6792,0.13591495823842065,1001,True
RFP_6793,0.0,1108,True
RFP_6794,0.9885844748858448,846,False
RFP_6795,0.7382140876317249,567,False
RFP_6796,0.620244179443498,1108,False
RFP_6797,0.09504046482672754,778,True
RFP_6798,0.9178866963717377,957,False
RFP_6799,0.9921167883211679,1072,False
RFP_6800,0.0,817,True
RFP_6801,0.6863778854374466,1119,False
RFP_6802,0.0,559,True
RFP_6803,0.610246679316888,1241,False
RFP_6804,0.0,546,True
RFP_6805,0.457365977205572,744,True
RFP_6806,0.0,848,True
RFP_6807,0.4935779816513762,682,True
RFP_6808,0.988912579957356,1085,False
RFP_6809,0.18816326530612246,773,True
RFP_6810,0.9914912027689645,1075,False
RFP_6811,0.9926377253109926,1213,False
RFP_6812,0.7205542725173211,1224,False
RFP_6813,0.6402211022597951,961,False
RFP_6814,0.987219730941704,702,False
RFP_6815,0.0,1159,True
RFP_6816,0.988457269700333,714,False
RFP_6817,0.7648379052369078,639,False
RFP_6818,0.0644124847001224,1035,True
RFP_6819,0.18627040602762662,756,True
RFP_6820,0.2903843523457803,1138,True
RFP_6821,0.0,747,True
RFP_6822,0.9830649639089395,586,False
RFP_6823,0.833764553686934,1206,False
RFP_6824,0.8187150456963579,1174,False
RFP_6825,0.07940090274928191,754,True
RFP_6826,0.08184832159138003,735,True
RFP_6827,0.6234033786567779,790,False
RFP_6828,0.9845375316277762,558,False
RFP_6829,0.39232701530029684,703,True
RFP_6830,0.6622291021671827,1028,False
RFP_6831,0.43708750266127316,756,True
RFP_6832,0.5431705590941259,909,False
RFP_6833,0.5780413159908186,825,False
RFP_6834,0.0,816,True
RFP_6835,0.7616860308024859,1150,False
RFP_6836,0.9866967871485943,660,False
RFP_6837,0.982662192393736,562,False
RFP_6838,0.5257555847568988,1175,False
RFP_6839,0.0,1202,True
RFP_6840,0.0,965,True
RFP_6841,0.3814147018030513,1034,False
RFP_6842,0.8786993522164359,1251,False
RFP_6843,0.7457150885080078,538,False
RFP_6844,0.6494767177309267,1033,False
RFP_6845,0.0,891,True
RFP_6846,0.0,561,True
RFP_6847,0.9912980420594634,1081,False
RFP_6848,0.0,1257,True
RFP_6849,0.8786023973476154,631,False
RFP_6850,0.9862306368330465,622,False
RFP_6851,0.985947416137806,721,False
RFP_6852,0.9920943656669595,1261,False
RFP_6853,0.9886126399696337,830,False
RFP_6854,0.9902182091798345,816,False
RFP_6855,0.9867216117216118,659,False
RFP_6856,0.9873546808076687,743,False
RFP_6857,0.37612650909709233,903,True
RFP_6858,0.0,909,True
RFP_6859,0.9030396306271643,812,False
RFP_6860,0.0,649,True
RFP_6861,0.9830076465590484,535,False
RFP_6862,0.09057071960297766,751,True
RFP_6863,0.9896998756881549,872,False
RFP_6864,0.6431089474567735,932,False
RFP_6865,0.0,826,True
RFP_6866,0.9919764642952661,1155,False
RFP_6867,0.9831602582093741,562,False
RFP_6868,0.2497159090909091,538,True
RFP_6869,0.8953168044077136,677,False
RFP_6870,0.9909865617830219,947,False
RFP_6871,0.9197377746279235,914,False
RFP_6872,0.06969009826152683,1034,True
RFP_6873,0.9918883841661259,978,False
RFP_6874,0.5342915811088296,752,False
RFP_6875,0.6063797313797313,1012,False
RFP_6876,0.9930183268919087,1261,False
RFP_6877,0.10033821871476889,695,True
RFP_6878,0.0,1177,True
RFP_6879,0.5102739726027398,569,True
RFP_6880,0.9885692512859592,832,False
RFP_6881,0.117765543171747,1142,True
RFP_6882,0.9912058627581612,1156,False
RFP_6883,0.19089277703005833,675,True
RFP_6884,0.9881680946552428,788,False
RFP_6885,0.3986807792606228,1035,False
RFP_6886,0.9923410773551187,1247,False
RFP_6887,0.0,1241,True
RFP_6888,0.0,660,True
RFP_6889,0.2090311986863711,982,True
RFP_6890,0.6912962698299271,1112,False
RFP_6891,0.21739832149774047,951,True
RFP_6892,0.9895524986940624,874,False
RFP_6893,0.825775961170009,1270,False
RFP_6894,0.9884193417310037,796,False
RFP_6895,0.990961262553802,1081,False
RFP_6896,0.9879788101059495,775,False
RFP_6897,0.9838138593829034,632,False
RFP_6898,0.5478388278388279,1094,False
RFP_6899,0.6236715679138157,1062,False
RFP_6900,0.9884240119067306,935,False
RFP_6901,0.8791633359978683,1184,False
RFP_6902,0.9930211902042888,1259,False
RFP_6903,0.9884250474383302,824,False
RFP_6904,0.725958612294583,1043,False
RFP_6905,0.5841611103551504,1159,False
RFP_6906,0.740874524714829,820,False
RFP_6907,0.0,1020,True
RFP_6908,0.8354474370112945,888,False
RFP_6909,0.988358028424554,1056,False
RFP_6910,0.621568072459666,573,True
RFP_6911,0.9873391448733915,759,False
RFP_6912,0.5730593607305936,809,False
RFP_6913,0.11540664375715923,551,True
RFP_6914,0.0,643,True
RFP_6915,0.1609011885754834,873,True
RFP_6916,0.9870752553679383,735,False
RFP_6917,0.3022553720475937,903,True
RFP_6918,0.9915132105684548,1003,False
RFP_6919,0.0,628,True
RFP_6920,0.17672151127361366,740,True
RFP_6921,0.8781887755102041,1219,False
RFP_6922,0.7794685441744266,707,False
RFP_6923,0.7653150781112866,894,False
RFP_6924,0.9906326781326781,1017,False
RFP_6925,0.2619987849331713,1052,True
RFP_6926,0.08188489764387795,839,True
RFP_6927,0.9914792568794525,1109,False
RFP_6928,0.0,936,True
RFP_6929,0.6753172679309853,1092,False
RFP_6930,0.40143904425739885,1151,False
RFP_6931,0.7090909090909091,699,False
RFP_6932,0.9920463736856295,1186,False
RFP_6933,0.0,720,True
RFP_6934,0.0,903,True
RFP_6935,0.0,1270,True
RFP_6936,0.0,961,True
RFP_6937,0.987729057591623,954,False
RFP_6938,0.2487352445193929,557,True
RFP_6939,0.13774188633246992,1023,True
RFP_6940,0.984131482006234,560,False
RFP_6941,0.6849438202247191,676,False
RFP_6942,0.0,604,True
RFP_6943,0.990990990990991,1125,False
RFP_6944,0.992098465278833,1026,False
RFP_6945,0.0,1233,True
RFP_6946,0.0,923,True
RFP_6947,0.7386039886039886,1119,False
RFP_6948,0.0,748,True
RFP_6949,0.9101398601398601,923,False
RFP_6950,0.48676030393737046,656,True
RFP_6951,0.0,1114,True
RFP_6952,0.19950848972296695,707,True
RFP_6953,0.99072114601986,964,False
RFP_6954,0.9911052544885521,961,False
RFP_6955,0.054159387179142586,1168,True
RFP_6956,0.9835367584445075,549,False
RFP_6957,0.0,943,True
RFP_6958,0.1561999644191425,893,True
RFP_6959,0.9868888888888889,683,False
RFP_6960,0.19909208819714655,953,True
RFP_6961,0.0,747,True
RFP_6962,0.436897880539499,962,False
RFP_6963,0.0,749,True
RFP_6964,0.687019448213478,705,False
RFP_6965,0.05970352237182103,1155,True
RFP_6966,0.24234143535164676,1101,True
RFP_6967,0.9886282871357498,894,False
RFP_6968,0.0,1108,True
RFP_6969,0.26525967308090215,751,True
RFP_6970,0.5380879345603272,608,True
RFP_6971,0.3395218718209563,619,True
RFP_6972,0.869685534591195,636,False
RFP_6973,0.6572404630859746,837,False
RFP_6974,0.9929479914368468,1251,False
RFP_6975,0.9865105624840926,612,False
RFP_6976,0.9909949164851125,1046,False
RFP_6977,0.9920091324200914,1130,False
RFP_6978,0.2511534025374856,556,True
RFP_6979,0.3108573500090629,892,True
RFP_6980,0.8193269411543523,853,False
RFP_6981,0.4068642273964318,1035,False
RFP_6982,0.3469886055344547,1176,False
RFP_6983,0.42311365807067813,931,False
RFP_6984,0.25007128599942974,556,True
RFP_6985,0.9026993094789705,757,False
RFP_6986,0.9854600150413637,660,False
RFP_6987,0.38305990080122093,1264,False
RFP_6988,0.7276229994072317,545,False
RFP_6989,0.0,904,True
RFP_6990,0.4170316301703163,1006,False
RFP_6991,0.6582302936630603,805,False
RFP_6992,0.0,678,True
RFP_6993,0.0,893,True
RFP_6994,0.41354505971769817,1168,False
RFP_6995,0.8927328556806551,751,False
RFP_6996,0.992244183137353,1261,False
RFP_6997,0.30746183478384936,1110,True
RFP_6998,0.9881362418675852,819,False
RFP_6999,0.9878022683500963,728,False
RFP_7000,0.9904197080291971,1033,False
