rfp_id,full_spec,level1_spec,level2_spec,level3_spec
RFP_0001,FRLS 1.1kV 4C 0.75 sqmm Cu PVC armoured cable as per IEC 60502-1,FRLS 1.1kV 4C 0.75 sqmm cable,1.1kV 0.75 sqmm cable,0.75 sqmm cable
RFP_0002,1.1kV 8C 6 sqmm Cu PVC armoured cable as per BS 5308,1.1kV 8C 6 sqmm Cu cable,1.1kV 8C cable,1.1kV cable
RFP_0003,1.1kV 1C 150 sqmm Cu PVC armoured cable as per IS 1554,1.1kV Cu PVC armoured cable,Cu PVC cable,Cu cable
RFP_0004,FRLS 3.3kV 1C 50 sqmm Cu EPR armoured cable as per IS 7098-1,1C Cu EPR armoured cable,Cu EPR cable,EPR cable
RFP_0005,LSZH 500V 5C 2.5 sqmm Cu PVC armoured cable as per IEC 60502-1,500V 2.5 sqmm Cu PVC cable,2.5 sqmm Cu cable,2.5 sqmm cable
RFP_0006,ZH 132kV 1C 800 sqmm Al XLPE armoured cable as per IEC 60840,ZH 132kV Al XLPE cable,ZH 132kV cable,ZH cable
RFP_0007,1.1kV 5C 2.5 sqmm Cu PVC armoured cable as per BS 5308,5C 2.5 sqmm PVC armoured cable,5C PVC cable,PVC cable
RFP_0008,500V 5C 2.5 sqmm Cu XLPE armoured cable as per IEC 60502-1,500V 5C Cu cable as per IEC 60502-1,500V 5C cable,500V cable
RFP_0009,LSZH 300V 12C 1.5 sqmm Cu PVC armoured cable as per IEC 60502-1,LSZH 12C armoured cable as per IEC 60502-1,armoured cable as per IEC 60502-1,cable as per IEC 60502-1
RFP_0010,FR 500V 4C 4 sqmm Cu PVC armoured cable as per IS 694,FR Cu PVC armoured cable,Cu armoured cable,Cu cable
RFP_0011,FR 300V 24C 2.5 sqmm Cu XLPE armoured cable as per BS 5308-1,FR 300V XLPE cable as per BS 5308-1,300V XLPE cable,XLPE cable
RFP_0012,FR 500V 30C 2.5 sqmm Cu PVC armoured cable as per IS 1554,Cu PVC armoured cable as per IS 1554,Cu cable as per IS 1554,Cu cable
RFP_0013,LSZH 1.1kV 20C 1.5 sqmm Cu XLPE armoured cable as per IEC 60502-1,20C Cu XLPE cable as per IEC 60502-1,20C Cu cable,20C cable
RFP_0014,FR 440V 10C 6 sqmm Cu XLPE armoured cable as per IS 694,10C 6 sqmm armoured cable as per IS 694,6 sqmm cable as per IS 694,6 sqmm cable
RFP_0015,FRLS 1.1kV 19C 1 sqmm Cu PVC armoured cable as per IS 1554,FRLS 1.1kV Cu PVC cable,1.1kV Cu cable,1.1kV cable
RFP_0016,ZH 1.1kV 4C 25 sqmm Al PVC armoured cable as per BS 5467,ZH 1.1kV 4C PVC cable,1.1kV 4C cable,1.1kV cable
RFP_0017,FRLS 11kV 1C 300 sqmm Al EPR armoured cable as per IEC 60502-1,FRLS 300 sqmm Al armoured cable,300 sqmm Al cable,Al cable
RFP_0018,FRLS 1.1kV 10C 2.5 sqmm Cu XLPE armoured cable as per IS 1554,FRLS 1.1kV Cu cable as per IS 1554,1.1kV Cu cable,Cu cable
RFP_0019,Fire Survival 1.1kV 4C 4 sqmm Cu Mineral (MI) armoured cable as per IEC 60331,Fire Survival 4C 4 sqmm Mineral (MI) cable as per IEC 60331,4C Mineral (MI) cable as per IEC 60331,4C Mineral (MI) cable
RFP_0020,500V 8C 2.5 sqmm Cu XLPE armoured cable as per IEC 60502-1,2.5 sqmm Cu XLPE armoured cable,2.5 sqmm Cu cable,Cu cable
RFP_0021,440V 2C 1 sqmm Cu PVC armoured cable as per IS 694,440V 1 sqmm PVC armoured cable,1 sqmm PVC cable,PVC cable
RFP_0022,FRLS 440V 4C 2.5 sqmm Cu PVC armoured cable as per IEC 60245,FRLS 4C Cu cable as per IEC 60245,Cu cable as per IEC 60245,cable as per IEC 60245
RFP_0023,LSZH 440V 16C 1.5 sqmm Cu XLPE armoured cable as per IS 694,LSZH 440V XLPE cable as per IS 694,440V cable as per IS 694,cable as per IS 694
RFP_0024,ZH 220kV 1C 240 sqmm Al XLPE armoured cable as per IEC 62067,1C XLPE armoured cable as per IEC 62067,1C armoured cable,armoured cable
RFP_0025,FRLS 1.1kV 14C 2.5 sqmm Cu XLPE armoured cable as per BS 5308,14C 2.5 sqmm Cu cable as per BS 5308,14C 2.5 sqmm cable,2.5 sqmm cable
RFP_0026,FR 1.1kV 5C 4 sqmm Cu XLPE armoured cable as per IEC 60502-1,FR 1.1kV 4 sqmm Cu cable,1.1kV 4 sqmm cable,4 sqmm cable
RFP_0027,FRLS 400kV 1C 500 sqmm Al XLPE armoured cable as per IEC 62067,FRLS XLPE armoured cable as per IEC 62067,FRLS cable as per IEC 62067,cable as per IEC 62067
RFP_0028,FR 440V 3C 1 sqmm Cu XLPE armoured cable as per IS 1554,440V 1 sqmm armoured cable as per IS 1554,440V cable as per IS 1554,440V cable
RFP_0029,LSZH 500V 7C 2.5 sqmm Cu PVC armoured cable as per IS 1554,LSZH 7C 2.5 sqmm Cu cable,7C 2.5 sqmm cable,2.5 sqmm cable
RFP_0030,LSZH 500V 2C 1.5 sqmm Cu PVC armoured cable as per IS 694,LSZH 500V PVC armoured cable,LSZH PVC cable,LSZH cable
RFP_0031,FRLS 440V 4C 1 sqmm Cu XLPE armoured cable as per IS 694,1 sqmm XLPE armoured cable as per IS 694,1 sqmm armoured cable,1 sqmm cable
RFP_0032,220kV 1C 400 sqmm Cu XLPE armoured cable as per IEC 62067,220kV 1C Cu XLPE cable,220kV 1C cable,1C cable
RFP_0033,LSZH 500V 8C 0.5 sqmm Cu PVC armoured cable as per IEC 60502-1,500V 8C 0.5 sqmm armoured cable,8C 0.5 sqmm cable,0.5 sqmm cable
RFP_0034,220kV 1C 800 sqmm Cu XLPE armoured cable as per IEC 62067,Cu XLPE armoured cable as per IEC 62067,Cu XLPE cable,Cu cable
RFP_0035,LSZH 110kV 1C 500 sqmm Cu XLPE armoured cable as per IEC 60840,LSZH 500 sqmm Cu armoured cable,LSZH Cu cable,LSZH cable
RFP_0036,LSZH 500V 20C 1.5 sqmm Cu XLPE armoured cable as per BS 5308-1,LSZH 20C 1.5 sqmm XLPE cable,20C XLPE cable,XLPE cable
RFP_0037,LSZH 440V 16C 1.5 sqmm Cu PVC armoured cable as per IS 694,LSZH 440V 16C Cu cable,440V Cu cable,Cu cable
RFP_0038,ZH 440V 4C 2.5 sqmm Cu PVC armoured cable as per IS 694,4C Cu PVC cable as per IS 694,4C Cu cable,4C cable
RFP_0039,ZH 110kV 1C 400 sqmm Al XLPE armoured cable as per IEC 60840,Al XLPE armoured cable as per IEC 60840,Al XLPE cable,XLPE cable
RFP_0040,ZH 440V 5C 16 sqmm Cu XLPE armoured cable as per IS 694,ZH 5C XLPE cable as per IS 694,5C cable as per IS 694,cable as per IS 694
RFP_0041,LSZH 1.1kV 24C 2.5 sqmm Cu XLPE armoured cable as per IEC 60502-1,24C Cu XLPE armoured cable,24C armoured cable,24C cable
RFP_0042,LSZH 3.3kV 1C 95 sqmm Cu EPR armoured cable as per IEC 60502-1,3.3kV Cu armoured cable as per IEC 60502-1,armoured cable as per IEC 60502-1,cable as per IEC 60502-1
RFP_0043,440V 5C 1 sqmm Cu XLPE armoured cable as per IS 694,440V 5C Cu armoured cable,5C armoured cable,armoured cable
RFP_0044,FR 500V 12C 4 sqmm Cu XLPE armoured cable as per IEC 60502-1,FR 500V Cu XLPE cable,FR Cu cable,Cu cable
RFP_0045,ZH 6.6kV 1C 95 sqmm Al EPR armoured cable as per IS 7098-1,6.6kV 1C EPR cable as per IS 7098-1,6.6kV EPR cable,6.6kV cable
RFP_0046,FR 500V 8C 2.5 sqmm Cu PVC armoured cable as per IS 1554,FR 8C 2.5 sqmm PVC cable,FR 8C cable,8C cable
RFP_0047,FRLS 500V 2C 120 sqmm Cu PVC armoured cable as per IS 694,2C 120 sqmm armoured cable as per IS 694,120 sqmm armoured cable,armoured cable
RFP_0048,FR 600V 3C 240 sqmm Cu PVC armoured cable as per IS 694,3C 240 sqmm PVC armoured cable,240 sqmm armoured cable,240 sqmm cable
RFP_0049,ZH 440V 2C 150 sqmm Al PVC armoured cable as per IEC 60502-1,ZH 440V Al cable as per IEC 60502-1,ZH Al cable,Al cable
RFP_0050,FRLS 1.1kV 12C 2.5 sqmm Cu XLPE armoured cable as per IS 1554,FRLS 2.5 sqmm XLPE cable as per IS 1554,2.5 sqmm XLPE cable,2.5 sqmm cable
RFP_0051,LSZH 500V 4C 4 sqmm Cu XLPE armoured cable as per IS 1554,LSZH XLPE armoured cable as per IS 1554,XLPE armoured cable,armoured cable
RFP_0052,ZH 440V 4C 2.5 sqmm Cu XLPE armoured cable as per IS 9968,ZH 4C XLPE cable as per IS 9968,XLPE cable as per IS 9968,cable as per IS 9968
RFP_0053,LSZH 500V 30C 2.5 sqmm Cu XLPE armoured cable as per IEC 60502-1,LSZH 500V 30C cable as per IEC 60502-1,500V 30C cable,30C cable
RFP_0054,LSZH 132kV 1C 1000 sqmm Cu XLPE armoured cable as per IEC 60840,132kV 1C 1000 sqmm Cu cable,1C Cu cable,1C cable
RFP_0055,LSZH 1.1kV 7C 6 sqmm Cu XLPE armoured cable as per BS 5308,LSZH 7C Cu cable as per BS 5308,LSZH 7C cable,LSZH cable
RFP_0056,FR 500V 2C 500 sqmm Cu XLPE armoured cable as per IS 1554,500V 2C Cu cable as per IS 1554,Cu cable as per IS 1554,Cu cable
RFP_0057,FRLS 6.6kV 1C 400 sqmm Cu XLPE armoured cable as per IEC 60502-1,FRLS 6.6kV 1C XLPE cable,FRLS XLPE cable,FRLS cable
RFP_0058,LSZH 500V 4C 2.5 sqmm Cu XLPE armoured cable as per IEC 60502-1,2.5 sqmm Cu XLPE armoured cable,Cu armoured cable,armoured cable
RFP_0059,LSZH 440V 24C 1.5 sqmm Cu PVC armoured cable as per IS 1554,24C 1.5 sqmm Cu armoured cable,24C Cu cable,24C cable
RFP_0060,300V 16C 1.5 sqmm Cu XLPE armoured cable as per BS 5308-1,16C 1.5 sqmm XLPE cable as per BS 5308-1,1.5 sqmm XLPE cable,XLPE cable
RFP_0061,FR 220kV 1C 240 sqmm Al XLPE armoured cable as per IEC 62067,FR 1C XLPE cable as per IEC 62067,FR 1C cable,1C cable
RFP_0062,LSZH 440V 5C 1 sqmm Cu XLPE armoured cable as per IS 694,LSZH 1 sqmm armoured cable as per IS 694,LSZH cable as per IS 694,cable as per IS 694
RFP_0063,FR 1.1kV 5C 6 sqmm Cu XLPE armoured cable as per IS 1554,FR 1.1kV 6 sqmm armoured cable,1.1kV armoured cable,1.1kV cable
RFP_0064,300V 16C 0.5 sqmm Cu PVC armoured cable as per BS 5308-1,300V 16C PVC cable as per BS 5308-1,16C PVC cable,PVC cable
RFP_0065,FR 3.3kV 3C 50 sqmm Cu XLPE armoured cable as per IS 7098-1,FR 3.3kV XLPE cable as per IS 7098-1,3.3kV cable as per IS 7098-1,cable as per IS 7098-1
RFP_0066,Fire Survival 440V 3C 16 sqmm Cu XLPE armoured cable as per BS 6387,Cu XLPE armoured cable as per BS 6387,Cu XLPE cable,Cu cable
RFP_0067,Fire Survival 1.1kV 3C 16 sqmm Cu XLPE armoured cable as per IEC 60331,Fire Survival 1.1kV 3C Cu cable,Fire Survival 3C cable,3C cable
RFP_0068,6.6kV 3C 120 sqmm Cu EPR armoured cable as per IEC 60502-1,3C 120 sqmm Cu EPR cable,3C 120 sqmm cable,3C cable
RFP_0069,FR 440V 3.5C 6 sqmm Cu PVC armoured cable as per IS 694,3. 6 sqmm PVC armoured cable as per IS 694,3. armoured cable as per IS 694,3. armoured cable
RFP_0070,Fire Survival 1.1kV 4C 4 sqmm Cu XLPE armoured cable as per IS 17048,4C 4 sqmm Cu cable as per IS 17048,4C Cu cable,Cu cable
RFP_0071,FR 220kV 1C 500 sqmm Al XLPE armoured cable as per IEC 62067,FR XLPE armoured cable as per IEC 62067,armoured cable as per IEC 62067,cable as per IEC 62067
RFP_0072,FRLS 1.1kV 4C 2.5 sqmm Cu XLPE armoured cable as per IEC 60502-1,FRLS 1.1kV 4C armoured cable,FRLS 1.1kV cable,1.1kV cable
RFP_0073,FRLS 66kV 1C 240 sqmm Al XLPE armoured cable as per IEC 60840,66kV 1C Al XLPE cable,Al XLPE cable,Al cable
RFP_0074,LSZH 132kV 1C 800 sqmm Al XLPE armoured cable as per IEC 60840,132kV 800 sqmm XLPE cable as per IEC 60840,800 sqmm XLPE cable,XLPE cable
RFP_0075,500V 2C 1.5 sqmm Cu XLPE armoured cable as per IEC 60502-1,2C XLPE armoured cable as per IEC 60502-1,armoured cable as per IEC 60502-1,cable as per IEC 60502-1
RFP_0076,FR 6.6kV 3C 400 sqmm Cu EPR armoured cable as per IS 7098-1,FR 400 sqmm Cu armoured cable,400 sqmm Cu cable,Cu cable
RFP_0077,LSZH 1.1kV 6C 0.75 sqmm Cu PVC armoured cable as per BS 5308-1,1.1kV 6C armoured cable as per BS 5308-1,6C cable as per BS 5308-1,6C cable
RFP_0078,1.1kV 6C 6 sqmm Cu XLPE armoured cable as per IEC 60502-1,6C 6 sqmm Cu XLPE cable,6C 6 sqmm cable,6C cable
RFP_0079,ZH 440V 3C 35 sqmm Cu PVC armoured cable as per IS 9968,ZH 35 sqmm Cu PVC cable,35 sqmm Cu cable,Cu cable
RFP_0080,LSZH 440V 24C 2.5 sqmm Cu PVC armoured cable as per IS 694,2.5 sqmm Cu PVC cable as per IS 694,2.5 sqmm cable as per IS 694,2.5 sqmm cable
RFP_0081,FRLS 300V 8C 0.5 sqmm Cu XLPE armoured cable as per IEC 60502-1,300V 8C Cu XLPE cable,Cu XLPE cable,Cu cable
RFP_0082,FR 1.1kV 10C 2.5 sqmm Cu XLPE armoured cable as per IEC 60502-1,1.1kV 10C Cu cable as per IEC 60502-1,1.1kV 10C cable,1.1kV cable
RFP_0083,LSZH 1.1kV 3C 500 sqmm Al EPR armoured cable as per BS 5467,1.1kV 500 sqmm EPR cable as per BS 5467,EPR cable as per BS 5467,EPR cable
RFP_0084,300V 2C 1 sqmm Cu PVC armoured cable as per BS 5308-1,2C 1 sqmm PVC cable as per BS 5308-1,1 sqmm cable as per BS 5308-1,1 sqmm cable
RFP_0085,FRLS 1.1kV 2C 1 sqmm Cu PVC armoured cable as per IEC 60502-1,1.1kV Cu PVC armoured cable,1.1kV PVC cable,1.1kV cable
RFP_0086,LSZH 440V 5C 6 sqmm Cu XLPE armoured cable as per IS 9968,LSZH 440V XLPE armoured cable,440V XLPE cable,440V cable
RFP_0087,LSZH 1.1kV 10C 0.75 sqmm Cu PVC armoured cable as per IS 1554,10C Cu PVC cable as per IS 1554,Cu cable as per IS 1554,Cu cable
RFP_0088,Fire Survival 440V 1C 95 sqmm Cu Mineral (MI) armoured cable as per IEC 60331,Fire Survival 440V 1C Mineral (MI) cable as per IEC 60331,Fire Survival Mineral (MI) cable as per IEC 60331,Fire Survival Mineral (MI) cable
RFP_0089,FR 1.1kV 3C 2.5 sqmm Cu XLPE armoured cable as per IS 9968,FR 3C Cu armoured cable,3C armoured cable,armoured cable
RFP_0090,ZH 400kV 1C 630 sqmm Cu XLPE armoured cable as per IEC 62067,ZH 400kV 1C XLPE cable,ZH 1C cable,ZH cable
RFP_0091,132kV 1C 1000 sqmm Cu XLPE armoured cable as per IEC 60840,132kV 1000 sqmm Cu cable as per IEC 60840,1000 sqmm Cu cable,Cu cable
RFP_0092,500V 27C 4 sqmm Cu PVC armoured cable as per IS 1554,27C Cu armoured cable as per IS 1554,27C Cu cable,Cu cable
RFP_0093,FRLS 440V 2C 35 sqmm Cu PVC armoured cable as per IS 9968,35 sqmm PVC armoured cable as per IS 9968,PVC cable as per IS 9968,cable as per IS 9968
RFP_0094,Fire Survival 440V 1C 2.5 sqmm Cu XLPE armoured cable as per BS 6387,Fire Survival XLPE armoured cable as per BS 6387,Fire Survival cable as per BS 6387,Fire Survival cable
RFP_0095,LSZH 440V 7C 4 sqmm Cu PVC armoured cable as per IS 694,440V Cu PVC armoured cable,PVC armoured cable,armoured cable
RFP_0096,ZH 440V 2C 6 sqmm Cu XLPE armoured cable as per IS 694,2C 6 sqmm Cu cable as per IS 694,6 sqmm cable as per IS 694,6 sqmm cable
RFP_0097,Fire Survival 440V 3C 70 sqmm Cu Mineral (MI) armoured cable as per BS 6387,3C 70 sqmm Cu Mineral (MI) armoured cable,70 sqmm Cu Mineral (MI) cable,70 sqmm Mineral (MI) cable
RFP_0098,FR 500V 5C 4 sqmm Cu PVC armoured cable as per IS 694,FR 500V PVC armoured cable,FR 500V cable,500V cable
RFP_0099,500V 3C 4 sqmm Cu PVC armoured cable as per IS 694,500V 3C armoured cable as per IS 694,500V cable as per IS 694,cable as per IS 694
RFP_0100,FR 500V 3C 1 sqmm Cu PVC armoured cable as per IS 1554,500V 1 sqmm Cu PVC cable,500V PVC cable,500V cable
RFP_0101,FRLS 300V 4C 0.75 sqmm Cu XLPE armoured cable as per IEC 60502-1,4C 0.75 sqmm Cu cable as per IEC 60502-1,0.75 sqmm cable as per IEC 60502-1,cable as per IEC 60502-1
RFP_0102,ZH 33kV 3C 70 sqmm Al XLPE armoured cable as per IEC 60502-2,ZH 33kV 3C armoured cable,3C armoured cable,3C cable
RFP_0103,FRLS 1.1kV 3C 50 sqmm Cu PVC armoured cable as per IS 1554,1.1kV Cu armoured cable as per IS 1554,1.1kV cable as per IS 1554,cable as per IS 1554
RFP_0104,FRLS 300V 1C 1.5 sqmm Cu PVC armoured cable as per IEC 60502-1,300V Cu PVC armoured cable,PVC armoured cable,armoured cable
RFP_0105,LSZH 500V 8C 1 sqmm Cu XLPE armoured cable as per IEC 60502-1,8C 1 sqmm XLPE cable as per IEC 60502-1,8C 1 sqmm cable,8C cable
RFP_0106,FR 66kV 1C 500 sqmm Al XLPE armoured cable as per IEC 60840,1C Al XLPE armoured cable,1C Al cable,1C cable
RFP_0107,FR 33kV 1C 95 sqmm Al XLPE armoured cable as per IEC 60502-2,FR 33kV armoured cable as per IEC 60502-2,FR armoured cable,armoured cable
RFP_0108,FR 220kV 1C 630 sqmm Al XLPE armoured cable as per IEC 62067,220kV 1C 630 sqmm Al cable,220kV 630 sqmm cable,630 sqmm cable
RFP_0109,500V 2C 2.5 sqmm Cu XLPE armoured cable as per BS 5308-1,2C 2.5 sqmm Cu cable as per BS 5308-1,2C cable as per BS 5308-1,cable as per BS 5308-1
RFP_0110,LSZH 440V 5C 35 sqmm Cu PVC armoured cable as per IEC 60245,LSZH 35 sqmm armoured cable as per IEC 60245,armoured cable as per IEC 60245,armoured cable
RFP_0111,LSZH 500V 16C 0.5 sqmm Cu PVC armoured cable as per IEC 60502-1,LSZH 0.5 sqmm Cu armoured cable,LSZH armoured cable,armoured cable
RFP_0112,1.1kV 4C 400 sqmm Al EPR armoured cable as per IEC 60502-1,1.1kV 4C Al armoured cable,1.1kV Al cable,Al cable
RFP_0113,440V 3C 2.5 sqmm Cu XLPE armoured cable as per IS 1554,2.5 sqmm Cu armoured cable as per IS 1554,2.5 sqmm Cu cable,2.5 sqmm cable
RFP_0114,FRLS 1.1kV 4C 4 sqmm Cu XLPE armoured cable as per IEC 60502-1,FRLS Cu XLPE cable as per IEC 60502-1,FRLS XLPE cable,XLPE cable
RFP_0115,LSZH 500V 4C 2.5 sqmm Cu PVC armoured cable as per IEC 60502-1,LSZH 2.5 sqmm Cu cable as per IEC 60502-1,Cu cable as per IEC 60502-1,cable as per IEC 60502-1
RFP_0116,FR 400kV 1C 300 sqmm Al XLPE armoured cable as per IEC 62067,400kV 300 sqmm armoured cable as per IEC 62067,300 sqmm cable as per IEC 62067,cable as per IEC 62067
RFP_0117,500V 14C 4 sqmm Cu XLPE armoured cable as per IS 1554,500V 4 sqmm XLPE armoured cable,4 sqmm armoured cable,armoured cable
RFP_0118,440V 24C 2.5 sqmm Cu XLPE armoured cable as per IS 694,2.5 sqmm Cu armoured cable as per IS 694,2.5 sqmm Cu cable,Cu cable
RFP_0119,22kV 1C 150 sqmm Cu XLPE armoured cable as per IS 7098-2,22kV 1C Cu XLPE cable,22kV XLPE cable,22kV cable
RFP_0120,ZH 500V 4C 0.75 sqmm Cu PVC armoured cable as per IEC 60245,ZH 0.75 sqmm Cu PVC cable,Cu PVC cable,Cu cable
RFP_0121,LSZH 6.6kV 1C 95 sqmm Cu XLPE armoured cable as per IEC 60502-1,LSZH 6.6kV 95 sqmm armoured cable,LSZH 6.6kV cable,6.6kV cable
RFP_0122,FRLS 500V 4C 10 sqmm Cu XLPE armoured cable as per IS 1554,10 sqmm Cu XLPE cable as per IS 1554,XLPE cable as per IS 1554,cable as per IS 1554
RFP_0123,ZH 110kV 1C 1000 sqmm Cu XLPE armoured cable as per IEC 60840,ZH 1C 1000 sqmm armoured cable,ZH 1000 sqmm cable,1000 sqmm cable
RFP_0124,FRLS 1.1kV 20C 0.5 sqmm Cu PVC armoured cable as per IEC 60502-1,FRLS 1.1kV Cu cable as per IEC 60502-1,1.1kV cable as per IEC 60502-1,1.1kV cable
RFP_0125,FR 11kV 1C 185 sqmm Cu EPR armoured cable as per IEC 60502-1,FR 1C Cu EPR cable,FR 1C cable,1C cable
RFP_0126,1.1kV 10C 2.5 sqmm Cu XLPE armoured cable as per IS 1554,1.1kV 10C 2.5 sqmm Cu cable,1.1kV 2.5 sqmm cable,2.5 sqmm cable
RFP_0127,ZH 1.1kV 3C 95 sqmm Cu XLPE armoured cable as per IS 1554,3C 95 sqmm Cu XLPE cable,95 sqmm XLPE cable,95 sqmm cable
RFP_0128,LSZH 440V 3C 1 sqmm Cu XLPE armoured cable as per IS 9968,1 sqmm XLPE armoured cable as per IS 9968,XLPE cable as per IS 9968,XLPE cable
RFP_0129,FR 440V 3C 4 sqmm Cu XLPE armoured cable as per IS 1554,FR 3C XLPE armoured cable,FR armoured cable,FR cable
RFP_0130,500V 16C 0.75 sqmm Cu PVC armoured cable as per BS 5308-1,Cu PVC armoured cable as per BS 5308-1,PVC cable as per BS 5308-1,cable as per BS 5308-1
RFP_0131,Fire Survival 1.1kV 4C 95 sqmm Cu Mineral (MI) armoured cable as per IS 17048,4C 95 sqmm Mineral (MI) armoured cable as per IS 17048,4C 95 sqmm Mineral (MI) cable,4C Mineral (MI) cable
RFP_0132,LSZH 500V 6C 0.5 sqmm Cu XLPE armoured cable as per IEC 60502-1,LSZH Cu XLPE cable as per IEC 60502-1,LSZH Cu cable,LSZH cable
RFP_0133,LSZH 500V 24C 0.5 sqmm Cu PVC armoured cable as per BS 5308-1,500V Cu armoured cable as per BS 5308-1,500V Cu cable,500V cable
RFP_0134,FR 500V 8C 1 sqmm Cu PVC armoured cable as per IEC 60502-1,500V 1 sqmm PVC cable as per IEC 60502-1,1 sqmm cable as per IEC 60502-1,cable as per IEC 60502-1
RFP_0135,500V 3C 1 sqmm Cu PVC armoured cable as per IEC 60245,500V 1 sqmm armoured cable as per IEC 60245,500V cable as per IEC 60245,500V cable
RFP_0136,FRLS 1.1kV 24C 1.5 sqmm Cu PVC armoured cable as per IS 1554,Cu PVC armoured cable as per IS 1554,Cu cable as per IS 1554,Cu cable
RFP_0137,LSZH 440V 5C 16 sqmm Cu XLPE armoured cable as per IS 9968,16 sqmm Cu XLPE cable as per IS 9968,16 sqmm XLPE cable,16 sqmm cable
RFP_0138,FR 500V 20C 0.75 sqmm Cu PVC armoured cable as per BS 5308-1,FR 500V Cu armoured cable,500V Cu cable,Cu cable
RFP_0139,FRLS 600V 4C 120 sqmm Cu XLPE armoured cable as per IEC 60502-1,FRLS 600V 4C armoured cable,600V 4C cable,4C cable
RFP_0140,FR 300V 24C 2.5 sqmm Cu XLPE armoured cable as per IEC 60502-1,FR 300V 24C 2.5 sqmm cable,300V 2.5 sqmm cable,2.5 sqmm cable
RFP_0141,ZH 110kV 1C 185 sqmm Al XLPE armoured cable as per IEC 60840,ZH 1C 185 sqmm cable as per IEC 60840,1C cable as per IEC 60840,cable as per IEC 60840
RFP_0142,440V 8C 4 sqmm Cu PVC armoured cable as per IS 1554,440V 8C armoured cable as per IS 1554,440V cable as per IS 1554,440V cable
RFP_0143,400kV 1C 630 sqmm Cu XLPE armoured cable as per IEC 62067,400kV 1C 630 sqmm cable as per IEC 62067,400kV 1C cable,1C cable
RFP_0144,FR 3.3kV 3C 95 sqmm Cu EPR armoured cable as per IEC 60502-1,3C 95 sqmm armoured cable as per IEC 60502-1,95 sqmm cable as per IEC 60502-1,95 sqmm cable
RFP_0145,11kV 1C 185 sqmm Cu EPR armoured cable as per IS 7098-1,1C Cu EPR armoured cable,1C armoured cable,1C cable
RFP_0146,FRLS 500V 2C 2.5 sqmm Cu XLPE armoured cable as per IEC 60502-1,FRLS Cu XLPE armoured cable,FRLS armoured cable,FRLS cable
RFP_0147,33kV 1C 95 sqmm Cu XLPE armoured cable as per IEC 60502-2,1C 95 sqmm armoured cable as per IEC 60502-2,armoured cable as per IEC 60502-2,cable as per IEC 60502-2
RFP_0148,FR 440V 4C 300 sqmm Al XLPE armoured cable as per IEC 60502-1,FR 4C armoured cable as per IEC 60502-1,armoured cable as per IEC 60502-1,cable as per IEC 60502-1
RFP_0149,440V 27C 6 sqmm Cu XLPE armoured cable as per IS 694,440V 27C 6 sqmm XLPE cable,440V 6 sqmm cable,440V cable
RFP_0150,FR 500V 16C 2.5 sqmm Cu PVC armoured cable as per IEC 60502-1,FR 16C Cu armoured cable,16C armoured cable,16C cable
RFP_0151,FR 110kV 1C 185 sqmm Cu XLPE armoured cable as per IEC 60840,FR 110kV 1C armoured cable,FR armoured cable,FR cable
RFP_0152,LSZH 33kV 1C 400 sqmm Cu XLPE armoured cable as per IS 7098-2,1C 400 sqmm armoured cable as per IS 7098-2,armoured cable as per IS 7098-2,cable as per IS 7098-2
RFP_0153,LSZH 440V 5C 1.5 sqmm Cu XLPE armoured cable as per IS 694,5C 1.5 sqmm XLPE cable as per IS 694,1.5 sqmm XLPE cable,1.5 sqmm cable
RFP_0154,440V 14C 1 sqmm Cu XLPE armoured cable as per IS 694,440V 1 sqmm Cu XLPE cable,Cu XLPE cable,XLPE cable
RFP_0155,Fire Survival 1.1kV 3C 95 sqmm Cu XLPE armoured cable as per BS 6387,1.1kV 95 sqmm Cu armoured cable,1.1kV armoured cable,1.1kV cable
RFP_0156,FRLS 1.1kV 6C 2.5 sqmm Cu XLPE armoured cable as per BS 5308-1,1.1kV 2.5 sqmm armoured cable as per BS 5308-1,1.1kV 2.5 sqmm cable,1.1kV cable
RFP_0157,FR 440V 2C 1.5 sqmm Cu XLPE armoured cable as per IS 1554,FR 440V Cu XLPE cable,440V XLPE cable,440V cable
RFP_0158,FR 1.1kV 4C 0.5 sqmm Cu XLPE armoured cable as per BS 5308-1,FR 4C Cu cable as per BS 5308-1,FR cable as per BS 5308-1,FR cable
RFP_0159,FR 66kV 1C 1000 sqmm Al XLPE armoured cable as per IS 7098-3,FR 66kV 1000 sqmm cable as per IS 7098-3,66kV 1000 sqmm cable,66kV cable
RFP_0160,FR 300V 10C 0.5 sqmm Cu PVC armoured cable as per IEC 60502-1,FR 10C 0.5 sqmm Cu cable,FR 0.5 sqmm cable,0.5 sqmm cable
RFP_0161,LSZH 1.1kV 6C 1 sqmm Cu XLPE armoured cable as per IS 1554,LSZH Cu armoured cable as per IS 1554,LSZH armoured cable,armoured cable
RFP_0162,FRLS 132kV 1C 400 sqmm Al XLPE armoured cable as per IEC 60840,132kV 400 sqmm Al XLPE cable,132kV 400 sqmm cable,400 sqmm cable
RFP_0163,LSZH 3.3kV 3C 95 sqmm Cu EPR armoured cable as per IS 7098-1,3.3kV EPR armoured cable as per IS 7098-1,armoured cable as per IS 7098-1,armoured cable
RFP_0164,ZH 440V 1C 35 sqmm Cu PVC armoured cable as per IEC 60245,ZH 440V Cu armoured cable,Cu armoured cable,armoured cable
RFP_0165,LSZH 440V 5C 6 sqmm Cu PVC armoured cable as per IS 694,440V 5C 6 sqmm cable as per IS 694,440V cable as per IS 694,440V cable
RFP_0166,LSZH 500V 5C 1.5 sqmm Cu PVC armoured cable as per IEC 60245,LSZH 500V 1.5 sqmm Cu cable,LSZH Cu cable,Cu cable
RFP_0167,FRLS 500V 1C 1 sqmm Cu XLPE armoured cable as per BS 5308-1,500V 1 sqmm XLPE cable as per BS 5308-1,XLPE cable as per BS 5308-1,XLPE cable
RFP_0168,LSZH 11kV 3C 185 sqmm Al XLPE armoured cable as per IS 7098-1,11kV 3C 185 sqmm XLPE cable,11kV 185 sqmm cable,11kV cable
RFP_0169,FR 500V 12C 2.5 sqmm Cu XLPE armoured cable as per IEC 60502-1,FR 500V Cu armoured cable,500V armoured cable,armoured cable
RFP_0170,LSZH 300V 6C 0.75 sqmm Cu PVC armoured cable as per BS 5308-1,LSZH 300V 0.75 sqmm cable as per BS 5308-1,LSZH cable as per BS 5308-1,LSZH cable
RFP_0171,FRLS 1.1kV 3C 1 sqmm Cu PVC armoured cable as per IS 1554,1.1kV PVC armoured cable as per IS 1554,PVC armoured cable,armoured cable
RFP_0172,ZH 22kV 3C 95 sqmm Cu XLPE armoured cable as per IS 7098-2,3C 95 sqmm Cu cable as per IS 7098-2,3C Cu cable,3C cable
RFP_0173,FR 500V 12C 1 sqmm Cu XLPE armoured cable as per IEC 60502-1,FR 12C Cu XLPE cable,FR Cu cable,FR cable
RFP_0174,300V 4C 1.5 sqmm Cu PVC armoured cable as per BS 5308-1,300V 4C armoured cable as per BS 5308-1,300V armoured cable,300V cable
RFP_0175,FR 22kV 1C 400 sqmm Al XLPE armoured cable as per IEC 60502-2,FR 400 sqmm Al cable as per IEC 60502-2,FR Al cable,Al cable
RFP_0176,ZH 440V 4C 4 sqmm Cu PVC armoured cable as per IS 694,4C 4 sqmm PVC armoured cable,4 sqmm PVC cable,PVC cable
RFP_0177,FRLS 300V 10C 0.75 sqmm Cu XLPE armoured cable as per BS 5308-1,300V 0.75 sqmm XLPE cable as per BS 5308-1,0.75 sqmm XLPE cable,XLPE cable
RFP_0178,LSZH 300V 20C 0.75 sqmm Cu XLPE armoured cable as per BS 5308-1,LSZH 300V 20C XLPE cable,LSZH XLPE cable,LSZH cable
RFP_0179,FR 500V 24C 4 sqmm Cu XLPE armoured cable as per IS 1554,FR 4 sqmm Cu cable as per IS 1554,FR Cu cable,Cu cable
RFP_0180,LSZH 3.3kV 3C 120 sqmm Cu EPR armoured cable as per IEC 60502-1,3.3kV Cu armoured cable as per IEC 60502-1,Cu cable as per IEC 60502-1,Cu cable
RFP_0181,Fire Survival 440V 4C 120 sqmm Cu XLPE armoured cable as per BS 6387,Fire Survival 4C 120 sqmm cable as per BS 6387,120 sqmm cable as per BS 6387,120 sqmm cable
RFP_0182,FRLS 1.1kV 1C 1 sqmm Cu XLPE armoured cable as per IS 9968,FRLS 1C 1 sqmm Cu cable,FRLS 1C cable,FRLS cable
RFP_0183,LSZH 1.1kV 4C 2.5 sqmm Al EPR armoured cable as per IEC 60502-1,2.5 sqmm Al armoured cable as per IEC 60502-1,2.5 sqmm armoured cable,2.5 sqmm cable
RFP_0184,1.1kV 2C 2.5 sqmm Cu XLPE armoured cable as per BS 5308,2.5 sqmm XLPE armoured cable as per BS 5308,2.5 sqmm armoured cable,armoured cable
RFP_0185,FRLS 1.1kV 3C 120 sqmm Al EPR armoured cable as per BS 5467,FRLS 1.1kV EPR cable as per BS 5467,1.1kV cable as per BS 5467,cable as per BS 5467
RFP_0186,LSZH 440V 4C 10 sqmm Cu PVC armoured cable as per IS 694,LSZH 4C armoured cable as per IS 694,armoured cable as per IS 694,armoured cable
RFP_0187,FR 22kV 1C 400 sqmm Cu XLPE armoured cable as per IEC 60502-2,FR 400 sqmm Cu XLPE cable,Cu XLPE cable,Cu cable
RFP_0188,FR 1.1kV 1C 6 sqmm Cu XLPE armoured cable as per IS 9968,1C 6 sqmm Cu XLPE cable,1C 6 sqmm cable,1C cable
RFP_0189,FRLS 500V 24C 1.5 sqmm Cu XLPE armoured cable as per IEC 60502-1,FRLS 24C XLPE cable as per IEC 60502-1,24C cable as per IEC 60502-1,24C cable
RFP_0190,LSZH 500V 3C 0.75 sqmm Cu PVC armoured cable as per IEC 60245,500V 3C 0.75 sqmm Cu cable,500V 0.75 sqmm cable,500V cable
RFP_0191,FRLS 440V 6C 6 sqmm Cu XLPE armoured cable as per IS 1554,440V 6 sqmm XLPE armoured cable,440V XLPE cable,XLPE cable
RFP_0192,LSZH 500V 6C 1 sqmm Cu PVC armoured cable as per IS 1554,6C 1 sqmm Cu PVC cable,6C PVC cable,6C cable
RFP_0193,ZH 22kV 3C 70 sqmm Cu XLPE armoured cable as per IS 7098-2,ZH 22kV 3C XLPE cable,ZH 3C cable,ZH cable
RFP_0194,1.1kV 4C 6 sqmm Cu PVC armoured cable as per BS 5308,1.1kV 4C PVC armoured cable,4C armoured cable,4C cable
RFP_0195,1.1kV 8C 2.5 sqmm Cu PVC armoured cable as per IEC 60502-1,8C Cu armoured cable as per IEC 60502-1,8C armoured cable,armoured cable
RFP_0196,LSZH 500V 1C 1 sqmm Cu XLPE armoured cable as per IEC 60502-1,1 sqmm Cu armoured cable as per IEC 60502-1,1 sqmm cable as per IEC 60502-1,cable as per IEC 60502-1
RFP_0197,Fire Survival 1.1kV 2C 70 sqmm Cu XLPE armoured cable as per BS 6387,Fire Survival 1.1kV Cu armoured cable,Fire Survival 1.1kV cable,Fire Survival cable
RFP_0198,300V 12C 1 sqmm Cu PVC armoured cable as per IEC 60502-1,300V 1 sqmm Cu armoured cable,300V 1 sqmm cable,300V cable
RFP_0199,440V 19C 4 sqmm Cu PVC armoured cable as per IS 1554,440V PVC armoured cable as per IS 1554,PVC cable as per IS 1554,cable as per IS 1554
RFP_0200,440V 16C 2.5 sqmm Cu XLPE armoured cable as per IS 1554,440V 16C XLPE armoured cable,XLPE armoured cable,armoured cable
RFP_0201,FRLS 500V 19C 2.5 sqmm Cu XLPE armoured cable as per IS 1554,FRLS 500V Cu XLPE cable,FRLS 500V cable,FRLS cable
RFP_0202,FRLS 300V 2C 1.5 sqmm Cu PVC armoured cable as per BS 5308-1,FRLS 300V Cu armoured cable,FRLS Cu cable,FRLS cable
RFP_0203,FR 440V 8C 2.5 sqmm Cu PVC armoured cable as per IS 694,Cu PVC armoured cable as per IS 694,Cu armoured cable,armoured cable
RFP_0204,LSZH 500V 3C 120 sqmm Cu XLPE armoured cable as per IEC 60502-1,500V 3C Cu cable as per IEC 60502-1,3C cable as per IEC 60502-1,3C cable
RFP_0205,LSZH 500V 2C 0.5 sqmm Cu XLPE armoured cable as per BS 5308-1,500V 2C Cu XLPE cable,500V XLPE cable,500V cable
RFP_0206,FR 600V 2C 240 sqmm Al XLPE armoured cable as per IEC 60502-1,600V 2C armoured cable as per IEC 60502-1,2C cable as per IEC 60502-1,cable as per IEC 60502-1
RFP_0207,FRLS 1.1kV 24C 2.5 sqmm Cu PVC armoured cable as per IS 1554,FRLS 2.5 sqmm Cu armoured cable,FRLS armoured cable,armoured cable
RFP_0208,LSZH 1.1kV 16C 2.5 sqmm Cu XLPE armoured cable as per IS 1554,16C XLPE armoured cable as per IS 1554,XLPE cable as per IS 1554,XLPE cable
RFP_0209,FRLS 1.1kV 5C 35 sqmm Cu XLPE armoured cable as per IEC 60502-1,35 sqmm Cu XLPE armoured cable,Cu armoured cable,armoured cable
RFP_0210,LSZH 132kV 1C 300 sqmm Al XLPE armoured cable as per IEC 60840,LSZH Al XLPE cable as per IEC 60840,LSZH cable as per IEC 60840,cable as per IEC 60840
RFP_0211,FR 6.6kV 3C 50 sqmm Al EPR armoured cable as per IS 7098-1,FR 6.6kV 3C EPR cable,FR 6.6kV cable,6.6kV cable
RFP_0212,FR 1.1kV 2C 2.5 sqmm Cu PVC armoured cable as per IS 1554,FR 2.5 sqmm Cu armoured cable,Cu armoured cable,armoured cable
RFP_0213,FRLS 440V 27C 6 sqmm Cu PVC armoured cable as per IS 694,FRLS 27C Cu PVC cable,FRLS PVC cable,FRLS cable
RFP_0214,440V 3C 16 sqmm Cu XLPE armoured cable as per IS 694,440V 3C XLPE cable as per IS 694,440V 3C cable,440V cable
RFP_0215,FR 500V 4C 6 sqmm Cu XLPE armoured cable as per IS 1554,4C Cu armoured cable as per IS 1554,4C cable as per IS 1554,cable as per IS 1554
RFP_0216,Fire Survival 440V 1C 50 sqmm Cu XLPE armoured cable as per BS 6387,Fire Survival 440V 1C Cu cable,Fire Survival Cu cable,Fire Survival cable
RFP_0217,LSZH 400kV 1C 630 sqmm Cu XLPE armoured cable as per IEC 62067,630 sqmm Cu XLPE cable as per IEC 62067,630 sqmm cable as per IEC 62067,630 sqmm cable
RFP_0218,LSZH 500V 12C 4 sqmm Cu PVC armoured cable as per IS 1554,500V PVC armoured cable as per IS 1554,500V armoured cable,500V cable
RFP_0219,FR 220kV 1C 240 sqmm Al XLPE armoured cable as per IEC 62067,220kV Al XLPE cable as per IEC 62067,220kV Al cable,Al cable
RFP_0220,FRLS 500V 1C 6 sqmm Cu PVC armoured cable as per IEC 60245,500V 6 sqmm armoured cable as per IEC 60245,500V armoured cable,armoured cable
RFP_0221,11kV 3C 95 sqmm Al XLPE armoured cable as per IS 7098-1,3C Al XLPE armoured cable,3C XLPE cable,3C cable
RFP_0222,FR 440V 3C 50 sqmm Cu PVC armoured cable as per IS 9968,3C Cu PVC armoured cable,3C armoured cable,armoured cable
RFP_0223,FRLS 500V 3.5C 400 sqmm Cu XLPE armoured cable as per IEC 60502-1,3. 400 sqmm XLPE armoured cable as per IEC 60502-1,3. XLPE cable as per IEC 60502-1,3. XLPE cable
RFP_0224,FR 11kV 3C 185 sqmm Cu XLPE armoured cable as per IS 7098-1,3C Cu armoured cable as per IS 7098-1,Cu armoured cable,armoured cable
RFP_0225,FR 440V 19C 2.5 sqmm Cu PVC armoured cable as per IS 694,FR 440V 2.5 sqmm PVC cable,2.5 sqmm PVC cable,2.5 sqmm cable
RFP_0226,FR 500V 24C 2.5 sqmm Cu XLPE armoured cable as per IEC 60502-1,500V 24C Cu cable as per IEC 60502-1,500V Cu cable,Cu cable
RFP_0227,300V 6C 1 sqmm Cu PVC armoured cable as per IEC 60502-1,6C PVC armoured cable as per IEC 60502-1,PVC cable as per IEC 60502-1,cable as per IEC 60502-1
RFP_0228,FRLS 1.1kV 3C 6 sqmm Cu XLPE armoured cable as per BS 5308,1.1kV XLPE armoured cable as per BS 5308,1.1kV cable as per BS 5308,1.1kV cable
RFP_0229,FRLS 1.1kV 14C 1 sqmm Cu XLPE armoured cable as per IS 1554,1.1kV 14C XLPE cable as per IS 1554,14C cable as per IS 1554,14C cable
RFP_0230,FR 440V 3C 4 sqmm Cu XLPE armoured cable as per IS 694,FR 3C armoured cable as per IS 694,FR cable as per IS 694,cable as per IS 694
RFP_0231,FRLS 1.1kV 8C 2.5 sqmm Cu PVC armoured cable as per BS 5308,1.1kV 8C Cu cable as per BS 5308,8C cable as per BS 5308,cable as per BS 5308
RFP_0232,FR 66kV 1C 240 sqmm Cu XLPE armoured cable as per IS 7098-3,FR Cu XLPE armoured cable,FR Cu cable,Cu cable
RFP_0233,LSZH 440V 4C 2.5 sqmm Cu XLPE armoured cable as per IS 1554,4C Cu armoured cable as per IS 1554,4C Cu cable,4C cable
RFP_0234,LSZH 500V 1C 35 sqmm Cu PVC armoured cable as per IEC 60245,LSZH 1C 35 sqmm PVC cable,35 sqmm PVC cable,35 sqmm cable
RFP_0235,FRLS 220kV 1C 185 sqmm Cu XLPE armoured cable as per IEC 62067,FRLS 220kV 1C 185 sqmm cable,FRLS 220kV cable,FRLS cable
RFP_0236,1.1kV 24C 6 sqmm Cu PVC armoured cable as per IS 1554,1.1kV 6 sqmm armoured cable as per IS 1554,1.1kV 6 sqmm cable,1.1kV cable
RFP_0237,FR 1.1kV 1C 25 sqmm Cu PVC armoured cable as per IS 9968,1.1kV 1C Cu PVC cable,Cu PVC cable,PVC cable
RFP_0238,LSZH 500V 5C 1 sqmm Cu PVC armoured cable as per IEC 60245,500V 5C Cu armoured cable,5C armoured cable,armoured cable
RFP_0239,FR 500V 20C 0.75 sqmm Cu PVC armoured cable as per BS 5308-1,FR 500V Cu PVC cable,Cu PVC cable,PVC cable
RFP_0240,FR 500V 1C 4 sqmm Cu PVC armoured cable as per IEC 60245,500V 1C armoured cable as per IEC 60245,500V 1C cable,500V cable
RFP_0241,ZH 1.1kV 1C 240 sqmm Al EPR armoured cable as per IEC 60502-1,ZH 1.1kV Al armoured cable,ZH 1.1kV cable,1.1kV cable
RFP_0242,FR 3.3kV 3C 185 sqmm Al EPR armoured cable as per IEC 60502-1,3.3kV 3C 185 sqmm EPR cable,3.3kV 185 sqmm cable,3.3kV cable
RFP_0243,LSZH 22kV 3C 70 sqmm Al XLPE armoured cable as per IEC 60502-2,LSZH 22kV 3C armoured cable,22kV armoured cable,22kV cable
RFP_0244,FR 132kV 1C 300 sqmm Al XLPE armoured cable as per IEC 60840,FR Al XLPE cable as per IEC 60840,Al XLPE cable,XLPE cable
RFP_0245,FRLS 11kV 1C 300 sqmm Cu EPR armoured cable as per IS 7098-1,11kV 1C armoured cable as per IS 7098-1,11kV cable as per IS 7098-1,cable as per IS 7098-1
RFP_0246,FR 11kV 1C 70 sqmm Al EPR armoured cable as per IS 7098-1,11kV 1C armoured cable as per IS 7098-1,11kV 1C cable,11kV cable
RFP_0247,Fire Survival 1.1kV 4C 25 sqmm Cu Mineral (MI) armoured cable as per IS 17048,Fire Survival 4C Cu Mineral (MI) cable as per IS 17048,4C Mineral (MI) cable as per IS 17048,Mineral (MI) cable as per IS 17048
RFP_0248,ZH 22kV 3C 150 sqmm Cu XLPE armoured cable as per IS 7098-2,ZH 150 sqmm XLPE armoured cable,XLPE armoured cable,XLPE cable
RFP_0249,500V 24C 6 sqmm Cu PVC armoured cable as per IS 1554,500V 24C Cu PVC cable,24C PVC cable,PVC cable
RFP_0250,FRLS 1.1kV 2C 4 sqmm Cu PVC armoured cable as per IEC 60502-1,FRLS PVC armoured cable as per IEC 60502-1,FRLS cable as per IEC 60502-1,cable as per IEC 60502-1
RFP_0251,FR 500V 1C 1.5 sqmm Cu PVC armoured cable as per IS 694,1C 1.5 sqmm armoured cable as per IS 694,1C armoured cable,1C cable
RFP_0252,ZH 500V 2C 1.5 sqmm Cu PVC armoured cable as per IS 694,500V 1.5 sqmm Cu cable as per IS 694,Cu cable as per IS 694,cable as per IS 694
RFP_0253,440V 6C 6 sqmm Cu PVC armoured cable as per IS 694,440V 6 sqmm Cu cable as per IS 694,440V 6 sqmm cable,6 sqmm cable
RFP_0254,FR 1.1kV 24C 1 sqmm Cu PVC armoured cable as per IEC 60502-1,FR Cu PVC armoured cable,PVC armoured cable,PVC cable
RFP_0255,LSZH 132kV 1C 240 sqmm Al XLPE armoured cable as per IEC 60840,1C 240 sqmm XLPE armoured cable,1C 240 sqmm cable,240 sqmm cable
RFP_0256,FR 500V 20C 0.75 sqmm Cu PVC armoured cable as per BS 5308-1,FR 500V Cu cable as per BS 5308-1,FR cable as per BS 5308-1,FR cable
RFP_0257,FRLS 1.1kV 24C 0.5 sqmm Cu XLPE armoured cable as per BS 5308-1,FRLS Cu XLPE armoured cable,Cu XLPE cable,Cu cable
RFP_0258,FRLS 132kV 1C 630 sqmm Al XLPE armoured cable as per IEC 60840,FRLS 630 sqmm XLPE cable as per IEC 60840,FRLS XLPE cable,FRLS cable
RFP_0259,FR 3.3kV 3C 240 sqmm Cu XLPE armoured cable as per IS 7098-1,FR 3.3kV 3C Cu cable,FR 3C cable,FR cable
RFP_0260,LSZH 300V 2C 1.5 sqmm Cu XLPE armoured cable as per IEC 60502-1,LSZH Cu XLPE armoured cable,LSZH armoured cable,armoured cable
RFP_0261,LSZH 11kV 3C 185 sqmm Cu XLPE armoured cable as per IS 7098-1,11kV 185 sqmm Cu armoured cable,Cu armoured cable,armoured cable
RFP_0262,6.6kV 3C 400 sqmm Al XLPE armoured cable as per IS 7098-1,6.6kV 400 sqmm armoured cable as per IS 7098-1,6.6kV 400 sqmm cable,6.6kV cable
RFP_0263,FRLS 500V 2C 2.5 sqmm Cu PVC armoured cable as per IS 1554,2C 2.5 sqmm Cu PVC cable,2C 2.5 sqmm cable,2C cable
RFP_0264,1.1kV 12C 1 sqmm Cu PVC armoured cable as per IEC 60502-1,1 sqmm Cu PVC armoured cable,1 sqmm PVC cable,1 sqmm cable
RFP_0265,500V 2C 4 sqmm Cu XLPE armoured cable as per IS 1554,2C 4 sqmm Cu XLPE cable,Cu XLPE cable,Cu cable
RFP_0266,FR 300V 20C 1 sqmm Cu XLPE armoured cable as per IEC 60502-1,FR 20C XLPE armoured cable,XLPE armoured cable,XLPE cable
RFP_0267,440V 6C 4 sqmm Cu XLPE armoured cable as per IS 1554,6C 4 sqmm Cu cable as per IS 1554,4 sqmm cable as per IS 1554,4 sqmm cable
RFP_0268,FR 1.1kV 2C 16 sqmm Cu XLPE armoured cable as per IS 9968,1.1kV 2C 16 sqmm cable as per IS 9968,2C 16 sqmm cable,16 sqmm cable
RFP_0269,FRLS 110kV 1C 500 sqmm Cu XLPE armoured cable as per IEC 60840,FRLS 1C 500 sqmm cable as per IEC 60840,500 sqmm cable as per IEC 60840,500 sqmm cable
RFP_0270,FRLS 1.1kV 4C 4 sqmm Cu XLPE armoured cable as per IS 1554,FRLS 1.1kV 4C XLPE cable,4C XLPE cable,XLPE cable
RFP_0271,ZH 500V 4C 50 sqmm Cu PVC armoured cable as per IEC 60245,ZH 500V 4C Cu cable,ZH 4C cable,4C cable
RFP_0272,FR 440V 30C 4 sqmm Cu XLPE armoured cable as per IS 1554,FR 30C Cu armoured cable,FR 30C cable,30C cable
RFP_0273,LSZH 400kV 1C 300 sqmm Cu XLPE armoured cable as per IEC 62067,400kV 300 sqmm Cu cable as per IEC 62067,Cu cable as per IEC 62067,Cu cable
RFP_0274,FRLS 400kV 1C 185 sqmm Al XLPE armoured cable as per IEC 62067,FRLS 1C Al armoured cable,FRLS armoured cable,armoured cable
RFP_0275,FRLS 440V 4C 0.75 sqmm Cu PVC armoured cable as per IS 694,440V 4C armoured cable as per IS 694,440V armoured cable,440V cable
RFP_0276,440V 7C 1.5 sqmm Cu PVC armoured cable as per IS 1554,440V Cu armoured cable as per IS 1554,440V Cu cable,Cu cable
RFP_0277,FRLS 500V 4C 0.75 sqmm Cu PVC armoured cable as per IEC 60245,FRLS 500V Cu armoured cable,500V Cu cable,500V cable
RFP_0278,FR 110kV 1C 1000 sqmm Cu XLPE armoured cable as per IEC 60840,FR 110kV 1C XLPE cable,110kV 1C cable,1C cable
RFP_0279,Fire Survival 440V 4C 16 sqmm Cu XLPE armoured cable as per BS 6387,Fire Survival 440V XLPE cable as per BS 6387,XLPE cable as per BS 6387,cable as per BS 6387
RFP_0280,FRLS 110kV 1C 240 sqmm Al XLPE armoured cable as per IEC 60840,1C 240 sqmm Al XLPE cable,Al XLPE cable,XLPE cable
RFP_0281,FRLS 300V 20C 0.75 sqmm Cu PVC armoured cable as per IEC 60502-1,300V 0.75 sqmm armoured cable as per IEC 60502-1,0.75 sqmm armoured cable,armoured cable
RFP_0282,Fire Survival 440V 1C 25 sqmm Cu XLPE armoured cable as per BS 6387,1C 25 sqmm XLPE cable as per BS 6387,25 sqmm cable as per BS 6387,25 sqmm cable
RFP_0283,FR 500V 3C 2.5 sqmm Cu PVC armoured cable as per IS 1554,FR 3C Cu armoured cable,FR 3C cable,3C cable
RFP_0284,ZH 6.6kV 3C 185 sqmm Al XLPE armoured cable as per IEC 60502-1,ZH 6.6kV 3C XLPE cable,3C XLPE cable,3C cable
RFP_0285,440V 12C 1.5 sqmm Cu PVC armoured cable as per IS 694,440V 12C Cu cable as per IS 694,440V Cu cable,440V cable
RFP_0286,Fire Survival 440V 3C 4 sqmm Cu XLPE armoured cable as per BS 6387,440V Cu XLPE armoured cable,440V armoured cable,440V cable
RFP_0287,ZH 3.3kV 1C 300 sqmm Cu XLPE armoured cable as per IS 7098-1,ZH 3.3kV Cu armoured cable,ZH Cu cable,ZH cable
RFP_0288,FRLS 1.1kV 4C 95 sqmm Cu EPR armoured cable as per IEC 60502-1,4C EPR armoured cable as per IEC 60502-1,4C cable as per IEC 60502-1,cable as per IEC 60502-1
RFP_0289,FR 500V 12C 0.5 sqmm Cu PVC armoured cable as per IEC 60502-1,500V 0.5 sqmm Cu PVC cable,500V 0.5 sqmm cable,0.5 sqmm cable
RFP_0290,LSZH 440V 7C 1.5 sqmm Cu XLPE armoured cable as per IS 694,LSZH 1.5 sqmm armoured cable as per IS 694,LSZH armoured cable,LSZH cable
RFP_0291,LSZH 600V 3C 6 sqmm Cu XLPE armoured cable as per IS 694,LSZH Cu XLPE armoured cable,Cu XLPE cable,Cu cable
RFP_0292,LSZH 400kV 1C 800 sqmm Cu XLPE armoured cable as per IEC 62067,LSZH 1C 800 sqmm Cu cable,LSZH 1C cable,LSZH cable
RFP_0293,FR 1.1kV 20C 0.5 sqmm Cu PVC armoured cable as per IS 1554,FR Cu PVC cable as per IS 1554,Cu PVC cable,Cu cable
RFP_0294,LSZH 500V 6C 1.5 sqmm Cu XLPE armoured cable as per IEC 60502-1,500V 6C Cu XLPE cable,500V 6C cable,6C cable
RFP_0295,FRLS 33kV 1C 185 sqmm Al XLPE armoured cable as per IS 7098-2,FRLS 33kV XLPE armoured cable,33kV armoured cable,33kV cable
RFP_0296,FR 1.1kV 2C 0.5 sqmm Cu XLPE armoured cable as per BS 5308-1,2C Cu XLPE cable as per BS 5308-1,Cu cable as per BS 5308-1,Cu cable
RFP_0297,LSZH 440V 3C 50 sqmm Cu XLPE armoured cable as per IS 9968,3C 50 sqmm Cu armoured cable,50 sqmm Cu cable,50 sqmm cable
RFP_0298,ZH 1.1kV 4C 6 sqmm Cu XLPE armoured cable as per IEC 60502-1,ZH 4C 6 sqmm armoured cable,4C armoured cable,4C cable
RFP_0299,FR 11kV 3C 240 sqmm Al EPR armoured cable as per IEC 60502-1,11kV EPR armoured cable as per IEC 60502-1,EPR armoured cable,armoured cable
RFP_0300,LSZH 440V 14C 1.5 sqmm Cu XLPE armoured cable as per IS 694,440V 1.5 sqmm XLPE cable as per IS 694,XLPE cable as per IS 694,XLPE cable
RFP_0301,Fire Survival 1.1kV 1C 1.5 sqmm Cu XLPE armoured cable as per BS 6387,1.1kV 1.5 sqmm XLPE cable as per BS 6387,1.5 sqmm cable as per BS 6387,1.5 sqmm cable
RFP_0302,FRLS 440V 12C 6 sqmm Cu PVC armoured cable as per IS 694,6 sqmm Cu armoured cable as per IS 694,Cu cable as per IS 694,Cu cable
RFP_0303,500V 4C 0.5 sqmm Cu XLPE armoured cable as per IEC 60502-1,500V 4C Cu cable as per IEC 60502-1,Cu cable as per IEC 60502-1,Cu cable
RFP_0304,LSZH 3.3kV 1C 240 sqmm Al XLPE armoured cable as per IS 7098-1,3.3kV 240 sqmm Al XLPE cable,3.3kV XLPE cable,XLPE cable
RFP_0305,Fire Survival 1.1kV 1C 25 sqmm Cu Mineral (MI) armoured cable as per BS 6387,Fire Survival 1.1kV 25 sqmm Mineral (MI) cable as per BS 6387,Fire Survival 25 sqmm Mineral (MI) cable,Fire Survival Mineral (MI) cable
RFP_0306,500V 16C 0.75 sqmm Cu PVC armoured cable as per IEC 60502-1,16C Cu PVC cable as per IEC 60502-1,16C PVC cable,16C cable
RFP_0307,LSZH 6.6kV 1C 70 sqmm Al EPR armoured cable as per IEC 60502-1,LSZH 70 sqmm armoured cable as per IEC 60502-1,LSZH armoured cable,LSZH cable
RFP_0308,Fire Survival 440V 3C 6 sqmm Cu Mineral (MI) armoured cable as per BS 6387,Fire Survival 3C Cu Mineral (MI) cable as per BS 6387,Fire Survival Cu Mineral (MI) cable,Cu Mineral (MI) cable
RFP_0309,500V 1C 1.5 sqmm Cu PVC armoured cable as per IEC 60502-1,1C 1.5 sqmm Cu cable as per IEC 60502-1,1C 1.5 sqmm cable,1C cable
RFP_0310,LSZH 110kV 1C 400 sqmm Al XLPE armoured cable as per IEC 60840,LSZH 1C armoured cable as per IEC 60840,LSZH 1C cable,LSZH cable
RFP_0311,FR 300V 6C 2.5 sqmm Cu PVC armoured cable as per BS 5308-1,FR 300V 2.5 sqmm PVC cable,2.5 sqmm PVC cable,PVC cable
RFP_0312,440V 12C 2.5 sqmm Cu XLPE armoured cable as per IS 1554,440V Cu armoured cable as per IS 1554,440V cable as per IS 1554,440V cable
RFP_0313,LSZH 1.1kV 24C 2.5 sqmm Cu PVC armoured cable as per IS 1554,LSZH 1.1kV 2.5 sqmm Cu cable,2.5 sqmm Cu cable,Cu cable
RFP_0314,1.1kV 24C 0.5 sqmm Cu PVC armoured cable as per IS 1554,1.1kV 0.5 sqmm Cu PVC cable,1.1kV 0.5 sqmm cable,0.5 sqmm cable
RFP_0315,Fire Survival 440V 3C 120 sqmm Cu Mineral (MI) armoured cable as per IEC 60331,440V 3C Cu Mineral (MI) armoured cable,440V Mineral (MI) armoured cable,Mineral (MI) armoured cable
RFP_0316,FR 300V 4C 1.5 sqmm Cu XLPE armoured cable as per BS 5308-1,FR 300V 4C cable as per BS 5308-1,4C cable as per BS 5308-1,4C cable
RFP_0317,FRLS 440V 14C 1.5 sqmm Cu XLPE armoured cable as per IS 1554,14C 1.5 sqmm Cu cable as per IS 1554,1.5 sqmm Cu cable,Cu cable
RFP_0318,ZH 110kV 1C 240 sqmm Al XLPE armoured cable as per IEC 60840,240 sqmm Al XLPE armoured cable,240 sqmm XLPE cable,240 sqmm cable
RFP_0319,33kV 1C 120 sqmm Al XLPE armoured cable as per IS 7098-2,33kV 1C 120 sqmm cable as per IS 7098-2,1C 120 sqmm cable,120 sqmm cable
RFP_0320,LSZH 1.1kV 3C 50 sqmm Cu XLPE armoured cable as per IS 9968,LSZH 3C Cu armoured cable,LSZH 3C cable,3C cable
RFP_0321,FRLS 440V 3C 25 sqmm Cu XLPE armoured cable as per IS 9968,FRLS 3C 25 sqmm XLPE cable,FRLS 25 sqmm cable,FRLS cable
RFP_0322,FR 500V 1C 1000 sqmm Cu XLPE armoured cable as per IS 694,500V 1C XLPE armoured cable,1C armoured cable,1C cable
RFP_0323,FRLS 1.1kV 1C 1 sqmm Cu XLPE armoured cable as per IS 1554,1.1kV Cu armoured cable as per IS 1554,1.1kV cable as per IS 1554,1.1kV cable
RFP_0324,1.1kV 10C 4 sqmm Cu XLPE armoured cable as per IEC 60502-1,10C 4 sqmm armoured cable as per IEC 60502-1,10C armoured cable,armoured cable
RFP_0325,132kV 1C 630 sqmm Cu XLPE armoured cable as per IEC 60840,132kV 630 sqmm Cu cable as per IEC 60840,132kV Cu cable,132kV cable
RFP_0326,FR 440V 12C 1.5 sqmm Cu PVC armoured cable as per IS 694,FR 440V Cu PVC cable,440V PVC cable,440V cable
RFP_0327,FR 1.1kV 5C 25 sqmm Cu PVC armoured cable as per IS 9968,FR 1.1kV PVC cable as per IS 9968,PVC cable as per IS 9968,cable as per IS 9968
RFP_0328,LSZH 440V 19C 1.5 sqmm Cu PVC armoured cable as per IS 694,LSZH 19C 1.5 sqmm armoured cable,LSZH armoured cable,LSZH cable
RFP_0329,500V 24C 0.75 sqmm Cu XLPE armoured cable as per IEC 60502-1,500V 24C XLPE armoured cable,500V armoured cable,500V cable
RFP_0330,FR 500V 3C 95 sqmm Al XLPE armoured cable as per IEC 60502-1,FR Al XLPE cable as per IEC 60502-1,XLPE cable as per IEC 60502-1,XLPE cable
RFP_0331,LSZH 500V 14C 6 sqmm Cu XLPE armoured cable as per IS 1554,LSZH 14C 6 sqmm armoured cable,LSZH 6 sqmm cable,6 sqmm cable
RFP_0332,300V 4C 1 sqmm Cu PVC armoured cable as per BS 5308-1,300V 1 sqmm armoured cable as per BS 5308-1,300V cable as per BS 5308-1,300V cable
RFP_0333,FRLS 66kV 1C 400 sqmm Cu XLPE armoured cable as per IS 7098-3,FRLS 400 sqmm XLPE cable as per IS 7098-3,FRLS 400 sqmm cable,FRLS cable
RFP_0334,FR 66kV 1C 500 sqmm Cu XLPE armoured cable as per IEC 60840,1C 500 sqmm Cu cable as per IEC 60840,1C Cu cable,Cu cable
RFP_0335,FR 500V 27C 1.5 sqmm Cu XLPE armoured cable as per IS 1554,27C 1.5 sqmm Cu armoured cable,Cu armoured cable,armoured cable
RFP_0336,440V 2C 2.5 sqmm Cu PVC armoured cable as per IS 694,440V 2.5 sqmm PVC cable as per IS 694,2.5 sqmm PVC cable,2.5 sqmm cable
RFP_0337,FRLS 110kV 1C 1000 sqmm Al XLPE armoured cable as per IEC 60840,FRLS 110kV 1C Al cable,110kV 1C cable,110kV cable
RFP_0338,LSZH 33kV 1C 185 sqmm Al XLPE armoured cable as per IEC 60502-2,LSZH 33kV 185 sqmm XLPE cable,33kV 185 sqmm cable,33kV cable
RFP_0339,FRLS 440V 2C 1.5 sqmm Cu PVC armoured cable as per IS 9968,2C Cu PVC cable as per IS 9968,2C cable as per IS 9968,2C cable
RFP_0340,FRLS 440V 24C 4 sqmm Cu PVC armoured cable as per IS 1554,440V Cu PVC cable as per IS 1554,Cu cable as per IS 1554,cable as per IS 1554
RFP_0341,ZH 440V 4C 10 sqmm Cu XLPE armoured cable as per IEC 60502-1,440V 4C 10 sqmm armoured cable,440V 4C cable,440V cable
RFP_0342,Fire Survival 440V 2C 2.5 sqmm Cu Mineral (MI) armoured cable as per BS 6387,Fire Survival 2.5 sqmm Cu Mineral (MI) cable as per BS 6387,Fire Survival Mineral (MI) cable as per BS 6387,Fire Survival Mineral (MI) cable
RFP_0343,FR 1.1kV 16C 1 sqmm Cu PVC armoured cable as per IEC 60502-1,1.1kV PVC armoured cable as per IEC 60502-1,1.1kV armoured cable,armoured cable
RFP_0344,FR 1.1kV 1C 35 sqmm Cu PVC armoured cable as per IS 9968,FR 35 sqmm Cu armoured cable,35 sqmm armoured cable,35 sqmm cable
RFP_0345,1.1kV 24C 0.75 sqmm Cu PVC armoured cable as per BS 5308-1,24C Cu PVC cable as per BS 5308-1,24C PVC cable,PVC cable
RFP_0346,500V 4C 1.5 sqmm Cu PVC armoured cable as per IEC 60502-1,500V 1.5 sqmm Cu armoured cable,1.5 sqmm Cu cable,Cu cable
RFP_0347,ZH 500V 1C 0.75 sqmm Cu PVC armoured cable as per IS 694,ZH 1C 0.75 sqmm armoured cable,ZH 1C cable,ZH cable
RFP_0348,LSZH 220kV 1C 240 sqmm Al XLPE armoured cable as per IEC 62067,LSZH Al XLPE armoured cable,LSZH XLPE cable,LSZH cable
RFP_0349,110kV 1C 1000 sqmm Al XLPE armoured cable as per IEC 60840,110kV Al XLPE cable as per IEC 60840,XLPE cable as per IEC 60840,XLPE cable
RFP_0350,FR 400kV 1C 300 sqmm Al XLPE armoured cable as per IEC 62067,FR 300 sqmm armoured cable as per IEC 62067,300 sqmm cable as per IEC 62067,cable as per IEC 62067
RFP_0351,Fire Survival 1.1kV 4C 35 sqmm Cu Mineral (MI) armoured cable as per IEC 60331,Fire Survival 35 sqmm Cu Mineral (MI) armoured cable,Fire Survival Cu Mineral (MI) cable,Fire Survival Mineral (MI) cable
RFP_0352,FRLS 11kV 3C 95 sqmm Cu EPR armoured cable as per IEC 60502-1,FRLS 11kV 3C 95 sqmm cable,FRLS 3C cable,FRLS cable
RFP_0353,LSZH 440V 1C 16 sqmm Cu PVC armoured cable as per IS 694,1C 16 sqmm Cu armoured cable,16 sqmm Cu cable,Cu cable
RFP_0354,ZH 500V 3C 120 sqmm Al PVC armoured cable as per IEC 60502-1,ZH 500V 3C 120 sqmm cable,ZH 3C cable,ZH cable
RFP_0355,LSZH 440V 3C 2.5 sqmm Cu PVC armoured cable as per IS 694,LSZH 440V 3C armoured cable,440V 3C cable,440V cable
RFP_0356,FRLS 500V 2C 1.5 sqmm Cu PVC armoured cable as per IEC 60502-1,FRLS 500V 1.5 sqmm Cu cable,500V 1.5 sqmm cable,1.5 sqmm cable
RFP_0357,Fire Survival 1.1kV 1C 10 sqmm Cu XLPE armoured cable as per IEC 60331,10 sqmm Cu XLPE armoured cable,Cu armoured cable,armoured cable
RFP_0358,FR 500V 19C 1.5 sqmm Cu PVC armoured cable as per IEC 60502-1,FR 500V 1.5 sqmm PVC cable,500V 1.5 sqmm cable,500V cable
RFP_0359,FRLS 1.1kV 1C 10 sqmm Al XLPE armoured cable as per BS 5467,1.1kV 1C XLPE cable as per BS 5467,XLPE cable as per BS 5467,XLPE cable
RFP_0360,LSZH 500V 4C 4 sqmm Cu XLPE armoured cable as per IEC 60502-1,500V 4C Cu cable as per IEC 60502-1,500V cable as per IEC 60502-1,cable as per IEC 60502-1
RFP_0361,FR 500V 7C 6 sqmm Cu XLPE armoured cable as per IS 1554,FR 500V Cu cable as per IS 1554,500V cable as per IS 1554,cable as per IS 1554
RFP_0362,440V 4C 150 sqmm Cu XLPE armoured cable as per IEC 60502-1,440V 4C 150 sqmm XLPE cable,150 sqmm XLPE cable,150 sqmm cable
RFP_0363,FR 66kV 1C 1000 sqmm Cu XLPE armoured cable as per IS 7098-3,66kV 1000 sqmm Cu XLPE cable,1000 sqmm Cu cable,1000 sqmm cable
RFP_0364,LSZH 600V 4C 35 sqmm Al XLPE armoured cable as per IS 694,LSZH 600V 35 sqmm Al cable,600V 35 sqmm cable,600V cable
RFP_0365,LSZH 22kV 3C 150 sqmm Al XLPE armoured cable as per IEC 60502-2,Al XLPE armoured cable as per IEC 60502-2,Al armoured cable,armoured cable
RFP_0366,LSZH 440V 6C 2.5 sqmm Cu PVC armoured cable as per IS 694,6C 2.5 sqmm PVC armoured cable,2.5 sqmm armoured cable,2.5 sqmm cable
RFP_0367,440V 7C 2.5 sqmm Cu PVC armoured cable as per IS 1554,7C Cu armoured cable as per IS 1554,armoured cable as per IS 1554,cable as per IS 1554
RFP_0368,Fire Survival 1.1kV 4C 95 sqmm Cu XLPE armoured cable as per BS 6387,95 sqmm Cu XLPE cable as per BS 6387,95 sqmm cable as per BS 6387,cable as per BS 6387
RFP_0369,LSZH 3.3kV 3C 300 sqmm Al EPR armoured cable as per IEC 60502-1,LSZH 3.3kV 3C cable as per IEC 60502-1,LSZH 3C cable,3C cable
RFP_0370,FRLS 3.3kV 1C 240 sqmm Cu XLPE armoured cable as per IS 7098-1,3.3kV 1C 240 sqmm Cu cable,3.3kV Cu cable,Cu cable
RFP_0371,1.1kV 4C 6 sqmm Cu PVC armoured cable as per IEC 60502-1,1.1kV 4C PVC armoured cable,4C armoured cable,4C cable
RFP_0372,1.1kV 10C 0.5 sqmm Cu XLPE armoured cable as per IEC 60502-1,0.5 sqmm Cu armoured cable as per IEC 60502-1,armoured cable as per IEC 60502-1,cable as per IEC 60502-1
RFP_0373,LSZH 440V 16C 6 sqmm Cu XLPE armoured cable as per IS 694,16C XLPE armoured cable as per IS 694,armoured cable as per IS 694,armoured cable
RFP_0374,FR 500V 2C 1 sqmm Cu PVC armoured cable as per IEC 60502-1,FR 2C 1 sqmm armoured cable,FR 1 sqmm cable,FR cable
RFP_0375,Fire Survival 440V 3C 25 sqmm Cu XLPE armoured cable as per IEC 60331,440V XLPE armoured cable as per IEC 60331,XLPE armoured cable,XLPE cable
RFP_0376,LSZH 132kV 1C 500 sqmm Cu XLPE armoured cable as per IEC 60840,LSZH 132kV 500 sqmm Cu cable,132kV 500 sqmm cable,500 sqmm cable
RFP_0377,500V 3.5C 6 sqmm Al XLPE armoured cable as per IS 694,500V 3.5C armoured cable as per IS 694,3.5C cable as per IS 694,3.5C cable
RFP_0378,Fire Survival 1.1kV 3C 10 sqmm Cu Mineral (MI) armoured cable as per IEC 60331,Fire Survival 10 sqmm Mineral (MI) armoured cable as per IEC 60331,Fire Survival Mineral (MI) armoured cable,Fire Survival Mineral (MI) cable
RFP_0379,LSZH 22kV 3C 150 sqmm Al XLPE armoured cable as per IEC 60502-2,LSZH 22kV 3C armoured cable,LSZH 22kV cable,22kV cable
RFP_0380,ZH 440V 1C 10 sqmm Cu PVC armoured cable as per IS 9968,ZH Cu PVC armoured cable,PVC armoured cable,PVC cable
RFP_0381,FRLS 440V 2C 16 sqmm Cu PVC armoured cable as per IS 9968,440V 2C armoured cable as per IS 9968,2C armoured cable,armoured cable
RFP_0382,LSZH 500V 20C 0.5 sqmm Cu PVC armoured cable as per IEC 60502-1,LSZH 0.5 sqmm PVC cable as per IEC 60502-1,LSZH 0.5 sqmm cable,LSZH cable
RFP_0383,500V 1C 95 sqmm Al XLPE armoured cable as per IEC 60502-1,500V 95 sqmm Al XLPE cable,Al XLPE cable,XLPE cable
RFP_0384,FR 440V 1C 120 sqmm Cu PVC armoured cable as per IEC 60502-1,440V 1C 120 sqmm armoured cable,440V armoured cable,armoured cable
RFP_0385,Fire Survival 1.1kV 2C 95 sqmm Cu Mineral (MI) armoured cable as per BS 6387,1.1kV 2C 95 sqmm Mineral (MI) armoured cable,2C 95 sqmm Mineral (MI) cable,95 sqmm Mineral (MI) cable
RFP_0386,1.1kV 8C 0.75 sqmm Cu PVC armoured cable as per IS 1554,8C 0.75 sqmm Cu PVC cable,0.75 sqmm PVC cable,0.75 sqmm cable
RFP_0387,ZH 6.6kV 1C 400 sqmm Al EPR armoured cable as per IEC 60502-1,6.6kV EPR armoured cable as per IEC 60502-1,EPR armoured cable,EPR cable
RFP_0388,FR 300V 24C 0.5 sqmm Cu PVC armoured cable as per IEC 60502-1,300V 24C 0.5 sqmm armoured cable,300V 0.5 sqmm cable,0.5 sqmm cable
RFP_0389,110kV 1C 630 sqmm Al XLPE armoured cable as per IEC 60840,110kV 1C 630 sqmm armoured cable,1C armoured cable,1C cable
RFP_0390,LSZH 400kV 1C 400 sqmm Cu XLPE armoured cable as per IEC 62067,LSZH 400kV XLPE armoured cable,XLPE armoured cable,XLPE cable
RFP_0391,FRLS 500V 10C 0.5 sqmm Cu PVC armoured cable as per BS 5308-1,FRLS 500V Cu cable as per BS 5308-1,500V cable as per BS 5308-1,cable as per BS 5308-1
RFP_0392,FRLS 440V 3C 10 sqmm Cu XLPE armoured cable as per IEC 60245,FRLS 440V Cu cable as per IEC 60245,FRLS Cu cable,Cu cable
RFP_0393,FR 1.1kV 4C 35 sqmm Cu EPR armoured cable as per IS 1554,FR 1.1kV 35 sqmm EPR cable,FR 1.1kV cable,FR cable
RFP_0394,FR 500V 12C 1.5 sqmm Cu XLPE armoured cable as per BS 5308-1,12C Cu XLPE cable as per BS 5308-1,Cu XLPE cable,Cu cable
RFP_0395,500V 8C 2.5 sqmm Cu XLPE armoured cable as per IEC 60502-1,2.5 sqmm Cu armoured cable as per IEC 60502-1,Cu cable as per IEC 60502-1,Cu cable
RFP_0396,FRLS 300V 16C 1.5 sqmm Cu PVC armoured cable as per BS 5308-1,300V 1.5 sqmm PVC armoured cable,300V PVC cable,PVC cable
RFP_0397,FRLS 600V 2C 35 sqmm Al PVC armoured cable as per IS 694,FRLS Al PVC armoured cable,Al PVC cable,Al cable
RFP_0398,6.6kV 1C 185 sqmm Al XLPE armoured cable as per IS 7098-1,1C Al armoured cable as per IS 7098-1,1C Al cable,Al cable
RFP_0399,FR 1.1kV 24C 2.5 sqmm Cu PVC armoured cable as per BS 5308,1.1kV 24C 2.5 sqmm armoured cable,2.5 sqmm armoured cable,2.5 sqmm cable
RFP_0400,LSZH 132kV 1C 630 sqmm Cu XLPE armoured cable as per IEC 60840,1C Cu XLPE armoured cable,1C armoured cable,1C cable
RFP_0401,LSZH 300V 8C 0.5 sqmm Cu XLPE armoured cable as per BS 5308-1,LSZH Cu XLPE armoured cable,LSZH armoured cable,LSZH cable
RFP_0402,LSZH 440V 3.5C 35 sqmm Cu PVC armoured cable as per IS 1554,LSZH 440V 3.5C cable as per IS 1554,440V 3.5C cable,3.5C cable
RFP_0403,1.1kV 8C 1 sqmm Cu XLPE armoured cable as per IEC 60502-1,1.1kV 8C armoured cable as per IEC 60502-1,8C cable as per IEC 60502-1,8C cable
RFP_0404,11kV 3C 70 sqmm Cu XLPE armoured cable as per IS 7098-1,11kV 70 sqmm Cu XLPE cable,Cu XLPE cable,XLPE cable
RFP_0405,FRLS 500V 7C 2.5 sqmm Cu XLPE armoured cable as per IS 1554,FRLS XLPE armoured cable as per IS 1554,armoured cable as per IS 1554,cable as per IS 1554
RFP_0406,FRLS 440V 1C 10 sqmm Al XLPE armoured cable as per IS 694,FRLS 440V XLPE armoured cable,FRLS armoured cable,armoured cable
RFP_0407,FR 1.1kV 1C 1.5 sqmm Cu PVC armoured cable as per IS 1554,1.1kV 1C 1.5 sqmm PVC cable,1.5 sqmm PVC cable,PVC cable
RFP_0408,LSZH 300V 12C 0.5 sqmm Cu PVC armoured cable as per IEC 60502-1,0.5 sqmm Cu armoured cable as per IEC 60502-1,0.5 sqmm Cu cable,Cu cable
RFP_0409,300V 1C 1.5 sqmm Cu PVC armoured cable as per IEC 60502-1,300V 1.5 sqmm Cu armoured cable,300V Cu cable,300V cable
RFP_0410,FRLS 1.1kV 5C 10 sqmm Cu PVC armoured cable as per IS 9968,1.1kV 10 sqmm Cu PVC cable,1.1kV PVC cable,1.1kV cable
RFP_0411,LSZH 500V 30C 1.5 sqmm Cu PVC armoured cable as per IS 1554,LSZH 30C armoured cable as per IS 1554,LSZH 30C cable,LSZH cable
RFP_0412,LSZH 440V 6C 6 sqmm Cu XLPE armoured cable as per IS 1554,Cu XLPE armoured cable as per IS 1554,Cu cable as per IS 1554,Cu cable
RFP_0413,FR 6.6kV 1C 240 sqmm Cu EPR armoured cable as per IS 7098-1,FR EPR armoured cable as per IS 7098-1,EPR cable as per IS 7098-1,EPR cable
RFP_0414,33kV 1C 400 sqmm Cu XLPE armoured cable as per IS 7098-2,33kV Cu armoured cable as per IS 7098-2,armoured cable as per IS 7098-2,cable as per IS 7098-2
RFP_0415,Fire Survival 1.1kV 1C 50 sqmm Cu XLPE armoured cable as per IEC 60331,Fire Survival Cu armoured cable as per IEC 60331,Cu cable as per IEC 60331,cable as per IEC 60331
RFP_0416,Fire Survival 440V 2C 4 sqmm Cu XLPE armoured cable as per BS 6387,2C XLPE armoured cable as per BS 6387,2C cable as per BS 6387,2C cable
RFP_0417,1.1kV 7C 1 sqmm Cu PVC armoured cable as per IS 1554,1.1kV Cu PVC armoured cable,1.1kV PVC cable,1.1kV cable
RFP_0418,FR 1.1kV 3C 1.5 sqmm Al XLPE armoured cable as per IS 1554,FR 1.1kV 3C Al cable,3C Al cable,3C cable
RFP_0419,Fire Survival 440V 2C 35 sqmm Cu XLPE armoured cable as per BS 6387,Fire Survival 440V Cu XLPE cable,Fire Survival XLPE cable,XLPE cable
RFP_0420,ZH 1.1kV 5C 35 sqmm Cu PVC armoured cable as per IEC 60502-1,ZH 1.1kV PVC armoured cable,ZH armoured cable,ZH cable
RFP_0421,FRLS 440V 4C 25 sqmm Cu PVC armoured cable as per IEC 60245,25 sqmm Cu armoured cable as per IEC 60245,25 sqmm armoured cable,25 sqmm cable
RFP_0422,FRLS 500V 8C 1.5 sqmm Cu XLPE armoured cable as per IEC 60502-1,Cu XLPE armoured cable as per IEC 60502-1,Cu armoured cable,Cu cable
RFP_0423,1.1kV 4C 2.5 sqmm Cu XLPE armoured cable as per BS 5308-1,4C 2.5 sqmm XLPE armoured cable,4C 2.5 sqmm cable,4C cable
RFP_0424,FRLS 500V 2C 6 sqmm Cu PVC armoured cable as per IEC 60245,FRLS 500V 6 sqmm Cu cable,6 sqmm Cu cable,Cu cable
RFP_0425,FRLS 440V 12C 4 sqmm Cu XLPE armoured cable as per IS 1554,440V 12C 4 sqmm cable as per IS 1554,440V cable as per IS 1554,440V cable
RFP_0426,132kV 1C 500 sqmm Al XLPE armoured cable as per IEC 60840,132kV 1C Al armoured cable,1C Al cable,1C cable
RFP_0427,ZH 220kV 1C 1000 sqmm Al XLPE armoured cable as per IEC 62067,220kV Al XLPE cable as per IEC 62067,Al cable as per IEC 62067,Al cable
RFP_0428,FR 440V 6C 6 sqmm Cu PVC armoured cable as per IS 1554,FR 6C PVC armoured cable,PVC armoured cable,PVC cable
RFP_0429,LSZH 600V 1C 4 sqmm Al XLPE armoured cable as per IEC 60502-1,LSZH 600V 1C 4 sqmm cable,LSZH 600V cable,600V cable
RFP_0430,Fire Survival 440V 3C 10 sqmm Cu Mineral (MI) armoured cable as per IEC 60331,440V 3C Cu Mineral (MI) armoured cable,440V Mineral (MI) armoured cable,Mineral (MI) armoured cable
RFP_0431,FR 22kV 3C 185 sqmm Al XLPE armoured cable as per IS 7098-2,FR 3C 185 sqmm Al cable,3C 185 sqmm cable,3C cable
RFP_0432,LSZH 300V 8C 2.5 sqmm Cu XLPE armoured cable as per BS 5308-1,LSZH 300V 8C cable as per BS 5308-1,LSZH 8C cable,LSZH cable
RFP_0433,FRLS 1.1kV 1C 2.5 sqmm Cu XLPE armoured cable as per IEC 60502-1,1.1kV 2.5 sqmm Cu cable as per IEC 60502-1,1.1kV 2.5 sqmm cable,2.5 sqmm cable
RFP_0434,33kV 3C 150 sqmm Cu XLPE armoured cable as per IS 7098-2,33kV Cu XLPE cable as per IS 7098-2,33kV cable as per IS 7098-2,33kV cable
RFP_0435,440V 7C 1.5 sqmm Cu PVC armoured cable as per IS 1554,7C Cu PVC armoured cable,Cu armoured cable,Cu cable
RFP_0436,ZH 22kV 3C 50 sqmm Al XLPE armoured cable as per IEC 60502-2,22kV 3C 50 sqmm armoured cable,22kV armoured cable,armoured cable
RFP_0437,500V 1C 1 sqmm Cu XLPE armoured cable as per IEC 60502-1,500V 1C 1 sqmm XLPE cable,1C 1 sqmm cable,1C cable
RFP_0438,500V 8C 2.5 sqmm Cu XLPE armoured cable as per IS 1554,2.5 sqmm Cu XLPE cable as per IS 1554,Cu cable as per IS 1554,cable as per IS 1554
RFP_0439,LSZH 500V 3.5C 4 sqmm Cu PVC armoured cable as per IS 694,LSZH 3.5C PVC armoured cable,3. PVC armoured cable,3. armoured cable
RFP_0440,FR 300V 2C 0.75 sqmm Cu PVC armoured cable as per BS 5308-1,FR 0.75 sqmm Cu cable as per BS 5308-1,Cu cable as per BS 5308-1,cable as per BS 5308-1
RFP_0441,LSZH 300V 1C 1 sqmm Cu XLPE armoured cable as per IEC 60502-1,LSZH Cu XLPE cable as per IEC 60502-1,Cu XLPE cable,XLPE cable
RFP_0442,LSZH 300V 8C 2.5 sqmm Cu PVC armoured cable as per IEC 60502-1,LSZH 300V 8C cable as per IEC 60502-1,LSZH 8C cable,LSZH cable
RFP_0443,FRLS 22kV 3C 95 sqmm Cu XLPE armoured cable as per IEC 60502-2,22kV 3C Cu cable as per IEC 60502-2,3C Cu cable,3C cable
RFP_0444,FR 500V 14C 2.5 sqmm Cu XLPE armoured cable as per IS 1554,14C 2.5 sqmm Cu armoured cable,14C 2.5 sqmm cable,14C cable
RFP_0445,LSZH 22kV 1C 50 sqmm Al XLPE armoured cable as per IS 7098-2,1C 50 sqmm Al cable as per IS 7098-2,1C 50 sqmm cable,1C cable
RFP_0446,300V 4C 2.5 sqmm Cu XLPE armoured cable as per BS 5308-1,4C XLPE armoured cable as per BS 5308-1,XLPE cable as per BS 5308-1,cable as per BS 5308-1
RFP_0447,66kV 1C 300 sqmm Al XLPE armoured cable as per IS 7098-3,66kV 1C Al XLPE cable,66kV XLPE cable,66kV cable
RFP_0448,FRLS 1.1kV 14C 6 sqmm Cu XLPE armoured cable as per IEC 60502-1,14C Cu XLPE armoured cable,14C XLPE cable,14C cable
RFP_0449,FR 500V 12C 2.5 sqmm Cu PVC armoured cable as per BS 5308-1,Cu PVC armoured cable as per BS 5308-1,PVC cable as per BS 5308-1,cable as per BS 5308-1
RFP_0450,FRLS 400kV 1C 400 sqmm Al XLPE armoured cable as per IEC 62067,FRLS Al armoured cable as per IEC 62067,armoured cable as per IEC 62067,cable as per IEC 62067
RFP_0451,FRLS 440V 6C 1.5 sqmm Cu PVC armoured cable as per IS 694,FRLS 6C 1.5 sqmm armoured cable,1.5 sqmm armoured cable,1.5 sqmm cable
RFP_0452,FR 110kV 1C 300 sqmm Cu XLPE armoured cable as per IEC 60840,FR 1C XLPE cable as per IEC 60840,FR XLPE cable,XLPE cable
RFP_0453,LSZH 1.1kV 24C 6 sqmm Cu XLPE armoured cable as per IEC 60502-1,1.1kV 24C Cu armoured cable,1.1kV 24C cable,24C cable
RFP_0454,ZH 440V 1C 0.75 sqmm Cu XLPE armoured cable as per IEC 60245,440V 1C 0.75 sqmm XLPE cable,1C 0.75 sqmm cable,1C cable
RFP_0455,LSZH 132kV 1C 800 sqmm Al XLPE armoured cable as per IEC 60840,132kV 1C Al cable as per IEC 60840,Al cable as per IEC 60840,cable as per IEC 60840
RFP_0456,FR 500V 27C 2.5 sqmm Cu XLPE armoured cable as per IS 1554,FR 2.5 sqmm XLPE cable as per IS 1554,XLPE cable as per IS 1554,XLPE cable
RFP_0457,LSZH 132kV 1C 240 sqmm Cu XLPE armoured cable as per IEC 60840,240 sqmm Cu XLPE cable as per IEC 60840,Cu cable as per IEC 60840,cable as per IEC 60840
RFP_0458,FRLS 500V 4C 1.5 sqmm Cu XLPE armoured cable as per IEC 60502-1,4C 1.5 sqmm Cu cable as per IEC 60502-1,1.5 sqmm cable as per IEC 60502-1,1.5 sqmm cable
RFP_0459,FRLS 1.1kV 19C 4 sqmm Cu PVC armoured cable as per BS 5308,Cu PVC armoured cable as per BS 5308,PVC cable as per BS 5308,cable as per BS 5308
RFP_0460,ZH 66kV 1C 240 sqmm Al XLPE armoured cable as per IEC 60840,ZH 1C 240 sqmm XLPE cable,ZH XLPE cable,XLPE cable
RFP_0461,LSZH 500V 24C 2.5 sqmm Cu XLPE armoured cable as per IEC 60502-1,LSZH 24C 2.5 sqmm cable as per IEC 60502-1,LSZH 2.5 sqmm cable,LSZH cable
RFP_0462,220kV 1C 300 sqmm Al XLPE armoured cable as per IEC 62067,1C 300 sqmm armoured cable as per IEC 62067,300 sqmm cable as per IEC 62067,300 sqmm cable
RFP_0463,220kV 1C 500 sqmm Cu XLPE armoured cable as per IEC 62067,220kV 1C Cu XLPE cable,Cu XLPE cable,Cu cable
RFP_0464,1.1kV 2C 6 sqmm Cu XLPE armoured cable as per IEC 60502-1,2C 6 sqmm XLPE armoured cable,2C 6 sqmm cable,6 sqmm cable
RFP_0465,Fire Survival 1.1kV 2C 25 sqmm Cu XLPE armoured cable as per BS 6387,2C Cu XLPE cable as per BS 6387,2C cable as per BS 6387,cable as per BS 6387
RFP_0466,LSZH 1.1kV 12C 1.5 sqmm Cu XLPE armoured cable as per IEC 60502-1,1.5 sqmm XLPE armoured cable as per IEC 60502-1,XLPE cable as per IEC 60502-1,cable as per IEC 60502-1
RFP_0467,ZH 33kV 3C 300 sqmm Al XLPE armoured cable as per IS 7098-2,ZH 33kV Al armoured cable,Al armoured cable,armoured cable
RFP_0468,LSZH 500V 8C 1 sqmm Cu PVC armoured cable as per BS 5308-1,LSZH 1 sqmm armoured cable as per BS 5308-1,1 sqmm armoured cable,armoured cable
RFP_0469,FRLS 1.1kV 1C 0.5 sqmm Cu PVC armoured cable as per BS 5308-1,FRLS Cu PVC armoured cable,PVC armoured cable,PVC cable
RFP_0470,FRLS 500V 6C 1 sqmm Cu XLPE armoured cable as per BS 5308-1,500V 1 sqmm Cu cable as per BS 5308-1,1 sqmm Cu cable,1 sqmm cable
RFP_0471,1.1kV 2C 0.5 sqmm Cu XLPE armoured cable as per BS 5308-1,1.1kV 2C 0.5 sqmm Cu cable,1.1kV Cu cable,1.1kV cable
RFP_0472,110kV 1C 800 sqmm Al XLPE armoured cable as per IEC 60840,110kV 800 sqmm XLPE armoured cable,110kV 800 sqmm cable,110kV cable
RFP_0473,FRLS 500V 4C 2.5 sqmm Cu PVC armoured cable as per IEC 60502-1,FRLS 500V 2.5 sqmm cable as per IEC 60502-1,FRLS 500V cable,FRLS cable
RFP_0474,1.1kV 6C 1.5 sqmm Cu XLPE armoured cable as per BS 5308-1,6C 1.5 sqmm armoured cable as per BS 5308-1,6C 1.5 sqmm cable,1.5 sqmm cable
RFP_0475,FRLS 500V 4C 4 sqmm Cu XLPE armoured cable as per IS 1554,FRLS Cu XLPE armoured cable,Cu XLPE cable,Cu cable
RFP_0476,ZH 132kV 1C 800 sqmm Al XLPE armoured cable as per IEC 60840,ZH Al armoured cable as per IEC 60840,ZH armoured cable,armoured cable
RFP_0477,LSZH 500V 3C 6 sqmm Cu PVC armoured cable as per IEC 60245,LSZH 3C PVC cable as per IEC 60245,LSZH PVC cable,LSZH cable
RFP_0478,FR 500V 2C 4 sqmm Cu PVC armoured cable as per IEC 60245,500V 2C 4 sqmm cable as per IEC 60245,500V cable as per IEC 60245,cable as per IEC 60245
RFP_0479,FR 500V 4C 0.75 sqmm Cu XLPE armoured cable as per BS 5308-1,FR 500V Cu cable as per BS 5308-1,500V cable as per BS 5308-1,500V cable
RFP_0480,FRLS 300V 16C 2.5 sqmm Cu PVC armoured cable as per BS 5308-1,FRLS 300V 16C 2.5 sqmm cable,300V 2.5 sqmm cable,2.5 sqmm cable
RFP_0481,FRLS 500V 2C 500 sqmm Al XLPE armoured cable as per IEC 60502-1,500 sqmm Al XLPE cable as per IEC 60502-1,500 sqmm cable as per IEC 60502-1,500 sqmm cable
RFP_0482,FRLS 1.1kV 2C 50 sqmm Cu XLPE armoured cable as per IS 9968,Cu XLPE armoured cable as per IS 9968,XLPE armoured cable,XLPE cable
RFP_0483,FR 1.1kV 10C 1 sqmm Cu PVC armoured cable as per IS 1554,1.1kV 10C Cu PVC cable,1.1kV Cu cable,Cu cable
RFP_0484,FR 500V 6C 1 sqmm Cu XLPE armoured cable as per IEC 60502-1,FR 1 sqmm Cu cable as per IEC 60502-1,1 sqmm Cu cable,1 sqmm cable
RFP_0485,FR 11kV 1C 300 sqmm Cu XLPE armoured cable as per IEC 60502-1,11kV 1C 300 sqmm armoured cable,1C 300 sqmm cable,1C cable
RFP_0486,500V 2C 10 sqmm Al PVC armoured cable as per IS 1554,2C 10 sqmm Al armoured cable,2C Al cable,Al cable
RFP_0487,ZH 600V 3.5C 120 sqmm Al PVC armoured cable as per IS 694,600V 3.5C PVC armoured cable,600V 3. armoured cable,600V 3. cable
RFP_0488,FR 300V 8C 0.75 sqmm Cu XLPE armoured cable as per BS 5308-1,FR 8C 0.75 sqmm Cu cable,FR 8C cable,8C cable
RFP_0489,440V 2C 70 sqmm Al XLPE armoured cable as per IEC 60502-1,440V 2C 70 sqmm XLPE cable,440V 2C cable,2C cable
RFP_0490,ZH 440V 2C 4 sqmm Cu PVC armoured cable as per IEC 60502-1,ZH 2C Cu PVC cable,ZH 2C cable,2C cable
RFP_0491,500V 12C 0.75 sqmm Cu XLPE armoured cable as per IEC 60502-1,0.75 sqmm XLPE armoured cable as per IEC 60502-1,0.75 sqmm armoured cable,0.75 sqmm cable
RFP_0492,500V 10C 6 sqmm Cu PVC armoured cable as per IS 1554,10C 6 sqmm Cu PVC cable,6 sqmm Cu cable,Cu cable
RFP_0493,FRLS 500V 2C 1.5 sqmm Cu PVC armoured cable as per IEC 60502-1,1.5 sqmm Cu PVC armoured cable,PVC armoured cable,armoured cable
RFP_0494,FR 500V 4C 6 sqmm Cu PVC armoured cable as per IEC 60502-1,FR 4C Cu armoured cable,4C armoured cable,4C cable
RFP_0495,1.1kV 2C 2.5 sqmm Cu XLPE armoured cable as per IEC 60502-1,1.1kV 2.5 sqmm XLPE armoured cable,2.5 sqmm armoured cable,armoured cable
RFP_0496,440V 2C 4 sqmm Cu PVC armoured cable as per IS 1554,4 sqmm Cu PVC armoured cable,Cu armoured cable,armoured cable
RFP_0497,FRLS 440V 5C 4 sqmm Cu PVC armoured cable as per IS 694,440V 5C Cu PVC cable,5C PVC cable,PVC cable
RFP_0498,FRLS 1.1kV 4C 1 sqmm Cu XLPE armoured cable as per IS 1554,1.1kV 1 sqmm XLPE cable as per IS 1554,1 sqmm XLPE cable,XLPE cable
RFP_0499,LSZH 300V 10C 1.5 sqmm Cu XLPE armoured cable as per IEC 60502-1,LSZH 300V 10C Cu cable,LSZH 300V cable,LSZH cable
RFP_0500,LSZH 6.6kV 3C 70 sqmm Cu XLPE armoured cable as per IEC 60502-1,LSZH 6.6kV Cu cable as per IEC 60502-1,LSZH 6.6kV cable,LSZH cable
RFP_0501,LSZH 33kV 1C 185 sqmm Cu XLPE armoured cable as per IS 7098-2,33kV 185 sqmm Cu cable as per IS 7098-2,33kV cable as per IS 7098-2,cable as per IS 7098-2
RFP_0502,1.1kV 1C 0.75 sqmm Cu PVC armoured cable as per IEC 60502-1,1.1kV 0.75 sqmm armoured cable as per IEC 60502-1,armoured cable as per IEC 60502-1,cable as per IEC 60502-1
RFP_0503,FRLS 440V 7C 6 sqmm Cu XLPE armoured cable as per IS 694,440V 7C XLPE cable as per IS 694,440V XLPE cable,XLPE cable
RFP_0504,Fire Survival 1.1kV 1C 10 sqmm Cu Mineral (MI) armoured cable as per IEC 60331,1.1kV 10 sqmm Mineral (MI) armoured cable as per IEC 60331,10 sqmm Mineral (MI) armoured cable,10 sqmm Mineral (MI) cable
RFP_0505,11kV 3C 240 sqmm Al XLPE armoured cable as per IEC 60502-1,11kV 3C Al XLPE cable,11kV 3C cable,11kV cable
RFP_0506,1.1kV 3C 35 sqmm Cu PVC armoured cable as per IEC 60502-1,1.1kV 3C PVC cable as per IEC 60502-1,1.1kV cable as per IEC 60502-1,1.1kV cable
RFP_0507,3.3kV 1C 150 sqmm Al XLPE armoured cable as per IEC 60502-1,3.3kV 150 sqmm XLPE cable as per IEC 60502-1,3.3kV cable as per IEC 60502-1,3.3kV cable
RFP_0508,FRLS 1.1kV 1C 2.5 sqmm Cu XLPE armoured cable as per IS 9968,2.5 sqmm Cu XLPE cable as per IS 9968,Cu cable as per IS 9968,Cu cable
RFP_0509,ZH 33kV 3C 95 sqmm Al XLPE armoured cable as per IEC 60502-2,3C 95 sqmm Al cable as per IEC 60502-2,Al cable as per IEC 60502-2,cable as per IEC 60502-2
RFP_0510,LSZH 500V 20C 0.5 sqmm Cu PVC armoured cable as per IEC 60502-1,LSZH 500V 0.5 sqmm Cu cable,500V Cu cable,Cu cable
RFP_0511,LSZH 300V 20C 0.75 sqmm Cu PVC armoured cable as per IEC 60502-1,LSZH 300V PVC cable as per IEC 60502-1,LSZH 300V cable,300V cable
RFP_0512,FRLS 66kV 1C 400 sqmm Al XLPE armoured cable as per IEC 60840,66kV 400 sqmm Al cable as per IEC 60840,66kV cable as per IEC 60840,cable as per IEC 60840
RFP_0513,LSZH 6.6kV 3C 95 sqmm Al XLPE armoured cable as per IEC 60502-1,LSZH 3C 95 sqmm armoured cable,LSZH 95 sqmm cable,LSZH cable
RFP_0514,500V 19C 4 sqmm Cu PVC armoured cable as per IS 1554,19C 4 sqmm PVC cable as per IS 1554,19C 4 sqmm cable,4 sqmm cable
RFP_0515,LSZH 1.1kV 3C 2.5 sqmm Cu XLPE armoured cable as per IS 9968,LSZH 2.5 sqmm XLPE cable as per IS 9968,2.5 sqmm cable as per IS 9968,cable as per IS 9968
RFP_0516,FR 11kV 3C 400 sqmm Cu EPR armoured cable as per IEC 60502-1,11kV EPR armoured cable as per IEC 60502-1,11kV EPR cable,11kV cable
RFP_0517,FRLS 500V 1C 2.5 sqmm Cu PVC armoured cable as per IEC 60245,1C PVC armoured cable as per IEC 60245,armoured cable as per IEC 60245,armoured cable
RFP_0518,FRLS 500V 6C 1.5 sqmm Cu PVC armoured cable as per IEC 60502-1,500V 6C Cu PVC cable,500V PVC cable,500V cable
RFP_0519,ZH 1.1kV 5C 6 sqmm Cu PVC armoured cable as per IS 9968,ZH 1.1kV Cu armoured cable,1.1kV Cu cable,1.1kV cable
RFP_0520,LSZH 440V 2C 1.5 sqmm Cu PVC armoured cable as per IS 694,2C 1.5 sqmm Cu PVC cable,1.5 sqmm Cu cable,Cu cable
RFP_0521,LSZH 1.1kV 2C 0.75 sqmm Cu XLPE armoured cable as per BS 5308-1,LSZH 1.1kV armoured cable as per BS 5308-1,LSZH cable as per BS 5308-1,LSZH cable
RFP_0522,1.1kV 6C 6 sqmm Cu PVC armoured cable as per IS 1554,1.1kV 6C PVC armoured cable,PVC armoured cable,PVC cable
RFP_0523,FRLS 1.1kV 30C 4 sqmm Cu PVC armoured cable as per IEC 60502-1,FRLS 30C 4 sqmm PVC cable,4 sqmm PVC cable,PVC cable
RFP_0524,FRLS 6.6kV 3C 95 sqmm Al XLPE armoured cable as per IEC 60502-1,3C Al armoured cable as per IEC 60502-1,armoured cable as per IEC 60502-1,cable as per IEC 60502-1
RFP_0525,LSZH 600V 1C 4 sqmm Cu XLPE armoured cable as per IEC 60502-1,1C 4 sqmm XLPE cable as per IEC 60502-1,XLPE cable as per IEC 60502-1,cable as per IEC 60502-1
RFP_0526,LSZH 1.1kV 2C 2.5 sqmm Cu XLPE armoured cable as per IS 1554,1.1kV 2C Cu cable as per IS 1554,2C cable as per IS 1554,2C cable
RFP_0527,Fire Survival 1.1kV 3C 95 sqmm Cu Mineral (MI) armoured cable as per IEC 60331,Fire Survival 1.1kV Cu Mineral (MI) cable as per IEC 60331,1.1kV Mineral (MI) cable as per IEC 60331,1.1kV Mineral (MI) cable
RFP_0528,33kV 1C 50 sqmm Cu XLPE armoured cable as per IS 7098-2,33kV 1C XLPE cable as per IS 7098-2,XLPE cable as per IS 7098-2,XLPE cable
RFP_0529,Fire Survival 440V 1C 35 sqmm Cu XLPE armoured cable as per IEC 60331,440V 1C 35 sqmm cable as per IEC 60331,35 sqmm cable as per IEC 60331,35 sqmm cable
RFP_0530,500V 20C 0.5 sqmm Cu XLPE armoured cable as per BS 5308-1,500V 20C 0.5 sqmm Cu cable,20C 0.5 sqmm cable,0.5 sqmm cable
RFP_0531,500V 19C 6 sqmm Cu XLPE armoured cable as per IEC 60502-1,19C 6 sqmm Cu XLPE cable,6 sqmm Cu cable,6 sqmm cable
RFP_0532,FRLS 500V 4C 0.75 sqmm Cu PVC armoured cable as per IS 694,500V 0.75 sqmm Cu PVC cable,0.75 sqmm PVC cable,PVC cable
RFP_0533,LSZH 440V 7C 1 sqmm Cu PVC armoured cable as per IS 1554,440V PVC armoured cable as per IS 1554,PVC cable as per IS 1554,PVC cable
RFP_0534,LSZH 132kV 1C 1000 sqmm Al XLPE armoured cable as per IEC 60840,LSZH 132kV XLPE armoured cable,LSZH XLPE cable,XLPE cable
RFP_0535,LSZH 22kV 1C 70 sqmm Cu XLPE armoured cable as per IS 7098-2,22kV 70 sqmm XLPE cable as per IS 7098-2,70 sqmm cable as per IS 7098-2,cable as per IS 7098-2
RFP_0536,FRLS 500V 24C 2.5 sqmm Cu XLPE armoured cable as per BS 5308-1,FRLS 500V 24C armoured cable,24C armoured cable,armoured cable
RFP_0537,500V 8C 1 sqmm Cu XLPE armoured cable as per IS 1554,8C 1 sqmm Cu cable as per IS 1554,8C cable as per IS 1554,cable as per IS 1554
RFP_0538,LSZH 33kV 1C 240 sqmm Al XLPE armoured cable as per IS 7098-2,LSZH 240 sqmm Al armoured cable,LSZH Al cable,LSZH cable
RFP_0539,FRLS 440V 27C 6 sqmm Cu XLPE armoured cable as per IS 694,440V 27C XLPE armoured cable,XLPE armoured cable,XLPE cable
RFP_0540,440V 4C 120 sqmm Al XLPE armoured cable as per IS 694,440V 4C 120 sqmm armoured cable,440V armoured cable,armoured cable
RFP_0541,Fire Survival 440V 2C 95 sqmm Cu XLPE armoured cable as per IEC 60331,Fire Survival 440V 95 sqmm Cu cable,Fire Survival Cu cable,Cu cable
RFP_0542,600V 3.5C 240 sqmm Cu XLPE armoured cable as per IEC 60502-1,600V 3.5C 240 sqmm XLPE cable,600V 3. XLPE cable,3. XLPE cable
RFP_0543,FR 440V 19C 1 sqmm Cu PVC armoured cable as per IS 694,440V 1 sqmm Cu PVC cable,1 sqmm PVC cable,PVC cable
RFP_0544,FR 500V 27C 1 sqmm Cu PVC armoured cable as per IEC 60502-1,FR 500V 1 sqmm cable as per IEC 60502-1,500V cable as per IEC 60502-1,500V cable
RFP_0545,1.1kV 8C 1 sqmm Cu XLPE armoured cable as per BS 5308-1,1.1kV 8C armoured cable as per BS 5308-1,8C armoured cable,armoured cable
RFP_0546,1.1kV 5C 50 sqmm Cu PVC armoured cable as per IEC 60502-1,1.1kV 5C armoured cable as per IEC 60502-1,armoured cable as per IEC 60502-1,armoured cable
RFP_0547,ZH 440V 3.5C 25 sqmm Al XLPE armoured cable as per IEC 60502-1,440V 3.5C 25 sqmm armoured cable,3.5C armoured cable,3. armoured cable
RFP_0548,LSZH 600V 1C 95 sqmm Al PVC armoured cable as per IEC 60502-1,LSZH 1C 95 sqmm cable as per IEC 60502-1,1C 95 sqmm cable,95 sqmm cable
RFP_0549,ZH 600V 3.5C 70 sqmm Cu XLPE armoured cable as per IS 694,600V 3. Cu XLPE cable as per IS 694,600V 3. cable as per IS 694,600V 3. cable
RFP_0550,FRLS 220kV 1C 1000 sqmm Cu XLPE armoured cable as per IEC 62067,220kV Cu XLPE armoured cable,XLPE armoured cable,armoured cable
RFP_0551,FRLS 1.1kV 2C 1.5 sqmm Cu XLPE armoured cable as per IEC 60502-1,1.5 sqmm Cu XLPE cable as per IEC 60502-1,1.5 sqmm Cu cable,1.5 sqmm cable
RFP_0552,FR 220kV 1C 400 sqmm Al XLPE armoured cable as per IEC 62067,FR 220kV 1C armoured cable,FR 1C cable,FR cable
RFP_0553,Fire Survival 440V 1C 70 sqmm Cu XLPE armoured cable as per BS 6387,Fire Survival 1C Cu XLPE cable,1C Cu cable,1C cable
RFP_0554,LSZH 440V 7C 1.5 sqmm Cu PVC armoured cable as per IS 694,LSZH 7C PVC cable as per IS 694,LSZH 7C cable,LSZH cable
RFP_0555,LSZH 1.1kV 5C 4 sqmm Cu XLPE armoured cable as per IS 9968,LSZH 4 sqmm armoured cable as per IS 9968,4 sqmm armoured cable,armoured cable
RFP_0556,LSZH 500V 30C 1 sqmm Cu XLPE armoured cable as per IEC 60502-1,30C 1 sqmm Cu cable as per IEC 60502-1,1 sqmm cable as per IEC 60502-1,1 sqmm cable
RFP_0557,1.1kV 10C 4 sqmm Cu XLPE armoured cable as per IS 1554,1.1kV Cu armoured cable as per IS 1554,1.1kV cable as per IS 1554,cable as per IS 1554
RFP_0558,FR 440V 24C 1 sqmm Cu XLPE armoured cable as per IS 694,440V 24C XLPE cable as per IS 694,440V 24C cable,440V cable
RFP_0559,ZH 66kV 1C 400 sqmm Cu XLPE armoured cable as per IEC 60840,ZH 1C Cu XLPE cable,1C XLPE cable,XLPE cable
RFP_0560,66kV 1C 240 sqmm Cu XLPE armoured cable as per IS 7098-3,66kV 240 sqmm XLPE armoured cable,240 sqmm armoured cable,240 sqmm cable
RFP_0561,FR 300V 6C 1.5 sqmm Cu XLPE armoured cable as per IEC 60502-1,6C 1.5 sqmm XLPE armoured cable,1.5 sqmm armoured cable,armoured cable
RFP_0562,Fire Survival 1.1kV 4C 120 sqmm Cu Mineral (MI) armoured cable as per IEC 60331,Fire Survival 4C 120 sqmm Mineral (MI) armoured cable,Fire Survival 120 sqmm Mineral (MI) cable,120 sqmm Mineral (MI) cable
RFP_0563,LSZH 400kV 1C 800 sqmm Al XLPE armoured cable as per IEC 62067,1C 800 sqmm Al cable as per IEC 62067,800 sqmm cable as per IEC 62067,800 sqmm cable
RFP_0564,ZH 220kV 1C 500 sqmm Al XLPE armoured cable as per IEC 62067,1C Al XLPE armoured cable,1C XLPE cable,1C cable
RFP_0565,FRLS 600V 3.5C 150 sqmm Cu PVC armoured cable as per IEC 60502-1,FRLS 600V 3.5C Cu cable,600V 3.5C cable,600V 3. cable
RFP_0566,Fire Survival 440V 3C 1.5 sqmm Cu XLPE armoured cable as per IEC 60331,440V 1.5 sqmm armoured cable as per IEC 60331,1.5 sqmm armoured cable,1.5 sqmm cable
RFP_0567,ZH 33kV 1C 95 sqmm Al XLPE armoured cable as per IEC 60502-2,ZH 1C 95 sqmm Al cable,ZH 1C cable,1C cable
RFP_0568,ZH 600V 3C 185 sqmm Al PVC armoured cable as per IEC 60502-1,ZH 600V 185 sqmm PVC cable,600V PVC cable,PVC cable
RFP_0569,Fire Survival 1.1kV 2C 6 sqmm Cu XLPE armoured cable as per IEC 60331,Fire Survival 2C Cu cable as per IEC 60331,Cu cable as per IEC 60331,cable as per IEC 60331
RFP_0570,ZH 22kV 3C 50 sqmm Al XLPE armoured cable as per IS 7098-2,ZH 3C 50 sqmm cable as per IS 7098-2,ZH cable as per IS 7098-2,ZH cable
RFP_0571,ZH 400kV 1C 500 sqmm Cu XLPE armoured cable as per IEC 62067,ZH 500 sqmm Cu XLPE cable,500 sqmm Cu cable,Cu cable
RFP_0572,300V 8C 0.5 sqmm Cu XLPE armoured cable as per BS 5308-1,300V 8C 0.5 sqmm Cu cable,8C 0.5 sqmm cable,8C cable
RFP_0573,ZH 22kV 3C 50 sqmm Al XLPE armoured cable as per IEC 60502-2,50 sqmm XLPE armoured cable as per IEC 60502-2,50 sqmm XLPE cable,XLPE cable
RFP_0574,ZH 500V 5C 1 sqmm Cu PVC armoured cable as per IS 694,500V 1 sqmm Cu cable as per IS 694,Cu cable as per IS 694,Cu cable
RFP_0575,LSZH 220kV 1C 400 sqmm Cu XLPE armoured cable as per IEC 62067,LSZH 220kV Cu XLPE cable,LSZH 220kV cable,220kV cable
RFP_0576,1.1kV 1C 6 sqmm Cu PVC armoured cable as per IS 9968,1C Cu armoured cable as per IS 9968,Cu armoured cable,armoured cable
RFP_0577,1.1kV 4C 2.5 sqmm Cu PVC armoured cable as per IS 1554,2.5 sqmm Cu armoured cable as per IS 1554,Cu armoured cable,Cu cable
RFP_0578,Fire Survival 1.1kV 1C 50 sqmm Cu Mineral (MI) armoured cable as per BS 6387,Fire Survival 1.1kV 50 sqmm Cu Mineral (MI) cable,Fire Survival 1.1kV Mineral (MI) cable,Fire Survival Mineral (MI) cable
RFP_0579,FRLS 500V 24C 1 sqmm Cu XLPE armoured cable as per BS 5308-1,Cu XLPE armoured cable as per BS 5308-1,Cu cable as per BS 5308-1,Cu cable
RFP_0580,FRLS 500V 14C 2.5 sqmm Cu XLPE armoured cable as per IEC 60502-1,FRLS XLPE armoured cable as per IEC 60502-1,FRLS XLPE cable,FRLS cable
RFP_0581,440V 19C 6 sqmm Cu XLPE armoured cable as per IS 694,440V 19C Cu cable as per IS 694,440V 19C cable,19C cable
RFP_0582,LSZH 66kV 1C 185 sqmm Al XLPE armoured cable as per IEC 60840,66kV 185 sqmm Al cable as per IEC 60840,66kV Al cable,66kV cable
RFP_0583,LSZH 440V 14C 2.5 sqmm Cu XLPE armoured cable as per IS 694,LSZH 440V 2.5 sqmm Cu cable,440V Cu cable,Cu cable
RFP_0584,FR 400kV 1C 400 sqmm Cu XLPE armoured cable as per IEC 62067,FR 1C XLPE armoured cable,1C armoured cable,armoured cable
RFP_0585,LSZH 11kV 3C 95 sqmm Cu XLPE armoured cable as per IS 7098-1,LSZH 11kV 95 sqmm armoured cable,LSZH armoured cable,LSZH cable
RFP_0586,LSZH 500V 1C 0.75 sqmm Cu PVC armoured cable as per IEC 60245,LSZH 500V PVC cable as per IEC 60245,LSZH PVC cable,PVC cable
RFP_0587,440V 12C 1 sqmm Cu XLPE armoured cable as per IS 1554,440V Cu XLPE armoured cable,440V Cu cable,Cu cable
RFP_0588,500V 16C 6 sqmm Cu PVC armoured cable as per IEC 60502-1,500V 16C Cu cable as per IEC 60502-1,500V 16C cable,500V cable
RFP_0589,LSZH 500V 30C 6 sqmm Cu PVC armoured cable as per IS 1554,500V 6 sqmm PVC cable as per IS 1554,6 sqmm cable as per IS 1554,cable as per IS 1554
RFP_0590,FRLS 500V 6C 2.5 sqmm Cu PVC armoured cable as per IEC 60502-1,FRLS 6C 2.5 sqmm PVC cable,6C PVC cable,PVC cable
RFP_0591,FRLS 500V 5C 1.5 sqmm Cu XLPE armoured cable as per IEC 60502-1,FRLS 500V 1.5 sqmm XLPE cable,FRLS 1.5 sqmm cable,FRLS cable
RFP_0592,FRLS 1.1kV 4C 6 sqmm Cu XLPE armoured cable as per IS 9968,1.1kV 4C armoured cable as per IS 9968,1.1kV 4C cable,1.1kV cable
RFP_0593,FRLS 500V 6C 6 sqmm Cu XLPE armoured cable as per IS 1554,FRLS 500V 6C 6 sqmm cable,6C 6 sqmm cable,6C cable
RFP_0594,Fire Survival 1.1kV 1C 70 sqmm Cu Mineral (MI) armoured cable as per IS 17048,Fire Survival 1C Cu Mineral (MI) cable as per IS 17048,1C Mineral (MI) cable as per IS 17048,1C Mineral (MI) cable
RFP_0595,FR 3.3kV 3C 95 sqmm Cu EPR armoured cable as per IEC 60502-1,3.3kV 95 sqmm Cu armoured cable,Cu armoured cable,Cu cable
RFP_0596,220kV 1C 300 sqmm Al XLPE armoured cable as per IEC 62067,1C 300 sqmm Al armoured cable,300 sqmm Al cable,Al cable
RFP_0597,1.1kV 30C 4 sqmm Cu PVC armoured cable as per IEC 60502-1,30C 4 sqmm Cu armoured cable,4 sqmm armoured cable,armoured cable
RFP_0598,FR 300V 10C 1 sqmm Cu XLPE armoured cable as per IEC 60502-1,FR 1 sqmm armoured cable as per IEC 60502-1,FR armoured cable,armoured cable
RFP_0599,300V 8C 2.5 sqmm Cu XLPE armoured cable as per IEC 60502-1,300V 2.5 sqmm Cu armoured cable,300V armoured cable,300V cable
RFP_0600,ZH 1.1kV 2C 16 sqmm Cu XLPE armoured cable as per IEC 60502-1,1.1kV XLPE armoured cable as per IEC 60502-1,1.1kV armoured cable,armoured cable
RFP_0601,ZH 6.6kV 1C 120 sqmm Al EPR armoured cable as per IS 7098-1,Al EPR armoured cable as per IS 7098-1,EPR armoured cable,EPR cable
RFP_0602,FRLS 1.1kV 12C 4 sqmm Cu XLPE armoured cable as per BS 5308,12C XLPE armoured cable as per BS 5308,armoured cable as per BS 5308,armoured cable
RFP_0603,LSZH 1.1kV 1C 2.5 sqmm Cu PVC armoured cable as per IS 1554,1.1kV 1C Cu cable as per IS 1554,1C cable as per IS 1554,cable as per IS 1554
RFP_0604,LSZH 300V 6C 2.5 sqmm Cu XLPE armoured cable as per BS 5308-1,2.5 sqmm Cu XLPE cable as per BS 5308-1,Cu XLPE cable,Cu cable
RFP_0605,LSZH 11kV 3C 50 sqmm Cu EPR armoured cable as per IS 7098-1,LSZH EPR armoured cable as per IS 7098-1,LSZH cable as per IS 7098-1,LSZH cable
RFP_0606,500V 10C 4 sqmm Cu XLPE armoured cable as per IEC 60502-1,500V 10C XLPE armoured cable,XLPE armoured cable,armoured cable
RFP_0607,FR 440V 10C 4 sqmm Cu PVC armoured cable as per IS 1554,10C PVC armoured cable as per IS 1554,10C PVC cable,10C cable
RFP_0608,LSZH 500V 7C 1 sqmm Cu PVC armoured cable as per IS 1554,LSZH 7C 1 sqmm Cu cable,LSZH 1 sqmm cable,LSZH cable
RFP_0609,500V 6C 1 sqmm Cu XLPE armoured cable as per BS 5308-1,6C 1 sqmm Cu armoured cable,6C armoured cable,6C cable
RFP_0610,LSZH 440V 3.5C 630 sqmm Al PVC armoured cable as per IS 1554,440V 3. 630 sqmm PVC armoured cable,440V 3. armoured cable,440V 3. cable
RFP_0611,500V 3C 2.5 sqmm Cu XLPE armoured cable as per IS 1554,2.5 sqmm Cu XLPE armoured cable,2.5 sqmm XLPE cable,2.5 sqmm cable
RFP_0612,ZH 110kV 1C 300 sqmm Cu XLPE armoured cable as per IEC 60840,300 sqmm Cu XLPE cable as per IEC 60840,XLPE cable as per IEC 60840,cable as per IEC 60840
RFP_0613,ZH 66kV 1C 185 sqmm Al XLPE armoured cable as per IEC 60840,ZH 66kV 1C armoured cable,ZH armoured cable,armoured cable
RFP_0614,LSZH 132kV 1C 800 sqmm Al XLPE armoured cable as per IEC 60840,132kV 1C 800 sqmm cable as per IEC 60840,132kV 800 sqmm cable,132kV cable
RFP_0615,FRLS 500V 1C 1 sqmm Cu PVC armoured cable as per IEC 60245,FRLS 500V PVC cable as per IEC 60245,PVC cable as per IEC 60245,cable as per IEC 60245
RFP_0616,11kV 1C 95 sqmm Al XLPE armoured cable as per IS 7098-1,1C XLPE armoured cable as per IS 7098-1,1C XLPE cable,XLPE cable
RFP_0617,FR 500V 2C 1 sqmm Cu XLPE armoured cable as per IEC 60502-1,500V 2C XLPE cable as per IEC 60502-1,2C cable as per IEC 60502-1,2C cable
RFP_0618,1.1kV 10C 2.5 sqmm Cu XLPE armoured cable as per IS 1554,10C 2.5 sqmm Cu armoured cable,10C armoured cable,armoured cable
RFP_0619,LSZH 440V 16C 6 sqmm Cu PVC armoured cable as per IS 1554,LSZH 440V Cu armoured cable,LSZH 440V cable,440V cable
RFP_0620,1.1kV 30C 4 sqmm Cu PVC armoured cable as per BS 5308,1.1kV 30C 4 sqmm Cu cable,4 sqmm Cu cable,4 sqmm cable
RFP_0621,LSZH 600V 4C 50 sqmm Al XLPE armoured cable as per IS 694,600V 4C 50 sqmm cable as per IS 694,600V 50 sqmm cable,50 sqmm cable
RFP_0622,FR 132kV 1C 800 sqmm Cu XLPE armoured cable as per IEC 60840,132kV 800 sqmm Cu XLPE cable,800 sqmm Cu cable,800 sqmm cable
RFP_0623,FR 300V 10C 0.75 sqmm Cu PVC armoured cable as per BS 5308-1,FR PVC armoured cable as per BS 5308-1,FR cable as per BS 5308-1,cable as per BS 5308-1
RFP_0624,1.1kV 30C 6 sqmm Cu PVC armoured cable as per IEC 60502-1,6 sqmm Cu PVC cable as per IEC 60502-1,PVC cable as per IEC 60502-1,PVC cable
RFP_0625,LSZH 400kV 1C 800 sqmm Al XLPE armoured cable as per IEC 62067,1C Al armoured cable as per IEC 62067,Al cable as per IEC 62067,cable as per IEC 62067
RFP_0626,LSZH 1.1kV 19C 1.5 sqmm Cu XLPE armoured cable as per IS 1554,LSZH 1.5 sqmm Cu XLPE cable,1.5 sqmm XLPE cable,1.5 sqmm cable
RFP_0627,FR 22kV 1C 300 sqmm Al XLPE armoured cable as per IS 7098-2,22kV Al armoured cable as per IS 7098-2,22kV cable as per IS 7098-2,cable as per IS 7098-2
RFP_0628,132kV 1C 240 sqmm Cu XLPE armoured cable as per IEC 60840,1C Cu XLPE armoured cable,1C XLPE cable,1C cable
RFP_0629,500V 27C 1 sqmm Cu PVC armoured cable as per IEC 60502-1,27C 1 sqmm Cu PVC cable,27C PVC cable,PVC cable
RFP_0630,1.1kV 30C 2.5 sqmm Cu PVC armoured cable as per IS 1554,2.5 sqmm Cu PVC cable as per IS 1554,PVC cable as per IS 1554,cable as per IS 1554
RFP_0631,FR 66kV 1C 240 sqmm Al XLPE armoured cable as per IEC 60840,FR 66kV 240 sqmm cable as per IEC 60840,66kV cable as per IEC 60840,66kV cable
RFP_0632,FR 1.1kV 3C 1.5 sqmm Cu XLPE armoured cable as per IEC 60502-1,FR 1.5 sqmm Cu armoured cable,FR Cu cable,FR cable
RFP_0633,FRLS 1.1kV 24C 1.5 sqmm Cu PVC armoured cable as per IEC 60502-1,1.1kV 1.5 sqmm armoured cable as per IEC 60502-1,1.1kV armoured cable,armoured cable
RFP_0634,FRLS 1.1kV 4C 0.75 sqmm Cu XLPE armoured cable as per IS 9968,4C Cu armoured cable as per IS 9968,Cu armoured cable,Cu cable
RFP_0635,LSZH 11kV 1C 120 sqmm Al EPR armoured cable as per IS 7098-1,LSZH 11kV EPR armoured cable,11kV armoured cable,11kV cable
RFP_0636,FRLS 500V 2C 0.5 sqmm Cu PVC armoured cable as per IEC 60502-1,FRLS 500V 0.5 sqmm cable as per IEC 60502-1,FRLS 0.5 sqmm cable,0.5 sqmm cable
RFP_0637,FR 500V 10C 6 sqmm Cu XLPE armoured cable as per IEC 60502-1,500V 10C 6 sqmm armoured cable,10C 6 sqmm cable,6 sqmm cable
RFP_0638,ZH 11kV 3C 95 sqmm Cu EPR armoured cable as per IEC 60502-1,11kV 3C armoured cable as per IEC 60502-1,armoured cable as per IEC 60502-1,armoured cable
RFP_0639,FR 400kV 1C 400 sqmm Al XLPE armoured cable as per IEC 62067,400 sqmm XLPE armoured cable as per IEC 62067,armoured cable as per IEC 62067,cable as per IEC 62067
RFP_0640,FRLS 300V 10C 1.5 sqmm Cu PVC armoured cable as per BS 5308-1,FRLS 300V 10C armoured cable,FRLS armoured cable,armoured cable
RFP_0641,FR 1.1kV 5C 16 sqmm Cu XLPE armoured cable as per IS 9968,1.1kV 16 sqmm Cu XLPE cable,16 sqmm Cu cable,Cu cable
RFP_0642,FRLS 440V 3C 1 sqmm Cu XLPE armoured cable as per IS 694,440V 3C armoured cable as per IS 694,armoured cable as per IS 694,armoured cable
RFP_0643,FR 500V 6C 0.75 sqmm Cu XLPE armoured cable as per IEC 60502-1,FR Cu XLPE armoured cable,FR armoured cable,armoured cable
RFP_0644,600V 3.5C 10 sqmm Cu PVC armoured cable as per IS 694,600V 3.5C 10 sqmm armoured cable,600V 3.5C cable,3.5C cable
RFP_0645,FR 300V 4C 0.5 sqmm Cu PVC armoured cable as per IEC 60502-1,FR 300V 4C PVC cable,4C PVC cable,PVC cable
RFP_0646,Fire Survival 1.1kV 2C 16 sqmm Cu XLPE armoured cable as per IEC 60331,16 sqmm Cu XLPE armoured cable,16 sqmm armoured cable,armoured cable
RFP_0647,500V 12C 2.5 sqmm Cu XLPE armoured cable as per IEC 60502-1,12C XLPE armoured cable as per IEC 60502-1,armoured cable as per IEC 60502-1,cable as per IEC 60502-1
RFP_0648,FRLS 500V 8C 6 sqmm Cu XLPE armoured cable as per IEC 60502-1,500V 8C armoured cable as per IEC 60502-1,8C armoured cable,8C cable
RFP_0649,LSZH 500V 4C 6 sqmm Cu XLPE armoured cable as per IEC 60502-1,LSZH 6 sqmm Cu cable as per IEC 60502-1,LSZH cable as per IEC 60502-1,LSZH cable
RFP_0650,LSZH 33kV 3C 300 sqmm Cu XLPE armoured cable as per IS 7098-2,33kV 3C 300 sqmm Cu cable,3C 300 sqmm cable,3C cable
RFP_0651,LSZH 1.1kV 16C 2.5 sqmm Cu XLPE armoured cable as per IS 1554,LSZH 1.1kV 2.5 sqmm XLPE cable,LSZH 1.1kV cable,1.1kV cable
RFP_0652,Fire Survival 1.1kV 1C 16 sqmm Cu Mineral (MI) armoured cable as per IEC 60331,Fire Survival 1C 16 sqmm Cu Mineral (MI) cable,16 sqmm Cu Mineral (MI) cable,Cu Mineral (MI) cable
RFP_0653,FRLS 300V 4C 2.5 sqmm Cu PVC armoured cable as per IEC 60502-1,300V 4C armoured cable as per IEC 60502-1,armoured cable as per IEC 60502-1,cable as per IEC 60502-1
RFP_0654,FR 1.1kV 4C 2.5 sqmm Cu PVC armoured cable as per BS 5308-1,FR 2.5 sqmm PVC cable as per BS 5308-1,FR cable as per BS 5308-1,FR cable
RFP_0655,LSZH 440V 24C 2.5 sqmm Cu XLPE armoured cable as per IS 694,24C 2.5 sqmm Cu armoured cable,24C armoured cable,24C cable
RFP_0656,FR 600V 3C 300 sqmm Cu XLPE armoured cable as per IEC 60502-1,600V 3C XLPE cable as per IEC 60502-1,3C XLPE cable,3C cable
RFP_0657,LSZH 220kV 1C 630 sqmm Cu XLPE armoured cable as per IEC 62067,LSZH Cu armoured cable as per IEC 62067,LSZH Cu cable,LSZH cable
RFP_0658,ZH 66kV 1C 300 sqmm Cu XLPE armoured cable as per IS 7098-3,ZH 66kV 300 sqmm cable as per IS 7098-3,ZH 300 sqmm cable,ZH cable
RFP_0659,ZH 1.1kV 2C 25 sqmm Al XLPE armoured cable as per IEC 60502-1,2C 25 sqmm Al armoured cable,2C 25 sqmm cable,2C cable
RFP_0660,ZH 500V 2C 1 sqmm Cu PVC armoured cable as per IS 694,ZH 500V Cu PVC cable,Cu PVC cable,PVC cable
RFP_0661,400kV 1C 400 sqmm Al XLPE armoured cable as per IEC 62067,400kV 400 sqmm armoured cable as per IEC 62067,400kV cable as per IEC 62067,cable as per IEC 62067
RFP_0662,FRLS 11kV 3C 300 sqmm Al XLPE armoured cable as per IEC 60502-1,11kV 3C 300 sqmm Al cable,11kV 3C cable,11kV cable
RFP_0663,FR 1.1kV 30C 4 sqmm Cu XLPE armoured cable as per IEC 60502-1,FR XLPE armoured cable as per IEC 60502-1,FR cable as per IEC 60502-1,FR cable
RFP_0664,Fire Survival 1.1kV 3C 95 sqmm Cu Mineral (MI) armoured cable as per BS 6387,1.1kV 3C Mineral (MI) armoured cable as per BS 6387,3C Mineral (MI) cable as per BS 6387,Mineral (MI) cable as per BS 6387
RFP_0665,FR 300V 4C 1.5 sqmm Cu PVC armoured cable as per BS 5308-1,FR PVC armoured cable as per BS 5308-1,FR PVC cable,PVC cable
RFP_0666,LSZH 132kV 1C 800 sqmm Al XLPE armoured cable as per IEC 60840,LSZH 132kV 1C XLPE cable,132kV XLPE cable,132kV cable
RFP_0667,FRLS 1.1kV 16C 1.5 sqmm Cu PVC armoured cable as per BS 5308-1,FRLS 16C 1.5 sqmm armoured cable,1.5 sqmm armoured cable,1.5 sqmm cable
RFP_0668,FR 440V 1C 35 sqmm Cu PVC armoured cable as per IS 694,440V 35 sqmm PVC armoured cable,440V PVC cable,PVC cable
RFP_0669,LSZH 1.1kV 4C 2.5 sqmm Cu PVC armoured cable as per BS 5308,LSZH Cu PVC armoured cable,LSZH armoured cable,armoured cable
RFP_0670,FRLS 1.1kV 10C 2.5 sqmm Cu PVC armoured cable as per IEC 60502-1,FRLS Cu armoured cable as per IEC 60502-1,Cu cable as per IEC 60502-1,cable as per IEC 60502-1
RFP_0671,FRLS 11kV 1C 120 sqmm Al XLPE armoured cable as per IS 7098-1,FRLS Al XLPE cable as per IS 7098-1,XLPE cable as per IS 7098-1,XLPE cable
RFP_0672,500V 5C 6 sqmm Cu XLPE armoured cable as per IS 1554,5C Cu XLPE armoured cable,Cu armoured cable,Cu cable
RFP_0673,FR 6.6kV 1C 185 sqmm Al XLPE armoured cable as per IS 7098-1,6.6kV 1C 185 sqmm armoured cable,6.6kV 185 sqmm cable,185 sqmm cable
RFP_0674,FRLS 1.1kV 8C 1.5 sqmm Cu XLPE armoured cable as per IEC 60502-1,1.1kV 1.5 sqmm armoured cable as per IEC 60502-1,1.5 sqmm cable as per IEC 60502-1,1.5 sqmm cable
RFP_0675,LSZH 110kV 1C 300 sqmm Al XLPE armoured cable as per IEC 60840,LSZH 1C 300 sqmm Al cable,1C Al cable,1C cable
RFP_0676,LSZH 1.1kV 24C 0.5 sqmm Cu XLPE armoured cable as per IEC 60502-1,LSZH 0.5 sqmm Cu XLPE cable,LSZH Cu cable,Cu cable
RFP_0677,FR 1.1kV 16C 1.5 sqmm Cu PVC armoured cable as per IEC 60502-1,FR 1.5 sqmm PVC armoured cable,PVC armoured cable,PVC cable
RFP_0678,LSZH 1.1kV 1C 1 sqmm Cu PVC armoured cable as per BS 5308-1,LSZH 1.1kV 1 sqmm PVC cable,LSZH PVC cable,PVC cable
RFP_0679,ZH 1.1kV 4C 35 sqmm Cu XLPE armoured cable as per IS 9968,ZH 1.1kV 4C 35 sqmm cable,1.1kV 4C cable,4C cable
RFP_0680,FR 440V 2C 50 sqmm Cu PVC armoured cable as per IS 694,FR 2C 50 sqmm Cu cable,FR 2C cable,2C cable
RFP_0681,1.1kV 8C 1 sqmm Cu PVC armoured cable as per BS 5308,1 sqmm PVC armoured cable as per BS 5308,PVC armoured cable,PVC cable
RFP_0682,LSZH 1.1kV 2C 1000 sqmm Al PVC armoured cable as per IEC 60502-1,2C 1000 sqmm armoured cable as per IEC 60502-1,2C 1000 sqmm cable,2C cable
RFP_0683,440V 2C 4 sqmm Cu XLPE armoured cable as per IS 1554,440V 2C XLPE armoured cable,2C armoured cable,armoured cable
RFP_0684,500V 16C 1 sqmm Cu PVC armoured cable as per BS 5308-1,500V Cu PVC cable as per BS 5308-1,500V Cu cable,500V cable
RFP_0685,LSZH 1.1kV 3.5C 300 sqmm Al XLPE armoured cable as per IS 1554,3.5C Al XLPE armoured cable,3. XLPE armoured cable,3. XLPE cable
RFP_0686,Fire Survival 1.1kV 4C 2.5 sqmm Cu XLPE armoured cable as per IEC 60331,1.1kV 4C Cu XLPE cable,4C XLPE cable,4C cable
RFP_0687,FRLS 1.1kV 5C 1.5 sqmm Cu XLPE armoured cable as per IEC 60502-1,FRLS 1.1kV Cu XLPE cable,1.1kV Cu cable,1.1kV cable
RFP_0688,FRLS 300V 24C 0.75 sqmm Cu XLPE armoured cable as per BS 5308-1,FRLS 24C XLPE armoured cable,FRLS armoured cable,FRLS cable
RFP_0689,LSZH 1.1kV 12C 0.75 sqmm Cu XLPE armoured cable as per IS 1554,1.1kV 12C XLPE cable as per IS 1554,1.1kV XLPE cable,XLPE cable
RFP_0690,LSZH 440V 2C 4 sqmm Cu XLPE armoured cable as per IS 694,LSZH 440V 4 sqmm XLPE cable,LSZH 4 sqmm cable,4 sqmm cable
RFP_0691,FR 500V 3C 1000 sqmm Al PVC armoured cable as per IEC 60502-1,1000 sqmm Al armoured cable as per IEC 60502-1,1000 sqmm armoured cable,1000 sqmm cable
RFP_0692,FR 500V 2C 16 sqmm Cu PVC armoured cable as per IEC 60502-1,FR 16 sqmm Cu armoured cable,FR armoured cable,armoured cable
RFP_0693,FRLS 3.3kV 1C 150 sqmm Cu XLPE armoured cable as per IEC 60502-1,FRLS 1C armoured cable as per IEC 60502-1,FRLS armoured cable,FRLS cable
RFP_0694,FRLS 1.1kV 24C 0.5 sqmm Cu XLPE armoured cable as per IS 1554,1.1kV 0.5 sqmm armoured cable as per IS 1554,armoured cable as per IS 1554,armoured cable
RFP_0695,LSZH 500V 14C 2.5 sqmm Cu XLPE armoured cable as per IEC 60502-1,LSZH 500V XLPE armoured cable,500V XLPE cable,XLPE cable
RFP_0696,FRLS 440V 24C 2.5 sqmm Cu PVC armoured cable as per IS 694,440V 2.5 sqmm PVC cable as per IS 694,440V PVC cable,440V cable
RFP_0697,FR 132kV 1C 1000 sqmm Al XLPE armoured cable as per IEC 60840,132kV 1C 1000 sqmm cable as per IEC 60840,132kV 1C cable,1C cable
RFP_0698,LSZH 22kV 3C 70 sqmm Al XLPE armoured cable as per IEC 60502-2,LSZH 3C Al armoured cable,LSZH Al cable,Al cable
RFP_0699,LSZH 300V 16C 0.75 sqmm Cu XLPE armoured cable as per IEC 60502-1,300V 16C 0.75 sqmm armoured cable,300V armoured cable,300V cable
RFP_0700,FRLS 1.1kV 3C 1 sqmm Cu PVC armoured cable as per IS 1554,1.1kV Cu PVC armoured cable,Cu armoured cable,Cu cable
RFP_0701,ZH 22kV 3C 70 sqmm Al XLPE armoured cable as per IS 7098-2,3C 70 sqmm XLPE armoured cable,3C armoured cable,armoured cable
RFP_0702,1.1kV 2C 2.5 sqmm Cu PVC armoured cable as per IEC 60502-1,1.1kV 2C PVC armoured cable,2C armoured cable,armoured cable
RFP_0703,1.1kV 4C 1 sqmm Cu XLPE armoured cable as per BS 5308-1,1.1kV 4C XLPE cable as per BS 5308-1,4C XLPE cable,4C cable
RFP_0704,FR 1.1kV 24C 2.5 sqmm Cu XLPE armoured cable as per IEC 60502-1,FR Cu XLPE armoured cable,FR Cu cable,Cu cable
RFP_0705,500V 27C 2.5 sqmm Cu XLPE armoured cable as per IS 1554,2.5 sqmm Cu XLPE cable as per IS 1554,Cu XLPE cable,Cu cable
RFP_0706,FRLS 1.1kV 5C 4 sqmm Cu XLPE armoured cable as per IEC 60502-1,FRLS 1.1kV Cu XLPE cable,FRLS XLPE cable,XLPE cable
RFP_0707,FR 220kV 1C 400 sqmm Cu XLPE armoured cable as per IEC 62067,FR 1C 400 sqmm cable as per IEC 62067,400 sqmm cable as per IEC 62067,400 sqmm cable
RFP_0708,ZH 110kV 1C 800 sqmm Al XLPE armoured cable as per IEC 60840,ZH 800 sqmm Al cable as per IEC 60840,ZH cable as per IEC 60840,cable as per IEC 60840
RFP_0709,LSZH 220kV 1C 300 sqmm Al XLPE armoured cable as per IEC 62067,LSZH 300 sqmm Al cable as per IEC 62067,LSZH Al cable,LSZH cable
RFP_0710,LSZH 110kV 1C 300 sqmm Cu XLPE armoured cable as per IEC 60840,1C 300 sqmm Cu XLPE cable,1C 300 sqmm cable,300 sqmm cable
RFP_0711,Fire Survival 1.1kV 3C 50 sqmm Cu Mineral (MI) armoured cable as per IEC 60331,Fire Survival 1.1kV 3C Mineral (MI) armoured cable,Fire Survival Mineral (MI) armoured cable,Fire Survival Mineral (MI) cable
RFP_0712,440V 24C 1 sqmm Cu PVC armoured cable as per IS 694,440V 24C armoured cable as per IS 694,24C cable as per IS 694,cable as per IS 694
RFP_0713,ZH 110kV 1C 500 sqmm Al XLPE armoured cable as per IEC 60840,ZH 1C 500 sqmm Al cable,ZH 1C cable,1C cable
RFP_0714,FRLS 500V 4C 150 sqmm Cu XLPE armoured cable as per IS 1554,500V 4C armoured cable as per IS 1554,4C armoured cable,armoured cable
RFP_0715,440V 4C 25 sqmm Cu PVC armoured cable as per IS 694,4C Cu PVC armoured cable,4C Cu cable,Cu cable
RFP_0716,600V 1C 4 sqmm Cu XLPE armoured cable as per IEC 60502-1,4 sqmm Cu XLPE cable as per IEC 60502-1,Cu XLPE cable,Cu cable
RFP_0717,ZH 33kV 3C 300 sqmm Cu XLPE armoured cable as per IEC 60502-2,ZH 33kV 3C XLPE cable,ZH 33kV cable,ZH cable
RFP_0718,ZH 600V 4C 800 sqmm Cu PVC armoured cable as per IS 694,600V 4C PVC cable as per IS 694,600V PVC cable,600V cable
RFP_0719,FR 11kV 3C 70 sqmm Al XLPE armoured cable as per IEC 60502-1,11kV 3C armoured cable as per IEC 60502-1,11kV 3C cable,3C cable
RFP_0720,1.1kV 24C 2.5 sqmm Cu PVC armoured cable as per BS 5308-1,24C 2.5 sqmm PVC cable as per BS 5308-1,2.5 sqmm PVC cable,2.5 sqmm cable
RFP_0721,3.3kV 3C 70 sqmm Al XLPE armoured cable as per IS 7098-1,3C 70 sqmm Al armoured cable,3C armoured cable,armoured cable
RFP_0722,ZH 1.1kV 4C 16 sqmm Cu PVC armoured cable as per IS 1554,ZH 1.1kV Cu cable as per IS 1554,1.1kV Cu cable,1.1kV cable
RFP_0723,500V 4C 0.5 sqmm Cu PVC armoured cable as per IEC 60502-1,500V 0.5 sqmm Cu armoured cable,0.5 sqmm armoured cable,armoured cable
RFP_0724,LSZH 500V 4C 1.5 sqmm Cu PVC armoured cable as per IS 1554,500V 1.5 sqmm Cu armoured cable,500V Cu cable,500V cable
RFP_0725,FR 500V 8C 2.5 sqmm Cu XLPE armoured cable as per IEC 60502-1,8C 2.5 sqmm XLPE armoured cable,XLPE armoured cable,XLPE cable
RFP_0726,FRLS 1.1kV 2C 0.75 sqmm Cu XLPE armoured cable as per IEC 60502-1,FRLS 1.1kV 0.75 sqmm Cu cable,1.1kV 0.75 sqmm cable,0.75 sqmm cable
RFP_0727,300V 20C 1.5 sqmm Cu XLPE armoured cable as per BS 5308-1,300V 20C Cu armoured cable,300V 20C cable,300V cable
RFP_0728,FR 500V 10C 6 sqmm Cu PVC armoured cable as per IS 1554,500V 6 sqmm PVC cable as per IS 1554,500V 6 sqmm cable,500V cable
RFP_0729,FRLS 1.1kV 4C 4 sqmm Cu XLPE armoured cable as per IEC 60502-1,4 sqmm Cu armoured cable as per IEC 60502-1,4 sqmm armoured cable,armoured cable
RFP_0730,ZH 3.3kV 1C 240 sqmm Cu EPR armoured cable as per IS 7098-1,240 sqmm Cu armoured cable as per IS 7098-1,240 sqmm armoured cable,armoured cable
RFP_0731,FR 500V 1C 0.5 sqmm Cu PVC armoured cable as per BS 5308-1,1C 0.5 sqmm PVC armoured cable,0.5 sqmm armoured cable,0.5 sqmm cable
RFP_0732,33kV 1C 300 sqmm Cu XLPE armoured cable as per IEC 60502-2,1C 300 sqmm Cu XLPE cable,300 sqmm Cu cable,300 sqmm cable
RFP_0733,FR 1.1kV 4C 16 sqmm Cu PVC armoured cable as per IS 9968,1.1kV PVC armoured cable as per IS 9968,1.1kV PVC cable,PVC cable
RFP_0734,FRLS 1.1kV 3.5C 150 sqmm Cu PVC armoured cable as per IS 1554,1.1kV 3. 150 sqmm Cu cable as per IS 1554,1.1kV 3. cable as per IS 1554,3. cable as per IS 1554
RFP_0735,440V 24C 2.5 sqmm Cu XLPE armoured cable as per IS 1554,440V Cu XLPE cable as per IS 1554,Cu XLPE cable,Cu cable
RFP_0736,LSZH 6.6kV 3C 185 sqmm Cu XLPE armoured cable as per IS 7098-1,3C Cu armoured cable as per IS 7098-1,Cu cable as per IS 7098-1,Cu cable
RFP_0737,LSZH 600V 3C 6 sqmm Al XLPE armoured cable as per IS 694,600V 3C 6 sqmm armoured cable,600V 3C cable,600V cable
RFP_0738,LSZH 1.1kV 12C 0.75 sqmm Cu XLPE armoured cable as per IEC 60502-1,12C 0.75 sqmm Cu XLPE cable,12C Cu cable,12C cable
RFP_0739,FR 400kV 1C 500 sqmm Al XLPE armoured cable as per IEC 62067,FR 1C 500 sqmm Al cable,FR Al cable,Al cable
RFP_0740,FRLS 3.3kV 1C 240 sqmm Al EPR armoured cable as per IEC 60502-1,240 sqmm Al armoured cable as per IEC 60502-1,240 sqmm Al cable,Al cable
RFP_0741,500V 8C 1.5 sqmm Cu XLPE armoured cable as per BS 5308-1,500V 8C XLPE armoured cable,500V armoured cable,armoured cable
RFP_0742,ZH 110kV 1C 630 sqmm Al XLPE armoured cable as per IEC 60840,ZH 630 sqmm Al cable as per IEC 60840,630 sqmm Al cable,Al cable
RFP_0743,FR 1.1kV 3C 6 sqmm Cu PVC armoured cable as per BS 5308,1.1kV 3C PVC armoured cable,PVC armoured cable,armoured cable
RFP_0744,LSZH 1.1kV 5C 1.5 sqmm Cu PVC armoured cable as per IS 1554,1.1kV 1.5 sqmm Cu cable as per IS 1554,1.5 sqmm cable as per IS 1554,1.5 sqmm cable
RFP_0745,ZH 11kV 3C 95 sqmm Al XLPE armoured cable as per IS 7098-1,ZH 11kV 3C cable as per IS 7098-1,ZH 11kV cable,ZH cable
RFP_0746,440V 24C 4 sqmm Cu PVC armoured cable as per IS 1554,24C 4 sqmm Cu armoured cable,24C Cu cable,24C cable
RFP_0747,1.1kV 3.5C 400 sqmm Cu EPR armoured cable as per BS 5467,1.1kV 3.5C Cu EPR cable,3. Cu EPR cable,3. EPR cable
RFP_0748,33kV 3C 95 sqmm Cu XLPE armoured cable as per IEC 60502-2,33kV Cu armoured cable as per IEC 60502-2,Cu armoured cable,Cu cable
RFP_0749,LSZH 6.6kV 3C 400 sqmm Cu EPR armoured cable as per IEC 60502-1,LSZH 6.6kV Cu EPR cable,Cu EPR cable,EPR cable
RFP_0750,3.3kV 1C 400 sqmm Cu XLPE armoured cable as per IEC 60502-1,3.3kV 400 sqmm XLPE armoured cable,400 sqmm armoured cable,armoured cable
RFP_0751,66kV 1C 400 sqmm Al XLPE armoured cable as per IEC 60840,66kV Al XLPE cable as per IEC 60840,XLPE cable as per IEC 60840,XLPE cable
RFP_0752,440V 2C 16 sqmm Cu PVC armoured cable as per IEC 60245,440V 2C PVC cable as per IEC 60245,PVC cable as per IEC 60245,cable as per IEC 60245
RFP_0753,1.1kV 6C 1.5 sqmm Cu XLPE armoured cable as per IEC 60502-1,1.1kV 6C 1.5 sqmm XLPE cable,6C 1.5 sqmm cable,6C cable
RFP_0754,FRLS 1.1kV 4C 1 sqmm Cu PVC armoured cable as per BS 5308,1 sqmm Cu armoured cable as per BS 5308,Cu armoured cable,armoured cable
RFP_0755,Fire Survival 1.1kV 2C 2.5 sqmm Cu XLPE armoured cable as per IS 17048,Fire Survival Cu XLPE cable as per IS 17048,Cu cable as per IS 17048,cable as per IS 17048
RFP_0756,FRLS 33kV 1C 50 sqmm Cu XLPE armoured cable as per IS 7098-2,33kV 50 sqmm Cu armoured cable,50 sqmm armoured cable,armoured cable
RFP_0757,1.1kV 5C 2.5 sqmm Cu XLPE armoured cable as per BS 5308,1.1kV 5C Cu cable as per BS 5308,5C Cu cable,Cu cable
RFP_0758,Fire Survival 1.1kV 1C 16 sqmm Cu Mineral (MI) armoured cable as per BS 6387,Fire Survival 16 sqmm Cu Mineral (MI) cable as per BS 6387,16 sqmm Mineral (MI) cable as per BS 6387,Mineral (MI) cable as per BS 6387
RFP_0759,LSZH 500V 30C 1.5 sqmm Cu PVC armoured cable as per IEC 60502-1,500V Cu PVC cable as per IEC 60502-1,PVC cable as per IEC 60502-1,cable as per IEC 60502-1
RFP_0760,FR 500V 4C 0.75 sqmm Cu XLPE armoured cable as per IEC 60502-1,500V 4C 0.75 sqmm cable as per IEC 60502-1,0.75 sqmm cable as per IEC 60502-1,0.75 sqmm cable
RFP_0761,Fire Survival 440V 2C 16 sqmm Cu Mineral (MI) armoured cable as per IEC 60331,Fire Survival 2C 16 sqmm Mineral (MI) cable as per IEC 60331,Fire Survival 16 sqmm Mineral (MI) cable,Fire Survival Mineral (MI) cable
RFP_0762,500V 12C 0.75 sqmm Cu PVC armoured cable as per IEC 60502-1,500V 0.75 sqmm Cu PVC cable,500V 0.75 sqmm cable,500V cable
RFP_0763,FR 500V 7C 1.5 sqmm Cu PVC armoured cable as per IS 1554,FR 500V Cu cable as per IS 1554,FR cable as per IS 1554,cable as per IS 1554
RFP_0764,FR 6.6kV 1C 300 sqmm Al EPR armoured cable as per IS 7098-1,6.6kV 1C 300 sqmm cable as per IS 7098-1,300 sqmm cable as per IS 7098-1,cable as per IS 7098-1
RFP_0765,Fire Survival 1.1kV 4C 1.5 sqmm Cu XLPE armoured cable as per IS 17048,1.1kV 4C XLPE cable as per IS 17048,1.1kV cable as per IS 17048,cable as per IS 17048
RFP_0766,FRLS 440V 7C 1.5 sqmm Cu PVC armoured cable as per IS 1554,FRLS 440V 1.5 sqmm cable as per IS 1554,FRLS cable as per IS 1554,FRLS cable
RFP_0767,ZH 500V 2C 16 sqmm Cu PVC armoured cable as per IS 694,ZH 2C Cu cable as per IS 694,ZH Cu cable,ZH cable
RFP_0768,FR 500V 1C 0.5 sqmm Cu XLPE armoured cable as per IEC 60502-1,500V 0.5 sqmm Cu XLPE cable,500V Cu cable,500V cable
RFP_0769,FR 1.1kV 4C 4 sqmm Al PVC armoured cable as per IS 1554,1.1kV 4C 4 sqmm cable as per IS 1554,1.1kV cable as per IS 1554,cable as per IS 1554
RFP_0770,440V 7C 4 sqmm Cu PVC armoured cable as per IS 694,440V 4 sqmm Cu PVC cable,440V 4 sqmm cable,440V cable
RFP_0771,LSZH 500V 7C 1 sqmm Cu PVC armoured cable as per IS 1554,500V 7C Cu PVC cable,500V Cu cable,500V cable
RFP_0772,FRLS 1.1kV 4C 25 sqmm Al EPR armoured cable as per IS 1554,FRLS 1.1kV 4C EPR cable,1.1kV 4C cable,4C cable
RFP_0773,500V 3.5C 70 sqmm Al PVC armoured cable as per IS 694,3. 70 sqmm PVC armoured cable as per IS 694,3. 70 sqmm PVC cable,3. PVC cable
RFP_0774,LSZH 1.1kV 5C 0.75 sqmm Cu XLPE armoured cable as per IS 9968,1.1kV 5C XLPE cable as per IS 9968,1.1kV 5C cable,1.1kV cable
RFP_0775,ZH 22kV 1C 120 sqmm Cu XLPE armoured cable as per IS 7098-2,22kV 1C Cu XLPE cable,1C XLPE cable,1C cable
RFP_0776,FRLS 500V 5C 1.5 sqmm Cu PVC armoured cable as per IEC 60502-1,FRLS 5C PVC cable as per IEC 60502-1,5C PVC cable,5C cable
RFP_0777,LSZH 1.1kV 7C 4 sqmm Cu XLPE armoured cable as per IS 1554,7C XLPE armoured cable as per IS 1554,XLPE cable as per IS 1554,cable as per IS 1554
RFP_0778,LSZH 1.1kV 6C 4 sqmm Cu PVC armoured cable as per IS 1554,LSZH 4 sqmm armoured cable as per IS 1554,LSZH armoured cable,LSZH cable
RFP_0779,FR 500V 30C 6 sqmm Cu XLPE armoured cable as per IEC 60502-1,30C Cu XLPE cable as per IEC 60502-1,30C Cu cable,Cu cable
RFP_0780,FR 300V 24C 0.5 sqmm Cu PVC armoured cable as per BS 5308-1,24C 0.5 sqmm armoured cable as per BS 5308-1,24C cable as per BS 5308-1,cable as per BS 5308-1
RFP_0781,600V 3.5C 150 sqmm Cu PVC armoured cable as per IS 694,600V 3.5C 150 sqmm Cu cable,600V 3. Cu cable,600V 3. cable
RFP_0782,LSZH 500V 10C 1.5 sqmm Cu PVC armoured cable as per IEC 60502-1,LSZH 1.5 sqmm PVC cable as per IEC 60502-1,LSZH PVC cable,LSZH cable
RFP_0783,ZH 600V 4C 95 sqmm Cu PVC armoured cable as per IS 694,600V 4C PVC cable as per IS 694,4C PVC cable,4C cable
RFP_0784,Fire Survival 1.1kV 4C 1.5 sqmm Cu Mineral (MI) armoured cable as per IEC 60331,1.1kV 4C Mineral (MI) armoured cable as per IEC 60331,4C Mineral (MI) armoured cable,4C Mineral (MI) cable
RFP_0785,500V 4C 185 sqmm Al PVC armoured cable as per IEC 60502-1,4C Al PVC armoured cable,PVC armoured cable,PVC cable
RFP_0786,LSZH 220kV 1C 630 sqmm Cu XLPE armoured cable as per IEC 62067,LSZH 1C Cu armoured cable,LSZH armoured cable,LSZH cable
RFP_0787,LSZH 1.1kV 14C 6 sqmm Cu PVC armoured cable as per IS 1554,LSZH 1.1kV 6 sqmm Cu cable,6 sqmm Cu cable,Cu cable
RFP_0788,FRLS 500V 12C 2.5 sqmm Cu PVC armoured cable as per IEC 60502-1,12C 2.5 sqmm Cu cable as per IEC 60502-1,12C Cu cable,Cu cable
RFP_0789,1.1kV 3.5C 800 sqmm Cu PVC armoured cable as per BS 5467,1.1kV 3.5C 800 sqmm armoured cable,1.1kV 3. armoured cable,1.1kV 3. cable
RFP_0790,LSZH 440V 1C 25 sqmm Cu XLPE armoured cable as per IS 9968,1C 25 sqmm Cu cable as per IS 9968,1C cable as per IS 9968,1C cable
RFP_0791,FR 500V 8C 4 sqmm Cu PVC armoured cable as per IS 1554,FR 4 sqmm PVC armoured cable,FR PVC cable,FR cable
RFP_0792,FRLS 110kV 1C 240 sqmm Cu XLPE armoured cable as per IEC 60840,1C 240 sqmm XLPE cable as per IEC 60840,1C XLPE cable,XLPE cable
RFP_0793,1.1kV 5C 1.5 sqmm Cu XLPE armoured cable as per IEC 60502-1,5C 1.5 sqmm XLPE armoured cable,5C 1.5 sqmm cable,5C cable
RFP_0794,Fire Survival 440V 3C 1.5 sqmm Cu XLPE armoured cable as per BS 6387,440V 3C Cu armoured cable,3C Cu cable,Cu cable
RFP_0795,11kV 3C 95 sqmm Cu XLPE armoured cable as per IS 7098-1,11kV Cu XLPE armoured cable,11kV Cu cable,Cu cable
RFP_0796,LSZH 1.1kV 4C 1.5 sqmm Cu PVC armoured cable as per IEC 60502-1,1.1kV Cu PVC cable as per IEC 60502-1,Cu PVC cable,PVC cable
RFP_0797,FR 1.1kV 12C 2.5 sqmm Cu XLPE armoured cable as per BS 5308-1,FR 12C XLPE cable as per BS 5308-1,FR XLPE cable,FR cable
RFP_0798,FRLS 440V 19C 6 sqmm Cu PVC armoured cable as per IS 1554,19C 6 sqmm armoured cable as per IS 1554,6 sqmm armoured cable,6 sqmm cable
RFP_0799,FR 1.1kV 8C 0.75 sqmm Cu XLPE armoured cable as per BS 5308-1,Cu XLPE armoured cable as per BS 5308-1,Cu cable as per BS 5308-1,Cu cable
RFP_0800,FRLS 300V 24C 1.5 sqmm Cu XLPE armoured cable as per IEC 60502-1,1.5 sqmm XLPE armoured cable as per IEC 60502-1,1.5 sqmm armoured cable,armoured cable
RFP_0801,500V 10C 1 sqmm Cu PVC armoured cable as per IEC 60502-1,500V 1 sqmm Cu cable as per IEC 60502-1,500V Cu cable,500V cable
RFP_0802,FRLS 500V 1C 1 sqmm Cu XLPE armoured cable as per IEC 60502-1,FRLS 500V Cu armoured cable,FRLS 500V cable,500V cable
RFP_0803,FRLS 500V 2C 6 sqmm Cu PVC armoured cable as per IS 1554,FRLS 500V Cu PVC cable,500V Cu cable,Cu cable
RFP_0804,FR 440V 1C 2.5 sqmm Cu XLPE armoured cable as per IS 694,FR 440V 1C cable as per IS 694,440V 1C cable,440V cable
RFP_0805,FR 300V 12C 1.5 sqmm Cu PVC armoured cable as per BS 5308-1,300V 1.5 sqmm Cu cable as per BS 5308-1,300V 1.5 sqmm cable,1.5 sqmm cable
RFP_0806,LSZH 220kV 1C 1000 sqmm Cu XLPE armoured cable as per IEC 62067,1000 sqmm Cu armoured cable as per IEC 62067,armoured cable as per IEC 62067,armoured cable
RFP_0807,ZH 6.6kV 1C 95 sqmm Al EPR armoured cable as per IS 7098-1,6.6kV Al armoured cable as per IS 7098-1,armoured cable as per IS 7098-1,cable as per IS 7098-1
RFP_0808,FR 600V 2C 120 sqmm Cu PVC armoured cable as per IEC 60502-1,FR 600V 2C cable as per IEC 60502-1,FR 600V cable,600V cable
RFP_0809,FR 132kV 1C 1000 sqmm Cu XLPE armoured cable as per IEC 60840,132kV Cu armoured cable as per IEC 60840,armoured cable as per IEC 60840,cable as per IEC 60840
RFP_0810,FR 66kV 1C 630 sqmm Al XLPE armoured cable as per IS 7098-3,FR 1C Al armoured cable,FR armoured cable,armoured cable
RFP_0811,ZH 3.3kV 1C 300 sqmm Cu EPR armoured cable as per IS 7098-1,ZH 3.3kV Cu armoured cable,3.3kV Cu cable,3.3kV cable
RFP_0812,FRLS 220kV 1C 300 sqmm Al XLPE armoured cable as per IEC 62067,FRLS 1C armoured cable as per IEC 62067,1C armoured cable,armoured cable
RFP_0813,LSZH 500V 3C 6 sqmm Cu PVC armoured cable as per IEC 60245,LSZH 3C PVC cable as per IEC 60245,LSZH 3C cable,LSZH cable
RFP_0814,FRLS 500V 24C 1 sqmm Cu PVC armoured cable as per IEC 60502-1,24C 1 sqmm Cu armoured cable,Cu armoured cable,Cu cable
RFP_0815,ZH 6.6kV 1C 70 sqmm Cu EPR armoured cable as per IS 7098-1,70 sqmm Cu EPR armoured cable,Cu armoured cable,Cu cable
RFP_0816,FR 3.3kV 3C 240 sqmm Al XLPE armoured cable as per IEC 60502-1,FR Al armoured cable as per IEC 60502-1,FR cable as per IEC 60502-1,cable as per IEC 60502-1
RFP_0817,500V 20C 2.5 sqmm Cu PVC armoured cable as per IEC 60502-1,500V 20C PVC cable as per IEC 60502-1,PVC cable as per IEC 60502-1,PVC cable
RFP_0818,LSZH 3.3kV 1C 120 sqmm Cu XLPE armoured cable as per IEC 60502-1,3.3kV Cu XLPE armoured cable,3.3kV Cu cable,Cu cable
RFP_0819,ZH 440V 2C 6 sqmm Cu XLPE armoured cable as per IS 694,ZH 440V 2C 6 sqmm cable,2C 6 sqmm cable,2C cable
RFP_0820,6.6kV 1C 240 sqmm Cu EPR armoured cable as per IEC 60502-1,6.6kV Cu armoured cable as per IEC 60502-1,Cu cable as per IEC 60502-1,cable as per IEC 60502-1
RFP_0821,FR 1.1kV 30C 1 sqmm Cu PVC armoured cable as per IS 1554,FR 1.1kV Cu PVC cable,FR Cu cable,Cu cable
RFP_0822,500V 3C 6 sqmm Cu XLPE armoured cable as per IS 1554,3C Cu XLPE cable as per IS 1554,3C XLPE cable,XLPE cable
RFP_0823,1.1kV 3C 2.5 sqmm Cu XLPE armoured cable as per IEC 60502-1,1.1kV 3C Cu cable as per IEC 60502-1,3C Cu cable,3C cable
RFP_0824,FR 440V 16C 1 sqmm Cu XLPE armoured cable as per IS 694,440V XLPE armoured cable as per IS 694,XLPE armoured cable,armoured cable
RFP_0825,1.1kV 6C 1 sqmm Cu PVC armoured cable as per BS 5308,1.1kV 1 sqmm armoured cable as per BS 5308,1.1kV 1 sqmm cable,1.1kV cable
RFP_0826,FRLS 1.1kV 3C 800 sqmm Al PVC armoured cable as per BS 5467,FRLS 3C Al cable as per BS 5467,FRLS 3C cable,3C cable
RFP_0827,600V 3.5C 1.5 sqmm Cu PVC armoured cable as per IEC 60502-1,600V 3.5C 1.5 sqmm Cu cable,3. 1.5 sqmm Cu cable,3. Cu cable
RFP_0828,FR 1.1kV 1C 2.5 sqmm Cu PVC armoured cable as per IS 1554,FR 2.5 sqmm Cu armoured cable,FR armoured cable,armoured cable
RFP_0829,FRLS 500V 24C 1.5 sqmm Cu PVC armoured cable as per IS 1554,500V Cu armoured cable as per IS 1554,Cu cable as per IS 1554,Cu cable
RFP_0830,22kV 3C 50 sqmm Al XLPE armoured cable as per IEC 60502-2,22kV 3C Al XLPE cable,3C XLPE cable,3C cable
RFP_0831,FR 1.1kV 1C 16 sqmm Cu XLPE armoured cable as per IEC 60502-1,FR 16 sqmm Cu cable as per IEC 60502-1,16 sqmm cable as per IEC 60502-1,cable as per IEC 60502-1
RFP_0832,500V 10C 1 sqmm Cu PVC armoured cable as per IEC 60502-1,10C 1 sqmm PVC armoured cable,1 sqmm armoured cable,1 sqmm cable
RFP_0833,LSZH 500V 14C 4 sqmm Cu PVC armoured cable as per IEC 60502-1,500V 14C armoured cable as per IEC 60502-1,14C cable as per IEC 60502-1,14C cable
RFP_0834,110kV 1C 500 sqmm Cu XLPE armoured cable as per IEC 60840,1C Cu XLPE armoured cable,1C XLPE cable,XLPE cable
RFP_0835,LSZH 66kV 1C 500 sqmm Al XLPE armoured cable as per IEC 60840,LSZH 66kV 1C Al cable,LSZH 66kV cable,66kV cable
RFP_0836,ZH 3.3kV 1C 95 sqmm Al XLPE armoured cable as per IS 7098-1,95 sqmm Al armoured cable as per IS 7098-1,Al armoured cable,Al cable
RFP_0837,110kV 1C 240 sqmm Al XLPE armoured cable as per IEC 60840,1C XLPE armoured cable as per IEC 60840,XLPE cable as per IEC 60840,cable as per IEC 60840
RFP_0838,LSZH 1.1kV 2C 4 sqmm Cu XLPE armoured cable as per IS 9968,2C 4 sqmm XLPE armoured cable,4 sqmm armoured cable,4 sqmm cable
RFP_0839,Fire Survival 440V 1C 25 sqmm Cu Mineral (MI) armoured cable as per BS 6387,440V 1C 25 sqmm Mineral (MI) cable as per BS 6387,440V Mineral (MI) cable as per BS 6387,440V Mineral (MI) cable
RFP_0840,FRLS 500V 30C 1 sqmm Cu XLPE armoured cable as per IEC 60502-1,FRLS 1 sqmm Cu armoured cable,FRLS 1 sqmm cable,FRLS cable
RFP_0841,ZH 440V 5C 35 sqmm Cu XLPE armoured cable as per IS 694,ZH 440V 5C armoured cable,ZH 440V cable,440V cable
RFP_0842,FRLS 1.1kV 27C 4 sqmm Cu XLPE armoured cable as per BS 5308,27C 4 sqmm XLPE cable as per BS 5308,4 sqmm cable as per BS 5308,4 sqmm cable
RFP_0843,FRLS 440V 19C 1 sqmm Cu XLPE armoured cable as per IS 1554,FRLS 1 sqmm Cu armoured cable,1 sqmm armoured cable,1 sqmm cable
RFP_0844,FRLS 500V 8C 0.75 sqmm Cu XLPE armoured cable as per IEC 60502-1,FRLS 500V 8C Cu cable,FRLS Cu cable,FRLS cable
RFP_0845,ZH 500V 3.5C 6 sqmm Cu XLPE armoured cable as per IS 694,3. Cu XLPE armoured cable as per IS 694,3. Cu XLPE cable,3. Cu cable
RFP_0846,Fire Survival 1.1kV 4C 95 sqmm Cu XLPE armoured cable as per IS 17048,95 sqmm Cu armoured cable as per IS 17048,Cu cable as per IS 17048,cable as per IS 17048
RFP_0847,FR 1.1kV 5C 25 sqmm Cu XLPE armoured cable as per IS 9968,25 sqmm Cu XLPE armoured cable,25 sqmm Cu cable,25 sqmm cable
RFP_0848,500V 10C 1 sqmm Cu XLPE armoured cable as per IEC 60502-1,500V 1 sqmm XLPE armoured cable,XLPE armoured cable,armoured cable
RFP_0849,FR 11kV 1C 300 sqmm Cu XLPE armoured cable as per IEC 60502-1,FR 11kV 1C armoured cable,11kV armoured cable,11kV cable
RFP_0850,ZH 1.1kV 4C 25 sqmm Cu XLPE armoured cable as per IEC 60502-1,4C 25 sqmm XLPE armoured cable,4C armoured cable,armoured cable
RFP_0851,FRLS 500V 8C 1 sqmm Cu PVC armoured cable as per IEC 60502-1,8C 1 sqmm Cu armoured cable,Cu armoured cable,Cu cable
RFP_0852,Fire Survival 440V 3C 70 sqmm Cu Mineral (MI) armoured cable as per BS 6387,Fire Survival 3C 70 sqmm Mineral (MI) armoured cable,Fire Survival 3C Mineral (MI) cable,Fire Survival Mineral (MI) cable
RFP_0853,FRLS 500V 2C 95 sqmm Al XLPE armoured cable as per IS 1554,FRLS 2C Al cable as per IS 1554,Al cable as per IS 1554,cable as per IS 1554
RFP_0854,400kV 1C 185 sqmm Al XLPE armoured cable as per IEC 62067,400kV 185 sqmm Al armoured cable,400kV armoured cable,armoured cable
RFP_0855,440V 19C 1.5 sqmm Cu XLPE armoured cable as per IS 1554,440V 1.5 sqmm XLPE cable as per IS 1554,1.5 sqmm XLPE cable,1.5 sqmm cable
RFP_0856,Fire Survival 1.1kV 1C 4 sqmm Cu Mineral (MI) armoured cable as per IEC 60331,1.1kV 1C Cu Mineral (MI) cable as per IEC 60331,1.1kV Mineral (MI) cable as per IEC 60331,1.1kV Mineral (MI) cable
RFP_0857,LSZH 300V 24C 0.75 sqmm Cu PVC armoured cable as per IEC 60502-1,300V 24C 0.75 sqmm armoured cable,0.75 sqmm armoured cable,armoured cable
RFP_0858,FRLS 1.1kV 8C 2.5 sqmm Cu XLPE armoured cable as per IEC 60502-1,FRLS 1.1kV 8C XLPE cable,1.1kV 8C cable,8C cable
RFP_0859,FR 400kV 1C 630 sqmm Al XLPE armoured cable as per IEC 62067,FR 400kV 1C Al cable,1C Al cable,Al cable
RFP_0860,33kV 1C 400 sqmm Cu XLPE armoured cable as per IEC 60502-2,33kV 1C Cu armoured cable,Cu armoured cable,Cu cable
RFP_0861,LSZH 1.1kV 5C 1.5 sqmm Cu XLPE armoured cable as per IS 1554,LSZH Cu XLPE armoured cable,LSZH XLPE cable,XLPE cable
RFP_0862,ZH 66kV 1C 800 sqmm Cu XLPE armoured cable as per IS 7098-3,ZH 66kV armoured cable as per IS 7098-3,ZH 66kV cable,66kV cable
RFP_0863,FRLS 33kV 3C 300 sqmm Al XLPE armoured cable as per IEC 60502-2,Al XLPE armoured cable as per IEC 60502-2,XLPE cable as per IEC 60502-2,XLPE cable
RFP_0864,FR 500V 12C 0.5 sqmm Cu XLPE armoured cable as per BS 5308-1,FR 12C Cu XLPE cable,FR 12C cable,FR cable
RFP_0865,FRLS 500V 4C 6 sqmm Cu PVC armoured cable as per IS 694,500V 4C PVC armoured cable,500V 4C cable,500V cable
RFP_0866,FRLS 440V 27C 1.5 sqmm Cu PVC armoured cable as per IS 1554,440V 27C 1.5 sqmm armoured cable,440V armoured cable,armoured cable
RFP_0867,FRLS 6.6kV 3C 240 sqmm Cu XLPE armoured cable as per IEC 60502-1,6.6kV 240 sqmm Cu armoured cable,6.6kV armoured cable,6.6kV cable
RFP_0868,FR 500V 10C 1 sqmm Cu XLPE armoured cable as per BS 5308-1,FR 1 sqmm Cu cable as per BS 5308-1,FR Cu cable,Cu cable
RFP_0869,11kV 1C 120 sqmm Cu EPR armoured cable as per IEC 60502-1,11kV Cu EPR cable as per IEC 60502-1,EPR cable as per IEC 60502-1,EPR cable
RFP_0870,FRLS 440V 4C 16 sqmm Cu PVC armoured cable as per IS 694,FRLS Cu armoured cable as per IS 694,Cu cable as per IS 694,cable as per IS 694
RFP_0871,LSZH 500V 1C 300 sqmm Al XLPE armoured cable as per IS 1554,300 sqmm Al XLPE cable as per IS 1554,300 sqmm XLPE cable,XLPE cable
RFP_0872,LSZH 440V 2C 2.5 sqmm Cu XLPE armoured cable as per IS 1554,440V 2.5 sqmm Cu XLPE cable,440V 2.5 sqmm cable,2.5 sqmm cable
RFP_0873,LSZH 300V 2C 0.5 sqmm Cu PVC armoured cable as per BS 5308-1,LSZH 300V 2C cable as per BS 5308-1,300V 2C cable,300V cable
RFP_0874,LSZH 1.1kV 24C 2.5 sqmm Cu PVC armoured cable as per IS 1554,24C Cu armoured cable as per IS 1554,24C cable as per IS 1554,24C cable
RFP_0875,FRLS 1.1kV 16C 2.5 sqmm Cu XLPE armoured cable as per IEC 60502-1,1.1kV Cu XLPE armoured cable,Cu armoured cable,Cu cable
RFP_0876,1.1kV 2C 4 sqmm Cu XLPE armoured cable as per IS 1554,1.1kV XLPE armoured cable as per IS 1554,XLPE cable as per IS 1554,cable as per IS 1554
RFP_0877,Fire Survival 440V 2C 35 sqmm Cu XLPE armoured cable as per IEC 60331,Fire Survival 440V 35 sqmm cable as per IEC 60331,Fire Survival cable as per IEC 60331,cable as per IEC 60331
RFP_0878,ZH 400kV 1C 185 sqmm Cu XLPE armoured cable as per IEC 62067,1C 185 sqmm XLPE cable as per IEC 62067,1C XLPE cable,XLPE cable
RFP_0879,Fire Survival 440V 3C 95 sqmm Cu XLPE armoured cable as per IEC 60331,Fire Survival 95 sqmm Cu cable as per IEC 60331,Fire Survival Cu cable,Fire Survival cable
RFP_0880,1.1kV 7C 6 sqmm Cu PVC armoured cable as per IEC 60502-1,1.1kV 7C Cu cable as per IEC 60502-1,7C cable as per IEC 60502-1,7C cable
RFP_0881,FR 500V 8C 1.5 sqmm Cu PVC armoured cable as per BS 5308-1,500V 1.5 sqmm Cu PVC cable,500V PVC cable,500V cable
RFP_0882,ZH 440V 3C 2.5 sqmm Cu PVC armoured cable as per IEC 60245,3C 2.5 sqmm PVC cable as per IEC 60245,2.5 sqmm cable as per IEC 60245,cable as per IEC 60245
RFP_0883,FRLS 500V 24C 0.75 sqmm Cu XLPE armoured cable as per IEC 60502-1,FRLS 500V Cu armoured cable,FRLS Cu cable,FRLS cable
RFP_0884,FR 300V 6C 1 sqmm Cu PVC armoured cable as per BS 5308-1,FR 300V 6C 1 sqmm cable,300V 1 sqmm cable,1 sqmm cable
RFP_0885,ZH 500V 1C 120 sqmm Al XLPE armoured cable as per IS 1554,120 sqmm XLPE armoured cable as per IS 1554,armoured cable as per IS 1554,armoured cable
RFP_0886,FR 1.1kV 14C 1.5 sqmm Cu XLPE armoured cable as per IEC 60502-1,1.1kV 14C 1.5 sqmm armoured cable,1.1kV 14C cable,14C cable
RFP_0887,FR 500V 2C 400 sqmm Al XLPE armoured cable as per IS 1554,400 sqmm Al XLPE cable as per IS 1554,Al XLPE cable,XLPE cable
RFP_0888,FRLS 300V 1C 0.75 sqmm Cu PVC armoured cable as per IEC 60502-1,300V 1C Cu PVC cable,Cu PVC cable,Cu cable
RFP_0889,ZH 500V 4C 1.5 sqmm Cu PVC armoured cable as per IEC 60245,4C 1.5 sqmm Cu PVC cable,1.5 sqmm Cu cable,1.5 sqmm cable
RFP_0890,1.1kV 16C 1 sqmm Cu XLPE armoured cable as per IEC 60502-1,Cu XLPE armoured cable as per IEC 60502-1,Cu cable as per IEC 60502-1,cable as per IEC 60502-1
RFP_0891,300V 24C 0.5 sqmm Cu XLPE armoured cable as per IEC 60502-1,300V Cu XLPE cable as per IEC 60502-1,300V XLPE cable,XLPE cable
RFP_0892,22kV 3C 150 sqmm Al XLPE armoured cable as per IS 7098-2,22kV 150 sqmm XLPE cable as per IS 7098-2,XLPE cable as per IS 7098-2,XLPE cable
RFP_0893,FRLS 440V 6C 2.5 sqmm Cu XLPE armoured cable as per IS 1554,FRLS 440V 2.5 sqmm cable as per IS 1554,2.5 sqmm cable as per IS 1554,cable as per IS 1554
RFP_0894,ZH 3.3kV 1C 95 sqmm Al XLPE armoured cable as per IS 7098-1,3.3kV 1C Al cable as per IS 7098-1,Al cable as per IS 7098-1,cable as per IS 7098-1
RFP_0895,LSZH 1.1kV 7C 1 sqmm Cu PVC armoured cable as per IEC 60502-1,1.1kV 7C 1 sqmm Cu cable,7C Cu cable,7C cable
RFP_0896,FR 500V 3C 300 sqmm Al XLPE armoured cable as per IS 1554,FR 500V 3C XLPE cable,FR 3C cable,3C cable
RFP_0897,LSZH 1.1kV 20C 0.75 sqmm Cu XLPE armoured cable as per IS 1554,20C Cu XLPE cable as per IS 1554,Cu cable as per IS 1554,cable as per IS 1554
RFP_0898,FRLS 440V 16C 6 sqmm Cu XLPE armoured cable as per IS 1554,FRLS 6 sqmm armoured cable as per IS 1554,6 sqmm cable as per IS 1554,6 sqmm cable
RFP_0899,FR 1.1kV 4C 4 sqmm Cu PVC armoured cable as per IEC 60502-1,FR 1.1kV 4C cable as per IEC 60502-1,FR 4C cable,FR cable
RFP_0900,Fire Survival 1.1kV 4C 2.5 sqmm Cu Mineral (MI) armoured cable as per BS 6387,Fire Survival 4C Cu Mineral (MI) armoured cable,Fire Survival 4C Mineral (MI) cable,4C Mineral (MI) cable
RFP_0901,FR 11kV 1C 400 sqmm Al XLPE armoured cable as per IEC 60502-1,FR 400 sqmm armoured cable as per IEC 60502-1,400 sqmm armoured cable,armoured cable
RFP_0902,LSZH 1.1kV 3C 240 sqmm Al XLPE armoured cable as per IEC 60502-1,LSZH 240 sqmm Al XLPE cable,Al XLPE cable,Al cable
RFP_0903,FR 132kV 1C 1000 sqmm Al XLPE armoured cable as per IEC 60840,FR 132kV 1C XLPE cable,132kV 1C cable,132kV cable
RFP_0904,LSZH 220kV 1C 800 sqmm Al XLPE armoured cable as per IEC 62067,LSZH 1C 800 sqmm armoured cable,1C armoured cable,armoured cable
RFP_0905,ZH 110kV 1C 800 sqmm Al XLPE armoured cable as per IEC 60840,ZH 110kV 1C armoured cable,ZH 110kV cable,110kV cable
RFP_0906,FRLS 1.1kV 10C 0.5 sqmm Cu XLPE armoured cable as per IS 1554,FRLS 10C Cu armoured cable,FRLS Cu cable,Cu cable
RFP_0907,FR 1.1kV 27C 4 sqmm Cu PVC armoured cable as per BS 5308,FR 1.1kV PVC armoured cable,FR armoured cable,FR cable
RFP_0908,ZH 132kV 1C 185 sqmm Cu XLPE armoured cable as per IEC 60840,ZH 1C armoured cable as per IEC 60840,ZH cable as per IEC 60840,ZH cable
RFP_0909,LSZH 220kV 1C 240 sqmm Al XLPE armoured cable as per IEC 62067,LSZH 240 sqmm Al cable as per IEC 62067,240 sqmm Al cable,Al cable
RFP_0910,FRLS 300V 20C 0.5 sqmm Cu PVC armoured cable as per IEC 60502-1,FRLS 20C armoured cable as per IEC 60502-1,20C cable as per IEC 60502-1,20C cable
RFP_0911,500V 2C 0.75 sqmm Cu PVC armoured cable as per BS 5308-1,500V Cu armoured cable as per BS 5308-1,500V armoured cable,500V cable
RFP_0912,500V 2C 4 sqmm Cu XLPE armoured cable as per IS 1554,500V 2C 4 sqmm Cu cable,500V 4 sqmm cable,500V cable
RFP_0913,FRLS 1.1kV 7C 4 sqmm Cu XLPE armoured cable as per IS 1554,1.1kV 7C 4 sqmm XLPE cable,7C XLPE cable,7C cable
RFP_0914,1.1kV 3C 1.5 sqmm Cu XLPE armoured cable as per BS 5308,3C Cu armoured cable as per BS 5308,Cu armoured cable,armoured cable
RFP_0915,3.3kV 3C 185 sqmm Cu EPR armoured cable as per IS 7098-1,185 sqmm Cu armoured cable as per IS 7098-1,Cu armoured cable,armoured cable
RFP_0916,FRLS 440V 19C 4 sqmm Cu PVC armoured cable as per IS 694,19C 4 sqmm armoured cable as per IS 694,4 sqmm cable as per IS 694,cable as per IS 694
RFP_0917,FRLS 132kV 1C 1000 sqmm Cu XLPE armoured cable as per IEC 60840,FRLS 1000 sqmm Cu XLPE cable,FRLS XLPE cable,FRLS cable
RFP_0918,LSZH 500V 1C 4 sqmm Cu PVC armoured cable as per IS 694,500V 4 sqmm Cu cable as per IS 694,4 sqmm cable as per IS 694,cable as per IS 694
RFP_0919,LSZH 1.1kV 24C 0.75 sqmm Cu PVC armoured cable as per BS 5308-1,1.1kV 0.75 sqmm PVC armoured cable,PVC armoured cable,armoured cable
RFP_0920,500V 4C 1.5 sqmm Cu XLPE armoured cable as per BS 5308-1,500V XLPE armoured cable as per BS 5308-1,XLPE armoured cable,armoured cable
RFP_0921,ZH 132kV 1C 240 sqmm Al XLPE armoured cable as per IEC 60840,ZH Al XLPE cable as per IEC 60840,XLPE cable as per IEC 60840,XLPE cable
RFP_0922,LSZH 1.1kV 30C 1 sqmm Cu XLPE armoured cable as per BS 5308,1.1kV 1 sqmm XLPE armoured cable,1 sqmm XLPE cable,XLPE cable
RFP_0923,Fire Survival 1.1kV 1C 4 sqmm Cu Mineral (MI) armoured cable as per IS 17048,Fire Survival 1.1kV Cu Mineral (MI) cable as per IS 17048,Fire Survival Mineral (MI) cable as per IS 17048,Mineral (MI) cable as per IS 17048
RFP_0924,300V 24C 2.5 sqmm Cu PVC armoured cable as per BS 5308-1,24C 2.5 sqmm Cu armoured cable,2.5 sqmm Cu cable,2.5 sqmm cable
RFP_0925,220kV 1C 1000 sqmm Cu XLPE armoured cable as per IEC 62067,220kV 1C Cu XLPE cable,220kV 1C cable,220kV cable
RFP_0926,FRLS 500V 5C 4 sqmm Cu PVC armoured cable as per IEC 60245,4 sqmm Cu PVC cable as per IEC 60245,4 sqmm cable as per IEC 60245,4 sqmm cable
RFP_0927,FR 500V 3C 1.5 sqmm Cu PVC armoured cable as per IS 694,500V 3C 1.5 sqmm PVC cable,3C 1.5 sqmm cable,1.5 sqmm cable
RFP_0928,FR 1.1kV 10C 1.5 sqmm Cu XLPE armoured cable as per IS 1554,FR 1.1kV XLPE armoured cable,FR armoured cable,armoured cable
RFP_0929,Fire Survival 1.1kV 2C 16 sqmm Cu Mineral (MI) armoured cable as per BS 6387,Fire Survival 1.1kV 2C Mineral (MI) cable as per BS 6387,2C Mineral (MI) cable as per BS 6387,Mineral (MI) cable as per BS 6387
RFP_0930,Fire Survival 440V 4C 95 sqmm Cu Mineral (MI) armoured cable as per BS 6387,4C 95 sqmm Mineral (MI) armoured cable as per BS 6387,4C 95 sqmm Mineral (MI) cable,4C Mineral (MI) cable
RFP_0931,Fire Survival 440V 1C 35 sqmm Cu XLPE armoured cable as per IEC 60331,35 sqmm Cu XLPE cable as per IEC 60331,35 sqmm XLPE cable,35 sqmm cable
RFP_0932,FRLS 132kV 1C 800 sqmm Cu XLPE armoured cable as per IEC 60840,132kV 1C Cu XLPE cable,1C XLPE cable,1C cable
RFP_0933,FR 500V 3C 6 sqmm Cu PVC armoured cable as per IS 694,FR PVC armoured cable as per IS 694,FR PVC cable,FR cable
RFP_0934,FR 1.1kV 5C 2.5 sqmm Cu XLPE armoured cable as per IS 9968,FR 1.1kV armoured cable as per IS 9968,FR cable as per IS 9968,cable as per IS 9968
RFP_0935,66kV 1C 185 sqmm Cu XLPE armoured cable as per IS 7098-3,66kV 1C 185 sqmm cable as per IS 7098-3,1C cable as per IS 7098-3,cable as per IS 7098-3
RFP_0936,FR 440V 3C 1 sqmm Cu PVC armoured cable as per IS 694,FR 440V 3C PVC cable,FR 440V cable,440V cable
RFP_0937,1.1kV 16C 1.5 sqmm Cu PVC armoured cable as per IS 1554,1.1kV 1.5 sqmm Cu PVC cable,1.5 sqmm PVC cable,PVC cable
RFP_0938,LSZH 1.1kV 8C 1.5 sqmm Cu PVC armoured cable as per IEC 60502-1,1.1kV 1.5 sqmm armoured cable as per IEC 60502-1,1.5 sqmm cable as per IEC 60502-1,cable as per IEC 60502-1
RFP_0939,FRLS 440V 3C 16 sqmm Cu XLPE armoured cable as per IS 9968,FRLS 3C 16 sqmm armoured cable,3C armoured cable,armoured cable
RFP_0940,FR 440V 8C 6 sqmm Cu PVC armoured cable as per IS 1554,440V 8C 6 sqmm Cu cable,440V Cu cable,Cu cable
RFP_0941,Fire Survival 440V 2C 10 sqmm Cu Mineral (MI) armoured cable as per IEC 60331,Fire Survival 440V 2C Mineral (MI) armoured cable,Fire Survival 440V Mineral (MI) cable,Fire Survival Mineral (MI) cable
RFP_0942,LSZH 1.1kV 24C 1.5 sqmm Cu PVC armoured cable as per IEC 60502-1,LSZH PVC armoured cable as per IEC 60502-1,PVC armoured cable,armoured cable
RFP_0943,FRLS 1.1kV 10C 1.5 sqmm Cu XLPE armoured cable as per IS 1554,1.1kV 1.5 sqmm Cu cable as per IS 1554,1.5 sqmm Cu cable,1.5 sqmm cable
RFP_0944,LSZH 440V 4C 630 sqmm Al PVC armoured cable as per IEC 60502-1,LSZH 440V 4C 630 sqmm cable,LSZH 630 sqmm cable,LSZH cable
RFP_0945,LSZH 110kV 1C 400 sqmm Cu XLPE armoured cable as per IEC 60840,110kV 1C 400 sqmm cable as per IEC 60840,110kV 400 sqmm cable,400 sqmm cable
RFP_0946,FRLS 500V 16C 1.5 sqmm Cu PVC armoured cable as per IS 1554,500V 16C armoured cable as per IS 1554,500V cable as per IS 1554,500V cable
RFP_0947,FR 440V 3C 70 sqmm Cu XLPE armoured cable as per IS 694,440V XLPE armoured cable as per IS 694,XLPE cable as per IS 694,XLPE cable
RFP_0948,FRLS 110kV 1C 300 sqmm Al XLPE armoured cable as per IEC 60840,1C 300 sqmm armoured cable as per IEC 60840,300 sqmm armoured cable,300 sqmm cable
RFP_0949,LSZH 1.1kV 4C 1 sqmm Cu PVC armoured cable as per IEC 60502-1,LSZH 1.1kV 4C armoured cable,LSZH 1.1kV cable,1.1kV cable
RFP_0950,LSZH 300V 4C 2.5 sqmm Cu XLPE armoured cable as per IEC 60502-1,LSZH 4C 2.5 sqmm Cu cable,4C Cu cable,4C cable
RFP_0951,1.1kV 6C 0.5 sqmm Cu PVC armoured cable as per IEC 60502-1,1.1kV 6C 0.5 sqmm armoured cable,6C 0.5 sqmm cable,0.5 sqmm cable
RFP_0952,LSZH 11kV 1C 240 sqmm Al EPR armoured cable as per IS 7098-1,11kV 240 sqmm EPR cable as per IS 7098-1,11kV cable as per IS 7098-1,11kV cable
RFP_0953,FR 132kV 1C 300 sqmm Cu XLPE armoured cable as per IEC 60840,1C Cu XLPE armoured cable,1C armoured cable,1C cable
RFP_0954,FRLS 3.3kV 3C 300 sqmm Al XLPE armoured cable as per IEC 60502-1,3C 300 sqmm armoured cable as per IEC 60502-1,3C armoured cable,3C cable
RFP_0955,LSZH 132kV 1C 800 sqmm Al XLPE armoured cable as per IEC 60840,132kV 800 sqmm Al cable as per IEC 60840,Al cable as per IEC 60840,cable as per IEC 60840
RFP_0956,LSZH 1.1kV 7C 4 sqmm Cu XLPE armoured cable as per IEC 60502-1,LSZH 7C Cu cable as per IEC 60502-1,Cu cable as per IEC 60502-1,cable as per IEC 60502-1
RFP_0957,FR 6.6kV 1C 185 sqmm Cu EPR armoured cable as per IS 7098-1,FR 1C Cu EPR cable,1C Cu cable,1C cable
RFP_0958,ZH 600V 3.5C 120 sqmm Al PVC armoured cable as per IEC 60502-1,ZH 3. 120 sqmm PVC armoured cable,3. 120 sqmm armoured cable,3. 120 sqmm cable
RFP_0959,LSZH 132kV 1C 630 sqmm Cu XLPE armoured cable as per IEC 60840,LSZH 132kV Cu armoured cable,LSZH armoured cable,armoured cable
RFP_0960,110kV 1C 400 sqmm Cu XLPE armoured cable as per IEC 60840,110kV 400 sqmm armoured cable as per IEC 60840,110kV cable as per IEC 60840,cable as per IEC 60840
RFP_0961,FRLS 500V 12C 2.5 sqmm Cu XLPE armoured cable as per IS 1554,FRLS 2.5 sqmm armoured cable as per IS 1554,2.5 sqmm armoured cable,armoured cable
RFP_0962,ZH 220kV 1C 500 sqmm Al XLPE armoured cable as per IEC 62067,1C 500 sqmm XLPE cable as per IEC 62067,XLPE cable as per IEC 62067,cable as per IEC 62067
RFP_0963,ZH 6.6kV 3C 300 sqmm Al XLPE armoured cable as per IS 7098-1,ZH 6.6kV XLPE armoured cable,6.6kV armoured cable,armoured cable
RFP_0964,22kV 1C 120 sqmm Al XLPE armoured cable as per IEC 60502-2,Al XLPE armoured cable as per IEC 60502-2,Al cable as per IEC 60502-2,Al cable
RFP_0965,LSZH 300V 20C 0.75 sqmm Cu PVC armoured cable as per IEC 60502-1,LSZH 300V 0.75 sqmm Cu cable,LSZH 300V cable,LSZH cable
RFP_0966,LSZH 1.1kV 12C 1.5 sqmm Cu PVC armoured cable as per BS 5308-1,1.1kV 1.5 sqmm PVC armoured cable,1.1kV armoured cable,1.1kV cable
RFP_0967,Fire Survival 1.1kV 2C 6 sqmm Cu Mineral (MI) armoured cable as per BS 6387,Fire Survival 1.1kV 2C Cu Mineral (MI) cable,Fire Survival Cu Mineral (MI) cable,Fire Survival Mineral (MI) cable
RFP_0968,FRLS 1.1kV 7C 2.5 sqmm Cu XLPE armoured cable as per BS 5308,1.1kV 7C Cu armoured cable,1.1kV 7C cable,7C cable
RFP_0969,FR 500V 2C 16 sqmm Cu PVC armoured cable as per IEC 60245,500V Cu PVC cable as per IEC 60245,Cu PVC cable,Cu cable
RFP_0970,300V 12C 2.5 sqmm Cu XLPE armoured cable as per BS 5308-1,300V 12C Cu cable as per BS 5308-1,12C cable as per BS 5308-1,12C cable
RFP_0971,FR 66kV 1C 630 sqmm Cu XLPE armoured cable as per IS 7098-3,FR 630 sqmm Cu armoured cable,FR 630 sqmm cable,FR cable
RFP_0972,FR 300V 16C 0.75 sqmm Cu PVC armoured cable as per IEC 60502-1,16C 0.75 sqmm armoured cable as per IEC 60502-1,armoured cable as per IEC 60502-1,cable as per IEC 60502-1
RFP_0973,LSZH 440V 5C 2.5 sqmm Cu XLPE armoured cable as per IS 9968,440V 5C 2.5 sqmm cable as per IS 9968,440V 2.5 sqmm cable,440V cable
RFP_0974,FRLS 66kV 1C 1000 sqmm Cu XLPE armoured cable as per IEC 60840,1C 1000 sqmm Cu armoured cable,1000 sqmm armoured cable,1000 sqmm cable
RFP_0975,Fire Survival 1.1kV 1C 35 sqmm Cu Mineral (MI) armoured cable as per BS 6387,1C Cu Mineral (MI) armoured cable as per BS 6387,1C Mineral (MI) armoured cable,1C Mineral (MI) cable
RFP_0976,LSZH 300V 2C 0.5 sqmm Cu PVC armoured cable as per BS 5308-1,LSZH 0.5 sqmm Cu cable as per BS 5308-1,LSZH cable as per BS 5308-1,cable as per BS 5308-1
RFP_0977,FRLS 500V 5C 4 sqmm Cu PVC armoured cable as per IS 1554,FRLS 500V Cu armoured cable,FRLS armoured cable,armoured cable
RFP_0978,LSZH 1.1kV 19C 2.5 sqmm Cu XLPE armoured cable as per IEC 60502-1,1.1kV 19C 2.5 sqmm cable as per IEC 60502-1,1.1kV 19C cable,1.1kV cable
RFP_0979,FR 3.3kV 3C 185 sqmm Al XLPE armoured cable as per IS 7098-1,FR 3.3kV 185 sqmm Al cable,3.3kV 185 sqmm cable,185 sqmm cable
RFP_0980,LSZH 300V 8C 2.5 sqmm Cu XLPE armoured cable as per IEC 60502-1,8C 2.5 sqmm XLPE cable as per IEC 60502-1,8C XLPE cable,8C cable
RFP_0981,ZH 66kV 1C 800 sqmm Al XLPE armoured cable as per IS 7098-3,1C Al XLPE cable as per IS 7098-3,1C Al cable,1C cable
RFP_0982,FRLS 500V 10C 1.5 sqmm Cu PVC armoured cable as per IEC 60502-1,FRLS Cu armoured cable as per IEC 60502-1,FRLS cable as per IEC 60502-1,cable as per IEC 60502-1
RFP_0983,LSZH 1.1kV 2C 1000 sqmm Cu XLPE armoured cable as per IEC 60502-1,1.1kV 2C Cu armoured cable,1.1kV Cu cable,1.1kV cable
RFP_0984,LSZH 500V 10C 0.5 sqmm Cu XLPE armoured cable as per BS 5308-1,500V 0.5 sqmm Cu armoured cable,500V Cu cable,Cu cable
RFP_0985,FR 1.1kV 19C 1.5 sqmm Cu PVC armoured cable as per IEC 60502-1,1.1kV 19C Cu armoured cable,1.1kV Cu cable,1.1kV cable
RFP_0986,FR 1.1kV 3C 400 sqmm Cu EPR armoured cable as per IS 1554,1.1kV EPR armoured cable as per IS 1554,1.1kV cable as per IS 1554,1.1kV cable
RFP_0987,FRLS 220kV 1C 400 sqmm Cu XLPE armoured cable as per IEC 62067,1C Cu XLPE cable as per IEC 62067,XLPE cable as per IEC 62067,cable as per IEC 62067
RFP_0988,FRLS 66kV 1C 185 sqmm Al XLPE armoured cable as per IS 7098-3,FRLS XLPE armoured cable as per IS 7098-3,FRLS XLPE cable,XLPE cable
RFP_0989,11kV 3C 185 sqmm Cu EPR armoured cable as per IEC 60502-1,11kV 185 sqmm Cu EPR cable,11kV Cu cable,11kV cable
RFP_0990,LSZH 500V 10C 1.5 sqmm Cu XLPE armoured cable as per IS 1554,LSZH 500V 10C cable as per IS 1554,500V cable as per IS 1554,500V cable
RFP_0991,FRLS 1.1kV 4C 2.5 sqmm Cu PVC armoured cable as per IS 1554,FRLS Cu PVC armoured cable,FRLS armoured cable,armoured cable
RFP_0992,FR 33kV 1C 120 sqmm Al XLPE armoured cable as per IS 7098-2,FR 1C Al cable as per IS 7098-2,FR Al cable,Al cable
RFP_0993,Fire Survival 440V 4C 10 sqmm Cu XLPE armoured cable as per IEC 60331,Fire Survival 440V armoured cable as per IEC 60331,Fire Survival 440V cable,440V cable
RFP_0994,440V 8C 2.5 sqmm Cu XLPE armoured cable as per IS 694,2.5 sqmm Cu armoured cable as per IS 694,armoured cable as per IS 694,cable as per IS 694
RFP_0995,Fire Survival 440V 1C 10 sqmm Cu Mineral (MI) armoured cable as per BS 6387,Fire Survival 440V Cu Mineral (MI) armoured cable,Cu Mineral (MI) armoured cable,Cu Mineral (MI) cable
RFP_0996,500V 14C 1.5 sqmm Cu XLPE armoured cable as per IS 1554,500V Cu armoured cable as per IS 1554,500V Cu cable,500V cable
RFP_0997,FR 132kV 1C 800 sqmm Cu XLPE armoured cable as per IEC 60840,132kV 1C 800 sqmm cable as per IEC 60840,132kV 800 sqmm cable,800 sqmm cable
RFP_0998,6.6kV 1C 300 sqmm Cu EPR armoured cable as per IEC 60502-1,300 sqmm EPR armoured cable as per IEC 60502-1,armoured cable as per IEC 60502-1,armoured cable
RFP_0999,LSZH 500V 12C 6 sqmm Cu PVC armoured cable as per IEC 60502-1,6 sqmm PVC armoured cable as per IEC 60502-1,6 sqmm PVC cable,PVC cable
RFP_1000,500V 4C 0.75 sqmm Cu PVC armoured cable as per BS 5308-1,0.75 sqmm Cu PVC cable as per BS 5308-1,0.75 sqmm Cu cable,Cu cable
RFP_1001,LSZH 66kV 1C 800 sqmm Cu XLPE armoured cable as per IEC 60840,66kV 1C 800 sqmm Cu cable,800 sqmm Cu cable,Cu cable
RFP_1002,FRLS 1.1kV 4C 35 sqmm Cu PVC armoured cable as per IS 9968,FRLS 4C 35 sqmm Cu cable,FRLS 4C cable,FRLS cable
RFP_1003,440V 27C 6 sqmm Cu PVC armoured cable as per IS 1554,27C 6 sqmm Cu cable as per IS 1554,6 sqmm cable as per IS 1554,cable as per IS 1554
RFP_1004,LSZH 440V 4C 1 sqmm Cu PVC armoured cable as per IS 694,LSZH 440V Cu armoured cable,LSZH 440V cable,440V cable
RFP_1005,FR 440V 4C 6 sqmm Cu PVC armoured cable as per IS 694,440V Cu PVC cable as per IS 694,PVC cable as per IS 694,cable as per IS 694
RFP_1006,FR 440V 4C 6 sqmm Cu PVC armoured cable as per IS 694,4C 6 sqmm Cu armoured cable,4C 6 sqmm cable,6 sqmm cable
RFP_1007,LSZH 1.1kV 2C 1 sqmm Cu XLPE armoured cable as per BS 5308-1,LSZH 2C 1 sqmm XLPE cable,2C XLPE cable,XLPE cable
RFP_1008,500V 2C 2.5 sqmm Cu PVC armoured cable as per IS 1554,Cu PVC armoured cable as per IS 1554,armoured cable as per IS 1554,armoured cable
RFP_1009,FRLS 500V 14C 4 sqmm Cu PVC armoured cable as per IS 1554,FRLS Cu PVC cable as per IS 1554,FRLS PVC cable,FRLS cable
RFP_1010,ZH 22kV 1C 120 sqmm Al XLPE armoured cable as per IEC 60502-2,ZH 22kV 1C cable as per IEC 60502-2,ZH 22kV cable,22kV cable
RFP_1011,220kV 1C 630 sqmm Cu XLPE armoured cable as per IEC 62067,220kV 1C 630 sqmm armoured cable,630 sqmm armoured cable,630 sqmm cable
RFP_1012,FRLS 500V 3C 50 sqmm Cu PVC armoured cable as per IEC 60245,FRLS 3C armoured cable as per IEC 60245,FRLS 3C cable,FRLS cable
RFP_1013,LSZH 1.1kV 14C 1 sqmm Cu XLPE armoured cable as per IS 1554,1.1kV 1 sqmm XLPE armoured cable,1 sqmm XLPE cable,1 sqmm cable
RFP_1014,Fire Survival 1.1kV 1C 4 sqmm Cu XLPE armoured cable as per IEC 60331,1.1kV 1C 4 sqmm XLPE cable,1.1kV 4 sqmm cable,4 sqmm cable
RFP_1015,FR 220kV 1C 1000 sqmm Cu XLPE armoured cable as per IEC 62067,1C 1000 sqmm armoured cable as per IEC 62067,1000 sqmm cable as per IEC 62067,1000 sqmm cable
RFP_1016,FR 300V 1C 0.5 sqmm Cu XLPE armoured cable as per IEC 60502-1,1C 0.5 sqmm Cu cable as per IEC 60502-1,1C Cu cable,1C cable
RFP_1017,1.1kV 1C 35 sqmm Cu PVC armoured cable as per IS 9968,1C 35 sqmm PVC armoured cable,1C PVC cable,1C cable
RFP_1018,FR 440V 19C 4 sqmm Cu PVC armoured cable as per IS 694,440V PVC armoured cable as per IS 694,440V cable as per IS 694,440V cable
RFP_1019,FR 500V 4C 70 sqmm Al XLPE armoured cable as per IEC 60502-1,FR 500V 70 sqmm Al cable,70 sqmm Al cable,Al cable
RFP_1020,Fire Survival 440V 3C 25 sqmm Cu Mineral (MI) armoured cable as per BS 6387,Fire Survival 3C 25 sqmm Mineral (MI) armoured cable,Fire Survival 3C Mineral (MI) cable,Fire Survival Mineral (MI) cable
RFP_1021,1.1kV 1C 1 sqmm Cu XLPE armoured cable as per IS 1554,1.1kV 1C 1 sqmm cable as per IS 1554,1.1kV 1 sqmm cable,1.1kV cable
RFP_1022,Fire Survival 440V 3C 2.5 sqmm Cu XLPE armoured cable as per BS 6387,Fire Survival 2.5 sqmm Cu XLPE cable,2.5 sqmm Cu cable,Cu cable
RFP_1023,LSZH 500V 8C 2.5 sqmm Cu XLPE armoured cable as per BS 5308-1,500V 8C Cu XLPE cable,Cu XLPE cable,Cu cable
RFP_1024,LSZH 22kV 3C 95 sqmm Al XLPE armoured cable as per IS 7098-2,3C 95 sqmm armoured cable as per IS 7098-2,95 sqmm armoured cable,95 sqmm cable
RFP_1025,FR 440V 24C 1.5 sqmm Cu PVC armoured cable as per IS 1554,FR Cu PVC cable as per IS 1554,PVC cable as per IS 1554,cable as per IS 1554
RFP_1026,FR 1.1kV 3C 1.5 sqmm Cu PVC armoured cable as per IEC 60502-1,1.1kV 3C 1.5 sqmm Cu cable,1.1kV 3C cable,1.1kV cable
RFP_1027,1.1kV 6C 4 sqmm Cu XLPE armoured cable as per IS 1554,4 sqmm Cu armoured cable as per IS 1554,Cu cable as per IS 1554,Cu cable
RFP_1028,FR 33kV 3C 50 sqmm Cu XLPE armoured cable as per IS 7098-2,FR 50 sqmm XLPE cable as per IS 7098-2,FR cable as per IS 7098-2,FR cable
RFP_1029,LSZH 500V 2C 1 sqmm Cu XLPE armoured cable as per IEC 60502-1,LSZH 500V Cu cable as per IEC 60502-1,LSZH cable as per IEC 60502-1,LSZH cable
RFP_1030,500V 8C 2.5 sqmm Cu XLPE armoured cable as per IEC 60502-1,500V Cu armoured cable as per IEC 60502-1,500V Cu cable,500V cable
RFP_1031,1.1kV 4C 0.75 sqmm Cu PVC armoured cable as per IEC 60502-1,1.1kV Cu armoured cable as per IEC 60502-1,Cu cable as per IEC 60502-1,cable as per IEC 60502-1
RFP_1032,LSZH 500V 3.5C 35 sqmm Al XLPE armoured cable as per IEC 60502-1,LSZH 500V 3.5C cable as per IEC 60502-1,LSZH 3. cable as per IEC 60502-1,LSZH 3. cable
RFP_1033,FRLS 500V 10C 1 sqmm Cu PVC armoured cable as per BS 5308-1,500V 10C 1 sqmm armoured cable,10C armoured cable,armoured cable
RFP_1034,1.1kV 24C 2.5 sqmm Cu PVC armoured cable as per BS 5308-1,1.1kV 2.5 sqmm Cu armoured cable,1.1kV Cu cable,Cu cable
RFP_1035,Fire Survival 1.1kV 4C 16 sqmm Cu Mineral (MI) armoured cable as per IEC 60331,1.1kV 4C 16 sqmm Cu Mineral (MI) cable,4C 16 sqmm Mineral (MI) cable,4C Mineral (MI) cable
RFP_1036,FR 1.1kV 5C 2.5 sqmm Cu PVC armoured cable as per IS 9968,FR 1.1kV 5C 2.5 sqmm cable,1.1kV 2.5 sqmm cable,1.1kV cable
RFP_1037,500V 6C 1 sqmm Cu PVC armoured cable as per BS 5308-1,500V 1 sqmm Cu PVC cable,500V 1 sqmm cable,500V cable
RFP_1038,440V 24C 2.5 sqmm Cu XLPE armoured cable as per IS 694,440V Cu XLPE armoured cable,XLPE armoured cable,XLPE cable
RFP_1039,ZH 440V 3C 10 sqmm Cu PVC armoured cable as per IEC 60245,3C PVC armoured cable as per IEC 60245,armoured cable as per IEC 60245,cable as per IEC 60245
RFP_1040,FR 500V 3C 16 sqmm Cu PVC armoured cable as per IEC 60245,3C PVC armoured cable as per IEC 60245,armoured cable as per IEC 60245,cable as per IEC 60245
RFP_1041,FRLS 33kV 1C 70 sqmm Al XLPE armoured cable as per IS 7098-2,FRLS Al XLPE armoured cable,Al armoured cable,Al cable
RFP_1042,LSZH 500V 14C 6 sqmm Cu PVC armoured cable as per IEC 60502-1,14C Cu armoured cable as per IEC 60502-1,14C Cu cable,Cu cable
RFP_1043,FR 1.1kV 3.5C 35 sqmm Cu EPR armoured cable as per IS 1554,FR 1.1kV 3. Cu armoured cable,FR 1.1kV 3. cable,1.1kV 3. cable
RFP_1044,440V 27C 1.5 sqmm Cu PVC armoured cable as per IS 694,27C PVC armoured cable as per IS 694,armoured cable as per IS 694,armoured cable
RFP_1045,FR 1.1kV 3C 2.5 sqmm Cu XLPE armoured cable as per BS 5308,FR 3C Cu armoured cable,3C armoured cable,armoured cable
RFP_1046,Fire Survival 440V 2C 70 sqmm Cu XLPE armoured cable as per IEC 60331,440V 2C Cu armoured cable,Cu armoured cable,Cu cable
RFP_1047,FRLS 500V 12C 1 sqmm Cu PVC armoured cable as per IS 1554,12C 1 sqmm Cu cable as per IS 1554,12C cable as per IS 1554,cable as per IS 1554
RFP_1048,LSZH 3.3kV 3C 95 sqmm Al XLPE armoured cable as per IEC 60502-1,LSZH Al XLPE cable as per IEC 60502-1,LSZH Al cable,LSZH cable
RFP_1049,FRLS 300V 1C 2.5 sqmm Cu PVC armoured cable as per IEC 60502-1,1C 2.5 sqmm Cu cable as per IEC 60502-1,2.5 sqmm cable as per IEC 60502-1,cable as per IEC 60502-1
RFP_1050,FRLS 300V 4C 2.5 sqmm Cu XLPE armoured cable as per IEC 60502-1,FRLS 300V 4C armoured cable,FRLS armoured cable,FRLS cable
RFP_1051,FR 440V 19C 4 sqmm Cu XLPE armoured cable as per IS 694,FR 19C 4 sqmm cable as per IS 694,19C cable as per IS 694,cable as per IS 694
RFP_1052,FR 11kV 3C 95 sqmm Cu EPR armoured cable as per IEC 60502-1,FR Cu EPR cable as per IEC 60502-1,FR cable as per IEC 60502-1,FR cable
RFP_1053,FRLS 1.1kV 16C 1 sqmm Cu PVC armoured cable as per BS 5308,FRLS 1.1kV Cu cable as per BS 5308,FRLS cable as per BS 5308,FRLS cable
RFP_1054,ZH 11kV 1C 70 sqmm Al EPR armoured cable as per IS 7098-1,11kV 70 sqmm Al armoured cable,70 sqmm Al cable,Al cable
RFP_1055,ZH 110kV 1C 1000 sqmm Cu XLPE armoured cable as per IEC 60840,ZH 110kV Cu armoured cable,110kV armoured cable,armoured cable
RFP_1056,Fire Survival 1.1kV 2C 4 sqmm Cu XLPE armoured cable as per IS 17048,1.1kV 4 sqmm Cu XLPE cable,1.1kV 4 sqmm cable,4 sqmm cable
RFP_1057,FRLS 500V 5C 1 sqmm Cu PVC armoured cable as per IEC 60245,5C PVC armoured cable as per IEC 60245,5C cable as per IEC 60245,5C cable
RFP_1058,Fire Survival 440V 3C 1.5 sqmm Cu Mineral (MI) armoured cable as per BS 6387,Fire Survival 1.5 sqmm Cu Mineral (MI) armoured cable,1.5 sqmm Cu Mineral (MI) cable,Cu Mineral (MI) cable
RFP_1059,500V 10C 1 sqmm Cu PVC armoured cable as per IEC 60502-1,500V 1 sqmm PVC armoured cable,500V armoured cable,500V cable
RFP_1060,440V 3.5C 500 sqmm Al PVC armoured cable as per IS 694,3.5C 500 sqmm Al cable as per IS 694,3.5C Al cable,3.5C cable
RFP_1061,Fire Survival 440V 1C 120 sqmm Cu Mineral (MI) armoured cable as per BS 6387,1C 120 sqmm Cu Mineral (MI) armoured cable,1C Mineral (MI) armoured cable,Mineral (MI) armoured cable
RFP_1062,FRLS 400kV 1C 185 sqmm Al XLPE armoured cable as per IEC 62067,FRLS Al armoured cable as per IEC 62067,FRLS armoured cable,armoured cable
RFP_1063,FRLS 500V 12C 0.5 sqmm Cu XLPE armoured cable as per IEC 60502-1,500V 12C XLPE armoured cable,12C XLPE cable,XLPE cable
RFP_1064,LSZH 500V 3C 2.5 sqmm Cu PVC armoured cable as per IEC 60245,500V 3C PVC cable as per IEC 60245,500V cable as per IEC 60245,500V cable
RFP_1065,500V 12C 1 sqmm Cu PVC armoured cable as per IEC 60502-1,500V 12C Cu cable as per IEC 60502-1,Cu cable as per IEC 60502-1,Cu cable
RFP_1066,FRLS 132kV 1C 300 sqmm Al XLPE armoured cable as per IEC 60840,1C Al XLPE cable as per IEC 60840,1C Al cable,1C cable
RFP_1067,33kV 3C 240 sqmm Al XLPE armoured cable as per IS 7098-2,3C 240 sqmm XLPE armoured cable,240 sqmm armoured cable,240 sqmm cable
RFP_1068,Fire Survival 440V 1C 50 sqmm Cu Mineral (MI) armoured cable as per IEC 60331,440V Cu Mineral (MI) armoured cable as per IEC 60331,440V Cu Mineral (MI) cable,Cu Mineral (MI) cable
RFP_1069,LSZH 11kV 3C 120 sqmm Cu XLPE armoured cable as per IS 7098-1,LSZH 120 sqmm XLPE cable as per IS 7098-1,120 sqmm cable as per IS 7098-1,cable as per IS 7098-1
RFP_1070,Fire Survival 1.1kV 1C 16 sqmm Cu Mineral (MI) armoured cable as per IS 17048,1C 16 sqmm Mineral (MI) armoured cable as per IS 17048,16 sqmm Mineral (MI) cable as per IS 17048,16 sqmm Mineral (MI) cable
RFP_1071,ZH 110kV 1C 300 sqmm Al XLPE armoured cable as per IEC 60840,110kV 1C XLPE cable as per IEC 60840,110kV XLPE cable,XLPE cable
RFP_1072,FR 500V 6C 0.5 sqmm Cu XLPE armoured cable as per BS 5308-1,500V 0.5 sqmm armoured cable as per BS 5308-1,500V cable as per BS 5308-1,500V cable
RFP_1073,FR 1.1kV 7C 2.5 sqmm Cu PVC armoured cable as per BS 5308,FR Cu PVC armoured cable,Cu PVC cable,PVC cable
RFP_1074,FRLS 500V 14C 1 sqmm Cu PVC armoured cable as per IS 1554,FRLS 500V 14C PVC cable,14C PVC cable,PVC cable
RFP_1075,440V 6C 6 sqmm Cu PVC armoured cable as per IS 694,6C Cu PVC cable as per IS 694,PVC cable as per IS 694,cable as per IS 694
RFP_1076,LSZH 3.3kV 3C 95 sqmm Al XLPE armoured cable as per IEC 60502-1,3.3kV 3C XLPE cable as per IEC 60502-1,XLPE cable as per IEC 60502-1,cable as per IEC 60502-1
RFP_1077,300V 10C 0.75 sqmm Cu XLPE armoured cable as per BS 5308-1,300V 0.75 sqmm XLPE armoured cable,0.75 sqmm armoured cable,0.75 sqmm cable
RFP_1078,FR 500V 5C 6 sqmm Cu XLPE armoured cable as per IS 1554,500V XLPE armoured cable as per IS 1554,500V XLPE cable,500V cable
RFP_1079,LSZH 300V 12C 2.5 sqmm Cu PVC armoured cable as per BS 5308-1,LSZH 300V 2.5 sqmm Cu cable,2.5 sqmm Cu cable,2.5 sqmm cable
RFP_1080,FR 440V 5C 1.5 sqmm Cu XLPE armoured cable as per IS 1554,440V Cu XLPE armoured cable,Cu armoured cable,Cu cable
RFP_1081,FR 500V 4C 2.5 sqmm Cu XLPE armoured cable as per BS 5308-1,500V XLPE armoured cable as per BS 5308-1,armoured cable as per BS 5308-1,cable as per BS 5308-1
RFP_1082,FRLS 22kV 1C 70 sqmm Cu XLPE armoured cable as per IS 7098-2,FRLS 1C XLPE cable as per IS 7098-2,1C XLPE cable,XLPE cable
RFP_1083,1.1kV 24C 1 sqmm Cu PVC armoured cable as per IEC 60502-1,1.1kV 24C Cu PVC cable,1.1kV 24C cable,1.1kV cable
RFP_1084,ZH 440V 1C 10 sqmm Cu PVC armoured cable as per IS 694,1C Cu armoured cable as per IS 694,1C armoured cable,1C cable
RFP_1085,FRLS 500V 30C 1.5 sqmm Cu PVC armoured cable as per IS 1554,500V 1.5 sqmm PVC armoured cable,500V PVC cable,PVC cable
RFP_1086,1.1kV 14C 6 sqmm Cu XLPE armoured cable as per IEC 60502-1,1.1kV 14C 6 sqmm Cu cable,6 sqmm Cu cable,Cu cable
RFP_1087,600V 2C 6 sqmm Cu PVC armoured cable as per IEC 60502-1,600V 6 sqmm Cu PVC cable,600V PVC cable,600V cable
RFP_1088,Fire Survival 440V 3C 4 sqmm Cu Mineral (MI) armoured cable as per BS 6387,3C 4 sqmm Cu Mineral (MI) armoured cable,Cu Mineral (MI) armoured cable,Mineral (MI) armoured cable
RFP_1089,LSZH 440V 3C 4 sqmm Cu PVC armoured cable as per IEC 60245,LSZH Cu PVC cable as per IEC 60245,LSZH cable as per IEC 60245,LSZH cable
RFP_1090,FR 33kV 3C 50 sqmm Cu XLPE armoured cable as per IS 7098-2,33kV 3C XLPE cable as per IS 7098-2,33kV XLPE cable,33kV cable
RFP_1091,220kV 1C 300 sqmm Al XLPE armoured cable as per IEC 62067,220kV 1C 300 sqmm XLPE cable,300 sqmm XLPE cable,XLPE cable
RFP_1092,FR 110kV 1C 300 sqmm Cu XLPE armoured cable as per IEC 60840,1C 300 sqmm Cu armoured cable,Cu armoured cable,armoured cable
RFP_1093,LSZH 1.1kV 19C 1 sqmm Cu PVC armoured cable as per IS 1554,1.1kV 19C 1 sqmm PVC cable,1.1kV PVC cable,1.1kV cable
RFP_1094,FR 500V 2C 2.5 sqmm Cu PVC armoured cable as per IEC 60502-1,2.5 sqmm PVC armoured cable as per IEC 60502-1,2.5 sqmm cable as per IEC 60502-1,cable as per IEC 60502-1
RFP_1095,FRLS 1.1kV 6C 0.75 sqmm Cu XLPE armoured cable as per IS 1554,FRLS 1.1kV 6C cable as per IS 1554,1.1kV cable as per IS 1554,1.1kV cable
RFP_1096,500V 24C 1 sqmm Cu XLPE armoured cable as per BS 5308-1,24C 1 sqmm Cu XLPE cable,Cu XLPE cable,Cu cable
RFP_1097,Fire Survival 440V 1C 120 sqmm Cu Mineral (MI) armoured cable as per IEC 60331,Fire Survival 1C Mineral (MI) armoured cable as per IEC 60331,Fire Survival 1C Mineral (MI) cable,1C Mineral (MI) cable
RFP_1098,FR 440V 16C 6 sqmm Cu XLPE armoured cable as per IS 694,FR 6 sqmm Cu cable as per IS 694,6 sqmm Cu cable,6 sqmm cable
RFP_1099,FRLS 1.1kV 1C 1.5 sqmm Cu PVC armoured cable as per IEC 60502-1,FRLS 1.5 sqmm PVC cable as per IEC 60502-1,FRLS cable as per IEC 60502-1,FRLS cable
RFP_1100,FRLS 300V 10C 0.5 sqmm Cu PVC armoured cable as per IEC 60502-1,300V 0.5 sqmm Cu armoured cable,0.5 sqmm armoured cable,armoured cable
RFP_1101,ZH 500V 3C 16 sqmm Cu PVC armoured cable as per IEC 60245,ZH 3C 16 sqmm cable as per IEC 60245,16 sqmm cable as per IEC 60245,16 sqmm cable
RFP_1102,500V 12C 1 sqmm Cu PVC armoured cable as per BS 5308-1,12C 1 sqmm armoured cable as per BS 5308-1,armoured cable as per BS 5308-1,armoured cable
RFP_1103,Fire Survival 1.1kV 2C 95 sqmm Cu XLPE armoured cable as per BS 6387,95 sqmm Cu armoured cable as per BS 6387,Cu cable as per BS 6387,cable as per BS 6387
RFP_1104,LSZH 440V 1C 1 sqmm Cu PVC armoured cable as per IS 694,1C Cu PVC armoured cable,Cu PVC cable,Cu cable
RFP_1105,ZH 11kV 1C 120 sqmm Al XLPE armoured cable as per IEC 60502-1,ZH 11kV Al cable as per IEC 60502-1,ZH cable as per IEC 60502-1,cable as per IEC 60502-1
RFP_1106,FR 500V 3C 800 sqmm Al XLPE armoured cable as per IS 1554,3C Al XLPE cable as per IS 1554,3C Al cable,3C cable
RFP_1107,LSZH 500V 2C 2.5 sqmm Cu PVC armoured cable as per BS 5308-1,LSZH 2C PVC cable as per BS 5308-1,2C cable as per BS 5308-1,cable as per BS 5308-1
RFP_1108,LSZH 6.6kV 1C 185 sqmm Cu EPR armoured cable as per IS 7098-1,LSZH 1C Cu armoured cable,LSZH Cu cable,Cu cable
RFP_1109,Fire Survival 1.1kV 4C 35 sqmm Cu Mineral (MI) armoured cable as per IEC 60331,Fire Survival 1.1kV 35 sqmm Cu Mineral (MI) cable,35 sqmm Cu Mineral (MI) cable,35 sqmm Mineral (MI) cable
RFP_1110,1.1kV 8C 2.5 sqmm Cu PVC armoured cable as per IS 1554,8C 2.5 sqmm PVC cable as per IS 1554,2.5 sqmm PVC cable,2.5 sqmm cable
RFP_1111,440V 1C 2.5 sqmm Cu XLPE armoured cable as per IS 694,440V XLPE armoured cable as per IS 694,XLPE cable as per IS 694,XLPE cable
RFP_1112,Fire Survival 1.1kV 1C 70 sqmm Cu Mineral (MI) armoured cable as per IS 17048,Fire Survival 1.1kV Cu Mineral (MI) armoured cable,1.1kV Cu Mineral (MI) cable,1.1kV Mineral (MI) cable
RFP_1113,11kV 1C 150 sqmm Al EPR armoured cable as per IS 7098-1,11kV Al EPR armoured cable,11kV EPR cable,EPR cable
RFP_1114,1.1kV 12C 4 sqmm Cu XLPE armoured cable as per BS 5308,12C 4 sqmm XLPE armoured cable,4 sqmm armoured cable,4 sqmm cable
RFP_1115,FRLS 132kV 1C 300 sqmm Cu XLPE armoured cable as per IEC 60840,1C 300 sqmm Cu armoured cable,300 sqmm Cu cable,300 sqmm cable
RFP_1116,1.1kV 12C 4 sqmm Cu XLPE armoured cable as per BS 5308,1.1kV 4 sqmm Cu XLPE cable,Cu XLPE cable,XLPE cable
RFP_1117,FRLS 440V 5C 35 sqmm Cu XLPE armoured cable as per IS 9968,440V Cu XLPE armoured cable,440V XLPE cable,XLPE cable
RFP_1118,500V 3C 4 sqmm Cu XLPE armoured cable as per IEC 60502-1,4 sqmm Cu armoured cable as per IEC 60502-1,4 sqmm Cu cable,4 sqmm cable
RFP_1119,FRLS 11kV 3C 120 sqmm Cu EPR armoured cable as per IS 7098-1,120 sqmm Cu armoured cable as per IS 7098-1,armoured cable as per IS 7098-1,cable as per IS 7098-1
RFP_1120,FRLS 1.1kV 16C 0.75 sqmm Cu XLPE armoured cable as per BS 5308-1,FRLS 1.1kV 0.75 sqmm XLPE cable,FRLS XLPE cable,FRLS cable
RFP_1121,ZH 11kV 1C 300 sqmm Al EPR armoured cable as per IS 7098-1,11kV 1C armoured cable as per IS 7098-1,11kV cable as per IS 7098-1,cable as per IS 7098-1
RFP_1122,ZH 1.1kV 1C 120 sqmm Cu EPR armoured cable as per IEC 60502-1,ZH 1.1kV 120 sqmm Cu cable,1.1kV 120 sqmm cable,1.1kV cable
RFP_1123,LSZH 500V 6C 0.75 sqmm Cu PVC armoured cable as per BS 5308-1,500V 6C 0.75 sqmm armoured cable,6C 0.75 sqmm cable,6C cable
RFP_1124,FRLS 440V 2C 25 sqmm Al PVC armoured cable as per IEC 60502-1,2C 25 sqmm PVC cable as per IEC 60502-1,2C PVC cable,2C cable
RFP_1125,300V 8C 2.5 sqmm Cu PVC armoured cable as per IEC 60502-1,300V 8C PVC armoured cable,300V armoured cable,armoured cable
RFP_1126,FR 500V 27C 1.5 sqmm Cu PVC armoured cable as per IS 1554,500V 1.5 sqmm Cu cable as per IS 1554,Cu cable as per IS 1554,Cu cable
RFP_1127,Fire Survival 440V 1C 2.5 sqmm Cu XLPE armoured cable as per IEC 60331,Fire Survival 2.5 sqmm XLPE armoured cable,2.5 sqmm XLPE cable,2.5 sqmm cable
RFP_1128,Fire Survival 440V 2C 120 sqmm Cu XLPE armoured cable as per BS 6387,440V 2C XLPE cable as per BS 6387,440V XLPE cable,440V cable
RFP_1129,440V 1C 50 sqmm Cu XLPE armoured cable as per IS 9968,440V 50 sqmm XLPE armoured cable,440V 50 sqmm cable,440V cable
RFP_1130,FRLS 220kV 1C 1000 sqmm Cu XLPE armoured cable as per IEC 62067,1000 sqmm Cu XLPE armoured cable,Cu armoured cable,armoured cable
RFP_1131,LSZH 1.1kV 5C 0.75 sqmm Cu PVC armoured cable as per IEC 60502-1,5C 0.75 sqmm PVC cable as per IEC 60502-1,PVC cable as per IEC 60502-1,cable as per IEC 60502-1
RFP_1132,FR 1.1kV 16C 1.5 sqmm Cu XLPE armoured cable as per IS 1554,1.5 sqmm Cu armoured cable as per IS 1554,armoured cable as per IS 1554,armoured cable
RFP_1133,FR 300V 1C 1 sqmm Cu PVC armoured cable as per IEC 60502-1,1C Cu PVC cable as per IEC 60502-1,Cu cable as per IEC 60502-1,Cu cable
RFP_1134,LSZH 1.1kV 3C 2.5 sqmm Cu PVC armoured cable as per IEC 60502-1,LSZH 3C PVC armoured cable,PVC armoured cable,armoured cable
RFP_1135,300V 12C 1 sqmm Cu XLPE armoured cable as per BS 5308-1,1 sqmm XLPE armoured cable as per BS 5308-1,XLPE cable as per BS 5308-1,cable as per BS 5308-1
RFP_1136,FR 500V 2C 1.5 sqmm Cu PVC armoured cable as per BS 5308-1,2C Cu PVC armoured cable,2C armoured cable,armoured cable
RFP_1137,LSZH 400kV 1C 300 sqmm Cu XLPE armoured cable as per IEC 62067,LSZH 1C armoured cable as per IEC 62067,1C cable as per IEC 62067,cable as per IEC 62067
RFP_1138,LSZH 500V 10C 2.5 sqmm Cu PVC armoured cable as per IS 1554,LSZH 500V PVC cable as per IS 1554,500V cable as per IS 1554,500V cable
RFP_1139,440V 16C 1.5 sqmm Cu XLPE armoured cable as per IS 1554,Cu XLPE armoured cable as per IS 1554,Cu armoured cable,Cu cable
RFP_1140,FRLS 1.1kV 6C 4 sqmm Cu XLPE armoured cable as per IS 1554,FRLS 1.1kV 6C 4 sqmm cable,FRLS 1.1kV cable,FRLS cable
RFP_1141,FRLS 1.1kV 3C 4 sqmm Cu XLPE armoured cable as per BS 5467,FRLS 1.1kV Cu armoured cable,FRLS Cu cable,Cu cable
RFP_1142,FRLS 1.1kV 14C 6 sqmm Cu XLPE armoured cable as per IEC 60502-1,FRLS 1.1kV Cu cable as per IEC 60502-1,FRLS cable as per IEC 60502-1,FRLS cable
RFP_1143,LSZH 22kV 3C 185 sqmm Al XLPE armoured cable as per IS 7098-2,LSZH 22kV 3C cable as per IS 7098-2,3C cable as per IS 7098-2,3C cable
RFP_1144,ZH 132kV 1C 630 sqmm Al XLPE armoured cable as per IEC 60840,132kV Al XLPE armoured cable,132kV XLPE cable,XLPE cable
RFP_1145,FRLS 440V 8C 6 sqmm Cu XLPE armoured cable as per IS 1554,FRLS 440V 8C XLPE cable,8C XLPE cable,XLPE cable
RFP_1146,440V 19C 2.5 sqmm Cu PVC armoured cable as per IS 694,19C 2.5 sqmm armoured cable as per IS 694,19C armoured cable,armoured cable
RFP_1147,33kV 1C 150 sqmm Al XLPE armoured cable as per IS 7098-2,33kV Al XLPE cable as per IS 7098-2,XLPE cable as per IS 7098-2,XLPE cable
RFP_1148,22kV 3C 95 sqmm Al XLPE armoured cable as per IS 7098-2,3C XLPE armoured cable as per IS 7098-2,XLPE armoured cable,XLPE cable
RFP_1149,FRLS 300V 4C 0.75 sqmm Cu XLPE armoured cable as per IEC 60502-1,FRLS XLPE armoured cable as per IEC 60502-1,XLPE cable as per IEC 60502-1,cable as per IEC 60502-1
RFP_1150,500V 1C 16 sqmm Cu PVC armoured cable as per IEC 60245,500V 1C Cu armoured cable,1C Cu cable,Cu cable
RFP_1151,FRLS 500V 2C 1 sqmm Cu PVC armoured cable as per IS 1554,2C 1 sqmm PVC armoured cable,2C PVC cable,PVC cable
RFP_1152,Fire Survival 440V 2C 2.5 sqmm Cu XLPE armoured cable as per BS 6387,Cu XLPE armoured cable as per BS 6387,XLPE cable as per BS 6387,XLPE cable
RFP_1153,FRLS 600V 4C 2.5 sqmm Al PVC armoured cable as per IS 694,FRLS 600V PVC cable as per IS 694,FRLS PVC cable,FRLS cable
RFP_1154,FR 440V 2C 16 sqmm Cu XLPE armoured cable as per IS 694,2C 16 sqmm Cu XLPE cable,Cu XLPE cable,XLPE cable
RFP_1155,FR 440V 27C 1.5 sqmm Cu PVC armoured cable as per IS 1554,27C Cu PVC cable as per IS 1554,27C cable as per IS 1554,27C cable
RFP_1156,300V 12C 1 sqmm Cu PVC armoured cable as per IEC 60502-1,1 sqmm Cu PVC armoured cable,1 sqmm armoured cable,armoured cable
RFP_1157,500V 6C 2.5 sqmm Cu PVC armoured cable as per BS 5308-1,6C 2.5 sqmm Cu PVC cable,6C PVC cable,6C cable
RFP_1158,FR 1.1kV 3C 6 sqmm Cu XLPE armoured cable as per IS 1554,FR 6 sqmm XLPE cable as per IS 1554,6 sqmm XLPE cable,6 sqmm cable
RFP_1159,LSZH 500V 14C 6 sqmm Cu XLPE armoured cable as per IEC 60502-1,500V 14C XLPE cable as per IEC 60502-1,XLPE cable as per IEC 60502-1,XLPE cable
RFP_1160,ZH 22kV 3C 150 sqmm Al XLPE armoured cable as per IS 7098-2,3C 150 sqmm Al armoured cable,150 sqmm Al cable,Al cable
RFP_1161,500V 12C 2.5 sqmm Cu XLPE armoured cable as per IS 1554,12C 2.5 sqmm Cu armoured cable,12C Cu cable,12C cable
RFP_1162,ZH 440V 3C 50 sqmm Cu XLPE armoured cable as per IS 694,3C 50 sqmm Cu armoured cable,3C Cu cable,Cu cable
RFP_1163,LSZH 132kV 1C 630 sqmm Cu XLPE armoured cable as per IEC 60840,LSZH Cu XLPE armoured cable,LSZH armoured cable,armoured cable
RFP_1164,66kV 1C 500 sqmm Cu XLPE armoured cable as per IS 7098-3,Cu XLPE armoured cable as per IS 7098-3,Cu armoured cable,armoured cable
RFP_1165,500V 5C 25 sqmm Cu PVC armoured cable as per IEC 60245,5C Cu PVC cable as per IEC 60245,5C Cu cable,5C cable
RFP_1166,FRLS 500V 12C 1.5 sqmm Cu XLPE armoured cable as per BS 5308-1,500V 12C 1.5 sqmm cable as per BS 5308-1,500V cable as per BS 5308-1,500V cable
RFP_1167,FR 500V 1C 10 sqmm Al PVC armoured cable as per IS 694,FR 500V Al cable as per IS 694,500V cable as per IS 694,500V cable
RFP_1168,FR 66kV 1C 400 sqmm Al XLPE armoured cable as per IS 7098-3,66kV 1C Al armoured cable,66kV 1C cable,66kV cable
RFP_1169,FRLS 1.1kV 12C 1.5 sqmm Cu PVC armoured cable as per IEC 60502-1,1.5 sqmm Cu PVC armoured cable,1.5 sqmm PVC cable,1.5 sqmm cable
RFP_1170,FR 500V 6C 0.5 sqmm Cu PVC armoured cable as per IEC 60502-1,FR Cu PVC armoured cable,FR PVC cable,PVC cable
RFP_1171,LSZH 1.1kV 4C 630 sqmm Al EPR armoured cable as per IEC 60502-1,4C EPR armoured cable as per IEC 60502-1,EPR armoured cable,EPR cable
RFP_1172,LSZH 500V 12C 2.5 sqmm Cu XLPE armoured cable as per BS 5308-1,12C 2.5 sqmm XLPE cable as per BS 5308-1,XLPE cable as per BS 5308-1,cable as per BS 5308-1
RFP_1173,FR 440V 5C 6 sqmm Cu XLPE armoured cable as per IS 694,FR 440V XLPE armoured cable,FR XLPE cable,XLPE cable
RFP_1174,1.1kV 10C 0.75 sqmm Cu PVC armoured cable as per IEC 60502-1,Cu PVC armoured cable as per IEC 60502-1,Cu armoured cable,Cu cable
RFP_1175,500V 16C 0.5 sqmm Cu XLPE armoured cable as per IEC 60502-1,500V 0.5 sqmm XLPE armoured cable,500V XLPE cable,XLPE cable
RFP_1176,FR 500V 6C 4 sqmm Cu XLPE armoured cable as per IS 1554,500V 4 sqmm XLPE armoured cable,500V armoured cable,500V cable
RFP_1177,FR 66kV 1C 630 sqmm Al XLPE armoured cable as per IEC 60840,66kV 1C XLPE armoured cable,66kV 1C cable,1C cable
RFP_1178,33kV 1C 150 sqmm Cu XLPE armoured cable as per IEC 60502-2,150 sqmm Cu XLPE cable as per IEC 60502-2,XLPE cable as per IEC 60502-2,cable as per IEC 60502-2
RFP_1179,FR 1.1kV 14C 1 sqmm Cu PVC armoured cable as per BS 5308,FR 1.1kV 14C PVC cable,FR PVC cable,PVC cable
RFP_1180,1.1kV 4C 1 sqmm Cu XLPE armoured cable as per IEC 60502-1,1.1kV 4C Cu cable as per IEC 60502-1,1.1kV Cu cable,1.1kV cable
RFP_1181,500V 1C 2.5 sqmm Cu XLPE armoured cable as per BS 5308-1,500V Cu XLPE armoured cable,Cu XLPE cable,XLPE cable
RFP_1182,FR 440V 4C 4 sqmm Cu XLPE armoured cable as per IEC 60245,Cu XLPE armoured cable as per IEC 60245,XLPE cable as per IEC 60245,cable as per IEC 60245
RFP_1183,1.1kV 1C 0.75 sqmm Cu XLPE armoured cable as per IS 1554,1.1kV 0.75 sqmm Cu cable as per IS 1554,1.1kV 0.75 sqmm cable,1.1kV cable
RFP_1184,Fire Survival 440V 4C 50 sqmm Cu XLPE armoured cable as per BS 6387,Fire Survival 4C XLPE armoured cable,Fire Survival armoured cable,armoured cable
RFP_1185,500V 30C 6 sqmm Cu XLPE armoured cable as per IS 1554,30C 6 sqmm Cu XLPE cable,6 sqmm Cu cable,Cu cable
RFP_1186,440V 4C 240 sqmm Cu XLPE armoured cable as per IS 1554,440V 240 sqmm XLPE cable as per IS 1554,440V XLPE cable,XLPE cable
RFP_1187,500V 4C 16 sqmm Cu PVC armoured cable as per IEC 60245,500V 4C 16 sqmm armoured cable,500V 4C cable,500V cable
RFP_1188,LSZH 440V 3C 0.75 sqmm Cu XLPE armoured cable as per IS 9968,440V 3C Cu XLPE cable,3C Cu cable,3C cable
RFP_1189,LSZH 1.1kV 7C 2.5 sqmm Cu XLPE armoured cable as per IS 1554,1.1kV XLPE armoured cable as per IS 1554,armoured cable as per IS 1554,cable as per IS 1554
RFP_1190,LSZH 300V 20C 0.5 sqmm Cu PVC armoured cable as per IEC 60502-1,300V 20C PVC armoured cable,PVC armoured cable,armoured cable
RFP_1191,ZH 6.6kV 3C 300 sqmm Al XLPE armoured cable as per IS 7098-1,ZH 3C Al cable as per IS 7098-1,ZH 3C cable,3C cable
RFP_1192,FRLS 132kV 1C 300 sqmm Cu XLPE armoured cable as per IEC 60840,FRLS 1C XLPE armoured cable,FRLS 1C cable,FRLS cable
RFP_1193,ZH 600V 2C 185 sqmm Cu XLPE armoured cable as per IEC 60502-1,ZH 600V armoured cable as per IEC 60502-1,600V cable as per IEC 60502-1,cable as per IEC 60502-1
RFP_1194,FR 500V 4C 2.5 sqmm Cu PVC armoured cable as per IS 694,Cu PVC armoured cable as per IS 694,PVC armoured cable,armoured cable
RFP_1195,LSZH 500V 14C 2.5 sqmm Cu XLPE armoured cable as per IEC 60502-1,LSZH Cu armoured cable as per IEC 60502-1,LSZH cable as per IEC 60502-1,cable as per IEC 60502-1
RFP_1196,LSZH 1.1kV 16C 1.5 sqmm Cu XLPE armoured cable as per IEC 60502-1,16C 1.5 sqmm Cu cable as per IEC 60502-1,16C Cu cable,16C cable
RFP_1197,FR 400kV 1C 400 sqmm Cu XLPE armoured cable as per IEC 62067,400kV 1C 400 sqmm Cu cable,400kV Cu cable,400kV cable
RFP_1198,FRLS 440V 7C 6 sqmm Cu XLPE armoured cable as per IS 694,440V 7C 6 sqmm Cu cable,7C 6 sqmm cable,6 sqmm cable
RFP_1199,LSZH 6.6kV 1C 240 sqmm Al XLPE armoured cable as per IEC 60502-1,LSZH 1C XLPE cable as per IEC 60502-1,1C cable as per IEC 60502-1,cable as per IEC 60502-1
RFP_1200,LSZH 500V 8C 4 sqmm Cu XLPE armoured cable as per IS 1554,8C 4 sqmm armoured cable as per IS 1554,armoured cable as per IS 1554,cable as per IS 1554
RFP_1201,ZH 11kV 1C 70 sqmm Cu XLPE armoured cable as per IS 7098-1,1C 70 sqmm Cu XLPE cable,70 sqmm XLPE cable,70 sqmm cable
RFP_1202,FR 600V 1C 630 sqmm Al PVC armoured cable as per IEC 60502-1,FR 600V Al PVC cable,FR PVC cable,FR cable
RFP_1203,LSZH 1.1kV 2C 1.5 sqmm Cu XLPE armoured cable as per IS 1554,1.1kV XLPE armoured cable as per IS 1554,XLPE cable as per IS 1554,XLPE cable
RFP_1204,FRLS 22kV 1C 300 sqmm Cu XLPE armoured cable as per IS 7098-2,22kV 1C 300 sqmm XLPE cable,22kV 1C cable,1C cable
RFP_1205,Fire Survival 440V 2C 25 sqmm Cu XLPE armoured cable as per BS 6387,440V 2C 25 sqmm XLPE cable,440V 2C cable,2C cable
RFP_1206,FRLS 1.1kV 2C 2.5 sqmm Cu XLPE armoured cable as per IEC 60502-1,1.1kV 2C 2.5 sqmm XLPE cable,1.1kV 2.5 sqmm cable,2.5 sqmm cable
RFP_1207,FRLS 300V 12C 1.5 sqmm Cu PVC armoured cable as per IEC 60502-1,FRLS 12C Cu cable as per IEC 60502-1,12C Cu cable,Cu cable
RFP_1208,FR 1.1kV 3C 2.5 sqmm Cu PVC armoured cable as per IS 1554,FR 2.5 sqmm Cu armoured cable,FR Cu cable,Cu cable
RFP_1209,FR 300V 4C 2.5 sqmm Cu PVC armoured cable as per BS 5308-1,FR 4C 2.5 sqmm Cu cable,4C Cu cable,4C cable
RFP_1210,LSZH 440V 2C 2.5 sqmm Cu XLPE armoured cable as per IS 9968,440V 2C 2.5 sqmm armoured cable,440V 2C cable,440V cable
RFP_1211,ZH 66kV 1C 240 sqmm Cu XLPE armoured cable as per IS 7098-3,66kV Cu XLPE cable as per IS 7098-3,XLPE cable as per IS 7098-3,XLPE cable
RFP_1212,300V 24C 2.5 sqmm Cu PVC armoured cable as per BS 5308-1,2.5 sqmm Cu armoured cable as per BS 5308-1,2.5 sqmm armoured cable,armoured cable
RFP_1213,500V 7C 2.5 sqmm Cu XLPE armoured cable as per IS 1554,7C 2.5 sqmm Cu cable as per IS 1554,2.5 sqmm Cu cable,Cu cable
RFP_1214,Fire Survival 1.1kV 4C 6 sqmm Cu XLPE armoured cable as per IS 17048,4C 6 sqmm Cu armoured cable,4C armoured cable,armoured cable
RFP_1215,FR 500V 5C 0.75 sqmm Cu PVC armoured cable as per IEC 60245,500V 0.75 sqmm Cu PVC cable,500V 0.75 sqmm cable,0.75 sqmm cable
RFP_1216,ZH 440V 4C 1.5 sqmm Al XLPE armoured cable as per IS 1554,4C 1.5 sqmm armoured cable as per IS 1554,1.5 sqmm armoured cable,armoured cable
RFP_1217,FR 110kV 1C 800 sqmm Cu XLPE armoured cable as per IEC 60840,1C Cu armoured cable as per IEC 60840,1C cable as per IEC 60840,1C cable
RFP_1218,1.1kV 3C 10 sqmm Cu PVC armoured cable as per IS 1554,10 sqmm Cu armoured cable as per IS 1554,Cu armoured cable,Cu cable
RFP_1219,FRLS 500V 20C 1 sqmm Cu XLPE armoured cable as per BS 5308-1,20C 1 sqmm Cu cable as per BS 5308-1,1 sqmm cable as per BS 5308-1,1 sqmm cable
RFP_1220,FRLS 220kV 1C 1000 sqmm Cu XLPE armoured cable as per IEC 62067,FRLS 220kV 1C 1000 sqmm cable,1C 1000 sqmm cable,1000 sqmm cable
RFP_1221,FR 1.1kV 4C 1 sqmm Cu PVC armoured cable as per IEC 60502-1,4C 1 sqmm Cu cable as per IEC 60502-1,4C Cu cable,Cu cable
RFP_1222,LSZH 600V 3C 1.5 sqmm Al XLPE armoured cable as per IEC 60502-1,600V 3C 1.5 sqmm cable as per IEC 60502-1,3C 1.5 sqmm cable,3C cable
RFP_1223,440V 12C 4 sqmm Cu PVC armoured cable as per IS 1554,440V Cu PVC armoured cable,440V Cu cable,440V cable
RFP_1224,FRLS 66kV 1C 630 sqmm Al XLPE armoured cable as per IEC 60840,66kV 1C XLPE cable as per IEC 60840,66kV cable as per IEC 60840,66kV cable
RFP_1225,LSZH 1.1kV 12C 4 sqmm Cu PVC armoured cable as per IEC 60502-1,LSZH 12C 4 sqmm Cu cable,LSZH Cu cable,Cu cable
RFP_1226,400kV 1C 240 sqmm Cu XLPE armoured cable as per IEC 62067,400kV 1C 240 sqmm XLPE cable,400kV XLPE cable,400kV cable
RFP_1227,440V 3C 16 sqmm Cu XLPE armoured cable as per IS 694,440V 16 sqmm armoured cable as per IS 694,440V armoured cable,440V cable
RFP_1228,FRLS 132kV 1C 630 sqmm Cu XLPE armoured cable as per IEC 60840,FRLS 630 sqmm armoured cable as per IEC 60840,FRLS armoured cable,FRLS cable
RFP_1229,ZH 220kV 1C 500 sqmm Cu XLPE armoured cable as per IEC 62067,220kV 1C Cu cable as per IEC 62067,Cu cable as per IEC 62067,Cu cable
RFP_1230,FRLS 1.1kV 10C 0.5 sqmm Cu PVC armoured cable as per IS 1554,FRLS 1.1kV PVC armoured cable,FRLS 1.1kV cable,FRLS cable
RFP_1231,FR 22kV 1C 240 sqmm Al XLPE armoured cable as per IEC 60502-2,22kV 240 sqmm Al XLPE cable,Al XLPE cable,Al cable
RFP_1232,FR 66kV 1C 400 sqmm Al XLPE armoured cable as per IEC 60840,FR 66kV Al XLPE cable,66kV Al cable,66kV cable
RFP_1233,FR 1.1kV 1C 0.75 sqmm Cu PVC armoured cable as per BS 5308-1,FR 1C 0.75 sqmm Cu cable,FR 0.75 sqmm cable,0.75 sqmm cable
RFP_1234,FRLS 440V 5C 2.5 sqmm Cu XLPE armoured cable as per IS 694,FRLS XLPE armoured cable as per IS 694,XLPE armoured cable,XLPE cable
RFP_1235,FRLS 440V 4C 6 sqmm Cu XLPE armoured cable as per IS 1554,4C 6 sqmm Cu armoured cable,Cu armoured cable,Cu cable
RFP_1236,Fire Survival 1.1kV 2C 25 sqmm Cu Mineral (MI) armoured cable as per IS 17048,Fire Survival 25 sqmm Cu Mineral (MI) armoured cable,25 sqmm Mineral (MI) armoured cable,25 sqmm Mineral (MI) cable
RFP_1237,FR 300V 2C 1.5 sqmm Cu XLPE armoured cable as per IEC 60502-1,FR 300V 1.5 sqmm cable as per IEC 60502-1,FR 300V cable,300V cable
RFP_1238,LSZH 11kV 1C 120 sqmm Al EPR armoured cable as per IEC 60502-1,LSZH 1C EPR cable as per IEC 60502-1,EPR cable as per IEC 60502-1,cable as per IEC 60502-1
RFP_1239,Fire Survival 440V 4C 1.5 sqmm Cu Mineral (MI) armoured cable as per BS 6387,4C Cu Mineral (MI) armoured cable as per BS 6387,4C Mineral (MI) armoured cable,Mineral (MI) armoured cable
RFP_1240,FR 500V 30C 1 sqmm Cu PVC armoured cable as per IEC 60502-1,FR 1 sqmm Cu cable as per IEC 60502-1,1 sqmm Cu cable,Cu cable
RFP_1241,300V 8C 1 sqmm Cu XLPE armoured cable as per BS 5308-1,300V 1 sqmm XLPE armoured cable,300V 1 sqmm cable,300V cable
RFP_1242,500V 16C 1.5 sqmm Cu PVC armoured cable as per IS 1554,500V 16C 1.5 sqmm Cu cable,500V 16C cable,16C cable
RFP_1243,500V 24C 6 sqmm Cu PVC armoured cable as per IEC 60502-1,6 sqmm Cu PVC cable as per IEC 60502-1,Cu PVC cable,Cu cable
RFP_1244,FRLS 3.3kV 1C 300 sqmm Cu EPR armoured cable as per IS 7098-1,FRLS 300 sqmm Cu EPR cable,FRLS EPR cable,EPR cable
RFP_1245,LSZH 132kV 1C 500 sqmm Al XLPE armoured cable as per IEC 60840,LSZH 132kV XLPE armoured cable,LSZH 132kV cable,LSZH cable
RFP_1246,FR 1.1kV 10C 1 sqmm Cu PVC armoured cable as per IEC 60502-1,1.1kV 1 sqmm armoured cable as per IEC 60502-1,1.1kV cable as per IEC 60502-1,cable as per IEC 60502-1
RFP_1247,FR 500V 3.5C 35 sqmm Cu XLPE armoured cable as per IEC 60502-1,500V 3.5C Cu armoured cable,500V 3. armoured cable,500V 3. cable
RFP_1248,FRLS 1.1kV 5C 1.5 sqmm Cu PVC armoured cable as per BS 5308,FRLS 1.5 sqmm Cu cable as per BS 5308,FRLS cable as per BS 5308,cable as per BS 5308
RFP_1249,FRLS 500V 6C 1 sqmm Cu XLPE armoured cable as per IEC 60502-1,FRLS 6C 1 sqmm Cu cable,FRLS 6C cable,FRLS cable
RFP_1250,FRLS 600V 3C 185 sqmm Cu XLPE armoured cable as per IEC 60502-1,185 sqmm Cu XLPE armoured cable,XLPE armoured cable,armoured cable
RFP_1251,FRLS 500V 19C 6 sqmm Cu XLPE armoured cable as per IEC 60502-1,FRLS 6 sqmm XLPE armoured cable,FRLS armoured cable,armoured cable
RFP_1252,FR 1.1kV 1C 0.75 sqmm Cu XLPE armoured cable as per IEC 60502-1,FR 1.1kV XLPE cable as per IEC 60502-1,FR XLPE cable,XLPE cable
RFP_1253,22kV 1C 70 sqmm Cu XLPE armoured cable as per IS 7098-2,22kV 1C 70 sqmm XLPE cable,1C XLPE cable,1C cable
RFP_1254,FR 6.6kV 1C 70 sqmm Al XLPE armoured cable as per IS 7098-1,70 sqmm Al armoured cable as per IS 7098-1,70 sqmm Al cable,70 sqmm cable
RFP_1255,ZH 400kV 1C 1000 sqmm Al XLPE armoured cable as per IEC 62067,400kV 1C armoured cable as per IEC 62067,armoured cable as per IEC 62067,cable as per IEC 62067
RFP_1256,ZH 1.1kV 3C 150 sqmm Cu EPR armoured cable as per IS 1554,ZH 3C Cu cable as per IS 1554,3C cable as per IS 1554,cable as per IS 1554
RFP_1257,1.1kV 2C 2.5 sqmm Cu XLPE armoured cable as per IEC 60502-1,2C 2.5 sqmm Cu cable as per IEC 60502-1,2C 2.5 sqmm cable,2.5 sqmm cable
RFP_1258,FRLS 1.1kV 12C 1 sqmm Cu PVC armoured cable as per IS 1554,FRLS 1 sqmm Cu cable as per IS 1554,FRLS Cu cable,FRLS cable
RFP_1259,FRLS 500V 4C 6 sqmm Cu XLPE armoured cable as per IEC 60502-1,FRLS 500V 4C Cu cable,FRLS 4C cable,FRLS cable
RFP_1260,600V 4C 1000 sqmm Al PVC armoured cable as per IS 694,4C Al armoured cable as per IS 694,Al cable as per IS 694,cable as per IS 694
RFP_1261,FR 440V 1C 1.5 sqmm Cu XLPE armoured cable as per IEC 60502-1,FR 440V XLPE cable as per IEC 60502-1,440V cable as per IEC 60502-1,cable as per IEC 60502-1
RFP_1262,FR 220kV 1C 185 sqmm Al XLPE armoured cable as per IEC 62067,FR 1C XLPE cable as per IEC 62067,FR 1C cable,FR cable
RFP_1263,FR 500V 3.5C 70 sqmm Al XLPE armoured cable as per IEC 60502-1,500V 3.5C XLPE armoured cable,3.5C armoured cable,3. armoured cable
RFP_1264,FRLS 440V 2C 1 sqmm Cu XLPE armoured cable as per IS 694,2C Cu armoured cable as per IS 694,2C Cu cable,2C cable
RFP_1265,LSZH 6.6kV 1C 240 sqmm Al EPR armoured cable as per IS 7098-1,6.6kV 240 sqmm EPR cable as per IS 7098-1,EPR cable as per IS 7098-1,cable as per IS 7098-1
RFP_1266,FRLS 500V 12C 2.5 sqmm Cu PVC armoured cable as per IEC 60502-1,FRLS 12C Cu PVC cable,FRLS 12C cable,12C cable
RFP_1267,FR 300V 24C 0.5 sqmm Cu PVC armoured cable as per BS 5308-1,FR 0.5 sqmm PVC cable as per BS 5308-1,PVC cable as per BS 5308-1,cable as per BS 5308-1
RFP_1268,Fire Survival 440V 1C 50 sqmm Cu XLPE armoured cable as per IEC 60331,Fire Survival 1C Cu cable as per IEC 60331,Cu cable as per IEC 60331,cable as per IEC 60331
RFP_1269,FRLS 440V 5C 2.5 sqmm Cu PVC armoured cable as per IS 9968,FRLS Cu PVC armoured cable,Cu PVC cable,Cu cable
RFP_1270,300V 24C 2.5 sqmm Cu PVC armoured cable as per IEC 60502-1,300V 24C 2.5 sqmm armoured cable,24C 2.5 sqmm cable,2.5 sqmm cable
RFP_1271,FRLS 1.1kV 12C 2.5 sqmm Cu PVC armoured cable as per BS 5308-1,2.5 sqmm PVC armoured cable as per BS 5308-1,PVC armoured cable,PVC cable
RFP_1272,FRLS 110kV 1C 630 sqmm Al XLPE armoured cable as per IEC 60840,FRLS 630 sqmm XLPE armoured cable,630 sqmm armoured cable,armoured cable
RFP_1273,LSZH 1.1kV 3.5C 300 sqmm Cu EPR armoured cable as per IS 1554,1.1kV 3. Cu EPR armoured cable,1.1kV 3. armoured cable,3. armoured cable
RFP_1274,500V 10C 1 sqmm Cu XLPE armoured cable as per IEC 60502-1,10C 1 sqmm Cu cable as per IEC 60502-1,10C Cu cable,Cu cable
RFP_1275,FR 110kV 1C 400 sqmm Cu XLPE armoured cable as per IEC 60840,FR 110kV 400 sqmm Cu cable,400 sqmm Cu cable,Cu cable
RFP_1276,FRLS 132kV 1C 300 sqmm Cu XLPE armoured cable as per IEC 60840,FRLS 132kV 1C 300 sqmm cable,FRLS 1C cable,FRLS cable
RFP_1277,FR 1.1kV 6C 0.5 sqmm Cu XLPE armoured cable as per BS 5308-1,6C Cu XLPE cable as per BS 5308-1,Cu XLPE cable,XLPE cable
RFP_1278,1.1kV 2C 1.5 sqmm Cu PVC armoured cable as per IS 1554,1.1kV 2C Cu cable as per IS 1554,2C Cu cable,Cu cable
RFP_1279,ZH 440V 3.5C 95 sqmm Cu XLPE armoured cable as per IEC 60502-1,3.5C 95 sqmm XLPE armoured cable,3.5C 95 sqmm cable,3.5C cable
RFP_1280,FRLS 500V 27C 2.5 sqmm Cu XLPE armoured cable as per IEC 60502-1,27C 2.5 sqmm armoured cable as per IEC 60502-1,2.5 sqmm cable as per IEC 60502-1,cable as per IEC 60502-1
RFP_1281,FRLS 1.1kV 24C 1 sqmm Cu XLPE armoured cable as per IEC 60502-1,FRLS 24C armoured cable as per IEC 60502-1,armoured cable as per IEC 60502-1,armoured cable
RFP_1282,FR 33kV 3C 95 sqmm Cu XLPE armoured cable as per IEC 60502-2,33kV 3C Cu cable as per IEC 60502-2,Cu cable as per IEC 60502-2,cable as per IEC 60502-2
RFP_1283,22kV 1C 240 sqmm Al XLPE armoured cable as per IEC 60502-2,1C Al armoured cable as per IEC 60502-2,Al cable as per IEC 60502-2,Al cable
RFP_1284,LSZH 6.6kV 3C 300 sqmm Cu XLPE armoured cable as per IEC 60502-1,3C 300 sqmm Cu cable as per IEC 60502-1,3C Cu cable,Cu cable
RFP_1285,FRLS 132kV 1C 185 sqmm Cu XLPE armoured cable as per IEC 60840,132kV 185 sqmm armoured cable as per IEC 60840,132kV cable as per IEC 60840,cable as per IEC 60840
RFP_1286,FRLS 440V 19C 2.5 sqmm Cu XLPE armoured cable as per IS 1554,19C Cu XLPE armoured cable,Cu XLPE cable,Cu cable
RFP_1287,ZH 11kV 3C 300 sqmm Cu XLPE armoured cable as per IEC 60502-1,ZH 3C Cu XLPE cable,ZH 3C cable,3C cable
RFP_1288,ZH 500V 3C 2.5 sqmm Cu PVC armoured cable as per IS 694,2.5 sqmm Cu PVC armoured cable,Cu armoured cable,armoured cable
RFP_1289,FR 1.1kV 2C 0.75 sqmm Cu XLPE armoured cable as per IEC 60502-1,FR 1.1kV 0.75 sqmm armoured cable,FR 0.75 sqmm cable,FR cable
RFP_1290,LSZH 500V 10C 2.5 sqmm Cu XLPE armoured cable as per IEC 60502-1,2.5 sqmm Cu armoured cable as per IEC 60502-1,armoured cable as per IEC 60502-1,cable as per IEC 60502-1
RFP_1291,1.1kV 14C 6 sqmm Cu XLPE armoured cable as per BS 5308,1.1kV 6 sqmm Cu armoured cable,1.1kV Cu cable,1.1kV cable
RFP_1292,33kV 3C 95 sqmm Cu XLPE armoured cable as per IEC 60502-2,33kV 3C 95 sqmm Cu cable,3C Cu cable,Cu cable
RFP_1293,ZH 400kV 1C 800 sqmm Cu XLPE armoured cable as per IEC 62067,ZH 400kV armoured cable as per IEC 62067,armoured cable as per IEC 62067,cable as per IEC 62067
RFP_1294,LSZH 500V 4C 1.5 sqmm Cu PVC armoured cable as per IEC 60502-1,4C 1.5 sqmm PVC cable as per IEC 60502-1,1.5 sqmm cable as per IEC 60502-1,1.5 sqmm cable
RFP_1295,LSZH 300V 4C 2.5 sqmm Cu PVC armoured cable as per IEC 60502-1,4C 2.5 sqmm PVC cable as per IEC 60502-1,4C 2.5 sqmm cable,2.5 sqmm cable
RFP_1296,500V 24C 6 sqmm Cu XLPE armoured cable as per IS 1554,24C 6 sqmm XLPE cable as per IS 1554,XLPE cable as per IS 1554,XLPE cable
RFP_1297,FR 220kV 1C 800 sqmm Al XLPE armoured cable as per IEC 62067,FR 1C Al cable as per IEC 62067,FR 1C cable,FR cable
RFP_1298,500V 2C 4 sqmm Cu PVC armoured cable as per IS 694,500V 2C 4 sqmm armoured cable,4 sqmm armoured cable,armoured cable
RFP_1299,ZH 440V 1C 35 sqmm Al XLPE armoured cable as per IS 694,ZH 35 sqmm XLPE armoured cable,ZH armoured cable,ZH cable
RFP_1300,LSZH 1.1kV 27C 1.5 sqmm Cu PVC armoured cable as per BS 5308,27C PVC armoured cable as per BS 5308,27C cable as per BS 5308,cable as per BS 5308
RFP_1301,FRLS 440V 16C 2.5 sqmm Cu XLPE armoured cable as per IS 1554,16C 2.5 sqmm Cu XLPE cable,16C 2.5 sqmm cable,2.5 sqmm cable
RFP_1302,FR 1.1kV 4C 50 sqmm Cu XLPE armoured cable as per IEC 60502-1,FR 4C 50 sqmm cable as per IEC 60502-1,FR 4C cable,FR cable
RFP_1303,FRLS 500V 2C 10 sqmm Cu PVC armoured cable as per IEC 60245,10 sqmm Cu armoured cable as per IEC 60245,Cu armoured cable,armoured cable
RFP_1304,FRLS 600V 3.5C 300 sqmm Cu PVC armoured cable as per IS 694,FRLS 3. 300 sqmm Cu PVC cable,FRLS 3. 300 sqmm cable,3. 300 sqmm cable
RFP_1305,440V 5C 1.5 sqmm Cu XLPE armoured cable as per IS 1554,440V 5C 1.5 sqmm armoured cable,5C armoured cable,5C cable
RFP_1306,FRLS 1.1kV 3C 4 sqmm Cu PVC armoured cable as per IEC 60502-1,FRLS 4 sqmm PVC cable as per IEC 60502-1,FRLS cable as per IEC 60502-1,cable as per IEC 60502-1
RFP_1307,1.1kV 2C 1.5 sqmm Cu XLPE armoured cable as per IEC 60502-1,1.5 sqmm Cu armoured cable as per IEC 60502-1,1.5 sqmm Cu cable,Cu cable
RFP_1308,FRLS 500V 5C 1.5 sqmm Cu XLPE armoured cable as per IS 1554,500V 5C XLPE armoured cable,500V 5C cable,500V cable
RFP_1309,Fire Survival 440V 3C 25 sqmm Cu Mineral (MI) armoured cable as per IEC 60331,440V 25 sqmm Cu Mineral (MI) armoured cable,Cu Mineral (MI) armoured cable,Cu Mineral (MI) cable
RFP_1310,LSZH 3.3kV 1C 400 sqmm Al XLPE armoured cable as per IEC 60502-1,3.3kV 1C XLPE armoured cable,3.3kV 1C cable,1C cable
RFP_1311,FR 1.1kV 5C 35 sqmm Cu XLPE armoured cable as per IEC 60502-1,1.1kV Cu XLPE cable as per IEC 60502-1,Cu XLPE cable,XLPE cable
RFP_1312,ZH 33kV 3C 120 sqmm Al XLPE armoured cable as per IEC 60502-2,ZH Al XLPE cable as per IEC 60502-2,Al XLPE cable,Al cable
RFP_1313,500V 5C 2.5 sqmm Cu XLPE armoured cable as per IS 1554,500V 2.5 sqmm XLPE cable as per IS 1554,500V XLPE cable,XLPE cable
RFP_1314,FRLS 440V 10C 1 sqmm Cu XLPE armoured cable as per IS 694,FRLS 1 sqmm XLPE armoured cable,FRLS 1 sqmm cable,FRLS cable
RFP_1315,FR 1.1kV 3C 1.5 sqmm Cu XLPE armoured cable as per BS 5308,FR 1.1kV Cu armoured cable,Cu armoured cable,Cu cable
RFP_1316,11kV 3C 400 sqmm Al EPR armoured cable as per IS 7098-1,400 sqmm Al EPR armoured cable,Al EPR cable,EPR cable
RFP_1317,1.1kV 10C 0.75 sqmm Cu XLPE armoured cable as per BS 5308-1,1.1kV Cu armoured cable as per BS 5308-1,1.1kV armoured cable,1.1kV cable
RFP_1318,LSZH 440V 14C 4 sqmm Cu XLPE armoured cable as per IS 1554,LSZH 440V 4 sqmm cable as per IS 1554,4 sqmm cable as per IS 1554,cable as per IS 1554
RFP_1319,ZH 440V 2C 35 sqmm Cu XLPE armoured cable as per IS 694,ZH 35 sqmm Cu cable as per IS 694,Cu cable as per IS 694,Cu cable
RFP_1320,LSZH 500V 3C 4 sqmm Cu PVC armoured cable as per IS 694,3C 4 sqmm Cu armoured cable,3C 4 sqmm cable,4 sqmm cable
RFP_1321,1.1kV 10C 4 sqmm Cu PVC armoured cable as per BS 5308,1.1kV 4 sqmm PVC cable as per BS 5308,1.1kV cable as per BS 5308,cable as per BS 5308
RFP_1322,1.1kV 10C 4 sqmm Cu PVC armoured cable as per BS 5308,1.1kV 4 sqmm Cu armoured cable,4 sqmm armoured cable,4 sqmm cable
RFP_1323,1.1kV 14C 6 sqmm Cu PVC armoured cable as per IEC 60502-1,6 sqmm Cu armoured cable as per IEC 60502-1,6 sqmm cable as per IEC 60502-1,cable as per IEC 60502-1
RFP_1324,FRLS 1.1kV 6C 0.75 sqmm Cu PVC armoured cable as per BS 5308-1,6C Cu armoured cable as per BS 5308-1,6C cable as per BS 5308-1,cable as per BS 5308-1
RFP_1325,LSZH 500V 2C 0.5 sqmm Cu PVC armoured cable as per IEC 60502-1,2C Cu PVC cable as per IEC 60502-1,Cu PVC cable,Cu cable
RFP_1326,ZH 33kV 1C 120 sqmm Al XLPE armoured cable as per IEC 60502-2,ZH 33kV XLPE armoured cable,XLPE armoured cable,armoured cable
RFP_1327,FRLS 440V 27C 1.5 sqmm Cu XLPE armoured cable as per IS 694,1.5 sqmm Cu XLPE armoured cable,1.5 sqmm Cu cable,Cu cable
RFP_1328,440V 2C 16 sqmm Cu XLPE armoured cable as per IEC 60245,2C XLPE armoured cable as per IEC 60245,XLPE armoured cable,XLPE cable
RFP_1329,Fire Survival 1.1kV 3C 50 sqmm Cu Mineral (MI) armoured cable as per BS 6387,Fire Survival 1.1kV 3C Mineral (MI) armoured cable,Fire Survival Mineral (MI) armoured cable,Mineral (MI) armoured cable
RFP_1330,LSZH 500V 6C 6 sqmm Cu PVC armoured cable as per IEC 60502-1,500V 6C PVC armoured cable,6C armoured cable,armoured cable
RFP_1331,FRLS 3.3kV 3C 300 sqmm Cu XLPE armoured cable as per IS 7098-1,FRLS 3C 300 sqmm XLPE cable,FRLS 300 sqmm cable,300 sqmm cable
RFP_1332,LSZH 6.6kV 3C 70 sqmm Al XLPE armoured cable as per IEC 60502-1,6.6kV 3C 70 sqmm armoured cable,6.6kV 70 sqmm cable,6.6kV cable
RFP_1333,FR 500V 20C 1.5 sqmm Cu XLPE armoured cable as per BS 5308-1,FR 500V Cu XLPE cable,FR 500V cable,500V cable
RFP_1334,Fire Survival 1.1kV 1C 2.5 sqmm Cu Mineral (MI) armoured cable as per BS 6387,1.1kV Cu Mineral (MI) armoured cable as per BS 6387,1.1kV Cu Mineral (MI) cable,1.1kV Mineral (MI) cable
RFP_1335,LSZH 440V 2C 4 sqmm Cu PVC armoured cable as per IS 1554,2C Cu armoured cable as per IS 1554,Cu cable as per IS 1554,cable as per IS 1554
RFP_1336,ZH 500V 3C 1.5 sqmm Cu PVC armoured cable as per IS 694,ZH 500V 3C Cu cable,ZH 3C cable,3C cable
RFP_1337,LSZH 500V 10C 1.5 sqmm Cu XLPE armoured cable as per IS 1554,500V 1.5 sqmm Cu armoured cable,500V armoured cable,500V cable
RFP_1338,LSZH 500V 12C 1.5 sqmm Cu XLPE armoured cable as per IEC 60502-1,LSZH 1.5 sqmm Cu XLPE cable,1.5 sqmm XLPE cable,XLPE cable
RFP_1339,FRLS 500V 30C 1 sqmm Cu PVC armoured cable as per IS 1554,500V 1 sqmm armoured cable as per IS 1554,armoured cable as per IS 1554,cable as per IS 1554
RFP_1340,Fire Survival 1.1kV 1C 16 sqmm Cu Mineral (MI) armoured cable as per BS 6387,Fire Survival 1.1kV Cu Mineral (MI) armoured cable,Fire Survival Mineral (MI) armoured cable,Fire Survival Mineral (MI) cable
RFP_1341,110kV 1C 500 sqmm Cu XLPE armoured cable as per IEC 60840,1C 500 sqmm Cu armoured cable,Cu armoured cable,armoured cable
RFP_1342,Fire Survival 1.1kV 4C 95 sqmm Cu XLPE armoured cable as per BS 6387,Fire Survival 4C 95 sqmm armoured cable,4C 95 sqmm cable,95 sqmm cable
RFP_1343,FRLS 1.1kV 2C 4 sqmm Cu XLPE armoured cable as per IEC 60502-1,FRLS 1.1kV Cu XLPE cable,1.1kV XLPE cable,XLPE cable
RFP_1344,400kV 1C 300 sqmm Cu XLPE armoured cable as per IEC 62067,400kV 300 sqmm XLPE cable as per IEC 62067,400kV 300 sqmm cable,300 sqmm cable
RFP_1345,ZH 500V 2C 300 sqmm Al XLPE armoured cable as per IS 1554,500V 2C XLPE cable as per IS 1554,2C cable as per IS 1554,2C cable
RFP_1346,LSZH 440V 24C 1.5 sqmm Cu PVC armoured cable as per IS 694,LSZH 24C 1.5 sqmm PVC cable,LSZH 1.5 sqmm cable,1.5 sqmm cable
RFP_1347,ZH 600V 2C 95 sqmm Cu PVC armoured cable as per IS 694,2C 95 sqmm Cu PVC cable,95 sqmm Cu cable,Cu cable
RFP_1348,FR 440V 16C 1 sqmm Cu PVC armoured cable as per IS 694,440V 1 sqmm PVC armoured cable,440V armoured cable,440V cable
RFP_1349,FR 300V 4C 1 sqmm Cu XLPE armoured cable as per IEC 60502-1,300V 1 sqmm XLPE armoured cable,300V 1 sqmm cable,1 sqmm cable
RFP_1350,FR 500V 20C 0.75 sqmm Cu XLPE armoured cable as per BS 5308-1,20C XLPE armoured cable as per BS 5308-1,20C XLPE cable,20C cable
RFP_1351,500V 10C 1 sqmm Cu XLPE armoured cable as per IEC 60502-1,500V 10C Cu armoured cable,10C Cu cable,10C cable
RFP_1352,Fire Survival 440V 4C 70 sqmm Cu XLPE armoured cable as per BS 6387,Fire Survival 4C armoured cable as per BS 6387,armoured cable as per BS 6387,armoured cable
RFP_1353,ZH 500V 4C 35 sqmm Al XLPE armoured cable as per IS 694,4C 35 sqmm Al armoured cable,35 sqmm armoured cable,armoured cable
RFP_1354,FRLS 500V 4C 0.75 sqmm Cu XLPE armoured cable as per IEC 60502-1,FRLS 4C 0.75 sqmm XLPE cable,4C 0.75 sqmm cable,0.75 sqmm cable
RFP_1355,440V 3.5C 800 sqmm Al PVC armoured cable as per IEC 60502-1,440V 3. 800 sqmm Al cable as per IEC 60502-1,440V 3. Al cable,440V 3. cable
RFP_1356,110kV 1C 400 sqmm Cu XLPE armoured cable as per IEC 60840,110kV 1C 400 sqmm Cu cable,110kV 1C cable,110kV cable
RFP_1357,1.1kV 1C 16 sqmm Cu PVC armoured cable as per IS 9968,1.1kV 1C armoured cable as per IS 9968,1C cable as per IS 9968,1C cable
RFP_1358,FR 300V 2C 0.5 sqmm Cu XLPE armoured cable as per BS 5308-1,Cu XLPE armoured cable as per BS 5308-1,Cu armoured cable,Cu cable
RFP_1359,ZH 440V 2C 1 sqmm Cu XLPE armoured cable as per IS 9968,ZH 2C XLPE cable as per IS 9968,ZH 2C cable,2C cable
RFP_1360,FRLS 440V 2C 6 sqmm Cu XLPE armoured cable as per IEC 60502-1,FRLS 440V 6 sqmm cable as per IEC 60502-1,440V cable as per IEC 60502-1,cable as per IEC 60502-1
RFP_1361,FRLS 300V 12C 0.5 sqmm Cu XLPE armoured cable as per IEC 60502-1,300V 12C XLPE cable as per IEC 60502-1,300V XLPE cable,300V cable
RFP_1362,FR 500V 16C 2.5 sqmm Cu XLPE armoured cable as per BS 5308-1,FR 2.5 sqmm Cu XLPE cable,FR Cu cable,FR cable
RFP_1363,ZH 11kV 3C 95 sqmm Cu EPR armoured cable as per IS 7098-1,11kV 3C 95 sqmm cable as per IS 7098-1,95 sqmm cable as per IS 7098-1,95 sqmm cable
RFP_1364,FR 440V 1C 95 sqmm Cu PVC armoured cable as per IEC 60502-1,95 sqmm PVC armoured cable as per IEC 60502-1,armoured cable as per IEC 60502-1,armoured cable
RFP_1365,FR 400kV 1C 240 sqmm Al XLPE armoured cable as per IEC 62067,FR 1C Al XLPE cable,1C XLPE cable,1C cable
RFP_1366,1.1kV 8C 0.75 sqmm Cu PVC armoured cable as per IEC 60502-1,1.1kV Cu armoured cable as per IEC 60502-1,1.1kV armoured cable,1.1kV cable
RFP_1367,FRLS 1.1kV 2C 1 sqmm Cu XLPE armoured cable as per IEC 60502-1,FRLS 1.1kV 2C cable as per IEC 60502-1,2C cable as per IEC 60502-1,cable as per IEC 60502-1
RFP_1368,LSZH 1.1kV 2C 2.5 sqmm Al EPR armoured cable as per IEC 60502-1,LSZH 1.1kV EPR cable as per IEC 60502-1,1.1kV EPR cable,1.1kV cable
RFP_1369,440V 2C 1.5 sqmm Cu XLPE armoured cable as per IS 694,2C 1.5 sqmm Cu cable as per IS 694,2C cable as per IS 694,2C cable
RFP_1370,FRLS 1.1kV 1C 1 sqmm Cu XLPE armoured cable as per BS 5308-1,FRLS 1.1kV 1 sqmm Cu cable,FRLS 1 sqmm cable,1 sqmm cable
RFP_1371,500V 4C 6 sqmm Cu PVC armoured cable as per IEC 60245,500V 4C Cu cable as per IEC 60245,Cu cable as per IEC 60245,cable as per IEC 60245
RFP_1372,FR 1.1kV 27C 4 sqmm Cu PVC armoured cable as per IEC 60502-1,1.1kV Cu armoured cable as per IEC 60502-1,Cu cable as per IEC 60502-1,cable as per IEC 60502-1
RFP_1373,FRLS 500V 3.5C 1.5 sqmm Cu XLPE armoured cable as per IS 694,FRLS 500V 3.5C 1.5 sqmm cable,FRLS 3.5C cable,3.5C cable
RFP_1374,FR 440V 10C 2.5 sqmm Cu PVC armoured cable as per IS 1554,FR 10C PVC armoured cable,FR armoured cable,armoured cable
RFP_1375,500V 1C 2.5 sqmm Cu XLPE armoured cable as per IEC 60502-1,500V Cu armoured cable as per IEC 60502-1,500V armoured cable,500V cable
RFP_1376,500V 3C 400 sqmm Al XLPE armoured cable as per IS 1554,500V 3C Al armoured cable,3C armoured cable,3C cable
RFP_1377,1.1kV 16C 6 sqmm Cu XLPE armoured cable as per BS 5308,1.1kV 16C Cu cable as per BS 5308,1.1kV cable as per BS 5308,cable as per BS 5308
RFP_1378,LSZH 440V 3.5C 800 sqmm Cu PVC armoured cable as per IS 694,LSZH 440V 3. 800 sqmm armoured cable,440V 3. 800 sqmm cable,440V 3. cable
RFP_1379,FRLS 440V 2C 4 sqmm Cu PVC armoured cable as per IS 1554,440V 2C armoured cable as per IS 1554,armoured cable as per IS 1554,armoured cable
RFP_1380,1.1kV 16C 0.5 sqmm Cu XLPE armoured cable as per IEC 60502-1,1.1kV 0.5 sqmm XLPE armoured cable,1.1kV XLPE cable,1.1kV cable
RFP_1381,FRLS 220kV 1C 630 sqmm Cu XLPE armoured cable as per IEC 62067,FRLS Cu armoured cable as per IEC 62067,Cu cable as per IEC 62067,Cu cable
RFP_1382,1.1kV 16C 2.5 sqmm Cu PVC armoured cable as per BS 5308-1,1.1kV Cu armoured cable as per BS 5308-1,Cu cable as per BS 5308-1,cable as per BS 5308-1
RFP_1383,LSZH 440V 14C 4 sqmm Cu PVC armoured cable as per IS 694,440V 14C Cu PVC cable,440V Cu cable,440V cable
RFP_1384,440V 2C 35 sqmm Al PVC armoured cable as per IS 1554,440V 2C 35 sqmm Al cable,440V 2C cable,2C cable
RFP_1385,LSZH 500V 3C 1 sqmm Cu PVC armoured cable as per IEC 60502-1,LSZH 1 sqmm PVC armoured cable,1 sqmm armoured cable,1 sqmm cable
RFP_1386,FR 440V 8C 1 sqmm Cu PVC armoured cable as per IS 1554,440V 1 sqmm Cu PVC cable,440V 1 sqmm cable,440V cable
RFP_1387,ZH 1.1kV 5C 6 sqmm Cu XLPE armoured cable as per IS 9968,5C 6 sqmm Cu cable as per IS 9968,5C 6 sqmm cable,5C cable
RFP_1388,Fire Survival 440V 4C 50 sqmm Cu Mineral (MI) armoured cable as per IEC 60331,Fire Survival 440V 50 sqmm Mineral (MI) cable as per IEC 60331,Fire Survival 440V Mineral (MI) cable,440V Mineral (MI) cable
RFP_1389,Fire Survival 440V 3C 50 sqmm Cu Mineral (MI) armoured cable as per BS 6387,Fire Survival 3C Cu Mineral (MI) cable as per BS 6387,3C Mineral (MI) cable as per BS 6387,Mineral (MI) cable as per BS 6387
RFP_1390,FR 500V 16C 4 sqmm Cu XLPE armoured cable as per IEC 60502-1,16C 4 sqmm Cu cable as per IEC 60502-1,16C cable as per IEC 60502-1,16C cable
RFP_1391,ZH 110kV 1C 500 sqmm Al XLPE armoured cable as per IEC 60840,110kV 1C 500 sqmm cable as per IEC 60840,110kV cable as per IEC 60840,cable as per IEC 60840
RFP_1392,Fire Survival 440V 3C 1.5 sqmm Cu Mineral (MI) armoured cable as per BS 6387,440V 3C Mineral (MI) armoured cable as per BS 6387,440V Mineral (MI) armoured cable,Mineral (MI) armoured cable
RFP_1393,FR 500V 6C 4 sqmm Cu PVC armoured cable as per IS 1554,500V 4 sqmm Cu PVC cable,500V Cu cable,500V cable
RFP_1394,LSZH 500V 24C 0.5 sqmm Cu XLPE armoured cable as per BS 5308-1,LSZH 500V 24C XLPE cable,LSZH XLPE cable,XLPE cable
RFP_1395,Fire Survival 440V 3C 35 sqmm Cu Mineral (MI) armoured cable as per BS 6387,Fire Survival 440V 3C Mineral (MI) cable as per BS 6387,3C Mineral (MI) cable as per BS 6387,Mineral (MI) cable as per BS 6387
RFP_1396,ZH 6.6kV 1C 400 sqmm Al XLPE armoured cable as per IEC 60502-1,ZH Al XLPE armoured cable,Al armoured cable,Al cable
RFP_1397,440V 4C 4 sqmm Cu PVC armoured cable as per IS 1554,440V Cu armoured cable as per IS 1554,Cu armoured cable,Cu cable
RFP_1398,FR 500V 6C 1 sqmm Cu PVC armoured cable as per IS 1554,FR 6C 1 sqmm armoured cable,FR 6C cable,6C cable
RFP_1399,LSZH 1.1kV 12C 1.5 sqmm Cu XLPE armoured cable as per IEC 60502-1,1.5 sqmm Cu XLPE armoured cable,Cu armoured cable,Cu cable
RFP_1400,LSZH 1.1kV 30C 1 sqmm Cu XLPE armoured cable as per IEC 60502-1,LSZH 1 sqmm Cu XLPE cable,LSZH XLPE cable,XLPE cable
RFP_1401,FRLS 500V 8C 0.75 sqmm Cu PVC armoured cable as per IEC 60502-1,FRLS 500V 8C PVC cable,500V PVC cable,500V cable
RFP_1402,FRLS 440V 14C 2.5 sqmm Cu PVC armoured cable as per IS 1554,FRLS 440V 2.5 sqmm Cu cable,440V Cu cable,Cu cable
RFP_1403,440V 4C 1 sqmm Cu PVC armoured cable as per IS 9968,1 sqmm Cu PVC armoured cable,1 sqmm armoured cable,armoured cable
RFP_1404,500V 12C 2.5 sqmm Cu PVC armoured cable as per BS 5308-1,500V 12C 2.5 sqmm cable as per BS 5308-1,2.5 sqmm cable as per BS 5308-1,2.5 sqmm cable
RFP_1405,FRLS 1.1kV 8C 2.5 sqmm Cu PVC armoured cable as per IS 1554,FRLS 1.1kV 2.5 sqmm PVC cable,FRLS 1.1kV cable,FRLS cable
RFP_1406,300V 10C 1.5 sqmm Cu XLPE armoured cable as per IEC 60502-1,300V Cu XLPE cable as per IEC 60502-1,300V Cu cable,300V cable
RFP_1407,FR 500V 4C 35 sqmm Cu PVC armoured cable as per IEC 60502-1,FR 35 sqmm PVC armoured cable,FR armoured cable,armoured cable
RFP_1408,500V 2C 6 sqmm Cu XLPE armoured cable as per IEC 60502-1,500V 6 sqmm armoured cable as per IEC 60502-1,500V armoured cable,500V cable
RFP_1409,FR 300V 20C 1 sqmm Cu PVC armoured cable as per IEC 60502-1,1 sqmm PVC armoured cable as per IEC 60502-1,1 sqmm armoured cable,armoured cable
RFP_1410,FRLS 1.1kV 4C 16 sqmm Cu PVC armoured cable as per IEC 60502-1,FRLS 4C 16 sqmm Cu cable,FRLS 4C cable,FRLS cable
RFP_1411,ZH 400kV 1C 630 sqmm Al XLPE armoured cable as per IEC 62067,ZH 400kV 630 sqmm XLPE cable,400kV XLPE cable,XLPE cable
RFP_1412,440V 3C 2.5 sqmm Cu XLPE armoured cable as per IS 694,3C 2.5 sqmm Cu armoured cable,3C Cu cable,3C cable
RFP_1413,FR 500V 4C 800 sqmm Al PVC armoured cable as per IEC 60502-1,FR PVC armoured cable as per IEC 60502-1,FR PVC cable,PVC cable
RFP_1414,LSZH 440V 2C 4 sqmm Cu PVC armoured cable as per IS 694,440V 2C 4 sqmm cable as per IS 694,440V cable as per IS 694,440V cable
RFP_1415,FRLS 500V 4C 0.5 sqmm Cu XLPE armoured cable as per IEC 60502-1,FRLS 500V 0.5 sqmm cable as per IEC 60502-1,0.5 sqmm cable as per IEC 60502-1,cable as per IEC 60502-1
RFP_1416,LSZH 33kV 3C 400 sqmm Al XLPE armoured cable as per IS 7098-2,LSZH 33kV 400 sqmm XLPE cable,LSZH 33kV cable,LSZH cable
RFP_1417,500V 10C 2.5 sqmm Cu XLPE armoured cable as per IS 1554,2.5 sqmm Cu XLPE cable as per IS 1554,2.5 sqmm cable as per IS 1554,2.5 sqmm cable
RFP_1418,1.1kV 8C 2.5 sqmm Cu XLPE armoured cable as per IEC 60502-1,1.1kV Cu XLPE cable as per IEC 60502-1,1.1kV Cu cable,Cu cable
RFP_1419,FR 500V 7C 6 sqmm Cu PVC armoured cable as per IEC 60502-1,FR 7C armoured cable as per IEC 60502-1,armoured cable as per IEC 60502-1,armoured cable
RFP_1420,FRLS 33kV 3C 185 sqmm Al XLPE armoured cable as per IEC 60502-2,FRLS 33kV 3C cable as per IEC 60502-2,FRLS 33kV cable,33kV cable
RFP_1421,FR 440V 3C 1 sqmm Cu PVC armoured cable as per IS 1554,FR 440V PVC armoured cable,FR PVC cable,PVC cable
RFP_1422,LSZH 1.1kV 6C 1.5 sqmm Cu PVC armoured cable as per IS 1554,LSZH 1.5 sqmm PVC armoured cable,LSZH 1.5 sqmm cable,LSZH cable
RFP_1423,FRLS 400kV 1C 1000 sqmm Cu XLPE armoured cable as per IEC 62067,FRLS 1C Cu armoured cable,FRLS Cu cable,FRLS cable
RFP_1424,Fire Survival 1.1kV 2C 120 sqmm Cu XLPE armoured cable as per BS 6387,120 sqmm Cu XLPE cable as per BS 6387,120 sqmm Cu cable,Cu cable
RFP_1425,FRLS 500V 3C 2.5 sqmm Cu PVC armoured cable as per IEC 60245,FRLS 500V 3C PVC cable,FRLS 3C cable,FRLS cable
RFP_1426,500V 8C 2.5 sqmm Cu PVC armoured cable as per BS 5308-1,500V 8C armoured cable as per BS 5308-1,8C armoured cable,armoured cable
RFP_1427,ZH 500V 1C 10 sqmm Cu PVC armoured cable as per IEC 60245,ZH 1C PVC cable as per IEC 60245,1C cable as per IEC 60245,1C cable
RFP_1428,FR 300V 6C 1 sqmm Cu XLPE armoured cable as per IEC 60502-1,300V 1 sqmm Cu armoured cable,300V armoured cable,300V cable
RFP_1429,LSZH 300V 1C 2.5 sqmm Cu PVC armoured cable as per IEC 60502-1,LSZH 2.5 sqmm armoured cable as per IEC 60502-1,2.5 sqmm armoured cable,armoured cable
RFP_1430,FRLS 1.1kV 2C 10 sqmm Cu XLPE armoured cable as per IEC 60502-1,FRLS 2C 10 sqmm armoured cable,2C 10 sqmm cable,2C cable
RFP_1431,FR 1.1kV 5C 1.5 sqmm Cu XLPE armoured cable as per IEC 60502-1,FR 1.1kV Cu XLPE cable,1.1kV Cu cable,Cu cable
RFP_1432,Fire Survival 440V 2C 4 sqmm Cu Mineral (MI) armoured cable as per BS 6387,Fire Survival 440V Mineral (MI) armoured cable as per BS 6387,440V Mineral (MI) armoured cable,440V Mineral (MI) cable
RFP_1433,FRLS 500V 1C 16 sqmm Cu XLPE armoured cable as per IS 694,500V Cu XLPE armoured cable,500V Cu cable,500V cable
RFP_1434,ZH 1.1kV 1C 1 sqmm Cu PVC armoured cable as per IEC 60502-1,1 sqmm Cu PVC cable as per IEC 60502-1,1 sqmm PVC cable,1 sqmm cable
RFP_1435,ZH 132kV 1C 400 sqmm Al XLPE armoured cable as per IEC 60840,132kV 1C 400 sqmm armoured cable,132kV 400 sqmm cable,132kV cable
RFP_1436,FRLS 400kV 1C 185 sqmm Cu XLPE armoured cable as per IEC 62067,FRLS 185 sqmm Cu cable as per IEC 62067,FRLS cable as per IEC 62067,cable as per IEC 62067
RFP_1437,Fire Survival 440V 1C 16 sqmm Cu XLPE armoured cable as per IEC 60331,Fire Survival 440V 1C 16 sqmm cable,1C 16 sqmm cable,1C cable
RFP_1438,FR 110kV 1C 240 sqmm Al XLPE armoured cable as per IEC 60840,110kV 1C XLPE armoured cable,110kV armoured cable,110kV cable
RFP_1439,ZH 11kV 1C 400 sqmm Cu EPR armoured cable as per IEC 60502-1,1C 400 sqmm Cu EPR cable,1C 400 sqmm cable,400 sqmm cable
RFP_1440,ZH 33kV 1C 300 sqmm Al XLPE armoured cable as per IS 7098-2,33kV 1C 300 sqmm Al cable,33kV Al cable,33kV cable
RFP_1441,Fire Survival 440V 3C 1.5 sqmm Cu Mineral (MI) armoured cable as per BS 6387,440V Cu Mineral (MI) armoured cable as per BS 6387,440V Mineral (MI) armoured cable,440V Mineral (MI) cable
RFP_1442,LSZH 66kV 1C 240 sqmm Cu XLPE armoured cable as per IEC 60840,1C XLPE armoured cable as per IEC 60840,1C armoured cable,1C cable
RFP_1443,500V 1C 10 sqmm Al XLPE armoured cable as per IEC 60502-1,500V 1C 10 sqmm XLPE cable,10 sqmm XLPE cable,10 sqmm cable
RFP_1444,FRLS 500V 4C 150 sqmm Al XLPE armoured cable as per IS 1554,FRLS XLPE armoured cable as per IS 1554,FRLS XLPE cable,FRLS cable
RFP_1445,FR 500V 4C 1 sqmm Cu XLPE armoured cable as per BS 5308-1,FR Cu XLPE armoured cable,XLPE armoured cable,armoured cable
RFP_1446,ZH 500V 1C 1.5 sqmm Cu PVC armoured cable as per IEC 60245,1C PVC armoured cable as per IEC 60245,1C PVC cable,1C cable
RFP_1447,LSZH 440V 4C 6 sqmm Cu PVC armoured cable as per IS 1554,LSZH 6 sqmm PVC armoured cable,LSZH PVC cable,PVC cable
RFP_1448,Fire Survival 1.1kV 2C 25 sqmm Cu Mineral (MI) armoured cable as per IS 17048,1.1kV 2C Cu Mineral (MI) cable as per IS 17048,Cu Mineral (MI) cable as per IS 17048,Cu Mineral (MI) cable
RFP_1449,ZH 500V 2C 25 sqmm Cu PVC armoured cable as per IS 694,ZH 500V armoured cable as per IS 694,500V armoured cable,armoured cable
RFP_1450,FR 440V 19C 2.5 sqmm Cu PVC armoured cable as per IS 1554,440V 19C Cu PVC cable,440V Cu cable,Cu cable
RFP_1451,Fire Survival 440V 1C 2.5 sqmm Cu Mineral (MI) armoured cable as per BS 6387,Fire Survival 1C 2.5 sqmm Cu Mineral (MI) cable,Fire Survival 2.5 sqmm Mineral (MI) cable,Fire Survival Mineral (MI) cable
RFP_1452,FRLS 1.1kV 27C 1 sqmm Cu PVC armoured cable as per IEC 60502-1,1 sqmm Cu armoured cable as per IEC 60502-1,1 sqmm Cu cable,Cu cable
RFP_1453,ZH 1.1kV 1C 16 sqmm Cu PVC armoured cable as per IS 9968,1.1kV 1C 16 sqmm cable as per IS 9968,1.1kV 1C cable,1C cable
RFP_1454,ZH 11kV 3C 300 sqmm Cu EPR armoured cable as per IS 7098-1,ZH EPR armoured cable as per IS 7098-1,ZH armoured cable,armoured cable
RFP_1455,ZH 440V 5C 35 sqmm Cu XLPE armoured cable as per IS 9968,440V 5C 35 sqmm Cu cable,440V 35 sqmm cable,35 sqmm cable
RFP_1456,FRLS 500V 6C 1.5 sqmm Cu XLPE armoured cable as per IEC 60502-1,500V 6C 1.5 sqmm cable as per IEC 60502-1,500V 1.5 sqmm cable,1.5 sqmm cable
RFP_1457,600V 1C 16 sqmm Cu PVC armoured cable as per IEC 60502-1,600V 1C 16 sqmm Cu cable,16 sqmm Cu cable,16 sqmm cable
RFP_1458,440V 4C 0.75 sqmm Cu XLPE armoured cable as per IEC 60245,4C 0.75 sqmm Cu cable as per IEC 60245,4C Cu cable,4C cable
RFP_1459,FR 33kV 1C 400 sqmm Al XLPE armoured cable as per IEC 60502-2,33kV 1C Al XLPE cable,33kV XLPE cable,XLPE cable
RFP_1460,LSZH 1.1kV 1C 6 sqmm Cu XLPE armoured cable as per IEC 60502-1,1.1kV 6 sqmm Cu cable as per IEC 60502-1,Cu cable as per IEC 60502-1,Cu cable
RFP_1461,FR 500V 4C 1.5 sqmm Cu XLPE armoured cable as per BS 5308-1,4C Cu XLPE armoured cable,4C XLPE cable,4C cable
RFP_1462,LSZH 500V 10C 1 sqmm Cu XLPE armoured cable as per IS 1554,1 sqmm XLPE armoured cable as per IS 1554,1 sqmm cable as per IS 1554,cable as per IS 1554
RFP_1463,LSZH 440V 5C 16 sqmm Cu PVC armoured cable as per IS 694,16 sqmm PVC armoured cable as per IS 694,PVC armoured cable,armoured cable
RFP_1464,FR 1.1kV 2C 0.75 sqmm Cu PVC armoured cable as per IEC 60502-1,FR 1.1kV 0.75 sqmm PVC cable,FR 0.75 sqmm cable,0.75 sqmm cable
RFP_1465,1.1kV 4C 0.5 sqmm Cu XLPE armoured cable as per IEC 60502-1,1.1kV 0.5 sqmm Cu XLPE cable,0.5 sqmm Cu cable,0.5 sqmm cable
RFP_1466,FR 300V 2C 1 sqmm Cu XLPE armoured cable as per IEC 60502-1,FR 300V Cu XLPE cable,FR 300V cable,300V cable
RFP_1467,300V 8C 1.5 sqmm Cu PVC armoured cable as per IEC 60502-1,8C 1.5 sqmm PVC armoured cable,8C PVC cable,8C cable
RFP_1468,LSZH 6.6kV 1C 70 sqmm Cu EPR armoured cable as per IS 7098-1,LSZH 1C 70 sqmm EPR cable,LSZH EPR cable,EPR cable
RFP_1469,FRLS 300V 10C 1 sqmm Cu XLPE armoured cable as per IEC 60502-1,Cu XLPE armoured cable as per IEC 60502-1,Cu armoured cable,armoured cable
RFP_1470,FR 440V 30C 2.5 sqmm Cu PVC armoured cable as per IS 1554,FR 30C Cu PVC cable,FR 30C cable,30C cable
RFP_1471,FRLS 1.1kV 3C 4 sqmm Cu PVC armoured cable as per IEC 60502-1,FRLS 4 sqmm PVC cable as per IEC 60502-1,PVC cable as per IEC 60502-1,cable as per IEC 60502-1
RFP_1472,440V 8C 6 sqmm Cu PVC armoured cable as per IS 1554,440V 8C PVC armoured cable,PVC armoured cable,PVC cable
RFP_1473,ZH 110kV 1C 500 sqmm Cu XLPE armoured cable as per IEC 60840,110kV 500 sqmm Cu XLPE cable,110kV 500 sqmm cable,110kV cable
RFP_1474,FR 500V 2C 2.5 sqmm Cu PVC armoured cable as per IEC 60502-1,FR 500V PVC cable as per IEC 60502-1,FR 500V cable,FR cable
RFP_1475,Fire Survival 440V 2C 25 sqmm Cu XLPE armoured cable as per IEC 60331,440V 2C 25 sqmm Cu cable,440V Cu cable,Cu cable
RFP_1476,FRLS 300V 8C 0.75 sqmm Cu XLPE armoured cable as per IEC 60502-1,300V 8C Cu armoured cable,Cu armoured cable,armoured cable
RFP_1477,FR 11kV 3C 50 sqmm Cu XLPE armoured cable as per IEC 60502-1,FR 3C Cu cable as per IEC 60502-1,Cu cable as per IEC 60502-1,Cu cable
RFP_1478,LSZH 1.1kV 6C 1 sqmm Cu PVC armoured cable as per BS 5308,6C Cu PVC cable as per BS 5308,6C Cu cable,Cu cable
RFP_1479,LSZH 440V 5C 35 sqmm Cu PVC armoured cable as per IS 694,440V 35 sqmm armoured cable as per IS 694,35 sqmm armoured cable,armoured cable
RFP_1480,Fire Survival 1.1kV 1C 4 sqmm Cu XLPE armoured cable as per IS 17048,1.1kV 1C XLPE armoured cable,1.1kV 1C cable,1.1kV cable
RFP_1481,22kV 1C 300 sqmm Cu XLPE armoured cable as per IS 7098-2,300 sqmm XLPE armoured cable as per IS 7098-2,300 sqmm XLPE cable,XLPE cable
RFP_1482,ZH 132kV 1C 240 sqmm Cu XLPE armoured cable as per IEC 60840,ZH 1C 240 sqmm Cu cable,1C Cu cable,1C cable
RFP_1483,FRLS 300V 10C 2.5 sqmm Cu PVC armoured cable as per IEC 60502-1,300V 10C 2.5 sqmm PVC cable,300V 10C cable,300V cable
RFP_1484,LSZH 1.1kV 1C 2.5 sqmm Cu PVC armoured cable as per BS 5308-1,LSZH 1C PVC cable as per BS 5308-1,PVC cable as per BS 5308-1,PVC cable
RFP_1485,LSZH 1.1kV 8C 2.5 sqmm Cu PVC armoured cable as per IEC 60502-1,LSZH 1.1kV Cu PVC cable,Cu PVC cable,Cu cable
RFP_1486,ZH 220kV 1C 185 sqmm Cu XLPE armoured cable as per IEC 62067,ZH 1C Cu cable as per IEC 62067,ZH Cu cable,ZH cable
RFP_1487,1.1kV 8C 0.5 sqmm Cu XLPE armoured cable as per IS 1554,8C 0.5 sqmm Cu armoured cable,8C Cu cable,8C cable
RFP_1488,FRLS 11kV 1C 95 sqmm Cu EPR armoured cable as per IS 7098-1,FRLS 11kV 95 sqmm EPR cable,FRLS 11kV cable,FRLS cable
RFP_1489,FR 1.1kV 16C 1.5 sqmm Cu XLPE armoured cable as per IEC 60502-1,FR 1.1kV 16C Cu cable,1.1kV Cu cable,1.1kV cable
RFP_1490,FRLS 1.1kV 12C 0.5 sqmm Cu XLPE armoured cable as per BS 5308-1,1.1kV 0.5 sqmm Cu armoured cable,1.1kV 0.5 sqmm cable,1.1kV cable
RFP_1491,Fire Survival 1.1kV 2C 70 sqmm Cu XLPE armoured cable as per IS 17048,2C XLPE armoured cable as per IS 17048,2C cable as per IS 17048,2C cable
RFP_1492,FRLS 220kV 1C 240 sqmm Cu XLPE armoured cable as per IEC 62067,220kV 240 sqmm Cu XLPE cable,240 sqmm Cu cable,Cu cable
RFP_1493,LSZH 300V 8C 0.5 sqmm Cu XLPE armoured cable as per IEC 60502-1,LSZH 8C 0.5 sqmm XLPE cable,LSZH XLPE cable,LSZH cable
RFP_1494,ZH 440V 1C 16 sqmm Cu PVC armoured cable as per IS 9968,440V PVC armoured cable as per IS 9968,PVC armoured cable,PVC cable
RFP_1495,LSZH 500V 2C 10 sqmm Cu PVC armoured cable as per IS 694,2C 10 sqmm PVC armoured cable,2C 10 sqmm cable,10 sqmm cable
RFP_1496,500V 5C 4 sqmm Cu PVC armoured cable as per IS 694,5C Cu PVC armoured cable,5C PVC cable,5C cable
RFP_1497,Fire Survival 440V 4C 70 sqmm Cu Mineral (MI) armoured cable as per IEC 60331,440V 4C 70 sqmm Mineral (MI) armoured cable,4C Mineral (MI) armoured cable,4C Mineral (MI) cable
RFP_1498,FRLS 400kV 1C 800 sqmm Cu XLPE armoured cable as per IEC 62067,400kV 1C XLPE armoured cable,400kV armoured cable,400kV cable
RFP_1499,FRLS 300V 4C 1 sqmm Cu PVC armoured cable as per BS 5308-1,FRLS 300V 4C PVC cable,300V 4C cable,300V cable
RFP_1500,FR 3.3kV 1C 120 sqmm Al XLPE armoured cable as per IEC 60502-1,FR 1C XLPE cable as per IEC 60502-1,FR XLPE cable,FR cable
RFP_1501,FR 33kV 1C 150 sqmm Cu XLPE armoured cable as per IS 7098-2,FR 150 sqmm armoured cable as per IS 7098-2,FR cable as per IS 7098-2,FR cable
RFP_1502,500V 7C 2.5 sqmm Cu PVC armoured cable as per IEC 60502-1,500V Cu PVC cable as per IEC 60502-1,500V Cu cable,500V cable
RFP_1503,440V 7C 1.5 sqmm Cu XLPE armoured cable as per IS 694,1.5 sqmm XLPE armoured cable as per IS 694,1.5 sqmm armoured cable,1.5 sqmm cable
RFP_1504,FRLS 500V 8C 0.75 sqmm Cu XLPE armoured cable as per BS 5308-1,FRLS 8C 0.75 sqmm Cu cable,8C Cu cable,Cu cable
RFP_1505,LSZH 1.1kV 20C 1 sqmm Cu PVC armoured cable as per BS 5308-1,20C Cu armoured cable as per BS 5308-1,20C Cu cable,20C cable
RFP_1506,FRLS 500V 3C 1.5 sqmm Cu XLPE armoured cable as per IEC 60502-1,3C 1.5 sqmm Cu cable as per IEC 60502-1,3C 1.5 sqmm cable,1.5 sqmm cable
RFP_1507,FRLS 1.1kV 3C 4 sqmm Cu XLPE armoured cable as per IS 1554,3C 4 sqmm XLPE armoured cable,3C armoured cable,3C cable
RFP_1508,Fire Survival 1.1kV 2C 10 sqmm Cu XLPE armoured cable as per BS 6387,1.1kV 2C XLPE armoured cable,1.1kV 2C cable,2C cable
RFP_1509,FR 440V 3C 25 sqmm Cu PVC armoured cable as per IS 9968,FR 440V 25 sqmm armoured cable,FR 25 sqmm cable,25 sqmm cable
RFP_1510,LSZH 500V 4C 1 sqmm Cu XLPE armoured cable as per BS 5308-1,LSZH 4C Cu XLPE cable,4C XLPE cable,4C cable
RFP_1511,FR 110kV 1C 1000 sqmm Cu XLPE armoured cable as per IEC 60840,110kV 1C Cu cable as per IEC 60840,1C Cu cable,1C cable
RFP_1512,FR 440V 8C 2.5 sqmm Cu XLPE armoured cable as per IS 694,440V 2.5 sqmm XLPE cable as per IS 694,XLPE cable as per IS 694,XLPE cable
RFP_1513,ZH 1.1kV 4C 1.5 sqmm Cu XLPE armoured cable as per IEC 60502-1,ZH 1.1kV armoured cable as per IEC 60502-1,armoured cable as per IEC 60502-1,armoured cable
RFP_1514,FR 300V 4C 0.5 sqmm Cu XLPE armoured cable as per IEC 60502-1,FR 300V XLPE cable as per IEC 60502-1,FR cable as per IEC 60502-1,FR cable
RFP_1515,FR 110kV 1C 185 sqmm Al XLPE armoured cable as per IEC 60840,FR 1C XLPE armoured cable,FR XLPE cable,FR cable
RFP_1516,500V 2C 0.75 sqmm Cu XLPE armoured cable as per IEC 60502-1,500V 2C XLPE cable as per IEC 60502-1,500V XLPE cable,500V cable
RFP_1517,FR 440V 4C 50 sqmm Cu PVC armoured cable as per IEC 60245,440V 4C PVC cable as per IEC 60245,440V 4C cable,4C cable
RFP_1518,FR 1.1kV 16C 0.75 sqmm Cu XLPE armoured cable as per IEC 60502-1,16C 0.75 sqmm armoured cable as per IEC 60502-1,16C cable as per IEC 60502-1,cable as per IEC 60502-1
RFP_1519,FR 1.1kV 2C 2.5 sqmm Cu XLPE armoured cable as per IEC 60502-1,FR 2.5 sqmm armoured cable as per IEC 60502-1,FR cable as per IEC 60502-1,cable as per IEC 60502-1
RFP_1520,1.1kV 4C 6 sqmm Cu XLPE armoured cable as per IS 1554,1.1kV 6 sqmm Cu cable as per IS 1554,6 sqmm cable as per IS 1554,cable as per IS 1554
RFP_1521,ZH 22kV 3C 70 sqmm Al XLPE armoured cable as per IS 7098-2,ZH 3C 70 sqmm Al cable,ZH 3C cable,ZH cable
RFP_1522,300V 8C 2.5 sqmm Cu PVC armoured cable as per BS 5308-1,8C PVC armoured cable as per BS 5308-1,8C PVC cable,PVC cable
RFP_1523,FRLS 1.1kV 4C 16 sqmm Cu EPR armoured cable as per IS 1554,1.1kV 16 sqmm EPR cable as per IS 1554,1.1kV 16 sqmm cable,16 sqmm cable
RFP_1524,Fire Survival 1.1kV 3C 120 sqmm Cu Mineral (MI) armoured cable as per IEC 60331,Fire Survival 3C Cu Mineral (MI) cable as per IEC 60331,Fire Survival Mineral (MI) cable as per IEC 60331,Mineral (MI) cable as per IEC 60331
RFP_1525,11kV 1C 70 sqmm Cu XLPE armoured cable as per IEC 60502-1,11kV 1C XLPE cable as per IEC 60502-1,11kV XLPE cable,11kV cable
RFP_1526,FRLS 1.1kV 10C 2.5 sqmm Cu PVC armoured cable as per IEC 60502-1,1.1kV 2.5 sqmm armoured cable as per IEC 60502-1,2.5 sqmm cable as per IEC 60502-1,2.5 sqmm cable
RFP_1527,110kV 1C 400 sqmm Al XLPE armoured cable as per IEC 60840,110kV Al XLPE cable as per IEC 60840,Al cable as per IEC 60840,Al cable
RFP_1528,FRLS 22kV 1C 150 sqmm Al XLPE armoured cable as per IEC 60502-2,1C 150 sqmm Al armoured cable,Al armoured cable,armoured cable
RFP_1529,ZH 500V 1C 50 sqmm Al PVC armoured cable as per IS 1554,500V 50 sqmm PVC cable as per IS 1554,500V 50 sqmm cable,50 sqmm cable
RFP_1530,FRLS 1.1kV 24C 1 sqmm Cu PVC armoured cable as per IEC 60502-1,24C 1 sqmm Cu armoured cable,24C Cu cable,24C cable
RFP_1531,66kV 1C 240 sqmm Cu XLPE armoured cable as per IEC 60840,1C 240 sqmm armoured cable as per IEC 60840,armoured cable as per IEC 60840,armoured cable
RFP_1532,440V 14C 6 sqmm Cu XLPE armoured cable as per IS 694,440V Cu XLPE armoured cable,Cu armoured cable,armoured cable
RFP_1533,FR 1.1kV 30C 4 sqmm Cu PVC armoured cable as per IEC 60502-1,FR 4 sqmm armoured cable as per IEC 60502-1,4 sqmm cable as per IEC 60502-1,cable as per IEC 60502-1
RFP_1534,1.1kV 12C 6 sqmm Cu XLPE armoured cable as per IEC 60502-1,1.1kV 12C 6 sqmm cable as per IEC 60502-1,1.1kV 6 sqmm cable,6 sqmm cable
RFP_1535,440V 14C 1 sqmm Cu XLPE armoured cable as per IS 1554,14C XLPE armoured cable as per IS 1554,14C armoured cable,armoured cable
RFP_1536,FRLS 600V 1C 630 sqmm Cu XLPE armoured cable as per IS 694,1C 630 sqmm XLPE cable as per IS 694,XLPE cable as per IS 694,XLPE cable
RFP_1537,500V 2C 1 sqmm Cu XLPE armoured cable as per IS 1554,2C Cu XLPE cable as per IS 1554,2C Cu cable,Cu cable
RFP_1538,LSZH 500V 16C 2.5 sqmm Cu PVC armoured cable as per BS 5308-1,LSZH 16C 2.5 sqmm Cu cable,LSZH 2.5 sqmm cable,2.5 sqmm cable
RFP_1539,Fire Survival 440V 4C 1.5 sqmm Cu XLPE armoured cable as per IEC 60331,440V 4C Cu cable as per IEC 60331,440V 4C cable,4C cable
RFP_1540,500V 4C 6 sqmm Cu XLPE armoured cable as per IEC 60502-1,4C Cu XLPE armoured cable,4C armoured cable,armoured cable
RFP_1541,LSZH 440V 5C 2.5 sqmm Cu XLPE armoured cable as per IS 1554,LSZH 2.5 sqmm Cu cable as per IS 1554,2.5 sqmm Cu cable,Cu cable
RFP_1542,FRLS 600V 3C 185 sqmm Cu PVC armoured cable as per IEC 60502-1,600V 185 sqmm Cu armoured cable,185 sqmm armoured cable,armoured cable
RFP_1543,LSZH 500V 6C 1.5 sqmm Cu XLPE armoured cable as per IEC 60502-1,LSZH 6C XLPE cable as per IEC 60502-1,LSZH 6C cable,LSZH cable
RFP_1544,FR 500V 24C 2.5 sqmm Cu XLPE armoured cable as per BS 5308-1,FR 500V armoured cable as per BS 5308-1,FR armoured cable,FR cable
RFP_1545,FR 500V 12C 1 sqmm Cu XLPE armoured cable as per IEC 60502-1,FR 500V 1 sqmm armoured cable,FR armoured cable,FR cable
RFP_1546,LSZH 440V 16C 6 sqmm Cu XLPE armoured cable as per IS 1554,440V 6 sqmm XLPE cable as per IS 1554,6 sqmm cable as per IS 1554,6 sqmm cable
RFP_1547,Fire Survival 440V 2C 120 sqmm Cu Mineral (MI) armoured cable as per IEC 60331,Fire Survival 440V 120 sqmm Mineral (MI) armoured cable,Fire Survival 120 sqmm Mineral (MI) cable,Fire Survival Mineral (MI) cable
RFP_1548,400kV 1C 800 sqmm Al XLPE armoured cable as per IEC 62067,400kV 800 sqmm Al XLPE cable,400kV XLPE cable,400kV cable
RFP_1549,ZH 3.3kV 1C 240 sqmm Al EPR armoured cable as per IEC 60502-1,ZH 3.3kV 1C Al cable,ZH 3.3kV cable,3.3kV cable
RFP_1550,LSZH 500V 2C 1 sqmm Cu PVC armoured cable as per IS 694,2C 1 sqmm Cu PVC cable,2C 1 sqmm cable,2C cable
RFP_1551,FR 440V 8C 6 sqmm Cu XLPE armoured cable as per IS 1554,FR 6 sqmm armoured cable as per IS 1554,FR armoured cable,FR cable
RFP_1552,ZH 6.6kV 1C 70 sqmm Cu EPR armoured cable as per IEC 60502-1,ZH 6.6kV 1C armoured cable,6.6kV armoured cable,armoured cable
RFP_1553,LSZH 11kV 1C 120 sqmm Cu XLPE armoured cable as per IS 7098-1,11kV 1C Cu armoured cable,11kV 1C cable,1C cable
RFP_1554,1.1kV 24C 1.5 sqmm Cu PVC armoured cable as per IEC 60502-1,1.1kV 1.5 sqmm Cu PVC cable,1.1kV 1.5 sqmm cable,1.5 sqmm cable
RFP_1555,FRLS 300V 8C 2.5 sqmm Cu PVC armoured cable as per IEC 60502-1,8C 2.5 sqmm Cu PVC cable,8C 2.5 sqmm cable,2.5 sqmm cable
RFP_1556,440V 1C 2.5 sqmm Cu XLPE armoured cable as per IS 9968,Cu XLPE armoured cable as per IS 9968,XLPE cable as per IS 9968,cable as per IS 9968
RFP_1557,500V 20C 0.75 sqmm Cu XLPE armoured cable as per IEC 60502-1,20C Cu armoured cable as per IEC 60502-1,Cu cable as per IEC 60502-1,Cu cable
RFP_1558,FR 440V 5C 1.5 sqmm Cu PVC armoured cable as per IS 694,440V 1.5 sqmm PVC cable as per IS 694,440V cable as per IS 694,cable as per IS 694
RFP_1559,FR 11kV 1C 50 sqmm Cu XLPE armoured cable as per IS 7098-1,11kV 1C 50 sqmm XLPE cable,11kV 1C cable,11kV cable
RFP_1560,1.1kV 1C 1 sqmm Cu PVC armoured cable as per IS 1554,1C 1 sqmm Cu cable as per IS 1554,Cu cable as per IS 1554,Cu cable
RFP_1561,ZH 3.3kV 1C 70 sqmm Cu EPR armoured cable as per IS 7098-1,1C 70 sqmm Cu EPR cable,1C EPR cable,EPR cable
RFP_1562,FRLS 132kV 1C 500 sqmm Cu XLPE armoured cable as per IEC 60840,FRLS 132kV Cu cable as per IEC 60840,FRLS 132kV cable,132kV cable
RFP_1563,LSZH 600V 1C 120 sqmm Cu XLPE armoured cable as per IEC 60502-1,600V 1C Cu armoured cable,600V 1C cable,600V cable
RFP_1564,FR 440V 8C 1 sqmm Cu PVC armoured cable as per IS 694,440V 8C 1 sqmm Cu cable,440V 8C cable,8C cable
RFP_1565,FRLS 440V 5C 6 sqmm Cu PVC armoured cable as per IS 694,440V 6 sqmm armoured cable as per IS 694,armoured cable as per IS 694,cable as per IS 694
RFP_1566,FR 1.1kV 2C 16 sqmm Cu XLPE armoured cable as per IS 9968,2C 16 sqmm Cu XLPE cable,16 sqmm XLPE cable,16 sqmm cable
RFP_1567,500V 1C 400 sqmm Al XLPE armoured cable as per IS 694,1C 400 sqmm XLPE armoured cable,400 sqmm XLPE cable,400 sqmm cable
RFP_1568,ZH 500V 2C 50 sqmm Cu PVC armoured cable as per IS 694,ZH 500V 50 sqmm armoured cable,ZH armoured cable,armoured cable
RFP_1569,FR 440V 4C 1 sqmm Cu PVC armoured cable as per IS 694,FR 1 sqmm Cu PVC cable,FR PVC cable,PVC cable
RFP_1570,FR 440V 1C 10 sqmm Cu PVC armoured cable as per IS 1554,1C PVC armoured cable as per IS 1554,PVC cable as per IS 1554,PVC cable
RFP_1571,1.1kV 8C 1 sqmm Cu XLPE armoured cable as per IEC 60502-1,1 sqmm Cu armoured cable as per IEC 60502-1,1 sqmm Cu cable,1 sqmm cable
RFP_1572,FRLS 500V 2C 4 sqmm Cu PVC armoured cable as per IEC 60502-1,FRLS 500V Cu cable as per IEC 60502-1,FRLS cable as per IEC 60502-1,FRLS cable
RFP_1573,LSZH 110kV 1C 300 sqmm Al XLPE armoured cable as per IEC 60840,1C 300 sqmm Al armoured cable,300 sqmm Al cable,Al cable
RFP_1574,600V 2C 95 sqmm Al PVC armoured cable as per IEC 60502-1,2C PVC armoured cable as per IEC 60502-1,2C armoured cable,2C cable
RFP_1575,FRLS 500V 2C 35 sqmm Cu PVC armoured cable as per IS 694,FRLS 2C 35 sqmm PVC cable,FRLS 35 sqmm cable,FRLS cable
RFP_1576,400kV 1C 300 sqmm Cu XLPE armoured cable as per IEC 62067,1C 300 sqmm Cu cable as per IEC 62067,Cu cable as per IEC 62067,cable as per IEC 62067
RFP_1577,FRLS 1.1kV 8C 2.5 sqmm Cu PVC armoured cable as per IEC 60502-1,8C 2.5 sqmm Cu PVC cable,8C 2.5 sqmm cable,2.5 sqmm cable
RFP_1578,FR 110kV 1C 400 sqmm Cu XLPE armoured cable as per IEC 60840,FR 110kV 1C 400 sqmm cable,110kV 400 sqmm cable,110kV cable
RFP_1579,FRLS 1.1kV 4C 1 sqmm Cu PVC armoured cable as per IS 1554,1.1kV 1 sqmm Cu cable as per IS 1554,1 sqmm cable as per IS 1554,1 sqmm cable
RFP_1580,ZH 110kV 1C 800 sqmm Cu XLPE armoured cable as per IEC 60840,ZH 1C armoured cable as per IEC 60840,ZH 1C cable,1C cable
RFP_1581,FRLS 6.6kV 3C 150 sqmm Al EPR armoured cable as per IS 7098-1,3C Al EPR cable as per IS 7098-1,Al cable as per IS 7098-1,cable as per IS 7098-1
RFP_1582,1.1kV 24C 2.5 sqmm Cu XLPE armoured cable as per BS 5308,1.1kV 2.5 sqmm Cu armoured cable,2.5 sqmm armoured cable,armoured cable
RFP_1583,LSZH 11kV 1C 95 sqmm Al XLPE armoured cable as per IS 7098-1,11kV 1C Al cable as per IS 7098-1,11kV Al cable,Al cable
RFP_1584,ZH 132kV 1C 300 sqmm Al XLPE armoured cable as per IEC 60840,ZH 1C XLPE armoured cable,ZH 1C cable,ZH cable
RFP_1585,440V 27C 4 sqmm Cu PVC armoured cable as per IS 1554,27C 4 sqmm PVC armoured cable,27C 4 sqmm cable,27C cable
RFP_1586,FR 1.1kV 2C 6 sqmm Cu PVC armoured cable as per BS 5308,FR 2C Cu PVC cable,FR Cu cable,FR cable
RFP_1587,FRLS 6.6kV 3C 120 sqmm Al XLPE armoured cable as per IS 7098-1,3C 120 sqmm XLPE cable as per IS 7098-1,120 sqmm XLPE cable,120 sqmm cable
RFP_1588,ZH 33kV 1C 400 sqmm Al XLPE armoured cable as per IS 7098-2,33kV 400 sqmm XLPE cable as per IS 7098-2,XLPE cable as per IS 7098-2,cable as per IS 7098-2
RFP_1589,FR 440V 24C 4 sqmm Cu XLPE armoured cable as per IS 1554,440V 24C XLPE armoured cable,440V 24C cable,440V cable
RFP_1590,LSZH 500V 12C 1.5 sqmm Cu XLPE armoured cable as per IEC 60502-1,500V 12C 1.5 sqmm armoured cable,500V 12C cable,500V cable
RFP_1591,FRLS 22kV 3C 400 sqmm Al XLPE armoured cable as per IS 7098-2,22kV 400 sqmm Al XLPE cable,Al XLPE cable,Al cable
RFP_1592,1.1kV 4C 6 sqmm Cu EPR armoured cable as per BS 5467,4C Cu EPR armoured cable,Cu EPR cable,EPR cable
RFP_1593,Fire Survival 1.1kV 4C 35 sqmm Cu XLPE armoured cable as per BS 6387,1.1kV 4C 35 sqmm Cu cable,35 sqmm Cu cable,35 sqmm cable
RFP_1594,440V 14C 1 sqmm Cu XLPE armoured cable as per IS 1554,440V 1 sqmm Cu cable as per IS 1554,440V cable as per IS 1554,cable as per IS 1554
RFP_1595,FR 66kV 1C 630 sqmm Al XLPE armoured cable as per IEC 60840,FR 66kV 1C Al cable,1C Al cable,1C cable
RFP_1596,FR 500V 10C 2.5 sqmm Cu PVC armoured cable as per IEC 60502-1,FR 500V 2.5 sqmm PVC cable,FR 500V cable,FR cable
RFP_1597,LSZH 3.3kV 1C 150 sqmm Al EPR armoured cable as per IS 7098-1,LSZH EPR armoured cable as per IS 7098-1,armoured cable as per IS 7098-1,cable as per IS 7098-1
RFP_1598,22kV 1C 400 sqmm Cu XLPE armoured cable as per IEC 60502-2,22kV 1C armoured cable as per IEC 60502-2,22kV armoured cable,22kV cable
RFP_1599,FR 500V 5C 1 sqmm Cu PVC armoured cable as per IEC 60245,FR PVC armoured cable as per IEC 60245,FR PVC cable,FR cable
RFP_1600,LSZH 400kV 1C 800 sqmm Cu XLPE armoured cable as per IEC 62067,LSZH Cu armoured cable as per IEC 62067,LSZH Cu cable,LSZH cable
RFP_1601,FRLS 220kV 1C 630 sqmm Cu XLPE armoured cable as per IEC 62067,630 sqmm Cu armoured cable as per IEC 62067,630 sqmm armoured cable,armoured cable
RFP_1602,ZH 11kV 1C 400 sqmm Cu EPR armoured cable as per IS 7098-1,ZH 11kV Cu cable as per IS 7098-1,ZH cable as per IS 7098-1,ZH cable
RFP_1603,FR 440V 10C 2.5 sqmm Cu PVC armoured cable as per IS 1554,FR 440V armoured cable as per IS 1554,FR cable as per IS 1554,cable as per IS 1554
RFP_1604,22kV 1C 50 sqmm Cu XLPE armoured cable as per IS 7098-2,1C XLPE armoured cable as per IS 7098-2,1C armoured cable,armoured cable
RFP_1605,LSZH 6.6kV 3C 400 sqmm Cu EPR armoured cable as per IEC 60502-1,LSZH 3C Cu armoured cable,3C armoured cable,armoured cable
RFP_1606,300V 16C 2.5 sqmm Cu XLPE armoured cable as per IEC 60502-1,16C Cu armoured cable as per IEC 60502-1,Cu cable as per IEC 60502-1,Cu cable
RFP_1607,LSZH 1.1kV 1C 0.5 sqmm Cu PVC armoured cable as per IS 1554,LSZH 1.1kV Cu armoured cable,1.1kV armoured cable,1.1kV cable
RFP_1608,LSZH 440V 30C 6 sqmm Cu XLPE armoured cable as per IS 694,30C 6 sqmm XLPE armoured cable,30C armoured cable,armoured cable
RFP_1609,FR 6.6kV 3C 185 sqmm Cu EPR armoured cable as per IEC 60502-1,6.6kV 3C Cu cable as per IEC 60502-1,6.6kV cable as per IEC 60502-1,cable as per IEC 60502-1
RFP_1610,LSZH 1.1kV 1C 240 sqmm Al EPR armoured cable as per BS 5467,LSZH 1.1kV 1C cable as per BS 5467,LSZH 1.1kV cable,1.1kV cable
RFP_1611,FR 1.1kV 3C 1.5 sqmm Cu XLPE armoured cable as per IEC 60502-1,FR 3C Cu XLPE cable,FR XLPE cable,FR cable
RFP_1612,Fire Survival 440V 1C 6 sqmm Cu XLPE armoured cable as per BS 6387,440V XLPE armoured cable as per BS 6387,440V armoured cable,440V cable
RFP_1613,LSZH 600V 2C 35 sqmm Al XLPE armoured cable as per IS 694,600V 35 sqmm Al armoured cable,600V Al cable,Al cable
RFP_1614,LSZH 440V 4C 1.5 sqmm Cu XLPE armoured cable as per IS 694,440V 4C 1.5 sqmm cable as per IS 694,1.5 sqmm cable as per IS 694,1.5 sqmm cable
RFP_1615,FRLS 33kV 3C 70 sqmm Al XLPE armoured cable as per IEC 60502-2,FRLS XLPE armoured cable as per IEC 60502-2,XLPE cable as per IEC 60502-2,cable as per IEC 60502-2
RFP_1616,LSZH 3.3kV 3C 300 sqmm Al XLPE armoured cable as per IEC 60502-1,LSZH 3.3kV Al cable as per IEC 60502-1,Al cable as per IEC 60502-1,cable as per IEC 60502-1
RFP_1617,LSZH 440V 3C 4 sqmm Cu XLPE armoured cable as per IS 1554,LSZH 3C armoured cable as per IS 1554,armoured cable as per IS 1554,cable as per IS 1554
RFP_1618,ZH 6.6kV 1C 120 sqmm Cu XLPE armoured cable as per IEC 60502-1,1C 120 sqmm armoured cable as per IEC 60502-1,1C cable as per IEC 60502-1,cable as per IEC 60502-1
RFP_1619,FR 440V 12C 1 sqmm Cu PVC armoured cable as per IS 694,440V 1 sqmm PVC cable as per IS 694,1 sqmm cable as per IS 694,1 sqmm cable
RFP_1620,500V 27C 2.5 sqmm Cu PVC armoured cable as per IS 1554,500V Cu PVC armoured cable,Cu armoured cable,Cu cable
RFP_1621,FR 500V 30C 1.5 sqmm Cu XLPE armoured cable as per IEC 60502-1,FR 30C XLPE cable as per IEC 60502-1,XLPE cable as per IEC 60502-1,XLPE cable
RFP_1622,LSZH 1.1kV 5C 4 sqmm Cu XLPE armoured cable as per IEC 60502-1,LSZH 1.1kV 5C 4 sqmm cable,1.1kV 4 sqmm cable,4 sqmm cable
RFP_1623,Fire Survival 440V 2C 6 sqmm Cu Mineral (MI) armoured cable as per BS 6387,440V 2C Cu Mineral (MI) armoured cable,Cu Mineral (MI) armoured cable,Mineral (MI) armoured cable
RFP_1624,LSZH 66kV 1C 185 sqmm Cu XLPE armoured cable as per IEC 60840,LSZH 66kV armoured cable as per IEC 60840,66kV cable as per IEC 60840,cable as per IEC 60840
RFP_1625,ZH 1.1kV 1C 1 sqmm Cu PVC armoured cable as per IS 9968,1.1kV 1C Cu PVC cable,1.1kV Cu cable,Cu cable
RFP_1626,LSZH 33kV 1C 300 sqmm Al XLPE armoured cable as per IEC 60502-2,1C Al XLPE cable as per IEC 60502-2,1C cable as per IEC 60502-2,cable as per IEC 60502-2
RFP_1627,FR 600V 4C 500 sqmm Al XLPE armoured cable as per IEC 60502-1,600V 500 sqmm XLPE cable as per IEC 60502-1,500 sqmm XLPE cable,500 sqmm cable
RFP_1628,LSZH 500V 24C 2.5 sqmm Cu XLPE armoured cable as per IEC 60502-1,2.5 sqmm Cu XLPE armoured cable,Cu armoured cable,Cu cable
RFP_1629,ZH 132kV 1C 630 sqmm Cu XLPE armoured cable as per IEC 60840,Cu XLPE armoured cable as per IEC 60840,armoured cable as per IEC 60840,armoured cable
RFP_1630,FRLS 500V 24C 1 sqmm Cu XLPE armoured cable as per BS 5308-1,24C XLPE armoured cable as per BS 5308-1,XLPE armoured cable,XLPE cable
RFP_1631,500V 27C 6 sqmm Cu XLPE armoured cable as per IS 1554,500V 27C 6 sqmm XLPE cable,27C XLPE cable,XLPE cable
RFP_1632,FR 300V 1C 1.5 sqmm Cu PVC armoured cable as per IEC 60502-1,300V 1C 1.5 sqmm PVC cable,300V PVC cable,PVC cable
RFP_1633,LSZH 1.1kV 4C 2.5 sqmm Cu XLPE armoured cable as per IEC 60502-1,LSZH 1.1kV 2.5 sqmm cable as per IEC 60502-1,LSZH 1.1kV cable,LSZH cable
RFP_1634,FRLS 440V 24C 6 sqmm Cu PVC armoured cable as per IS 694,440V 6 sqmm Cu PVC cable,Cu PVC cable,PVC cable
RFP_1635,LSZH 22kV 3C 185 sqmm Cu XLPE armoured cable as per IEC 60502-2,22kV 185 sqmm armoured cable as per IEC 60502-2,22kV armoured cable,22kV cable
RFP_1636,FRLS 300V 10C 0.75 sqmm Cu PVC armoured cable as per IEC 60502-1,FRLS PVC armoured cable as per IEC 60502-1,FRLS PVC cable,FRLS cable
RFP_1637,FR 400kV 1C 500 sqmm Al XLPE armoured cable as per IEC 62067,1C XLPE armoured cable as per IEC 62067,XLPE armoured cable,XLPE cable
RFP_1638,LSZH 1.1kV 3C 1 sqmm Cu XLPE armoured cable as per IEC 60502-1,LSZH 1 sqmm armoured cable as per IEC 60502-1,1 sqmm armoured cable,1 sqmm cable
RFP_1639,FR 500V 1C 16 sqmm Cu PVC armoured cable as per IS 694,1C 16 sqmm PVC cable as per IS 694,16 sqmm PVC cable,PVC cable
RFP_1640,FRLS 500V 3.5C 4 sqmm Al PVC armoured cable as per IS 1554,500V 3. PVC armoured cable as per IS 1554,3. PVC armoured cable,3. PVC cable
RFP_1641,FRLS 500V 1C 6 sqmm Cu PVC armoured cable as per IS 694,FRLS 1C 6 sqmm armoured cable,FRLS armoured cable,FRLS cable
RFP_1642,Fire Survival 1.1kV 4C 35 sqmm Cu XLPE armoured cable as per IEC 60331,Fire Survival 1.1kV 35 sqmm cable as per IEC 60331,1.1kV cable as per IEC 60331,1.1kV cable
RFP_1643,LSZH 300V 20C 0.5 sqmm Cu PVC armoured cable as per BS 5308-1,300V 20C PVC cable as per BS 5308-1,300V cable as per BS 5308-1,cable as per BS 5308-1
RFP_1644,FRLS 1.1kV 6C 4 sqmm Cu XLPE armoured cable as per IEC 60502-1,FRLS 6C armoured cable as per IEC 60502-1,6C armoured cable,6C cable
RFP_1645,FR 500V 10C 1 sqmm Cu PVC armoured cable as per BS 5308-1,500V Cu armoured cable as per BS 5308-1,500V Cu cable,Cu cable
RFP_1646,FRLS 440V 1C 25 sqmm Cu XLPE armoured cable as per IEC 60245,440V 25 sqmm Cu armoured cable,440V armoured cable,armoured cable
RFP_1647,440V 12C 1.5 sqmm Cu PVC armoured cable as per IS 694,12C 1.5 sqmm Cu armoured cable,12C armoured cable,armoured cable
RFP_1648,FRLS 500V 3C 2.5 sqmm Cu XLPE armoured cable as per IS 1554,FRLS 3C Cu XLPE cable,FRLS XLPE cable,FRLS cable
RFP_1649,Fire Survival 440V 2C 1.5 sqmm Cu Mineral (MI) armoured cable as per BS 6387,Fire Survival 440V Cu Mineral (MI) cable as per BS 6387,Fire Survival 440V Mineral (MI) cable,440V Mineral (MI) cable
RFP_1650,Fire Survival 440V 1C 6 sqmm Cu Mineral (MI) armoured cable as per IEC 60331,Fire Survival 1C Cu Mineral (MI) armoured cable,1C Cu Mineral (MI) cable,1C Mineral (MI) cable
RFP_1651,FR 440V 4C 6 sqmm Al PVC armoured cable as per IEC 60502-1,FR 4C 6 sqmm cable as per IEC 60502-1,FR 4C cable,4C cable
RFP_1652,300V 4C 0.75 sqmm Cu PVC armoured cable as per IEC 60502-1,0.75 sqmm PVC armoured cable as per IEC 60502-1,0.75 sqmm armoured cable,armoured cable
RFP_1653,FR 1.1kV 10C 1 sqmm Cu PVC armoured cable as per IEC 60502-1,1.1kV 10C 1 sqmm armoured cable,1.1kV 1 sqmm cable,1.1kV cable
RFP_1654,1.1kV 6C 1.5 sqmm Cu PVC armoured cable as per IS 1554,1.1kV Cu PVC cable as per IS 1554,1.1kV PVC cable,1.1kV cable
RFP_1655,FRLS 500V 24C 1.5 sqmm Cu PVC armoured cable as per IS 1554,FRLS 500V 1.5 sqmm Cu cable,FRLS 500V cable,500V cable
RFP_1656,66kV 1C 185 sqmm Al XLPE armoured cable as per IEC 60840,66kV 1C Al armoured cable,1C armoured cable,armoured cable
RFP_1657,FR 1.1kV 2C 1 sqmm Cu XLPE armoured cable as per BS 5308,1.1kV 1 sqmm armoured cable as per BS 5308,1 sqmm armoured cable,armoured cable
RFP_1658,FRLS 500V 1C 630 sqmm Al XLPE armoured cable as per IS 694,630 sqmm Al XLPE armoured cable,Al XLPE cable,XLPE cable
RFP_1659,LSZH 500V 1C 10 sqmm Cu PVC armoured cable as per IEC 60245,LSZH 10 sqmm Cu armoured cable,10 sqmm armoured cable,armoured cable
RFP_1660,FRLS 500V 4C 2.5 sqmm Cu PVC armoured cable as per IEC 60245,FRLS Cu armoured cable as per IEC 60245,Cu cable as per IEC 60245,cable as per IEC 60245
RFP_1661,FR 600V 3C 10 sqmm Cu XLPE armoured cable as per IEC 60502-1,3C 10 sqmm armoured cable as per IEC 60502-1,10 sqmm armoured cable,armoured cable
RFP_1662,FR 132kV 1C 800 sqmm Cu XLPE armoured cable as per IEC 60840,800 sqmm Cu armoured cable as per IEC 60840,armoured cable as per IEC 60840,armoured cable
RFP_1663,FRLS 1.1kV 19C 2.5 sqmm Cu XLPE armoured cable as per BS 5308,1.1kV Cu XLPE armoured cable,Cu XLPE cable,Cu cable
RFP_1664,FRLS 440V 2C 4 sqmm Cu XLPE armoured cable as per IS 1554,440V 4 sqmm Cu armoured cable,4 sqmm armoured cable,4 sqmm cable
RFP_1665,LSZH 1.1kV 30C 6 sqmm Cu PVC armoured cable as per IEC 60502-1,1.1kV Cu PVC cable as per IEC 60502-1,PVC cable as per IEC 60502-1,cable as per IEC 60502-1
RFP_1666,LSZH 1.1kV 1C 1.5 sqmm Cu XLPE armoured cable as per IS 1554,LSZH 1.1kV 1C armoured cable,LSZH 1C cable,1C cable
RFP_1667,FR 1.1kV 10C 1 sqmm Cu PVC armoured cable as per BS 5308,FR 1.1kV Cu armoured cable,FR 1.1kV cable,FR cable
RFP_1668,LSZH 300V 4C 2.5 sqmm Cu XLPE armoured cable as per BS 5308-1,300V Cu XLPE cable as per BS 5308-1,300V XLPE cable,300V cable
RFP_1669,1.1kV 14C 1.5 sqmm Cu PVC armoured cable as per IS 1554,1.1kV Cu PVC cable as per IS 1554,Cu cable as per IS 1554,cable as per IS 1554
RFP_1670,FR 440V 4C 2.5 sqmm Cu PVC armoured cable as per IS 694,440V 4C PVC cable as per IS 694,4C cable as per IS 694,cable as per IS 694
RFP_1671,LSZH 440V 3C 35 sqmm Al XLPE armoured cable as per IEC 60502-1,35 sqmm XLPE armoured cable as per IEC 60502-1,35 sqmm cable as per IEC 60502-1,cable as per IEC 60502-1
RFP_1672,FRLS 33kV 3C 70 sqmm Al XLPE armoured cable as per IS 7098-2,FRLS 33kV 70 sqmm armoured cable,FRLS 70 sqmm cable,FRLS cable
RFP_1673,300V 16C 0.75 sqmm Cu XLPE armoured cable as per IEC 60502-1,300V 16C Cu XLPE cable,300V Cu cable,Cu cable
RFP_1674,LSZH 500V 12C 2.5 sqmm Cu PVC armoured cable as per IEC 60502-1,LSZH 500V Cu PVC cable,Cu PVC cable,Cu cable
RFP_1675,Fire Survival 440V 1C 25 sqmm Cu Mineral (MI) armoured cable as per IEC 60331,440V 25 sqmm Mineral (MI) armoured cable as per IEC 60331,440V Mineral (MI) armoured cable,440V Mineral (MI) cable
RFP_1676,LSZH 300V 20C 1 sqmm Cu PVC armoured cable as per BS 5308-1,300V 20C 1 sqmm armoured cable,20C 1 sqmm cable,20C cable
RFP_1677,FR 400kV 1C 400 sqmm Al XLPE armoured cable as per IEC 62067,400 sqmm XLPE armoured cable as per IEC 62067,armoured cable as per IEC 62067,armoured cable
RFP_1678,Fire Survival 440V 4C 25 sqmm Cu XLPE armoured cable as per BS 6387,440V XLPE armoured cable as per BS 6387,armoured cable as per BS 6387,armoured cable
RFP_1679,FR 500V 30C 6 sqmm Cu PVC armoured cable as per IS 1554,FR Cu PVC cable as per IS 1554,Cu PVC cable,PVC cable
RFP_1680,Fire Survival 440V 2C 25 sqmm Cu Mineral (MI) armoured cable as per IEC 60331,Fire Survival 25 sqmm Cu Mineral (MI) cable as per IEC 60331,25 sqmm Mineral (MI) cable as per IEC 60331,Mineral (MI) cable as per IEC 60331
RFP_1681,LSZH 1.1kV 6C 1 sqmm Cu PVC armoured cable as per IEC 60502-1,6C Cu PVC cable as per IEC 60502-1,Cu cable as per IEC 60502-1,cable as per IEC 60502-1
RFP_1682,FRLS 500V 2C 500 sqmm Cu XLPE armoured cable as per IEC 60502-1,FRLS 500 sqmm XLPE armoured cable,FRLS XLPE cable,XLPE cable
RFP_1683,300V 1C 2.5 sqmm Cu PVC armoured cable as per BS 5308-1,300V Cu armoured cable as per BS 5308-1,300V Cu cable,300V cable
RFP_1684,FRLS 1.1kV 12C 1.5 sqmm Cu XLPE armoured cable as per IS 1554,FRLS 1.1kV XLPE armoured cable,FRLS XLPE cable,XLPE cable
RFP_1685,FRLS 500V 2C 25 sqmm Cu XLPE armoured cable as per IS 694,2C Cu armoured cable as per IS 694,2C cable as per IS 694,2C cable
RFP_1686,LSZH 500V 12C 1.5 sqmm Cu PVC armoured cable as per IEC 60502-1,LSZH 1.5 sqmm PVC cable as per IEC 60502-1,LSZH 1.5 sqmm cable,1.5 sqmm cable
RFP_1687,FRLS 1.1kV 8C 0.75 sqmm Cu PVC armoured cable as per IS 1554,1.1kV Cu PVC armoured cable,1.1kV armoured cable,armoured cable
RFP_1688,22kV 3C 95 sqmm Al XLPE armoured cable as per IEC 60502-2,22kV Al XLPE armoured cable,22kV armoured cable,armoured cable
RFP_1689,FRLS 6.6kV 3C 95 sqmm Al XLPE armoured cable as per IS 7098-1,3C 95 sqmm Al armoured cable,Al armoured cable,Al cable
RFP_1690,Fire Survival 1.1kV 4C 70 sqmm Cu XLPE armoured cable as per IEC 60331,1.1kV Cu armoured cable as per IEC 60331,armoured cable as per IEC 60331,cable as per IEC 60331
RFP_1691,1.1kV 2C 50 sqmm Cu XLPE armoured cable as per IS 9968,1.1kV 2C 50 sqmm XLPE cable,1.1kV 50 sqmm cable,50 sqmm cable
RFP_1692,FR 500V 2C 1.5 sqmm Cu PVC armoured cable as per IEC 60245,500V 2C PVC armoured cable,2C PVC cable,2C cable
RFP_1693,LSZH 300V 4C 0.5 sqmm Cu PVC armoured cable as per IEC 60502-1,4C 0.5 sqmm Cu cable as per IEC 60502-1,0.5 sqmm Cu cable,0.5 sqmm cable
RFP_1694,FRLS 1.1kV 24C 2.5 sqmm Cu PVC armoured cable as per IEC 60502-1,FRLS Cu armoured cable as per IEC 60502-1,FRLS armoured cable,armoured cable
RFP_1695,300V 6C 1.5 sqmm Cu XLPE armoured cable as per IEC 60502-1,300V 6C 1.5 sqmm armoured cable,300V armoured cable,300V cable
RFP_1696,1.1kV 5C 25 sqmm Cu XLPE armoured cable as per IS 9968,1.1kV 25 sqmm Cu armoured cable,25 sqmm armoured cable,25 sqmm cable
RFP_1697,FR 220kV 1C 240 sqmm Cu XLPE armoured cable as per IEC 62067,FR 240 sqmm Cu cable as per IEC 62067,240 sqmm Cu cable,240 sqmm cable
RFP_1698,500V 1C 0.75 sqmm Cu XLPE armoured cable as per IEC 60502-1,1C 0.75 sqmm Cu cable as per IEC 60502-1,1C 0.75 sqmm cable,0.75 sqmm cable
RFP_1699,LSZH 440V 5C 1 sqmm Cu XLPE armoured cable as per IS 694,LSZH 1 sqmm Cu armoured cable,LSZH Cu cable,Cu cable
RFP_1700,FRLS 132kV 1C 185 sqmm Al XLPE armoured cable as per IEC 60840,1C 185 sqmm XLPE armoured cable,1C armoured cable,1C cable
RFP_1701,ZH 22kV 1C 300 sqmm Cu XLPE armoured cable as per IS 7098-2,ZH 22kV 1C Cu cable,22kV Cu cable,22kV cable
RFP_1702,FRLS 1.1kV 1C 2.5 sqmm Cu PVC armoured cable as per BS 5308-1,1.1kV 1C Cu armoured cable,1.1kV 1C cable,1C cable
RFP_1703,Fire Survival 1.1kV 3C 35 sqmm Cu Mineral (MI) armoured cable as per IEC 60331,Fire Survival 3C 35 sqmm Cu Mineral (MI) cable,3C Cu Mineral (MI) cable,3C Mineral (MI) cable
RFP_1704,Fire Survival 440V 4C 4 sqmm Cu Mineral (MI) armoured cable as per BS 6387,4C 4 sqmm Mineral (MI) armoured cable as per BS 6387,4C Mineral (MI) cable as per BS 6387,4C Mineral (MI) cable
RFP_1705,440V 4C 1.5 sqmm Cu PVC armoured cable as per IS 694,1.5 sqmm Cu armoured cable as per IS 694,1.5 sqmm cable as per IS 694,1.5 sqmm cable
RFP_1706,FRLS 440V 1C 25 sqmm Cu XLPE armoured cable as per IS 9968,1C 25 sqmm Cu cable as per IS 9968,1C cable as per IS 9968,cable as per IS 9968
RFP_1707,LSZH 440V 16C 1.5 sqmm Cu PVC armoured cable as per IS 1554,LSZH 440V Cu armoured cable,Cu armoured cable,armoured cable
RFP_1708,ZH 400kV 1C 800 sqmm Cu XLPE armoured cable as per IEC 62067,ZH Cu XLPE cable as per IEC 62067,Cu XLPE cable,Cu cable
RFP_1709,FRLS 1.1kV 5C 10 sqmm Cu PVC armoured cable as per IS 9968,FRLS 1.1kV 5C armoured cable,FRLS 5C cable,FRLS cable
RFP_1710,500V 2C 1.5 sqmm Cu PVC armoured cable as per IEC 60502-1,500V 2C 1.5 sqmm PVC cable,500V 2C cable,500V cable
RFP_1711,Fire Survival 440V 1C 6 sqmm Cu Mineral (MI) armoured cable as per BS 6387,440V 1C 6 sqmm Mineral (MI) armoured cable,440V 6 sqmm Mineral (MI) cable,6 sqmm Mineral (MI) cable
RFP_1712,FRLS 3.3kV 3C 50 sqmm Cu XLPE armoured cable as per IEC 60502-1,3.3kV 50 sqmm Cu XLPE cable,3.3kV XLPE cable,3.3kV cable
RFP_1713,FR 440V 8C 2.5 sqmm Cu XLPE armoured cable as per IS 694,FR 2.5 sqmm Cu cable as per IS 694,FR Cu cable,Cu cable
RFP_1714,LSZH 440V 3C 185 sqmm Al XLPE armoured cable as per IS 1554,LSZH 440V Al armoured cable,LSZH Al cable,LSZH cable
RFP_1715,132kV 1C 1000 sqmm Cu XLPE armoured cable as per IEC 60840,1C Cu armoured cable as per IEC 60840,1C cable as per IEC 60840,cable as per IEC 60840
RFP_1716,FRLS 1.1kV 4C 2.5 sqmm Cu XLPE armoured cable as per IEC 60502-1,1.1kV Cu armoured cable as per IEC 60502-1,armoured cable as per IEC 60502-1,armoured cable
RFP_1717,FR 3.3kV 3C 240 sqmm Al EPR armoured cable as per IEC 60502-1,3C Al EPR cable as per IEC 60502-1,3C cable as per IEC 60502-1,3C cable
RFP_1718,1.1kV 8C 2.5 sqmm Cu XLPE armoured cable as per IS 1554,2.5 sqmm Cu armoured cable as per IS 1554,Cu cable as per IS 1554,cable as per IS 1554
RFP_1719,FRLS 6.6kV 3C 95 sqmm Cu EPR armoured cable as per IS 7098-1,6.6kV 3C 95 sqmm Cu cable,6.6kV 3C cable,3C cable
RFP_1720,LSZH 600V 3.5C 400 sqmm Al PVC armoured cable as per IEC 60502-1,3. 400 sqmm Al PVC armoured cable,3. 400 sqmm armoured cable,3. 400 sqmm cable
RFP_1721,FRLS 440V 2C 25 sqmm Al PVC armoured cable as per IEC 60502-1,FRLS 25 sqmm PVC cable as per IEC 60502-1,PVC cable as per IEC 60502-1,PVC cable
RFP_1722,FR 500V 7C 1.5 sqmm Cu XLPE armoured cable as per IEC 60502-1,FR 7C 1.5 sqmm cable as per IEC 60502-1,FR 7C cable,FR cable
RFP_1723,LSZH 500V 1C 0.75 sqmm Cu PVC armoured cable as per IEC 60502-1,500V 1C Cu cable as per IEC 60502-1,500V Cu cable,Cu cable
RFP_1724,FRLS 440V 14C 1.5 sqmm Cu PVC armoured cable as per IS 694,FRLS 1.5 sqmm Cu armoured cable,FRLS Cu cable,Cu cable
RFP_1725,300V 1C 1.5 sqmm Cu PVC armoured cable as per BS 5308-1,1C 1.5 sqmm Cu PVC cable,1C 1.5 sqmm cable,1.5 sqmm cable
RFP_1726,FR 1.1kV 3C 25 sqmm Cu XLPE armoured cable as per IS 9968,FR 3C armoured cable as per IS 9968,FR cable as per IS 9968,cable as per IS 9968
RFP_1727,FRLS 440V 1C 300 sqmm Cu XLPE armoured cable as per IS 694,1C 300 sqmm Cu XLPE cable,300 sqmm Cu cable,300 sqmm cable
RFP_1728,FRLS 600V 4C 800 sqmm Cu XLPE armoured cable as per IEC 60502-1,600V Cu XLPE cable as per IEC 60502-1,600V Cu cable,600V cable
RFP_1729,FR 1.1kV 5C 1 sqmm Cu XLPE armoured cable as per BS 5308,FR Cu XLPE cable as per BS 5308,FR Cu cable,FR cable
RFP_1730,440V 4C 2.5 sqmm Cu PVC armoured cable as per IS 1554,440V 4C 2.5 sqmm armoured cable,2.5 sqmm armoured cable,2.5 sqmm cable
RFP_1731,LSZH 500V 1C 2.5 sqmm Cu PVC armoured cable as per IS 694,Cu PVC armoured cable as per IS 694,Cu armoured cable,Cu cable
RFP_1732,LSZH 1.1kV 4C 4 sqmm Cu PVC armoured cable as per IEC 60502-1,4C 4 sqmm Cu armoured cable,4 sqmm armoured cable,armoured cable
RFP_1733,FR 500V 2C 6 sqmm Cu XLPE armoured cable as per IS 1554,FR Cu XLPE cable as per IS 1554,FR XLPE cable,FR cable
RFP_1734,FR 600V 2C 800 sqmm Cu PVC armoured cable as per IEC 60502-1,FR 600V armoured cable as per IEC 60502-1,armoured cable as per IEC 60502-1,armoured cable
RFP_1735,FRLS 440V 3C 2.5 sqmm Cu PVC armoured cable as per IS 9968,3C 2.5 sqmm armoured cable as per IS 9968,2.5 sqmm armoured cable,2.5 sqmm cable
RFP_1736,LSZH 440V 27C 4 sqmm Cu XLPE armoured cable as per IS 1554,LSZH 440V 4 sqmm armoured cable,LSZH armoured cable,LSZH cable
RFP_1737,LSZH 300V 1C 1.5 sqmm Cu PVC armoured cable as per IEC 60502-1,LSZH 300V 1.5 sqmm armoured cable,300V 1.5 sqmm cable,300V cable
RFP_1738,FRLS 33kV 1C 50 sqmm Cu XLPE armoured cable as per IS 7098-2,33kV XLPE armoured cable as per IS 7098-2,XLPE armoured cable,XLPE cable
RFP_1739,FR 1.1kV 7C 1.5 sqmm Cu PVC armoured cable as per IS 1554,FR 1.1kV 7C Cu cable,1.1kV 7C cable,1.1kV cable
RFP_1740,FRLS 1.1kV 7C 2.5 sqmm Cu PVC armoured cable as per IEC 60502-1,7C 2.5 sqmm Cu cable as per IEC 60502-1,2.5 sqmm Cu cable,2.5 sqmm cable
RFP_1741,FR 300V 24C 1.5 sqmm Cu XLPE armoured cable as per IEC 60502-1,300V XLPE armoured cable as per IEC 60502-1,300V cable as per IEC 60502-1,cable as per IEC 60502-1
RFP_1742,1.1kV 1C 10 sqmm Al PVC armoured cable as per IS 1554,10 sqmm Al PVC cable as per IS 1554,Al cable as per IS 1554,Al cable
RFP_1743,1.1kV 16C 0.5 sqmm Cu XLPE armoured cable as per BS 5308-1,1.1kV 16C Cu cable as per BS 5308-1,1.1kV cable as per BS 5308-1,1.1kV cable
RFP_1744,ZH 22kV 3C 300 sqmm Cu XLPE armoured cable as per IS 7098-2,22kV 3C 300 sqmm cable as per IS 7098-2,3C 300 sqmm cable,3C cable
RFP_1745,ZH 220kV 1C 1000 sqmm Cu XLPE armoured cable as per IEC 62067,220kV 1C Cu XLPE cable,1C XLPE cable,1C cable
RFP_1746,LSZH 1.1kV 3.5C 35 sqmm Al XLPE armoured cable as per IEC 60502-1,1.1kV 3.5C 35 sqmm cable as per IEC 60502-1,3.5C cable as per IEC 60502-1,3.5C cable
RFP_1747,FRLS 600V 2C 240 sqmm Cu XLPE armoured cable as per IEC 60502-1,600V Cu armoured cable as per IEC 60502-1,Cu armoured cable,Cu cable
RFP_1748,FRLS 500V 1C 1.5 sqmm Cu PVC armoured cable as per IS 694,FRLS 500V Cu cable as per IS 694,FRLS 500V cable,500V cable
RFP_1749,FRLS 3.3kV 3C 70 sqmm Cu XLPE armoured cable as per IS 7098-1,3C XLPE armoured cable as per IS 7098-1,3C armoured cable,3C cable
RFP_1750,FRLS 1.1kV 4C 1 sqmm Cu PVC armoured cable as per BS 5308-1,FRLS 1 sqmm PVC armoured cable,FRLS PVC cable,FRLS cable
RFP_1751,Fire Survival 1.1kV 3C 1.5 sqmm Cu Mineral (MI) armoured cable as per IS 17048,3C Cu Mineral (MI) armoured cable as per IS 17048,Cu Mineral (MI) armoured cable,Mineral (MI) armoured cable
RFP_1752,LSZH 300V 4C 0.75 sqmm Cu XLPE armoured cable as per IEC 60502-1,300V 0.75 sqmm XLPE cable as per IEC 60502-1,300V XLPE cable,300V cable
RFP_1753,LSZH 440V 2C 2.5 sqmm Cu XLPE armoured cable as per IS 694,LSZH 440V 2.5 sqmm Cu cable,LSZH Cu cable,LSZH cable
RFP_1754,FRLS 500V 8C 1.5 sqmm Cu XLPE armoured cable as per IEC 60502-1,500V 1.5 sqmm Cu armoured cable,500V 1.5 sqmm cable,1.5 sqmm cable
RFP_1755,LSZH 1.1kV 27C 1.5 sqmm Cu XLPE armoured cable as per IEC 60502-1,LSZH 1.1kV Cu cable as per IEC 60502-1,1.1kV cable as per IEC 60502-1,cable as per IEC 60502-1
RFP_1756,LSZH 600V 2C 500 sqmm Cu PVC armoured cable as per IS 694,600V 2C 500 sqmm PVC cable,2C PVC cable,PVC cable
RFP_1757,FR 500V 27C 1 sqmm Cu PVC armoured cable as per IS 1554,500V PVC armoured cable as per IS 1554,armoured cable as per IS 1554,cable as per IS 1554
RFP_1758,LSZH 440V 1C 240 sqmm Cu PVC armoured cable as per IS 1554,440V 240 sqmm Cu armoured cable,Cu armoured cable,Cu cable
RFP_1759,FRLS 440V 2C 2.5 sqmm Cu XLPE armoured cable as per IS 9968,FRLS 440V 2.5 sqmm XLPE cable,FRLS XLPE cable,FRLS cable
RFP_1760,ZH 132kV 1C 630 sqmm Cu XLPE armoured cable as per IEC 60840,ZH 132kV 1C 630 sqmm cable,ZH 630 sqmm cable,630 sqmm cable
RFP_1761,FRLS 66kV 1C 185 sqmm Cu XLPE armoured cable as per IS 7098-3,Cu XLPE armoured cable as per IS 7098-3,Cu armoured cable,armoured cable
RFP_1762,440V 8C 4 sqmm Cu XLPE armoured cable as per IS 1554,8C Cu XLPE cable as per IS 1554,8C XLPE cable,XLPE cable
RFP_1763,FRLS 6.6kV 3C 120 sqmm Cu XLPE armoured cable as per IEC 60502-1,FRLS 3C 120 sqmm XLPE cable,3C XLPE cable,XLPE cable
RFP_1764,FRLS 1.1kV 8C 2.5 sqmm Cu XLPE armoured cable as per BS 5308-1,FRLS 2.5 sqmm XLPE cable as per BS 5308-1,FRLS XLPE cable,FRLS cable
RFP_1765,LSZH 400kV 1C 1000 sqmm Cu XLPE armoured cable as per IEC 62067,LSZH 1C 1000 sqmm XLPE cable,1000 sqmm XLPE cable,1000 sqmm cable
RFP_1766,FRLS 440V 6C 6 sqmm Cu PVC armoured cable as per IS 694,FRLS 440V 6C 6 sqmm cable,FRLS 6C cable,6C cable
RFP_1767,33kV 1C 300 sqmm Cu XLPE armoured cable as per IS 7098-2,33kV 1C 300 sqmm cable as per IS 7098-2,33kV cable as per IS 7098-2,33kV cable
RFP_1768,FR 500V 3C 2.5 sqmm Cu XLPE armoured cable as per IEC 60502-1,500V XLPE armoured cable as per IEC 60502-1,XLPE cable as per IEC 60502-1,XLPE cable
RFP_1769,FR 500V 24C 6 sqmm Cu XLPE armoured cable as per IEC 60502-1,FR 500V 6 sqmm armoured cable,FR 6 sqmm cable,6 sqmm cable
RFP_1770,440V 1C 35 sqmm Cu XLPE armoured cable as per IEC 60245,440V 1C XLPE cable as per IEC 60245,1C XLPE cable,XLPE cable
RFP_1771,FR 500V 24C 0.5 sqmm Cu XLPE armoured cable as per IEC 60502-1,FR 24C Cu armoured cable,FR armoured cable,FR cable
RFP_1772,ZH 132kV 1C 185 sqmm Al XLPE armoured cable as per IEC 60840,ZH 185 sqmm Al cable as per IEC 60840,ZH cable as per IEC 60840,cable as per IEC 60840
RFP_1773,22kV 3C 120 sqmm Al XLPE armoured cable as per IS 7098-2,3C 120 sqmm Al cable as per IS 7098-2,120 sqmm cable as per IS 7098-2,cable as per IS 7098-2
RFP_1774,FR 300V 12C 1 sqmm Cu PVC armoured cable as per BS 5308-1,300V 1 sqmm PVC armoured cable,300V 1 sqmm cable,300V cable
RFP_1775,LSZH 132kV 1C 185 sqmm Cu XLPE armoured cable as per IEC 60840,1C 185 sqmm XLPE cable as per IEC 60840,185 sqmm XLPE cable,XLPE cable
RFP_1776,FRLS 500V 20C 1.5 sqmm Cu PVC armoured cable as per IEC 60502-1,500V 20C PVC cable as per IEC 60502-1,PVC cable as per IEC 60502-1,cable as per IEC 60502-1
RFP_1777,ZH 440V 3C 240 sqmm Cu XLPE armoured cable as per IEC 60502-1,3C XLPE armoured cable as per IEC 60502-1,3C armoured cable,3C cable
RFP_1778,FRLS 500V 10C 4 sqmm Cu PVC armoured cable as per IS 1554,10C 4 sqmm PVC cable as per IS 1554,4 sqmm cable as per IS 1554,cable as per IS 1554
RFP_1779,500V 2C 6 sqmm Cu XLPE armoured cable as per IS 1554,2C 6 sqmm Cu cable as per IS 1554,6 sqmm cable as per IS 1554,6 sqmm cable
RFP_1780,LSZH 440V 5C 2.5 sqmm Cu XLPE armoured cable as per IS 9968,LSZH 5C XLPE armoured cable,LSZH XLPE cable,LSZH cable
RFP_1781,FR 400kV 1C 500 sqmm Cu XLPE armoured cable as per IEC 62067,FR 400kV 500 sqmm XLPE cable,FR XLPE cable,FR cable
RFP_1782,FR 300V 12C 0.5 sqmm Cu PVC armoured cable as per BS 5308-1,300V 12C 0.5 sqmm PVC cable,12C PVC cable,PVC cable
RFP_1783,FRLS 300V 24C 0.75 sqmm Cu XLPE armoured cable as per BS 5308-1,300V Cu XLPE cable as per BS 5308-1,300V Cu cable,Cu cable
RFP_1784,LSZH 132kV 1C 1000 sqmm Cu XLPE armoured cable as per IEC 60840,132kV 1C 1000 sqmm XLPE cable,132kV XLPE cable,132kV cable
RFP_1785,440V 2C 4 sqmm Cu XLPE armoured cable as per IEC 60502-1,4 sqmm Cu armoured cable as per IEC 60502-1,armoured cable as per IEC 60502-1,cable as per IEC 60502-1
RFP_1786,FR 440V 8C 1 sqmm Cu XLPE armoured cable as per IS 694,1 sqmm XLPE armoured cable as per IS 694,XLPE armoured cable,XLPE cable
RFP_1787,LSZH 440V 12C 1.5 sqmm Cu PVC armoured cable as per IS 694,440V PVC armoured cable as per IS 694,440V PVC cable,440V cable
RFP_1788,300V 2C 2.5 sqmm Cu XLPE armoured cable as per BS 5308-1,2C 2.5 sqmm XLPE armoured cable,2C armoured cable,2C cable
RFP_1789,FRLS 440V 7C 1 sqmm Cu XLPE armoured cable as per IS 1554,7C Cu armoured cable as per IS 1554,Cu cable as per IS 1554,cable as per IS 1554
RFP_1790,22kV 1C 50 sqmm Al XLPE armoured cable as per IS 7098-2,22kV XLPE armoured cable as per IS 7098-2,XLPE armoured cable,XLPE cable
RFP_1791,FR 440V 8C 1.5 sqmm Cu PVC armoured cable as per IS 694,FR 1.5 sqmm PVC cable as per IS 694,FR cable as per IS 694,cable as per IS 694
RFP_1792,ZH 500V 2C 16 sqmm Cu PVC armoured cable as per IS 694,2C 16 sqmm PVC cable as per IS 694,PVC cable as per IS 694,PVC cable
RFP_1793,LSZH 33kV 1C 240 sqmm Cu XLPE armoured cable as per IEC 60502-2,1C XLPE armoured cable as per IEC 60502-2,1C armoured cable,armoured cable
RFP_1794,LSZH 440V 2C 0.75 sqmm Cu PVC armoured cable as per IS 9968,LSZH 2C 0.75 sqmm cable as per IS 9968,LSZH 0.75 sqmm cable,0.75 sqmm cable
RFP_1795,LSZH 500V 5C 6 sqmm Cu PVC armoured cable as per IEC 60245,6 sqmm Cu PVC armoured cable,Cu armoured cable,Cu cable
RFP_1796,500V 10C 0.75 sqmm Cu XLPE armoured cable as per BS 5308-1,500V 10C XLPE armoured cable,500V XLPE cable,XLPE cable
RFP_1797,Fire Survival 1.1kV 2C 16 sqmm Cu Mineral (MI) armoured cable as per BS 6387,1.1kV 2C 16 sqmm Cu Mineral (MI) cable,16 sqmm Cu Mineral (MI) cable,16 sqmm Mineral (MI) cable
RFP_1798,FR 66kV 1C 300 sqmm Cu XLPE armoured cable as per IS 7098-3,FR 66kV XLPE armoured cable,FR 66kV cable,66kV cable
RFP_1799,440V 24C 6 sqmm Cu XLPE armoured cable as per IS 694,440V Cu armoured cable as per IS 694,Cu cable as per IS 694,cable as per IS 694
RFP_1800,ZH 33kV 3C 300 sqmm Al XLPE armoured cable as per IS 7098-2,ZH 3C 300 sqmm armoured cable,3C 300 sqmm cable,3C cable
RFP_1801,Fire Survival 1.1kV 4C 25 sqmm Cu XLPE armoured cable as per IEC 60331,4C 25 sqmm XLPE armoured cable,4C 25 sqmm cable,4C cable
RFP_1802,LSZH 440V 19C 1.5 sqmm Cu XLPE armoured cable as per IS 1554,LSZH 1.5 sqmm armoured cable as per IS 1554,1.5 sqmm armoured cable,armoured cable
RFP_1803,FR 11kV 3C 300 sqmm Cu EPR armoured cable as per IEC 60502-1,FR 300 sqmm Cu armoured cable,300 sqmm armoured cable,300 sqmm cable
RFP_1804,300V 20C 2.5 sqmm Cu PVC armoured cable as per BS 5308-1,300V Cu PVC armoured cable,300V PVC cable,300V cable
RFP_1805,ZH 1.1kV 4C 2.5 sqmm Cu PVC armoured cable as per BS 5467,Cu PVC armoured cable as per BS 5467,Cu cable as per BS 5467,cable as per BS 5467
RFP_1806,FRLS 300V 4C 0.75 sqmm Cu XLPE armoured cable as per IEC 60502-1,300V 0.75 sqmm Cu armoured cable,300V armoured cable,300V cable
RFP_1807,FR 110kV 1C 240 sqmm Cu XLPE armoured cable as per IEC 60840,FR 110kV Cu cable as per IEC 60840,110kV cable as per IEC 60840,cable as per IEC 60840
RFP_1808,FR 1.1kV 2C 95 sqmm Al EPR armoured cable as per BS 5467,1.1kV Al EPR armoured cable,1.1kV EPR cable,EPR cable
RFP_1809,FRLS 300V 10C 0.5 sqmm Cu XLPE armoured cable as per BS 5308-1,300V 10C 0.5 sqmm XLPE cable,300V 0.5 sqmm cable,300V cable
RFP_1810,ZH 22kV 3C 150 sqmm Cu XLPE armoured cable as per IEC 60502-2,22kV 150 sqmm armoured cable as per IEC 60502-2,22kV armoured cable,armoured cable
RFP_1811,FRLS 1.1kV 5C 2.5 sqmm Cu PVC armoured cable as per IEC 60502-1,FRLS 2.5 sqmm PVC armoured cable,FRLS 2.5 sqmm cable,2.5 sqmm cable
RFP_1812,Fire Survival 1.1kV 2C 10 sqmm Cu XLPE armoured cable as per IEC 60331,Fire Survival 2C Cu cable as per IEC 60331,Fire Survival Cu cable,Cu cable
RFP_1813,Fire Survival 1.1kV 3C 70 sqmm Cu XLPE armoured cable as per IS 17048,Fire Survival 70 sqmm XLPE armoured cable,Fire Survival armoured cable,Fire Survival cable
RFP_1814,FR 1.1kV 7C 4 sqmm Cu PVC armoured cable as per IS 1554,1.1kV Cu PVC cable as per IS 1554,Cu PVC cable,PVC cable
RFP_1815,ZH 440V 4C 800 sqmm Al XLPE armoured cable as per IEC 60502-1,ZH 4C 800 sqmm cable as per IEC 60502-1,4C cable as per IEC 60502-1,cable as per IEC 60502-1
RFP_1816,600V 3C 240 sqmm Al PVC armoured cable as per IEC 60502-1,3C 240 sqmm armoured cable as per IEC 60502-1,240 sqmm armoured cable,240 sqmm cable
RFP_1817,FRLS 500V 12C 1.5 sqmm Cu XLPE armoured cable as per IEC 60502-1,FRLS Cu armoured cable as per IEC 60502-1,FRLS cable as per IEC 60502-1,cable as per IEC 60502-1
RFP_1818,ZH 132kV 1C 400 sqmm Al XLPE armoured cable as per IEC 60840,ZH Al XLPE armoured cable,ZH armoured cable,ZH cable
RFP_1819,FRLS 500V 24C 6 sqmm Cu PVC armoured cable as per IS 1554,FRLS Cu PVC armoured cable,FRLS PVC cable,FRLS cable
RFP_1820,500V 4C 35 sqmm Cu PVC armoured cable as per IEC 60245,4C Cu PVC cable as per IEC 60245,PVC cable as per IEC 60245,cable as per IEC 60245
RFP_1821,FRLS 500V 1C 1 sqmm Cu XLPE armoured cable as per IEC 60502-1,Cu XLPE armoured cable as per IEC 60502-1,XLPE cable as per IEC 60502-1,XLPE cable
RFP_1822,FR 440V 1C 16 sqmm Cu XLPE armoured cable as per IEC 60502-1,FR 16 sqmm armoured cable as per IEC 60502-1,armoured cable as per IEC 60502-1,armoured cable
RFP_1823,FRLS 440V 16C 1 sqmm Cu XLPE armoured cable as per IS 694,FRLS 440V 16C 1 sqmm cable,FRLS 1 sqmm cable,1 sqmm cable
RFP_1824,FR 11kV 3C 185 sqmm Cu XLPE armoured cable as per IS 7098-1,FR 11kV 3C Cu cable,3C Cu cable,3C cable
RFP_1825,FRLS 440V 4C 2.5 sqmm Al XLPE armoured cable as per IS 1554,440V 4C Al cable as per IS 1554,440V cable as per IS 1554,cable as per IS 1554
RFP_1826,FR 1.1kV 2C 0.5 sqmm Cu PVC armoured cable as per IEC 60502-1,FR 1.1kV Cu cable as per IEC 60502-1,FR Cu cable,Cu cable
RFP_1827,FR 440V 24C 1.5 sqmm Cu PVC armoured cable as per IS 694,FR Cu armoured cable as per IS 694,FR cable as per IS 694,cable as per IS 694
RFP_1828,LSZH 1.1kV 4C 0.75 sqmm Cu PVC armoured cable as per IS 1554,LSZH Cu PVC cable as per IS 1554,Cu PVC cable,Cu cable
RFP_1829,FRLS 500V 4C 2.5 sqmm Cu PVC armoured cable as per IEC 60502-1,FRLS 500V 4C 2.5 sqmm cable,FRLS 500V cable,FRLS cable
RFP_1830,300V 8C 2.5 sqmm Cu PVC armoured cable as per IEC 60502-1,300V 2.5 sqmm Cu armoured cable,300V Cu cable,Cu cable
RFP_1831,FR 300V 6C 1 sqmm Cu PVC armoured cable as per IEC 60502-1,6C Cu PVC armoured cable,6C PVC cable,PVC cable
RFP_1832,440V 30C 1.5 sqmm Cu XLPE armoured cable as per IS 1554,440V XLPE armoured cable as per IS 1554,armoured cable as per IS 1554,cable as per IS 1554
RFP_1833,FRLS 1.1kV 2C 2.5 sqmm Cu XLPE armoured cable as per IS 1554,FRLS 1.1kV 2C 2.5 sqmm cable,FRLS 1.1kV cable,FRLS cable
RFP_1834,FR 440V 24C 1 sqmm Cu PVC armoured cable as per IS 1554,FR 24C Cu armoured cable,24C Cu cable,Cu cable
RFP_1835,66kV 1C 400 sqmm Cu XLPE armoured cable as per IS 7098-3,66kV Cu XLPE cable as per IS 7098-3,Cu cable as per IS 7098-3,cable as per IS 7098-3
RFP_1836,LSZH 66kV 1C 1000 sqmm Cu XLPE armoured cable as per IEC 60840,LSZH 1C armoured cable as per IEC 60840,LSZH 1C cable,1C cable
RFP_1837,FRLS 132kV 1C 400 sqmm Al XLPE armoured cable as per IEC 60840,132kV 1C Al XLPE cable,132kV XLPE cable,XLPE cable
RFP_1838,LSZH 440V 30C 2.5 sqmm Cu XLPE armoured cable as per IS 1554,LSZH 440V Cu XLPE cable,440V Cu cable,Cu cable
RFP_1839,FR 500V 8C 4 sqmm Cu PVC armoured cable as per IEC 60502-1,FR 500V PVC armoured cable,FR 500V cable,500V cable
RFP_1840,LSZH 11kV 3C 150 sqmm Cu XLPE armoured cable as per IEC 60502-1,LSZH 3C Cu XLPE cable,3C XLPE cable,XLPE cable
RFP_1841,LSZH 1.1kV 2C 2.5 sqmm Cu XLPE armoured cable as per BS 5308,LSZH 1.1kV armoured cable as per BS 5308,armoured cable as per BS 5308,cable as per BS 5308
RFP_1842,LSZH 132kV 1C 240 sqmm Al XLPE armoured cable as per IEC 60840,1C 240 sqmm XLPE armoured cable,240 sqmm armoured cable,armoured cable
RFP_1843,LSZH 3.3kV 3C 120 sqmm Cu EPR armoured cable as per IS 7098-1,LSZH 3C 120 sqmm Cu cable,120 sqmm Cu cable,120 sqmm cable
RFP_1844,LSZH 1.1kV 16C 1 sqmm Cu XLPE armoured cable as per BS 5308-1,1.1kV 16C armoured cable as per BS 5308-1,1.1kV armoured cable,armoured cable
RFP_1845,Fire Survival 440V 4C 16 sqmm Cu Mineral (MI) armoured cable as per BS 6387,Fire Survival 440V 4C 16 sqmm Mineral (MI) cable,Fire Survival 440V Mineral (MI) cable,440V Mineral (MI) cable
RFP_1846,300V 1C 2.5 sqmm Cu PVC armoured cable as per BS 5308-1,1C Cu armoured cable as per BS 5308-1,1C armoured cable,1C cable
RFP_1847,ZH 440V 1C 0.75 sqmm Cu XLPE armoured cable as per IS 694,440V 1C 0.75 sqmm cable as per IS 694,440V cable as per IS 694,cable as per IS 694
RFP_1848,FR 1.1kV 19C 6 sqmm Cu PVC armoured cable as per IS 1554,1.1kV 6 sqmm PVC cable as per IS 1554,PVC cable as per IS 1554,PVC cable
RFP_1849,LSZH 600V 3.5C 16 sqmm Cu XLPE armoured cable as per IEC 60502-1,3.5C 16 sqmm XLPE armoured cable,3. XLPE armoured cable,3. armoured cable
RFP_1850,FR 1.1kV 27C 6 sqmm Cu PVC armoured cable as per IS 1554,1.1kV 6 sqmm PVC cable as per IS 1554,1.1kV cable as per IS 1554,1.1kV cable
RFP_1851,FR 500V 14C 4 sqmm Cu PVC armoured cable as per IS 1554,FR 500V PVC armoured cable,FR PVC cable,PVC cable
RFP_1852,1.1kV 24C 1 sqmm Cu PVC armoured cable as per BS 5308,1 sqmm Cu PVC armoured cable,Cu armoured cable,armoured cable
RFP_1853,ZH 11kV 1C 240 sqmm Al XLPE armoured cable as per IEC 60502-1,ZH 11kV 240 sqmm Al cable,11kV Al cable,11kV cable
RFP_1854,500V 4C 0.75 sqmm Cu PVC armoured cable as per IEC 60502-1,4C Cu PVC cable as per IEC 60502-1,4C cable as per IEC 60502-1,cable as per IEC 60502-1
RFP_1855,FRLS 1.1kV 30C 4 sqmm Cu PVC armoured cable as per IS 1554,FRLS 30C 4 sqmm cable as per IS 1554,4 sqmm cable as per IS 1554,4 sqmm cable
RFP_1856,ZH 33kV 1C 240 sqmm Cu XLPE armoured cable as per IS 7098-2,1C 240 sqmm Cu cable as per IS 7098-2,1C cable as per IS 7098-2,cable as per IS 7098-2
RFP_1857,LSZH 3.3kV 1C 150 sqmm Al XLPE armoured cable as per IS 7098-1,LSZH Al XLPE armoured cable,LSZH XLPE cable,XLPE cable
RFP_1858,LSZH 500V 12C 1.5 sqmm Cu XLPE armoured cable as per BS 5308-1,500V 12C 1.5 sqmm cable as per BS 5308-1,500V 12C cable,12C cable
RFP_1859,LSZH 440V 4C 25 sqmm Al XLPE armoured cable as per IEC 60502-1,LSZH 440V 4C 25 sqmm cable,440V 4C cable,440V cable
RFP_1860,440V 30C 6 sqmm Cu PVC armoured cable as per IS 1554,440V 30C PVC armoured cable,PVC armoured cable,PVC cable
RFP_1861,1.1kV 5C 35 sqmm Cu PVC armoured cable as per IS 9968,1.1kV Cu PVC cable as per IS 9968,1.1kV cable as per IS 9968,1.1kV cable
RFP_1862,FR 300V 12C 1.5 sqmm Cu XLPE armoured cable as per IEC 60502-1,300V 12C 1.5 sqmm cable as per IEC 60502-1,12C cable as per IEC 60502-1,12C cable
RFP_1863,ZH 500V 3C 6 sqmm Cu XLPE armoured cable as per IEC 60502-1,ZH 6 sqmm Cu cable as per IEC 60502-1,Cu cable as per IEC 60502-1,cable as per IEC 60502-1
RFP_1864,LSZH 1.1kV 4C 0.75 sqmm Cu PVC armoured cable as per IS 1554,LSZH 1.1kV 0.75 sqmm armoured cable,0.75 sqmm armoured cable,0.75 sqmm cable
RFP_1865,FR 300V 20C 2.5 sqmm Cu PVC armoured cable as per IEC 60502-1,20C 2.5 sqmm Cu cable as per IEC 60502-1,Cu cable as per IEC 60502-1,Cu cable
RFP_1866,FRLS 500V 1C 2.5 sqmm Cu XLPE armoured cable as per BS 5308-1,2.5 sqmm Cu XLPE cable as per BS 5308-1,2.5 sqmm Cu cable,Cu cable
RFP_1867,LSZH 132kV 1C 630 sqmm Cu XLPE armoured cable as per IEC 60840,LSZH Cu armoured cable as per IEC 60840,Cu armoured cable,Cu cable
RFP_1868,FRLS 500V 1C 10 sqmm Cu PVC armoured cable as per IS 694,FRLS 10 sqmm PVC armoured cable,10 sqmm PVC cable,PVC cable
RFP_1869,1.1kV 7C 2.5 sqmm Cu PVC armoured cable as per IEC 60502-1,1.1kV 2.5 sqmm Cu PVC cable,1.1kV Cu cable,1.1kV cable
RFP_1870,Fire Survival 440V 3C 35 sqmm Cu XLPE armoured cable as per BS 6387,Fire Survival 440V XLPE cable as per BS 6387,Fire Survival cable as per BS 6387,Fire Survival cable
RFP_1871,FRLS 11kV 1C 400 sqmm Al EPR armoured cable as per IEC 60502-1,FRLS 11kV 1C EPR cable,FRLS 11kV cable,11kV cable
RFP_1872,LSZH 500V 30C 1.5 sqmm Cu PVC armoured cable as per IS 1554,30C 1.5 sqmm armoured cable as per IS 1554,1.5 sqmm armoured cable,armoured cable
RFP_1873,500V 6C 0.75 sqmm Cu XLPE armoured cable as per IEC 60502-1,500V 6C 0.75 sqmm armoured cable,500V 0.75 sqmm cable,500V cable
RFP_1874,LSZH 500V 6C 1.5 sqmm Cu XLPE armoured cable as per IEC 60502-1,500V 6C Cu cable as per IEC 60502-1,500V 6C cable,500V cable
RFP_1875,FR 1.1kV 19C 2.5 sqmm Cu PVC armoured cable as per BS 5308,FR 1.1kV armoured cable as per BS 5308,1.1kV cable as per BS 5308,1.1kV cable
RFP_1876,440V 10C 6 sqmm Cu XLPE armoured cable as per IS 1554,440V 6 sqmm XLPE cable as per IS 1554,440V 6 sqmm cable,6 sqmm cable
RFP_1877,1.1kV 1C 400 sqmm Al PVC armoured cable as per IEC 60502-1,1.1kV 1C 400 sqmm PVC cable,1.1kV PVC cable,1.1kV cable
RFP_1878,FR 440V 16C 4 sqmm Cu PVC armoured cable as per IS 694,FR 440V Cu armoured cable,FR 440V cable,FR cable
RFP_1879,FR 500V 8C 2.5 sqmm Cu XLPE armoured cable as per IEC 60502-1,FR 8C 2.5 sqmm cable as per IEC 60502-1,2.5 sqmm cable as per IEC 60502-1,cable as per IEC 60502-1
RFP_1880,FRLS 440V 6C 6 sqmm Cu PVC armoured cable as per IS 694,440V 6 sqmm Cu armoured cable,440V Cu cable,440V cable
RFP_1881,LSZH 66kV 1C 500 sqmm Al XLPE armoured cable as per IS 7098-3,66kV 500 sqmm armoured cable as per IS 7098-3,66kV cable as per IS 7098-3,66kV cable
RFP_1882,ZH 1.1kV 1C 2.5 sqmm Cu PVC armoured cable as per IS 9968,ZH 1C Cu cable as per IS 9968,ZH cable as per IS 9968,cable as per IS 9968
RFP_1883,FRLS 1.1kV 4C 1.5 sqmm Cu PVC armoured cable as per BS 5308,FRLS 1.1kV 4C PVC cable,FRLS PVC cable,PVC cable
RFP_1884,FR 500V 27C 1 sqmm Cu XLPE armoured cable as per IS 1554,FR 500V 27C 1 sqmm cable,27C 1 sqmm cable,27C cable
RFP_1885,LSZH 66kV 1C 240 sqmm Al XLPE armoured cable as per IEC 60840,1C Al XLPE armoured cable,XLPE armoured cable,XLPE cable
RFP_1886,500V 5C 1.5 sqmm Cu PVC armoured cable as per IEC 60502-1,5C Cu armoured cable as per IEC 60502-1,armoured cable as per IEC 60502-1,armoured cable
RFP_1887,FRLS 440V 5C 1.5 sqmm Cu PVC armoured cable as per IS 1554,5C 1.5 sqmm Cu PVC cable,5C 1.5 sqmm cable,5C cable
RFP_1888,500V 3C 35 sqmm Cu PVC armoured cable as per IEC 60245,500V PVC armoured cable as per IEC 60245,PVC cable as per IEC 60245,cable as per IEC 60245
RFP_1889,FRLS 1.1kV 10C 1.5 sqmm Cu PVC armoured cable as per IEC 60502-1,1.1kV 1.5 sqmm Cu cable as per IEC 60502-1,Cu cable as per IEC 60502-1,Cu cable
RFP_1890,FR 300V 24C 2.5 sqmm Cu PVC armoured cable as per BS 5308-1,300V 2.5 sqmm armoured cable as per BS 5308-1,300V cable as per BS 5308-1,cable as per BS 5308-1
RFP_1891,500V 2C 1.5 sqmm Cu PVC armoured cable as per IS 1554,500V 2C Cu PVC cable,500V 2C cable,2C cable
RFP_1892,FRLS 440V 30C 1 sqmm Cu PVC armoured cable as per IS 1554,FRLS 30C armoured cable as per IS 1554,FRLS 30C cable,FRLS cable
RFP_1893,Fire Survival 440V 4C 1.5 sqmm Cu Mineral (MI) armoured cable as per IEC 60331,440V 4C 1.5 sqmm Cu Mineral (MI) cable,4C 1.5 sqmm Mineral (MI) cable,4C Mineral (MI) cable
RFP_1894,1.1kV 12C 6 sqmm Cu XLPE armoured cable as per IS 1554,1.1kV 6 sqmm XLPE armoured cable,6 sqmm armoured cable,6 sqmm cable
RFP_1895,LSZH 500V 5C 1 sqmm Cu XLPE armoured cable as per IEC 60502-1,LSZH XLPE armoured cable as per IEC 60502-1,LSZH XLPE cable,LSZH cable
RFP_1896,440V 7C 2.5 sqmm Cu PVC armoured cable as per IS 1554,2.5 sqmm Cu PVC cable as per IS 1554,2.5 sqmm PVC cable,PVC cable
RFP_1897,1.1kV 3C 6 sqmm Cu XLPE armoured cable as per IS 9968,1.1kV 3C XLPE armoured cable,XLPE armoured cable,XLPE cable
RFP_1898,LSZH 300V 8C 2.5 sqmm Cu PVC armoured cable as per IEC 60502-1,LSZH 8C Cu armoured cable,LSZH Cu cable,Cu cable
RFP_1899,Fire Survival 440V 1C 35 sqmm Cu Mineral (MI) armoured cable as per BS 6387,440V 1C 35 sqmm Mineral (MI) armoured cable,1C Mineral (MI) armoured cable,Mineral (MI) armoured cable
RFP_1900,FRLS 500V 27C 4 sqmm Cu PVC armoured cable as per IEC 60502-1,500V 27C Cu cable as per IEC 60502-1,27C cable as per IEC 60502-1,cable as per IEC 60502-1
RFP_1901,LSZH 500V 5C 1.5 sqmm Cu XLPE armoured cable as per IS 1554,500V Cu XLPE armoured cable,XLPE armoured cable,XLPE cable
RFP_1902,500V 27C 1.5 sqmm Cu XLPE armoured cable as per IS 1554,500V Cu armoured cable as per IS 1554,armoured cable as per IS 1554,armoured cable
RFP_1903,FRLS 600V 4C 300 sqmm Cu PVC armoured cable as per IEC 60502-1,600V 4C 300 sqmm Cu cable,600V Cu cable,600V cable
RFP_1904,FR 300V 20C 0.5 sqmm Cu PVC armoured cable as per IEC 60502-1,20C 0.5 sqmm PVC armoured cable,20C armoured cable,armoured cable
RFP_1905,FR 500V 2C 50 sqmm Cu PVC armoured cable as per IEC 60245,500V 50 sqmm Cu PVC cable,500V Cu cable,Cu cable
RFP_1906,1.1kV 3C 25 sqmm Cu PVC armoured cable as per IS 9968,1.1kV PVC armoured cable as per IS 9968,armoured cable as per IS 9968,armoured cable
RFP_1907,ZH 11kV 1C 95 sqmm Al EPR armoured cable as per IEC 60502-1,11kV 1C 95 sqmm armoured cable,95 sqmm armoured cable,armoured cable
RFP_1908,Fire Survival 1.1kV 1C 35 sqmm Cu XLPE armoured cable as per IEC 60331,Fire Survival 1C 35 sqmm XLPE cable,35 sqmm XLPE cable,35 sqmm cable
RFP_1909,LSZH 500V 6C 0.5 sqmm Cu XLPE armoured cable as per BS 5308-1,500V 0.5 sqmm Cu XLPE cable,Cu XLPE cable,Cu cable
RFP_1910,22kV 1C 95 sqmm Cu XLPE armoured cable as per IEC 60502-2,1C 95 sqmm Cu XLPE cable,95 sqmm Cu cable,95 sqmm cable
RFP_1911,440V 19C 6 sqmm Cu XLPE armoured cable as per IS 1554,19C Cu armoured cable as per IS 1554,19C armoured cable,armoured cable
RFP_1912,500V 19C 6 sqmm Cu XLPE armoured cable as per IS 1554,19C Cu XLPE armoured cable,19C armoured cable,armoured cable
RFP_1913,FR 1.1kV 4C 1 sqmm Cu XLPE armoured cable as per IS 1554,4C Cu XLPE cable as per IS 1554,4C cable as per IS 1554,cable as per IS 1554
RFP_1914,LSZH 1.1kV 2C 500 sqmm Al EPR armoured cable as per IEC 60502-1,LSZH 2C 500 sqmm EPR cable,2C 500 sqmm cable,2C cable
RFP_1915,1.1kV 3C 1.5 sqmm Cu XLPE armoured cable as per IEC 60502-1,1.1kV 3C Cu armoured cable,3C armoured cable,armoured cable
RFP_1916,LSZH 600V 3.5C 4 sqmm Al XLPE armoured cable as per IS 694,3. 4 sqmm XLPE armoured cable as per IS 694,3. armoured cable as per IS 694,3. cable as per IS 694
RFP_1917,ZH 11kV 1C 240 sqmm Cu XLPE armoured cable as per IEC 60502-1,ZH 240 sqmm Cu cable as per IEC 60502-1,240 sqmm Cu cable,Cu cable
RFP_1918,FRLS 300V 12C 1.5 sqmm Cu XLPE armoured cable as per BS 5308-1,FRLS 300V XLPE cable as per BS 5308-1,FRLS 300V cable,300V cable
RFP_1919,Fire Survival 440V 3C 120 sqmm Cu Mineral (MI) armoured cable as per IEC 60331,3C Cu Mineral (MI) armoured cable as per IEC 60331,3C Mineral (MI) armoured cable,3C Mineral (MI) cable
RFP_1920,33kV 1C 95 sqmm Cu XLPE armoured cable as per IEC 60502-2,33kV 1C 95 sqmm armoured cable,33kV armoured cable,armoured cable
RFP_1921,Fire Survival 440V 4C 16 sqmm Cu XLPE armoured cable as per IEC 60331,Fire Survival 440V 4C cable as per IEC 60331,440V 4C cable,4C cable
RFP_1922,FR 220kV 1C 400 sqmm Al XLPE armoured cable as per IEC 62067,1C XLPE armoured cable as per IEC 62067,1C armoured cable,1C cable
RFP_1923,FRLS 440V 12C 1 sqmm Cu XLPE armoured cable as per IS 694,1 sqmm Cu XLPE armoured cable,Cu armoured cable,Cu cable
RFP_1924,FRLS 300V 8C 0.5 sqmm Cu PVC armoured cable as per IEC 60502-1,FRLS 8C PVC cable as per IEC 60502-1,FRLS 8C cable,FRLS cable
RFP_1925,ZH 22kV 3C 50 sqmm Cu XLPE armoured cable as per IS 7098-2,ZH 22kV Cu XLPE cable,ZH 22kV cable,22kV cable
RFP_1926,300V 4C 1 sqmm Cu PVC armoured cable as per BS 5308-1,300V 4C 1 sqmm PVC cable,4C PVC cable,PVC cable
RFP_1927,1.1kV 3C 1 sqmm Cu XLPE armoured cable as per IS 9968,1.1kV 1 sqmm Cu armoured cable,1 sqmm armoured cable,armoured cable
RFP_1928,1.1kV 3C 95 sqmm Al XLPE armoured cable as per IS 1554,95 sqmm Al XLPE armoured cable,Al armoured cable,Al cable
RFP_1929,600V 1C 300 sqmm Al XLPE armoured cable as per IEC 60502-1,1C 300 sqmm armoured cable as per IEC 60502-1,300 sqmm armoured cable,300 sqmm cable
RFP_1930,Fire Survival 440V 2C 6 sqmm Cu XLPE armoured cable as per IEC 60331,440V Cu XLPE armoured cable,Cu armoured cable,Cu cable
RFP_1931,Fire Survival 1.1kV 2C 95 sqmm Cu Mineral (MI) armoured cable as per IEC 60331,1.1kV 2C 95 sqmm Mineral (MI) armoured cable,95 sqmm Mineral (MI) armoured cable,Mineral (MI) armoured cable
RFP_1932,FR 1.1kV 8C 0.75 sqmm Cu XLPE armoured cable as per IEC 60502-1,FR 1.1kV 8C cable as per IEC 60502-1,8C cable as per IEC 60502-1,8C cable
RFP_1933,FR 500V 6C 0.5 sqmm Cu XLPE armoured cable as per BS 5308-1,500V 0.5 sqmm Cu XLPE cable,500V XLPE cable,500V cable
RFP_1934,FRLS 3.3kV 3C 150 sqmm Al XLPE armoured cable as per IEC 60502-1,3.3kV 3C Al armoured cable,3.3kV 3C cable,3C cable
RFP_1935,FR 600V 3.5C 185 sqmm Cu XLPE armoured cable as per IEC 60502-1,FR 600V 3. 185 sqmm cable as per IEC 60502-1,FR 600V 3. cable,600V 3. cable
RFP_1936,LSZH 1.1kV 8C 1.5 sqmm Cu XLPE armoured cable as per BS 5308,1.5 sqmm Cu XLPE cable as per BS 5308,1.5 sqmm cable as per BS 5308,cable as per BS 5308
RFP_1937,500V 20C 0.75 sqmm Cu XLPE armoured cable as per BS 5308-1,500V 20C Cu cable as per BS 5308-1,500V Cu cable,500V cable
RFP_1938,LSZH 11kV 3C 300 sqmm Al EPR armoured cable as per IS 7098-1,11kV 300 sqmm EPR cable as per IS 7098-1,300 sqmm EPR cable,300 sqmm cable
RFP_1939,FR 440V 12C 6 sqmm Cu XLPE armoured cable as per IS 1554,440V Cu XLPE armoured cable,440V armoured cable,440V cable
RFP_1940,FR 500V 3.5C 16 sqmm Cu PVC armoured cable as per IS 1554,500V 3.5C 16 sqmm PVC cable,500V 3.5C cable,3.5C cable
RFP_1941,Fire Survival 440V 4C 50 sqmm Cu XLPE armoured cable as per BS 6387,Fire Survival 440V 50 sqmm XLPE cable,440V 50 sqmm cable,50 sqmm cable
RFP_1942,FR 440V 3C 4 sqmm Cu PVC armoured cable as per IS 1554,FR 440V 4 sqmm armoured cable,4 sqmm armoured cable,4 sqmm cable
RFP_1943,FR 1.1kV 1C 1 sqmm Cu XLPE armoured cable as per IEC 60502-1,FR 1C Cu cable as per IEC 60502-1,FR Cu cable,FR cable
RFP_1944,1.1kV 12C 2.5 sqmm Cu PVC armoured cable as per IS 1554,1.1kV 12C Cu armoured cable,12C Cu cable,Cu cable
RFP_1945,500V 3C 1.5 sqmm Cu PVC armoured cable as per IS 1554,500V 3C PVC cable as per IS 1554,3C cable as per IS 1554,cable as per IS 1554
RFP_1946,FR 1.1kV 10C 1 sqmm Cu XLPE armoured cable as per IS 1554,10C 1 sqmm XLPE cable as per IS 1554,1 sqmm cable as per IS 1554,cable as per IS 1554
RFP_1947,FRLS 300V 12C 0.75 sqmm Cu PVC armoured cable as per IEC 60502-1,0.75 sqmm PVC armoured cable as per IEC 60502-1,0.75 sqmm PVC cable,0.75 sqmm cable
RFP_1948,500V 14C 1 sqmm Cu XLPE armoured cable as per IEC 60502-1,500V 14C 1 sqmm XLPE cable,1 sqmm XLPE cable,XLPE cable
RFP_1949,FRLS 440V 5C 2.5 sqmm Cu PVC armoured cable as per IS 9968,440V 5C 2.5 sqmm cable as per IS 9968,440V 5C cable,440V cable
RFP_1950,ZH 220kV 1C 400 sqmm Al XLPE armoured cable as per IEC 62067,ZH 1C 400 sqmm armoured cable,1C armoured cable,armoured cable
RFP_1951,ZH 3.3kV 1C 300 sqmm Al XLPE armoured cable as per IEC 60502-1,ZH 1C Al cable as per IEC 60502-1,ZH 1C cable,ZH cable
RFP_1952,FRLS 1.1kV 6C 2.5 sqmm Cu PVC armoured cable as per IS 1554,6C Cu PVC cable as per IS 1554,PVC cable as per IS 1554,cable as per IS 1554
RFP_1953,FR 3.3kV 1C 150 sqmm Cu XLPE armoured cable as per IS 7098-1,FR 1C Cu cable as per IS 7098-1,Cu cable as per IS 7098-1,cable as per IS 7098-1
RFP_1954,FR 1.1kV 4C 1 sqmm Cu XLPE armoured cable as per IEC 60502-1,1.1kV 1 sqmm armoured cable as per IEC 60502-1,armoured cable as per IEC 60502-1,cable as per IEC 60502-1
RFP_1955,Fire Survival 1.1kV 4C 2.5 sqmm Cu XLPE armoured cable as per IEC 60331,Cu XLPE armoured cable as per IEC 60331,armoured cable as per IEC 60331,cable as per IEC 60331
RFP_1956,FRLS 33kV 3C 185 sqmm Cu XLPE armoured cable as per IS 7098-2,FRLS 33kV 185 sqmm Cu cable,33kV Cu cable,Cu cable
RFP_1957,FRLS 1.1kV 8C 0.75 sqmm Cu PVC armoured cable as per IEC 60502-1,8C 0.75 sqmm Cu armoured cable,0.75 sqmm Cu cable,Cu cable
RFP_1958,FRLS 400kV 1C 300 sqmm Al XLPE armoured cable as per IEC 62067,1C 300 sqmm XLPE cable as per IEC 62067,1C 300 sqmm cable,300 sqmm cable
RFP_1959,LSZH 11kV 1C 400 sqmm Cu XLPE armoured cable as per IS 7098-1,11kV 1C Cu cable as per IS 7098-1,11kV cable as per IS 7098-1,cable as per IS 7098-1
RFP_1960,LSZH 500V 2C 0.75 sqmm Cu XLPE armoured cable as per IEC 60502-1,LSZH 500V 2C cable as per IEC 60502-1,500V 2C cable,500V cable
RFP_1961,Fire Survival 1.1kV 4C 25 sqmm Cu XLPE armoured cable as per IEC 60331,1.1kV 4C XLPE armoured cable,1.1kV XLPE cable,1.1kV cable
RFP_1962,FRLS 6.6kV 3C 95 sqmm Al EPR armoured cable as per IS 7098-1,FRLS 95 sqmm EPR cable as per IS 7098-1,FRLS 95 sqmm cable,95 sqmm cable
RFP_1963,LSZH 1.1kV 24C 2.5 sqmm Cu PVC armoured cable as per BS 5308-1,1.1kV 2.5 sqmm PVC armoured cable,1.1kV armoured cable,1.1kV cable
RFP_1964,440V 7C 4 sqmm Cu XLPE armoured cable as per IS 694,440V Cu armoured cable as per IS 694,440V Cu cable,Cu cable
RFP_1965,FR 440V 4C 1 sqmm Cu XLPE armoured cable as per IEC 60245,FR 440V armoured cable as per IEC 60245,440V armoured cable,armoured cable
RFP_1966,400kV 1C 185 sqmm Cu XLPE armoured cable as per IEC 62067,400kV 185 sqmm Cu armoured cable,185 sqmm armoured cable,185 sqmm cable
RFP_1967,Fire Survival 440V 1C 10 sqmm Cu XLPE armoured cable as per IEC 60331,440V 1C Cu XLPE cable,1C XLPE cable,1C cable
RFP_1968,Fire Survival 440V 3C 95 sqmm Cu XLPE armoured cable as per IEC 60331,Fire Survival XLPE armoured cable as per IEC 60331,Fire Survival XLPE cable,XLPE cable
RFP_1969,FR 1.1kV 3C 1 sqmm Cu PVC armoured cable as per BS 5308,3C 1 sqmm Cu armoured cable,3C Cu cable,3C cable
RFP_1970,33kV 3C 400 sqmm Cu XLPE armoured cable as per IEC 60502-2,3C 400 sqmm XLPE cable as per IEC 60502-2,XLPE cable as per IEC 60502-2,XLPE cable
RFP_1971,FR 500V 4C 240 sqmm Al XLPE armoured cable as per IEC 60502-1,4C 240 sqmm Al cable as per IEC 60502-1,240 sqmm Al cable,240 sqmm cable
RFP_1972,ZH 440V 2C 240 sqmm Al PVC armoured cable as per IS 694,440V Al armoured cable as per IS 694,armoured cable as per IS 694,armoured cable
RFP_1973,FRLS 132kV 1C 1000 sqmm Cu XLPE armoured cable as per IEC 60840,FRLS 1000 sqmm Cu XLPE cable,FRLS XLPE cable,FRLS cable
RFP_1974,440V 2C 6 sqmm Cu XLPE armoured cable as per IEC 60245,440V 6 sqmm armoured cable as per IEC 60245,440V armoured cable,armoured cable
RFP_1975,FRLS 22kV 1C 95 sqmm Al XLPE armoured cable as per IEC 60502-2,22kV 1C XLPE cable as per IEC 60502-2,XLPE cable as per IEC 60502-2,cable as per IEC 60502-2
RFP_1976,FR 500V 20C 1.5 sqmm Cu XLPE armoured cable as per IEC 60502-1,FR 20C Cu cable as per IEC 60502-1,Cu cable as per IEC 60502-1,Cu cable
RFP_1977,Fire Survival 1.1kV 1C 70 sqmm Cu XLPE armoured cable as per IS 17048,1.1kV 1C Cu XLPE cable,1.1kV 1C cable,1C cable
RFP_1978,FRLS 440V 14C 1.5 sqmm Cu PVC armoured cable as per IS 694,14C 1.5 sqmm Cu armoured cable,14C armoured cable,14C cable
RFP_1979,FRLS 440V 3C 4 sqmm Cu XLPE armoured cable as per IS 1554,FRLS 3C Cu armoured cable,FRLS 3C cable,3C cable
RFP_1980,LSZH 500V 3C 1 sqmm Cu XLPE armoured cable as per IEC 60502-1,LSZH XLPE armoured cable as per IEC 60502-1,armoured cable as per IEC 60502-1,armoured cable
RFP_1981,FRLS 500V 5C 2.5 sqmm Cu PVC armoured cable as per IS 1554,5C Cu PVC cable as per IS 1554,Cu PVC cable,PVC cable
RFP_1982,300V 8C 1 sqmm Cu PVC armoured cable as per BS 5308-1,Cu PVC armoured cable as per BS 5308-1,Cu armoured cable,Cu cable
RFP_1983,ZH 132kV 1C 400 sqmm Cu XLPE armoured cable as per IEC 60840,ZH 400 sqmm XLPE cable as per IEC 60840,400 sqmm cable as per IEC 60840,cable as per IEC 60840
RFP_1984,1.1kV 7C 2.5 sqmm Cu XLPE armoured cable as per IS 1554,1.1kV 2.5 sqmm Cu XLPE cable,1.1kV XLPE cable,XLPE cable
RFP_1985,FRLS 22kV 3C 95 sqmm Al XLPE armoured cable as per IS 7098-2,FRLS 3C 95 sqmm XLPE cable,3C 95 sqmm cable,95 sqmm cable
RFP_1986,220kV 1C 630 sqmm Cu XLPE armoured cable as per IEC 62067,220kV Cu XLPE cable as per IEC 62067,220kV Cu cable,220kV cable
RFP_1987,FR 1.1kV 6C 1 sqmm Cu XLPE armoured cable as per IS 1554,FR 1.1kV 1 sqmm armoured cable,FR armoured cable,FR cable
RFP_1988,LSZH 3.3kV 3C 50 sqmm Cu XLPE armoured cable as per IS 7098-1,LSZH 50 sqmm Cu cable as per IS 7098-1,Cu cable as per IS 7098-1,cable as per IS 7098-1
RFP_1989,FR 600V 1C 300 sqmm Cu PVC armoured cable as per IEC 60502-1,1C Cu PVC cable as per IEC 60502-1,Cu PVC cable,PVC cable
RFP_1990,FRLS 440V 24C 6 sqmm Cu PVC armoured cable as per IS 694,FRLS 24C armoured cable as per IS 694,24C cable as per IS 694,24C cable
RFP_1991,LSZH 1.1kV 6C 0.75 sqmm Cu XLPE armoured cable as per BS 5308-1,LSZH 1.1kV Cu XLPE cable,1.1kV XLPE cable,1.1kV cable
RFP_1992,1.1kV 4C 0.5 sqmm Cu XLPE armoured cable as per BS 5308-1,1.1kV 0.5 sqmm Cu cable as per BS 5308-1,0.5 sqmm Cu cable,Cu cable
RFP_1993,LSZH 500V 10C 2.5 sqmm Cu PVC armoured cable as per IEC 60502-1,10C 2.5 sqmm PVC armoured cable,10C 2.5 sqmm cable,2.5 sqmm cable
RFP_1994,500V 2C 0.75 sqmm Cu XLPE armoured cable as per IEC 60502-1,500V 2C 0.75 sqmm cable as per IEC 60502-1,2C cable as per IEC 60502-1,cable as per IEC 60502-1
RFP_1995,FRLS 500V 2C 4 sqmm Cu XLPE armoured cable as per IS 1554,FRLS 500V XLPE armoured cable,500V XLPE cable,500V cable
RFP_1996,LSZH 500V 10C 1.5 sqmm Cu PVC armoured cable as per BS 5308-1,500V PVC armoured cable as per BS 5308-1,PVC armoured cable,PVC cable
RFP_1997,FR 500V 1C 185 sqmm Cu PVC armoured cable as per IS 1554,FR 500V 185 sqmm Cu cable,185 sqmm Cu cable,185 sqmm cable
RFP_1998,440V 16C 4 sqmm Cu XLPE armoured cable as per IS 1554,Cu XLPE armoured cable as per IS 1554,armoured cable as per IS 1554,armoured cable
RFP_1999,1.1kV 2C 0.75 sqmm Cu PVC armoured cable as per BS 5308-1,2C Cu PVC cable as per BS 5308-1,Cu PVC cable,Cu cable
RFP_2000,440V 5C 1.5 sqmm Cu PVC armoured cable as per IS 9968,440V 5C Cu PVC cable,440V Cu cable,440V cable
RFP_2001,Fire Survival 1.1kV 2C 6 sqmm Cu XLPE armoured cable as per BS 6387,Fire Survival 6 sqmm XLPE armoured cable,Fire Survival XLPE cable,Fire Survival cable
RFP_2002,ZH 110kV 1C 300 sqmm Cu XLPE armoured cable as per IEC 60840,300 sqmm XLPE armoured cable as per IEC 60840,XLPE cable as per IEC 60840,cable as per IEC 60840
RFP_2003,LSZH 440V 14C 2.5 sqmm Cu XLPE armoured cable as per IS 694,LSZH 440V 14C 2.5 sqmm cable,LSZH 2.5 sqmm cable,2.5 sqmm cable
RFP_2004,300V 4C 1 sqmm Cu XLPE armoured cable as per BS 5308-1,300V 1 sqmm Cu cable as per BS 5308-1,1 sqmm Cu cable,1 sqmm cable
RFP_2005,500V 2C 16 sqmm Cu PVC armoured cable as per IS 694,2C Cu PVC armoured cable,Cu PVC cable,PVC cable
RFP_2006,LSZH 500V 8C 1.5 sqmm Cu PVC armoured cable as per BS 5308-1,1.5 sqmm Cu armoured cable as per BS 5308-1,Cu cable as per BS 5308-1,Cu cable
RFP_2007,FRLS 6.6kV 1C 240 sqmm Al XLPE armoured cable as per IS 7098-1,Al XLPE armoured cable as per IS 7098-1,Al XLPE cable,XLPE cable
RFP_2008,FR 500V 27C 1 sqmm Cu PVC armoured cable as per IS 1554,FR 500V PVC cable as per IS 1554,500V PVC cable,PVC cable
RFP_2009,FRLS 300V 8C 1 sqmm Cu PVC armoured cable as per IEC 60502-1,FRLS 1 sqmm Cu armoured cable,FRLS armoured cable,FRLS cable
RFP_2010,FR 1.1kV 2C 1.5 sqmm Cu PVC armoured cable as per IS 9968,Cu PVC armoured cable as per IS 9968,Cu cable as per IS 9968,Cu cable
RFP_2011,Fire Survival 440V 3C 2.5 sqmm Cu Mineral (MI) armoured cable as per BS 6387,Fire Survival 3C Cu Mineral (MI) armoured cable,3C Mineral (MI) armoured cable,Mineral (MI) armoured cable
RFP_2012,FR 300V 16C 1 sqmm Cu XLPE armoured cable as per IEC 60502-1,300V 16C XLPE cable as per IEC 60502-1,XLPE cable as per IEC 60502-1,XLPE cable
RFP_2013,FR 500V 1C 1.5 sqmm Cu PVC armoured cable as per BS 5308-1,500V 1C Cu PVC cable,Cu PVC cable,Cu cable
RFP_2014,ZH 500V 1C 1.5 sqmm Cu XLPE armoured cable as per IS 694,1C 1.5 sqmm Cu cable as per IS 694,1C cable as per IS 694,1C cable
RFP_2015,ZH 220kV 1C 800 sqmm Al XLPE armoured cable as per IEC 62067,ZH Al XLPE cable as per IEC 62067,ZH XLPE cable,XLPE cable
RFP_2016,FR 1.1kV 5C 10 sqmm Cu PVC armoured cable as per IEC 60502-1,1.1kV 5C PVC cable as per IEC 60502-1,5C cable as per IEC 60502-1,cable as per IEC 60502-1
RFP_2017,ZH 440V 1C 6 sqmm Cu XLPE armoured cable as per IEC 60245,440V 1C Cu armoured cable,440V 1C cable,1C cable
RFP_2018,ZH 500V 3C 16 sqmm Cu PVC armoured cable as per IS 694,ZH 500V Cu armoured cable,500V armoured cable,armoured cable
RFP_2019,LSZH 300V 2C 1 sqmm Cu XLPE armoured cable as per BS 5308-1,300V 2C Cu XLPE cable,2C XLPE cable,XLPE cable
RFP_2020,FR 440V 27C 1.5 sqmm Cu XLPE armoured cable as per IS 1554,FR 27C Cu cable as per IS 1554,FR cable as per IS 1554,FR cable
RFP_2021,FR 500V 10C 1 sqmm Cu PVC armoured cable as per BS 5308-1,FR Cu PVC armoured cable,FR PVC cable,FR cable
RFP_2022,500V 3C 4 sqmm Cu XLPE armoured cable as per IEC 60502-1,3C 4 sqmm armoured cable as per IEC 60502-1,4 sqmm cable as per IEC 60502-1,cable as per IEC 60502-1
RFP_2023,ZH 1.1kV 5C 35 sqmm Cu XLPE armoured cable as per IEC 60502-1,ZH 1.1kV XLPE armoured cable,ZH XLPE cable,XLPE cable
RFP_2024,500V 3C 1 sqmm Cu XLPE armoured cable as per IEC 60502-1,500V 3C XLPE armoured cable,XLPE armoured cable,armoured cable
RFP_2025,500V 3C 1.5 sqmm Al PVC armoured cable as per IS 694,500V 3C 1.5 sqmm armoured cable,500V armoured cable,armoured cable
RFP_2026,FR 6.6kV 3C 120 sqmm Al EPR armoured cable as per IS 7098-1,120 sqmm EPR armoured cable as per IS 7098-1,120 sqmm EPR cable,120 sqmm cable
RFP_2027,FRLS 1.1kV 7C 4 sqmm Cu PVC armoured cable as per IEC 60502-1,FRLS 4 sqmm Cu armoured cable,4 sqmm armoured cable,4 sqmm cable
RFP_2028,LSZH 440V 2C 1.5 sqmm Cu PVC armoured cable as per IS 1554,LSZH 2C PVC cable as per IS 1554,LSZH cable as per IS 1554,LSZH cable
RFP_2029,FRLS 500V 2C 1 sqmm Cu XLPE armoured cable as per BS 5308-1,FRLS 500V armoured cable as per BS 5308-1,500V armoured cable,armoured cable
RFP_2030,FRLS 1.1kV 27C 4 sqmm Cu PVC armoured cable as per BS 5308,1.1kV 4 sqmm PVC armoured cable,1.1kV armoured cable,1.1kV cable
RFP_2031,FRLS 440V 10C 4 sqmm Cu PVC armoured cable as per IS 694,FRLS 4 sqmm Cu PVC cable,FRLS 4 sqmm cable,FRLS cable
RFP_2032,FRLS 300V 24C 0.5 sqmm Cu PVC armoured cable as per IEC 60502-1,300V Cu PVC armoured cable,Cu PVC cable,Cu cable
RFP_2033,FR 600V 3C 70 sqmm Cu PVC armoured cable as per IS 694,70 sqmm PVC armoured cable as per IS 694,70 sqmm PVC cable,PVC cable
RFP_2034,FRLS 300V 24C 0.5 sqmm Cu PVC armoured cable as per BS 5308-1,FRLS Cu PVC armoured cable,FRLS Cu cable,FRLS cable
RFP_2035,500V 6C 4 sqmm Cu XLPE armoured cable as per IEC 60502-1,500V 6C 4 sqmm XLPE cable,4 sqmm XLPE cable,4 sqmm cable
RFP_2036,LSZH 66kV 1C 500 sqmm Cu XLPE armoured cable as per IEC 60840,LSZH 66kV 1C cable as per IEC 60840,LSZH 1C cable,LSZH cable
RFP_2037,LSZH 400kV 1C 400 sqmm Al XLPE armoured cable as per IEC 62067,400kV 400 sqmm Al cable as per IEC 62067,400kV 400 sqmm cable,400kV cable
RFP_2038,FRLS 500V 3C 4 sqmm Cu PVC armoured cable as per IS 1554,FRLS 4 sqmm armoured cable as per IS 1554,4 sqmm cable as per IS 1554,cable as per IS 1554
RFP_2039,FRLS 440V 5C 0.75 sqmm Cu XLPE armoured cable as per IS 694,440V Cu XLPE armoured cable,440V Cu cable,440V cable
RFP_2040,500V 3C 2.5 sqmm Cu PVC armoured cable as per IS 694,500V 2.5 sqmm Cu cable as per IS 694,2.5 sqmm Cu cable,Cu cable
RFP_2041,LSZH 11kV 1C 240 sqmm Al EPR armoured cable as per IS 7098-1,11kV 240 sqmm Al armoured cable,11kV 240 sqmm cable,240 sqmm cable
RFP_2042,22kV 1C 185 sqmm Al XLPE armoured cable as per IEC 60502-2,22kV XLPE armoured cable as per IEC 60502-2,22kV armoured cable,22kV cable
RFP_2043,FRLS 440V 4C 1.5 sqmm Cu XLPE armoured cable as per IS 694,4C XLPE armoured cable as per IS 694,4C armoured cable,armoured cable
RFP_2044,440V 27C 1.5 sqmm Cu XLPE armoured cable as per IS 694,440V 1.5 sqmm XLPE armoured cable,440V 1.5 sqmm cable,440V cable
RFP_2045,FRLS 1.1kV 2C 35 sqmm Cu XLPE armoured cable as per IEC 60502-1,35 sqmm XLPE armoured cable as per IEC 60502-1,XLPE cable as per IEC 60502-1,XLPE cable
RFP_2046,440V 1C 400 sqmm Al XLPE armoured cable as per IS 694,400 sqmm Al armoured cable as per IS 694,400 sqmm cable as per IS 694,400 sqmm cable
RFP_2047,FR 1.1kV 2C 1 sqmm Cu PVC armoured cable as per BS 5308-1,FR 1 sqmm Cu cable as per BS 5308-1,FR cable as per BS 5308-1,cable as per BS 5308-1
RFP_2048,LSZH 3.3kV 1C 240 sqmm Al XLPE armoured cable as per IEC 60502-1,3.3kV XLPE armoured cable as per IEC 60502-1,armoured cable as per IEC 60502-1,armoured cable
RFP_2049,LSZH 1.1kV 20C 1.5 sqmm Cu XLPE armoured cable as per IEC 60502-1,20C Cu XLPE cable as per IEC 60502-1,Cu XLPE cable,Cu cable
RFP_2050,1.1kV 1C 1 sqmm Cu XLPE armoured cable as per IS 9968,1.1kV 1C 1 sqmm Cu cable,1C Cu cable,1C cable
RFP_2051,Fire Survival 440V 1C 2.5 sqmm Cu XLPE armoured cable as per IEC 60331,1C 2.5 sqmm Cu armoured cable,Cu armoured cable,armoured cable
RFP_2052,LSZH 1.1kV 4C 10 sqmm Cu XLPE armoured cable as per IS 9968,4C XLPE armoured cable as per IS 9968,armoured cable as per IS 9968,armoured cable
RFP_2053,LSZH 1.1kV 8C 1.5 sqmm Cu PVC armoured cable as per IEC 60502-1,1.1kV 8C Cu cable as per IEC 60502-1,1.1kV 8C cable,1.1kV cable
RFP_2054,LSZH 11kV 3C 240 sqmm Cu XLPE armoured cable as per IS 7098-1,LSZH 240 sqmm Cu XLPE cable,Cu XLPE cable,XLPE cable
RFP_2055,FR 500V 10C 1.5 sqmm Cu PVC armoured cable as per IEC 60502-1,500V 10C armoured cable as per IEC 60502-1,500V armoured cable,500V cable
RFP_2056,LSZH 1.1kV 3C 6 sqmm Cu XLPE armoured cable as per BS 5308,1.1kV 6 sqmm Cu XLPE cable,6 sqmm XLPE cable,6 sqmm cable
RFP_2057,Fire Survival 440V 2C 1.5 sqmm Cu XLPE armoured cable as per BS 6387,Fire Survival Cu XLPE armoured cable,Fire Survival Cu cable,Cu cable
RFP_2058,FRLS 1.1kV 20C 1.5 sqmm Cu PVC armoured cable as per IS 1554,FRLS 1.5 sqmm Cu armoured cable,FRLS armoured cable,armoured cable
RFP_2059,FRLS 1.1kV 8C 6 sqmm Cu PVC armoured cable as per IEC 60502-1,1.1kV Cu PVC armoured cable,Cu PVC cable,PVC cable
RFP_2060,FRLS 132kV 1C 630 sqmm Al XLPE armoured cable as per IEC 60840,FRLS 132kV 630 sqmm cable as per IEC 60840,FRLS cable as per IEC 60840,FRLS cable
RFP_2061,ZH 500V 1C 95 sqmm Cu XLPE armoured cable as per IEC 60502-1,ZH 500V XLPE cable as per IEC 60502-1,ZH XLPE cable,XLPE cable
RFP_2062,FR 220kV 1C 300 sqmm Al XLPE armoured cable as per IEC 62067,220kV 1C 300 sqmm XLPE cable,300 sqmm XLPE cable,300 sqmm cable
RFP_2063,FR 1.1kV 1C 0.5 sqmm Cu PVC armoured cable as per IEC 60502-1,1C 0.5 sqmm Cu PVC cable,1C PVC cable,1C cable
RFP_2064,FR 500V 16C 2.5 sqmm Cu XLPE armoured cable as per BS 5308-1,500V 16C Cu XLPE cable,16C XLPE cable,16C cable
RFP_2065,LSZH 110kV 1C 630 sqmm Al XLPE armoured cable as per IEC 60840,LSZH XLPE armoured cable as per IEC 60840,LSZH armoured cable,armoured cable
RFP_2066,440V 3C 4 sqmm Cu XLPE armoured cable as per IEC 60245,440V 3C 4 sqmm cable as per IEC 60245,440V cable as per IEC 60245,cable as per IEC 60245
RFP_2067,FR 300V 6C 2.5 sqmm Cu PVC armoured cable as per BS 5308-1,6C 2.5 sqmm PVC armoured cable,2.5 sqmm PVC cable,PVC cable
RFP_2068,LSZH 500V 12C 1.5 sqmm Cu PVC armoured cable as per IEC 60502-1,12C Cu PVC armoured cable,PVC armoured cable,armoured cable
RFP_2069,500V 4C 1.5 sqmm Cu PVC armoured cable as per IEC 60502-1,500V 1.5 sqmm Cu PVC cable,500V 1.5 sqmm cable,500V cable
RFP_2070,1.1kV 1C 25 sqmm Cu PVC armoured cable as per IEC 60502-1,1C Cu armoured cable as per IEC 60502-1,1C Cu cable,1C cable
RFP_2071,LSZH 600V 1C 16 sqmm Al PVC armoured cable as per IEC 60502-1,LSZH 1C 16 sqmm Al cable,16 sqmm Al cable,16 sqmm cable
RFP_2072,LSZH 1.1kV 7C 6 sqmm Cu XLPE armoured cable as per IS 1554,1.1kV 7C XLPE armoured cable,1.1kV 7C cable,1.1kV cable
RFP_2073,Fire Survival 1.1kV 3C 16 sqmm Cu XLPE armoured cable as per IEC 60331,Fire Survival 16 sqmm Cu cable as per IEC 60331,16 sqmm Cu cable,Cu cable
RFP_2074,LSZH 1.1kV 4C 0.5 sqmm Cu PVC armoured cable as per IS 1554,LSZH 4C Cu PVC cable,LSZH PVC cable,LSZH cable
RFP_2075,FR 440V 14C 4 sqmm Cu PVC armoured cable as per IS 1554,FR 14C 4 sqmm cable as per IS 1554,FR 14C cable,14C cable
RFP_2076,LSZH 6.6kV 3C 240 sqmm Cu XLPE armoured cable as per IEC 60502-1,240 sqmm Cu armoured cable as per IEC 60502-1,Cu cable as per IEC 60502-1,Cu cable
RFP_2077,1.1kV 12C 1 sqmm Cu XLPE armoured cable as per IS 1554,1.1kV 1 sqmm Cu cable as per IS 1554,Cu cable as per IS 1554,Cu cable
RFP_2078,ZH 500V 4C 2.5 sqmm Al PVC armoured cable as per IEC 60502-1,4C PVC armoured cable as per IEC 60502-1,4C armoured cable,4C cable
RFP_2079,LSZH 500V 2C 6 sqmm Cu PVC armoured cable as per IEC 60245,500V 6 sqmm Cu cable as per IEC 60245,6 sqmm cable as per IEC 60245,cable as per IEC 60245
RFP_2080,FR 1.1kV 8C 2.5 sqmm Cu PVC armoured cable as per IEC 60502-1,1.1kV 8C Cu cable as per IEC 60502-1,1.1kV 8C cable,8C cable
RFP_2081,300V 2C 1 sqmm Cu XLPE armoured cable as per BS 5308-1,300V 1 sqmm Cu cable as per BS 5308-1,Cu cable as per BS 5308-1,Cu cable
RFP_2082,FR 66kV 1C 240 sqmm Cu XLPE armoured cable as per IS 7098-3,66kV Cu armoured cable as per IS 7098-3,armoured cable as per IS 7098-3,armoured cable
RFP_2083,LSZH 500V 2C 2.5 sqmm Cu PVC armoured cable as per IEC 60502-1,500V 2C 2.5 sqmm cable as per IEC 60502-1,500V cable as per IEC 60502-1,500V cable
RFP_2084,ZH 220kV 1C 500 sqmm Cu XLPE armoured cable as per IEC 62067,ZH XLPE armoured cable as per IEC 62067,ZH armoured cable,ZH cable
RFP_2085,600V 2C 800 sqmm Al XLPE armoured cable as per IS 694,600V 2C 800 sqmm XLPE cable,600V 800 sqmm cable,800 sqmm cable
RFP_2086,LSZH 132kV 1C 500 sqmm Cu XLPE armoured cable as per IEC 60840,1C 500 sqmm XLPE armoured cable,500 sqmm XLPE cable,500 sqmm cable
RFP_2087,LSZH 1.1kV 8C 1 sqmm Cu XLPE armoured cable as per BS 5308-1,1 sqmm Cu armoured cable as per BS 5308-1,1 sqmm cable as per BS 5308-1,1 sqmm cable
RFP_2088,LSZH 11kV 1C 50 sqmm Cu EPR armoured cable as per IS 7098-1,1C Cu EPR cable as per IS 7098-1,1C Cu cable,1C cable
RFP_2089,LSZH 440V 4C 6 sqmm Cu PVC armoured cable as per IS 694,440V 4C Cu armoured cable,Cu armoured cable,Cu cable
RFP_2090,FR 66kV 1C 400 sqmm Al XLPE armoured cable as per IEC 60840,FR 1C 400 sqmm armoured cable,FR armoured cable,armoured cable
RFP_2091,LSZH 440V 3C 4 sqmm Cu XLPE armoured cable as per IS 694,440V 4 sqmm Cu cable as per IS 694,440V cable as per IS 694,cable as per IS 694
RFP_2092,66kV 1C 185 sqmm Cu XLPE armoured cable as per IS 7098-3,66kV 1C 185 sqmm armoured cable,66kV 1C cable,66kV cable
RFP_2093,220kV 1C 185 sqmm Al XLPE armoured cable as per IEC 62067,1C Al XLPE cable as per IEC 62067,1C Al cable,Al cable
RFP_2094,FRLS 11kV 1C 120 sqmm Cu EPR armoured cable as per IEC 60502-1,11kV 120 sqmm EPR armoured cable,11kV armoured cable,11kV cable
RFP_2095,FR 300V 20C 0.5 sqmm Cu PVC armoured cable as per BS 5308-1,300V 20C Cu PVC cable,300V 20C cable,20C cable
RFP_2096,FRLS 1.1kV 1C 1.5 sqmm Cu XLPE armoured cable as per IEC 60502-1,1C XLPE armoured cable as per IEC 60502-1,XLPE armoured cable,XLPE cable
RFP_2097,FRLS 440V 2C 16 sqmm Al XLPE armoured cable as per IEC 60502-1,FRLS 2C XLPE armoured cable,FRLS 2C cable,FRLS cable
RFP_2098,FR 33kV 1C 400 sqmm Al XLPE armoured cable as per IS 7098-2,FR 33kV Al cable as per IS 7098-2,FR Al cable,Al cable
RFP_2099,FRLS 440V 19C 1.5 sqmm Cu PVC armoured cable as per IS 694,FRLS 19C armoured cable as per IS 694,FRLS cable as per IS 694,FRLS cable
RFP_2100,LSZH 440V 1C 50 sqmm Cu PVC armoured cable as per IS 694,50 sqmm PVC armoured cable as per IS 694,PVC armoured cable,armoured cable
RFP_2101,FRLS 1.1kV 5C 1.5 sqmm Cu XLPE armoured cable as per IS 1554,FRLS 1.1kV 5C armoured cable,5C armoured cable,5C cable
RFP_2102,ZH 110kV 1C 630 sqmm Al XLPE armoured cable as per IEC 60840,ZH 110kV 1C Al cable,110kV Al cable,Al cable
RFP_2103,FRLS 400kV 1C 800 sqmm Al XLPE armoured cable as per IEC 62067,1C 800 sqmm XLPE armoured cable,1C armoured cable,armoured cable
RFP_2104,LSZH 440V 2C 1 sqmm Cu XLPE armoured cable as per IS 9968,LSZH XLPE armoured cable as per IS 9968,LSZH armoured cable,armoured cable
RFP_2105,500V 27C 6 sqmm Cu PVC armoured cable as per IS 1554,27C 6 sqmm Cu cable as per IS 1554,6 sqmm cable as per IS 1554,cable as per IS 1554
RFP_2106,300V 8C 0.5 sqmm Cu PVC armoured cable as per BS 5308-1,8C 0.5 sqmm Cu armoured cable,8C 0.5 sqmm cable,0.5 sqmm cable
RFP_2107,1.1kV 2C 0.5 sqmm Cu PVC armoured cable as per BS 5308-1,1.1kV 2C Cu armoured cable,Cu armoured cable,Cu cable
RFP_2108,LSZH 1.1kV 3.5C 500 sqmm Al XLPE armoured cable as per BS 5467,1.1kV 3.5C 500 sqmm XLPE cable,1.1kV 3.5C cable,1.1kV 3. cable
RFP_2109,FR 440V 5C 1 sqmm Cu XLPE armoured cable as per IS 694,FR 5C XLPE armoured cable,XLPE armoured cable,armoured cable
RFP_2110,ZH 110kV 1C 240 sqmm Cu XLPE armoured cable as per IEC 60840,Cu XLPE armoured cable as per IEC 60840,XLPE armoured cable,XLPE cable
RFP_2111,LSZH 500V 24C 1 sqmm Cu XLPE armoured cable as per BS 5308-1,24C 1 sqmm armoured cable as per BS 5308-1,1 sqmm cable as per BS 5308-1,cable as per BS 5308-1
RFP_2112,FR 440V 12C 1 sqmm Cu PVC armoured cable as per IS 1554,FR 440V 1 sqmm cable as per IS 1554,440V 1 sqmm cable,1 sqmm cable
RFP_2113,1.1kV 10C 1 sqmm Cu PVC armoured cable as per BS 5308,1 sqmm Cu armoured cable as per BS 5308,Cu armoured cable,armoured cable
RFP_2114,FRLS 300V 24C 1 sqmm Cu PVC armoured cable as per BS 5308-1,FRLS 300V 1 sqmm Cu cable,300V 1 sqmm cable,300V cable
RFP_2115,FRLS 3.3kV 1C 185 sqmm Al EPR armoured cable as per IEC 60502-1,185 sqmm Al EPR armoured cable,185 sqmm armoured cable,armoured cable
RFP_2116,FR 300V 2C 0.75 sqmm Cu PVC armoured cable as per BS 5308-1,FR 2C Cu cable as per BS 5308-1,FR Cu cable,FR cable
RFP_2117,ZH 500V 4C 1 sqmm Cu PVC armoured cable as per IEC 60245,ZH 4C armoured cable as per IEC 60245,armoured cable as per IEC 60245,cable as per IEC 60245
RFP_2118,FRLS 440V 2C 25 sqmm Cu PVC armoured cable as per IS 9968,FRLS 440V armoured cable as per IS 9968,FRLS armoured cable,FRLS cable
RFP_2119,FR 500V 3C 1.5 sqmm Cu XLPE armoured cable as per IS 1554,FR Cu XLPE armoured cable,FR XLPE cable,XLPE cable
RFP_2120,ZH 66kV 1C 185 sqmm Cu XLPE armoured cable as per IS 7098-3,ZH 1C 185 sqmm XLPE cable,ZH 185 sqmm cable,185 sqmm cable
RFP_2121,500V 5C 6 sqmm Cu XLPE armoured cable as per IEC 60502-1,Cu XLPE armoured cable as per IEC 60502-1,XLPE cable as per IEC 60502-1,XLPE cable
RFP_2122,1.1kV 3C 1.5 sqmm Cu XLPE armoured cable as per IS 9968,3C Cu XLPE armoured cable,Cu XLPE cable,XLPE cable
RFP_2123,FRLS 440V 2C 10 sqmm Cu XLPE armoured cable as per IS 9968,FRLS XLPE armoured cable as per IS 9968,FRLS XLPE cable,XLPE cable
RFP_2124,FR 500V 8C 1 sqmm Cu XLPE armoured cable as per BS 5308-1,Cu XLPE armoured cable as per BS 5308-1,XLPE cable as per BS 5308-1,cable as per BS 5308-1
RFP_2125,LSZH 1.1kV 14C 4 sqmm Cu PVC armoured cable as per IS 1554,1.1kV 14C PVC armoured cable,14C PVC cable,14C cable
RFP_2126,FR 500V 8C 0.75 sqmm Cu PVC armoured cable as per BS 5308-1,500V 0.75 sqmm Cu PVC cable,0.75 sqmm Cu cable,0.75 sqmm cable
RFP_2127,FRLS 1.1kV 12C 0.5 sqmm Cu PVC armoured cable as per BS 5308-1,1.1kV 12C 0.5 sqmm PVC cable,0.5 sqmm PVC cable,0.5 sqmm cable
RFP_2128,Fire Survival 440V 2C 120 sqmm Cu Mineral (MI) armoured cable as per BS 6387,Fire Survival 2C 120 sqmm Mineral (MI) armoured cable,Fire Survival 2C Mineral (MI) cable,2C Mineral (MI) cable
RFP_2129,500V 2C 50 sqmm Cu PVC armoured cable as per IS 694,500V 2C Cu cable as per IS 694,Cu cable as per IS 694,cable as per IS 694
RFP_2130,FRLS 440V 3C 6 sqmm Cu PVC armoured cable as per IS 9968,Cu PVC armoured cable as per IS 9968,Cu armoured cable,Cu cable
RFP_2131,3.3kV 3C 95 sqmm Cu EPR armoured cable as per IS 7098-1,3.3kV 3C 95 sqmm EPR cable,95 sqmm EPR cable,EPR cable
RFP_2132,FRLS 440V 4C 25 sqmm Cu PVC armoured cable as per IEC 60245,FRLS Cu armoured cable as per IEC 60245,Cu cable as per IEC 60245,Cu cable
RFP_2133,LSZH 1.1kV 2C 4 sqmm Cu PVC armoured cable as per IS 1554,1.1kV 4 sqmm Cu cable as per IS 1554,1.1kV cable as per IS 1554,1.1kV cable
RFP_2134,FRLS 300V 2C 1.5 sqmm Cu XLPE armoured cable as per IEC 60502-1,FRLS 2C 1.5 sqmm Cu cable,FRLS 1.5 sqmm cable,FRLS cable
RFP_2135,1.1kV 6C 0.75 sqmm Cu XLPE armoured cable as per IEC 60502-1,1.1kV 0.75 sqmm XLPE armoured cable,0.75 sqmm XLPE cable,0.75 sqmm cable
RFP_2136,LSZH 1.1kV 3C 4 sqmm Cu PVC armoured cable as per BS 5308,1.1kV 3C 4 sqmm Cu cable,1.1kV 3C cable,1.1kV cable
RFP_2137,LSZH 1.1kV 8C 0.75 sqmm Cu XLPE armoured cable as per IS 1554,LSZH 1.1kV Cu armoured cable,1.1kV armoured cable,1.1kV cable
RFP_2138,LSZH 220kV 1C 500 sqmm Cu XLPE armoured cable as per IEC 62067,LSZH 1C Cu armoured cable,LSZH armoured cable,LSZH cable
RFP_2139,LSZH 440V 8C 6 sqmm Cu XLPE armoured cable as per IS 1554,LSZH 440V 8C XLPE cable,LSZH 8C cable,8C cable
RFP_2140,Fire Survival 1.1kV 4C 1.5 sqmm Cu XLPE armoured cable as per BS 6387,4C Cu XLPE armoured cable,4C XLPE cable,4C cable
RFP_2141,300V 1C 1.5 sqmm Cu PVC armoured cable as per BS 5308-1,1C Cu PVC cable as per BS 5308-1,1C PVC cable,1C cable
RFP_2142,LSZH 400kV 1C 185 sqmm Al XLPE armoured cable as per IEC 62067,LSZH 400kV 185 sqmm cable as per IEC 62067,400kV cable as per IEC 62067,cable as per IEC 62067
RFP_2143,FR 500V 20C 2.5 sqmm Cu PVC armoured cable as per IEC 60502-1,500V 2.5 sqmm Cu cable as per IEC 60502-1,500V 2.5 sqmm cable,500V cable
RFP_2144,Fire Survival 440V 1C 35 sqmm Cu XLPE armoured cable as per BS 6387,Fire Survival 440V XLPE armoured cable,XLPE armoured cable,XLPE cable
RFP_2145,1.1kV 20C 0.75 sqmm Cu XLPE armoured cable as per IEC 60502-1,1.1kV 20C 0.75 sqmm armoured cable,1.1kV armoured cable,1.1kV cable
RFP_2146,500V 12C 1 sqmm Cu PVC armoured cable as per IEC 60502-1,500V 12C 1 sqmm cable as per IEC 60502-1,500V 12C cable,500V cable
RFP_2147,500V 6C 1 sqmm Cu XLPE armoured cable as per IEC 60502-1,6C XLPE armoured cable as per IEC 60502-1,6C cable as per IEC 60502-1,cable as per IEC 60502-1
RFP_2148,FRLS 500V 10C 1.5 sqmm Cu PVC armoured cable as per IEC 60502-1,FRLS 1.5 sqmm Cu cable as per IEC 60502-1,1.5 sqmm Cu cable,1.5 sqmm cable
RFP_2149,FRLS 440V 3C 4 sqmm Cu PVC armoured cable as per IS 694,FRLS 440V 4 sqmm PVC cable,FRLS 440V cable,FRLS cable
RFP_2150,Fire Survival 440V 1C 10 sqmm Cu Mineral (MI) armoured cable as per BS 6387,Fire Survival 1C 10 sqmm Mineral (MI) cable as per BS 6387,Fire Survival 10 sqmm Mineral (MI) cable,10 sqmm Mineral (MI) cable
RFP_2151,1.1kV 5C 6 sqmm Cu PVC armoured cable as per IS 9968,1.1kV 5C 6 sqmm cable as per IS 9968,5C cable as per IS 9968,cable as per IS 9968
RFP_2152,FRLS 1.1kV 12C 2.5 sqmm Cu PVC armoured cable as per BS 5308-1,FRLS 12C 2.5 sqmm Cu cable,2.5 sqmm Cu cable,2.5 sqmm cable
RFP_2153,Fire Survival 440V 3C 35 sqmm Cu Mineral (MI) armoured cable as per BS 6387,440V 3C 35 sqmm Cu Mineral (MI) cable,35 sqmm Cu Mineral (MI) cable,Cu Mineral (MI) cable
RFP_2154,600V 3C 25 sqmm Al XLPE armoured cable as per IS 694,600V 25 sqmm Al armoured cable,25 sqmm armoured cable,armoured cable
RFP_2155,FR 1.1kV 2C 2.5 sqmm Cu XLPE armoured cable as per IEC 60502-1,2C 2.5 sqmm XLPE armoured cable,2.5 sqmm XLPE cable,2.5 sqmm cable
RFP_2156,LSZH 300V 2C 0.75 sqmm Cu XLPE armoured cable as per BS 5308-1,LSZH 300V 2C 0.75 sqmm cable,300V 0.75 sqmm cable,0.75 sqmm cable
RFP_2157,FRLS 1.1kV 16C 1.5 sqmm Cu PVC armoured cable as per IEC 60502-1,1.1kV 1.5 sqmm armoured cable as per IEC 60502-1,1.1kV cable as per IEC 60502-1,1.1kV cable
RFP_2158,FR 300V 20C 1 sqmm Cu PVC armoured cable as per IEC 60502-1,300V 20C 1 sqmm cable as per IEC 60502-1,300V 1 sqmm cable,1 sqmm cable
RFP_2159,LSZH 440V 4C 10 sqmm Cu PVC armoured cable as per IS 9968,LSZH 440V Cu PVC cable,LSZH 440V cable,LSZH cable
RFP_2160,Fire Survival 440V 1C 16 sqmm Cu XLPE armoured cable as per BS 6387,Fire Survival 1C 16 sqmm Cu cable,1C Cu cable,1C cable
RFP_2161,ZH 22kV 1C 50 sqmm Cu XLPE armoured cable as per IS 7098-2,22kV XLPE armoured cable as per IS 7098-2,22kV armoured cable,22kV cable
RFP_2162,LSZH 440V 19C 2.5 sqmm Cu PVC armoured cable as per IS 1554,LSZH 440V Cu PVC cable,LSZH PVC cable,PVC cable
RFP_2163,Fire Survival 1.1kV 1C 25 sqmm Cu Mineral (MI) armoured cable as per BS 6387,1.1kV 1C 25 sqmm Mineral (MI) cable as per BS 6387,1.1kV Mineral (MI) cable as per BS 6387,1.1kV Mineral (MI) cable
RFP_2164,ZH 1.1kV 1C 185 sqmm Al PVC armoured cable as per BS 5467,1C 185 sqmm PVC cable as per BS 5467,185 sqmm PVC cable,185 sqmm cable
RFP_2165,FRLS 500V 12C 1 sqmm Cu XLPE armoured cable as per BS 5308-1,FRLS 1 sqmm Cu cable as per BS 5308-1,FRLS cable as per BS 5308-1,cable as per BS 5308-1
RFP_2166,440V 6C 1 sqmm Cu XLPE armoured cable as per IS 694,6C 1 sqmm armoured cable as per IS 694,6C armoured cable,armoured cable
RFP_2167,ZH 6.6kV 3C 185 sqmm Al XLPE armoured cable as per IEC 60502-1,6.6kV 185 sqmm armoured cable as per IEC 60502-1,185 sqmm armoured cable,185 sqmm cable
RFP_2168,LSZH 1.1kV 4C 16 sqmm Cu EPR armoured cable as per IS 1554,LSZH 16 sqmm Cu armoured cable,LSZH 16 sqmm cable,16 sqmm cable
RFP_2169,FRLS 300V 2C 0.75 sqmm Cu PVC armoured cable as per IEC 60502-1,2C 0.75 sqmm Cu armoured cable,2C 0.75 sqmm cable,0.75 sqmm cable
RFP_2170,FR 500V 6C 4 sqmm Cu PVC armoured cable as per IEC 60502-1,FR 500V 6C 4 sqmm cable,FR 500V cable,500V cable
RFP_2171,LSZH 300V 16C 1 sqmm Cu PVC armoured cable as per IEC 60502-1,16C 1 sqmm Cu cable as per IEC 60502-1,1 sqmm Cu cable,Cu cable
RFP_2172,FR 500V 6C 0.75 sqmm Cu XLPE armoured cable as per IEC 60502-1,Cu XLPE armoured cable as per IEC 60502-1,XLPE armoured cable,XLPE cable
RFP_2173,FRLS 500V 16C 1.5 sqmm Cu PVC armoured cable as per BS 5308-1,FRLS 500V Cu PVC cable,FRLS PVC cable,PVC cable
RFP_2174,FR 110kV 1C 630 sqmm Cu XLPE armoured cable as per IEC 60840,FR 630 sqmm Cu XLPE cable,FR Cu cable,Cu cable
RFP_2175,Fire Survival 440V 3C 35 sqmm Cu Mineral (MI) armoured cable as per IEC 60331,Fire Survival 3C 35 sqmm Cu Mineral (MI) cable,Fire Survival 3C Mineral (MI) cable,Fire Survival Mineral (MI) cable
RFP_2176,FR 440V 7C 4 sqmm Cu PVC armoured cable as per IS 694,440V 7C 4 sqmm cable as per IS 694,7C cable as per IS 694,7C cable
RFP_2177,FRLS 440V 5C 1 sqmm Cu PVC armoured cable as per IS 1554,FRLS 5C 1 sqmm PVC cable,5C 1 sqmm cable,1 sqmm cable
RFP_2178,Fire Survival 1.1kV 3C 2.5 sqmm Cu XLPE armoured cable as per IEC 60331,Fire Survival 2.5 sqmm armoured cable as per IEC 60331,2.5 sqmm armoured cable,2.5 sqmm cable
RFP_2179,Fire Survival 1.1kV 2C 16 sqmm Cu Mineral (MI) armoured cable as per IS 17048,Fire Survival 2C 16 sqmm Cu Mineral (MI) cable,Fire Survival Cu Mineral (MI) cable,Fire Survival Mineral (MI) cable
RFP_2180,LSZH 1.1kV 30C 2.5 sqmm Cu PVC armoured cable as per IS 1554,LSZH 1.1kV 30C cable as per IS 1554,LSZH cable as per IS 1554,cable as per IS 1554
RFP_2181,ZH 1.1kV 3.5C 1.5 sqmm Al XLPE armoured cable as per IEC 60502-1,1.1kV 3.5C 1.5 sqmm Al cable,3.5C Al cable,3. Al cable
RFP_2182,Fire Survival 440V 3C 95 sqmm Cu XLPE armoured cable as per BS 6387,440V 95 sqmm Cu XLPE cable,440V XLPE cable,XLPE cable
RFP_2183,FR 33kV 3C 240 sqmm Cu XLPE armoured cable as per IS 7098-2,33kV 3C Cu XLPE cable,33kV 3C cable,3C cable
RFP_2184,Fire Survival 440V 1C 1.5 sqmm Cu XLPE armoured cable as per IEC 60331,440V 1C armoured cable as per IEC 60331,1C cable as per IEC 60331,1C cable
RFP_2185,LSZH 400kV 1C 1000 sqmm Cu XLPE armoured cable as per IEC 62067,400kV 1C 1000 sqmm XLPE cable,1000 sqmm XLPE cable,1000 sqmm cable
RFP_2186,FR 3.3kV 3C 50 sqmm Cu EPR armoured cable as per IS 7098-1,3.3kV 3C EPR armoured cable,3C EPR cable,EPR cable
RFP_2187,1.1kV 1C 0.75 sqmm Cu XLPE armoured cable as per IEC 60502-1,1.1kV 1C armoured cable as per IEC 60502-1,1C cable as per IEC 60502-1,1C cable
RFP_2188,1.1kV 5C 1.5 sqmm Cu PVC armoured cable as per IS 9968,1.1kV 1.5 sqmm Cu PVC cable,Cu PVC cable,Cu cable
RFP_2189,300V 12C 2.5 sqmm Cu XLPE armoured cable as per IEC 60502-1,12C 2.5 sqmm Cu cable as per IEC 60502-1,12C 2.5 sqmm cable,2.5 sqmm cable
RFP_2190,ZH 11kV 3C 150 sqmm Al EPR armoured cable as per IEC 60502-1,ZH 11kV 150 sqmm armoured cable,11kV 150 sqmm cable,11kV cable
RFP_2191,FRLS 500V 2C 50 sqmm Al PVC armoured cable as per IS 1554,500V 2C PVC armoured cable,500V 2C cable,500V cable
RFP_2192,FR 500V 8C 2.5 sqmm Cu XLPE armoured cable as per IEC 60502-1,500V 2.5 sqmm Cu cable as per IEC 60502-1,500V 2.5 sqmm cable,2.5 sqmm cable
RFP_2193,FRLS 1.1kV 6C 0.5 sqmm Cu XLPE armoured cable as per IEC 60502-1,1.1kV 0.5 sqmm Cu XLPE cable,1.1kV 0.5 sqmm cable,0.5 sqmm cable
RFP_2194,LSZH 1.1kV 2C 1 sqmm Cu XLPE armoured cable as per IEC 60502-1,LSZH 2C 1 sqmm XLPE cable,2C XLPE cable,XLPE cable
RFP_2195,FRLS 500V 10C 2.5 sqmm Cu PVC armoured cable as per IS 1554,10C 2.5 sqmm PVC armoured cable,10C PVC cable,10C cable
RFP_2196,FRLS 440V 10C 4 sqmm Cu XLPE armoured cable as per IS 1554,440V 10C armoured cable as per IS 1554,440V cable as per IS 1554,440V cable
RFP_2197,ZH 33kV 3C 185 sqmm Al XLPE armoured cable as per IEC 60502-2,ZH 33kV 185 sqmm Al cable,33kV Al cable,Al cable
RFP_2198,FR 1.1kV 2C 25 sqmm Cu XLPE armoured cable as per IS 9968,1.1kV 25 sqmm XLPE armoured cable,1.1kV XLPE cable,XLPE cable
RFP_2199,500V 30C 4 sqmm Cu XLPE armoured cable as per IEC 60502-1,30C XLPE armoured cable as per IEC 60502-1,30C cable as per IEC 60502-1,cable as per IEC 60502-1
RFP_2200,ZH 220kV 1C 500 sqmm Al XLPE armoured cable as per IEC 62067,Al XLPE armoured cable as per IEC 62067,XLPE cable as per IEC 62067,cable as per IEC 62067
RFP_2201,1.1kV 10C 1 sqmm Cu PVC armoured cable as per IS 1554,10C Cu PVC cable as per IS 1554,PVC cable as per IS 1554,PVC cable
RFP_2202,FRLS 33kV 3C 300 sqmm Al XLPE armoured cable as per IS 7098-2,FRLS 33kV Al cable as per IS 7098-2,33kV cable as per IS 7098-2,cable as per IS 7098-2
RFP_2203,FRLS 500V 12C 1 sqmm Cu PVC armoured cable as per IEC 60502-1,500V 12C 1 sqmm cable as per IEC 60502-1,1 sqmm cable as per IEC 60502-1,1 sqmm cable
RFP_2204,FRLS 220kV 1C 300 sqmm Al XLPE armoured cable as per IEC 62067,1C 300 sqmm Al armoured cable,1C armoured cable,1C cable
RFP_2205,ZH 22kV 1C 95 sqmm Al XLPE armoured cable as per IS 7098-2,ZH 22kV 1C Al cable,ZH 22kV cable,22kV cable
RFP_2206,FRLS 440V 16C 4 sqmm Cu PVC armoured cable as per IS 694,FRLS 440V 4 sqmm PVC cable,FRLS 440V cable,440V cable
RFP_2207,FR 1.1kV 2C 0.5 sqmm Cu PVC armoured cable as per BS 5308-1,1.1kV Cu PVC armoured cable,1.1kV PVC cable,PVC cable
RFP_2208,LSZH 440V 7C 2.5 sqmm Cu XLPE armoured cable as per IS 1554,LSZH 2.5 sqmm armoured cable as per IS 1554,LSZH cable as per IS 1554,LSZH cable
RFP_2209,500V 27C 4 sqmm Cu PVC armoured cable as per IEC 60502-1,27C Cu armoured cable as per IEC 60502-1,Cu cable as per IEC 60502-1,Cu cable
RFP_2210,FRLS 300V 24C 1 sqmm Cu XLPE armoured cable as per BS 5308-1,300V 24C Cu cable as per BS 5308-1,300V cable as per BS 5308-1,300V cable
RFP_2211,LSZH 440V 4C 1 sqmm Cu PVC armoured cable as per IS 694,4C 1 sqmm armoured cable as per IS 694,4C cable as per IS 694,4C cable
RFP_2212,FR 500V 4C 2.5 sqmm Cu PVC armoured cable as per BS 5308-1,FR Cu armoured cable as per BS 5308-1,armoured cable as per BS 5308-1,cable as per BS 5308-1
RFP_2213,Fire Survival 440V 3C 95 sqmm Cu XLPE armoured cable as per BS 6387,Fire Survival 440V 3C XLPE cable,3C XLPE cable,3C cable
RFP_2214,FRLS 1.1kV 24C 0.5 sqmm Cu PVC armoured cable as per IS 1554,1.1kV 24C 0.5 sqmm Cu cable,1.1kV 0.5 sqmm cable,1.1kV cable
RFP_2215,LSZH 500V 24C 1 sqmm Cu PVC armoured cable as per IEC 60502-1,LSZH 1 sqmm PVC armoured cable,1 sqmm armoured cable,1 sqmm cable
RFP_2216,LSZH 1.1kV 24C 1 sqmm Cu XLPE armoured cable as per BS 5308-1,LSZH 1.1kV XLPE cable as per BS 5308-1,1.1kV cable as per BS 5308-1,1.1kV cable
RFP_2217,LSZH 1.1kV 7C 2.5 sqmm Cu XLPE armoured cable as per IS 1554,LSZH 2.5 sqmm Cu armoured cable,LSZH 2.5 sqmm cable,2.5 sqmm cable
RFP_2218,FR 440V 27C 2.5 sqmm Cu XLPE armoured cable as per IS 1554,27C 2.5 sqmm XLPE armoured cable,2.5 sqmm armoured cable,2.5 sqmm cable
RFP_2219,LSZH 1.1kV 8C 0.75 sqmm Cu PVC armoured cable as per IS 1554,LSZH 1.1kV PVC armoured cable,PVC armoured cable,PVC cable
RFP_2220,Fire Survival 1.1kV 3C 16 sqmm Cu Mineral (MI) armoured cable as per IEC 60331,Fire Survival 3C 16 sqmm Mineral (MI) armoured cable,3C Mineral (MI) armoured cable,3C Mineral (MI) cable
RFP_2221,LSZH 300V 4C 0.75 sqmm Cu PVC armoured cable as per BS 5308-1,4C Cu PVC cable as per BS 5308-1,4C Cu cable,Cu cable
RFP_2222,110kV 1C 800 sqmm Cu XLPE armoured cable as per IEC 60840,110kV 1C Cu cable as per IEC 60840,110kV Cu cable,110kV cable
RFP_2223,LSZH 600V 1C 500 sqmm Al PVC armoured cable as per IEC 60502-1,LSZH 600V armoured cable as per IEC 60502-1,LSZH 600V cable,600V cable
RFP_2224,FRLS 1.1kV 16C 2.5 sqmm Cu PVC armoured cable as per BS 5308,FRLS 1.1kV 16C Cu cable,1.1kV Cu cable,1.1kV cable
RFP_2225,300V 8C 0.5 sqmm Cu PVC armoured cable as per BS 5308-1,300V 8C 0.5 sqmm cable as per BS 5308-1,300V cable as per BS 5308-1,cable as per BS 5308-1
RFP_2226,LSZH 500V 2C 1 sqmm Cu PVC armoured cable as per IEC 60502-1,LSZH 500V 2C Cu cable,LSZH Cu cable,Cu cable
RFP_2227,Fire Survival 440V 4C 2.5 sqmm Cu XLPE armoured cable as per IEC 60331,Fire Survival 4C XLPE cable as per IEC 60331,Fire Survival 4C cable,4C cable
RFP_2228,1.1kV 1C 1.5 sqmm Cu XLPE armoured cable as per IEC 60502-1,1C XLPE armoured cable as per IEC 60502-1,XLPE cable as per IEC 60502-1,XLPE cable
RFP_2229,440V 16C 2.5 sqmm Cu PVC armoured cable as per IS 694,16C PVC armoured cable as per IS 694,16C armoured cable,16C cable
RFP_2230,440V 2C 10 sqmm Cu XLPE armoured cable as per IS 9968,440V 2C Cu armoured cable,2C Cu cable,Cu cable
RFP_2231,FR 300V 1C 1.5 sqmm Cu PVC armoured cable as per IEC 60502-1,300V 1C 1.5 sqmm PVC cable,1.5 sqmm PVC cable,PVC cable
RFP_2232,FRLS 6.6kV 3C 70 sqmm Cu XLPE armoured cable as per IS 7098-1,FRLS 6.6kV 70 sqmm Cu cable,FRLS 70 sqmm cable,70 sqmm cable
RFP_2233,Fire Survival 1.1kV 2C 95 sqmm Cu XLPE armoured cable as per BS 6387,Fire Survival 1.1kV Cu XLPE cable,1.1kV Cu cable,1.1kV cable
RFP_2234,LSZH 220kV 1C 400 sqmm Al XLPE armoured cable as per IEC 62067,LSZH 400 sqmm Al armoured cable,LSZH Al cable,LSZH cable
RFP_2235,ZH 400kV 1C 400 sqmm Al XLPE armoured cable as per IEC 62067,400 sqmm Al armoured cable as per IEC 62067,400 sqmm armoured cable,armoured cable
RFP_2236,FRLS 1.1kV 1C 35 sqmm Cu PVC armoured cable as per IEC 60502-1,FRLS 1.1kV PVC cable as per IEC 60502-1,FRLS PVC cable,FRLS cable
RFP_2237,FRLS 110kV 1C 800 sqmm Cu XLPE armoured cable as per IEC 60840,110kV 1C 800 sqmm armoured cable,110kV 1C cable,1C cable
RFP_2238,Fire Survival 440V 3C 95 sqmm Cu XLPE armoured cable as per BS 6387,Cu XLPE armoured cable as per BS 6387,XLPE cable as per BS 6387,cable as per BS 6387
RFP_2239,FRLS 500V 5C 1 sqmm Cu PVC armoured cable as per IS 694,FRLS 500V 1 sqmm PVC cable,FRLS 1 sqmm cable,FRLS cable
RFP_2240,Fire Survival 1.1kV 2C 16 sqmm Cu Mineral (MI) armoured cable as per IS 17048,Fire Survival 1.1kV 2C Mineral (MI) armoured cable,2C Mineral (MI) armoured cable,2C Mineral (MI) cable
RFP_2241,440V 12C 1 sqmm Cu XLPE armoured cable as per IS 694,440V 1 sqmm Cu XLPE cable,440V 1 sqmm cable,1 sqmm cable
RFP_2242,Fire Survival 440V 3C 6 sqmm Cu Mineral (MI) armoured cable as per IEC 60331,440V 3C Cu Mineral (MI) cable as per IEC 60331,440V Cu Mineral (MI) cable,440V Mineral (MI) cable
RFP_2243,440V 5C 1 sqmm Cu PVC armoured cable as per IS 694,5C Cu PVC cable as per IS 694,5C cable as per IS 694,5C cable
RFP_2244,500V 12C 1 sqmm Cu XLPE armoured cable as per IEC 60502-1,500V 12C armoured cable as per IEC 60502-1,12C armoured cable,armoured cable
RFP_2245,440V 4C 4 sqmm Cu XLPE armoured cable as per IS 1554,4C 4 sqmm Cu XLPE cable,4 sqmm Cu cable,Cu cable
RFP_2246,440V 3C 2.5 sqmm Cu XLPE armoured cable as per IS 1554,2.5 sqmm XLPE armoured cable as per IS 1554,armoured cable as per IS 1554,armoured cable
RFP_2247,LSZH 400kV 1C 500 sqmm Al XLPE armoured cable as per IEC 62067,LSZH 400kV 1C 500 sqmm cable,LSZH 400kV cable,LSZH cable
RFP_2248,440V 1C 800 sqmm Cu PVC armoured cable as per IEC 60502-1,800 sqmm Cu PVC armoured cable,PVC armoured cable,armoured cable
RFP_2249,FRLS 500V 4C 1 sqmm Cu XLPE armoured cable as per IEC 60502-1,FRLS 500V 1 sqmm Cu cable,1 sqmm Cu cable,Cu cable
RFP_2250,1.1kV 4C 6 sqmm Cu PVC armoured cable as per IEC 60502-1,1.1kV Cu armoured cable as per IEC 60502-1,1.1kV cable as per IEC 60502-1,cable as per IEC 60502-1
RFP_2251,FR 6.6kV 1C 240 sqmm Cu XLPE armoured cable as per IS 7098-1,FR XLPE armoured cable as per IS 7098-1,XLPE cable as per IS 7098-1,XLPE cable
RFP_2252,FR 66kV 1C 500 sqmm Al XLPE armoured cable as per IS 7098-3,500 sqmm Al XLPE cable as per IS 7098-3,XLPE cable as per IS 7098-3,cable as per IS 7098-3
RFP_2253,500V 12C 0.5 sqmm Cu XLPE armoured cable as per IEC 60502-1,0.5 sqmm Cu XLPE cable as per IEC 60502-1,0.5 sqmm cable as per IEC 60502-1,cable as per IEC 60502-1
RFP_2254,FR 500V 1C 1 sqmm Cu PVC armoured cable as per IEC 60245,Cu PVC armoured cable as per IEC 60245,PVC cable as per IEC 60245,PVC cable
RFP_2255,FR 500V 4C 630 sqmm Al PVC armoured cable as per IS 1554,500V 630 sqmm PVC cable as per IS 1554,PVC cable as per IS 1554,cable as per IS 1554
RFP_2256,FRLS 1.1kV 20C 1.5 sqmm Cu XLPE armoured cable as per IS 1554,FRLS 1.5 sqmm armoured cable as per IS 1554,armoured cable as per IS 1554,cable as per IS 1554
RFP_2257,LSZH 500V 12C 2.5 sqmm Cu PVC armoured cable as per IEC 60502-1,2.5 sqmm Cu PVC armoured cable,Cu PVC cable,PVC cable
RFP_2258,FRLS 220kV 1C 1000 sqmm Al XLPE armoured cable as per IEC 62067,1C 1000 sqmm Al XLPE cable,1C Al cable,1C cable
RFP_2259,FR 1.1kV 4C 1 sqmm Cu PVC armoured cable as per IS 9968,FR 4C Cu cable as per IS 9968,Cu cable as per IS 9968,cable as per IS 9968
RFP_2260,LSZH 500V 30C 4 sqmm Cu XLPE armoured cable as per IEC 60502-1,4 sqmm Cu XLPE armoured cable,4 sqmm XLPE cable,XLPE cable
RFP_2261,33kV 1C 120 sqmm Al XLPE armoured cable as per IEC 60502-2,33kV 1C armoured cable as per IEC 60502-2,33kV cable as per IEC 60502-2,cable as per IEC 60502-2
RFP_2262,LSZH 440V 3C 630 sqmm Al PVC armoured cable as per IEC 60502-1,440V 3C 630 sqmm armoured cable,440V 630 sqmm cable,630 sqmm cable
RFP_2263,LSZH 440V 30C 2.5 sqmm Cu XLPE armoured cable as per IS 694,LSZH 440V Cu armoured cable,LSZH Cu cable,LSZH cable
RFP_2264,FR 500V 16C 4 sqmm Cu PVC armoured cable as per IS 1554,FR 16C Cu cable as per IS 1554,16C Cu cable,16C cable
RFP_2265,LSZH 33kV 1C 240 sqmm Al XLPE armoured cable as per IEC 60502-2,33kV 1C armoured cable as per IEC 60502-2,33kV cable as per IEC 60502-2,cable as per IEC 60502-2
RFP_2266,500V 24C 6 sqmm Cu XLPE armoured cable as per IS 1554,24C Cu XLPE cable as per IS 1554,24C XLPE cable,24C cable
RFP_2267,LSZH 66kV 1C 400 sqmm Al XLPE armoured cable as per IEC 60840,LSZH 66kV armoured cable as per IEC 60840,armoured cable as per IEC 60840,cable as per IEC 60840
RFP_2268,Fire Survival 1.1kV 4C 70 sqmm Cu Mineral (MI) armoured cable as per IS 17048,Fire Survival 4C Mineral (MI) armoured cable as per IS 17048,Fire Survival Mineral (MI) armoured cable,Mineral (MI) armoured cable
RFP_2269,Fire Survival 1.1kV 2C 4 sqmm Cu XLPE armoured cable as per IEC 60331,Fire Survival XLPE armoured cable as per IEC 60331,XLPE cable as per IEC 60331,XLPE cable
RFP_2270,FRLS 1.1kV 1C 1.5 sqmm Cu PVC armoured cable as per IS 1554,1C Cu PVC cable as per IS 1554,1C Cu cable,1C cable
RFP_2271,FR 600V 3.5C 500 sqmm Al XLPE armoured cable as per IEC 60502-1,600V 3.5C XLPE cable as per IEC 60502-1,600V 3. cable as per IEC 60502-1,3. cable as per IEC 60502-1
RFP_2272,LSZH 1.1kV 6C 2.5 sqmm Cu PVC armoured cable as per IEC 60502-1,1.1kV Cu armoured cable as per IEC 60502-1,Cu cable as per IEC 60502-1,cable as per IEC 60502-1
RFP_2273,LSZH 300V 10C 0.75 sqmm Cu XLPE armoured cable as per BS 5308-1,LSZH 300V Cu cable as per BS 5308-1,300V Cu cable,Cu cable
RFP_2274,Fire Survival 440V 3C 16 sqmm Cu XLPE armoured cable as per IEC 60331,440V 16 sqmm Cu XLPE cable,16 sqmm XLPE cable,XLPE cable
RFP_2275,FRLS 600V 1C 16 sqmm Cu XLPE armoured cable as per IS 694,FRLS XLPE armoured cable as per IS 694,XLPE cable as per IS 694,cable as per IS 694
RFP_2276,Fire Survival 440V 2C 6 sqmm Cu XLPE armoured cable as per BS 6387,440V 2C 6 sqmm armoured cable,440V armoured cable,armoured cable
RFP_2277,ZH 1.1kV 3C 1.5 sqmm Cu XLPE armoured cable as per IEC 60502-1,ZH 1.1kV 3C 1.5 sqmm cable,3C 1.5 sqmm cable,1.5 sqmm cable
RFP_2278,FR 500V 5C 1 sqmm Cu PVC armoured cable as per IEC 60502-1,FR 500V 1 sqmm armoured cable,1 sqmm armoured cable,1 sqmm cable
RFP_2279,FR 500V 3C 70 sqmm Al XLPE armoured cable as per IS 694,3C Al armoured cable as per IS 694,Al cable as per IS 694,cable as per IS 694
RFP_2280,500V 8C 1 sqmm Cu PVC armoured cable as per BS 5308-1,500V 8C Cu cable as per BS 5308-1,8C cable as per BS 5308-1,8C cable
RFP_2281,LSZH 1.1kV 24C 1 sqmm Cu XLPE armoured cable as per IEC 60502-1,LSZH 1 sqmm Cu armoured cable,1 sqmm armoured cable,1 sqmm cable
RFP_2282,440V 5C 16 sqmm Cu XLPE armoured cable as per IS 694,440V Cu XLPE armoured cable,Cu armoured cable,armoured cable
RFP_2283,Fire Survival 440V 2C 120 sqmm Cu Mineral (MI) armoured cable as per IEC 60331,Fire Survival 440V 2C Cu Mineral (MI) cable,Fire Survival Cu Mineral (MI) cable,Fire Survival Mineral (MI) cable
RFP_2284,Fire Survival 1.1kV 4C 25 sqmm Cu Mineral (MI) armoured cable as per IEC 60331,Fire Survival 25 sqmm Cu Mineral (MI) armoured cable,Fire Survival Cu Mineral (MI) cable,Fire Survival Mineral (MI) cable
RFP_2285,FR 440V 4C 300 sqmm Al XLPE armoured cable as per IEC 60502-1,FR Al XLPE armoured cable,FR armoured cable,armoured cable
RFP_2286,FR 500V 2C 10 sqmm Al XLPE armoured cable as per IEC 60502-1,500V 2C 10 sqmm Al cable,500V Al cable,Al cable
RFP_2287,LSZH 440V 12C 2.5 sqmm Cu PVC armoured cable as per IS 1554,12C Cu PVC cable as per IS 1554,Cu PVC cable,Cu cable
RFP_2288,FR 1.1kV 5C 4 sqmm Cu PVC armoured cable as per IS 9968,1.1kV 4 sqmm Cu cable as per IS 9968,Cu cable as per IS 9968,Cu cable
RFP_2289,Fire Survival 440V 4C 50 sqmm Cu Mineral (MI) armoured cable as per BS 6387,440V 4C 50 sqmm Cu Mineral (MI) cable,440V 4C Mineral (MI) cable,4C Mineral (MI) cable
RFP_2290,300V 8C 0.75 sqmm Cu XLPE armoured cable as per IEC 60502-1,300V 8C 0.75 sqmm Cu cable,8C Cu cable,8C cable
RFP_2291,ZH 110kV 1C 500 sqmm Al XLPE armoured cable as per IEC 60840,1C Al XLPE armoured cable,1C armoured cable,1C cable
RFP_2292,FRLS 500V 30C 1.5 sqmm Cu XLPE armoured cable as per IEC 60502-1,500V 30C XLPE armoured cable,500V armoured cable,500V cable
RFP_2293,Fire Survival 1.1kV 4C 10 sqmm Cu XLPE armoured cable as per IEC 60331,Fire Survival Cu XLPE armoured cable,Fire Survival Cu cable,Fire Survival cable
RFP_2294,LSZH 66kV 1C 1000 sqmm Al XLPE armoured cable as per IS 7098-3,LSZH 66kV 1C cable as per IS 7098-3,LSZH 66kV cable,LSZH cable
RFP_2295,FR 440V 6C 2.5 sqmm Cu PVC armoured cable as per IS 1554,FR Cu PVC cable as per IS 1554,Cu cable as per IS 1554,cable as per IS 1554
RFP_2296,LSZH 1.1kV 30C 1 sqmm Cu XLPE armoured cable as per BS 5308,LSZH Cu XLPE cable as per BS 5308,LSZH XLPE cable,XLPE cable
RFP_2297,LSZH 600V 3.5C 50 sqmm Cu PVC armoured cable as per IEC 60502-1,LSZH 3. PVC armoured cable as per IEC 60502-1,3. armoured cable as per IEC 60502-1,3. armoured cable
RFP_2298,3.3kV 3C 185 sqmm Cu XLPE armoured cable as per IS 7098-1,3.3kV 3C XLPE armoured cable,3.3kV armoured cable,armoured cable
RFP_2299,FRLS 220kV 1C 1000 sqmm Al XLPE armoured cable as per IEC 62067,220kV 1C 1000 sqmm cable as per IEC 62067,1C cable as per IEC 62067,1C cable
RFP_2300,220kV 1C 400 sqmm Al XLPE armoured cable as per IEC 62067,1C Al XLPE cable as per IEC 62067,XLPE cable as per IEC 62067,cable as per IEC 62067
RFP_2301,1.1kV 12C 0.5 sqmm Cu XLPE armoured cable as per BS 5308-1,12C 0.5 sqmm XLPE armoured cable,0.5 sqmm XLPE cable,XLPE cable
RFP_2302,33kV 3C 185 sqmm Al XLPE armoured cable as per IS 7098-2,33kV 185 sqmm XLPE cable as per IS 7098-2,33kV XLPE cable,XLPE cable
RFP_2303,LSZH 1.1kV 10C 4 sqmm Cu PVC armoured cable as per BS 5308,10C 4 sqmm armoured cable as per BS 5308,10C armoured cable,armoured cable
RFP_2304,Fire Survival 440V 2C 16 sqmm Cu Mineral (MI) armoured cable as per BS 6387,Fire Survival 16 sqmm Cu Mineral (MI) armoured cable,Fire Survival Mineral (MI) armoured cable,Mineral (MI) armoured cable
RFP_2305,FR 500V 20C 0.75 sqmm Cu PVC armoured cable as per IEC 60502-1,20C 0.75 sqmm PVC armoured cable,PVC armoured cable,armoured cable
RFP_2306,LSZH 1.1kV 2C 2.5 sqmm Cu EPR armoured cable as per BS 5467,1.1kV 2C Cu EPR cable,Cu EPR cable,Cu cable
RFP_2307,FRLS 22kV 3C 120 sqmm Al XLPE armoured cable as per IS 7098-2,FRLS 3C 120 sqmm XLPE cable,3C XLPE cable,3C cable
RFP_2308,500V 2C 2.5 sqmm Cu PVC armoured cable as per IS 694,2C 2.5 sqmm PVC armoured cable,2C armoured cable,armoured cable
RFP_2309,FR 6.6kV 1C 150 sqmm Cu EPR armoured cable as per IEC 60502-1,150 sqmm Cu EPR cable as per IEC 60502-1,Cu cable as per IEC 60502-1,Cu cable
RFP_2310,66kV 1C 240 sqmm Al XLPE armoured cable as per IS 7098-3,240 sqmm Al armoured cable as per IS 7098-3,240 sqmm Al cable,Al cable
RFP_2311,500V 3C 1.5 sqmm Al XLPE armoured cable as per IEC 60502-1,3C Al XLPE armoured cable,Al armoured cable,Al cable
RFP_2312,FR 500V 12C 0.5 sqmm Cu PVC armoured cable as per BS 5308-1,FR 500V Cu armoured cable,500V Cu cable,Cu cable
RFP_2313,ZH 220kV 1C 300 sqmm Al XLPE armoured cable as per IEC 62067,1C 300 sqmm XLPE armoured cable,300 sqmm armoured cable,armoured cable
RFP_2314,LSZH 1.1kV 4C 2.5 sqmm Cu XLPE armoured cable as per IS 1554,1.1kV 4C XLPE cable as per IS 1554,1.1kV XLPE cable,XLPE cable
RFP_2315,FRLS 1.1kV 19C 1.5 sqmm Cu XLPE armoured cable as per IS 1554,1.5 sqmm Cu XLPE armoured cable,XLPE armoured cable,armoured cable
RFP_2316,LSZH 500V 2C 2.5 sqmm Cu PVC armoured cable as per IS 1554,LSZH 2.5 sqmm armoured cable as per IS 1554,LSZH cable as per IS 1554,LSZH cable
RFP_2317,ZH 3.3kV 1C 120 sqmm Al EPR armoured cable as per IS 7098-1,ZH 3.3kV 1C cable as per IS 7098-1,ZH cable as per IS 7098-1,cable as per IS 7098-1
RFP_2318,Fire Survival 1.1kV 4C 1.5 sqmm Cu XLPE armoured cable as per IS 17048,1.1kV 1.5 sqmm XLPE cable as per IS 17048,1.1kV 1.5 sqmm cable,1.5 sqmm cable
RFP_2319,FRLS 1.1kV 4C 4 sqmm Cu XLPE armoured cable as per IS 1554,FRLS 4 sqmm Cu cable as per IS 1554,4 sqmm cable as per IS 1554,cable as per IS 1554
RFP_2320,ZH 11kV 1C 400 sqmm Al EPR armoured cable as per IS 7098-1,11kV Al EPR armoured cable,11kV EPR cable,EPR cable
RFP_2321,FR 440V 7C 2.5 sqmm Cu XLPE armoured cable as per IS 1554,FR 440V 2.5 sqmm armoured cable,FR armoured cable,armoured cable
RFP_2322,LSZH 500V 7C 4 sqmm Cu XLPE armoured cable as per IEC 60502-1,LSZH 7C 4 sqmm cable as per IEC 60502-1,7C 4 sqmm cable,7C cable
RFP_2323,FR 11kV 1C 240 sqmm Al XLPE armoured cable as per IEC 60502-1,1C Al XLPE armoured cable,1C XLPE cable,XLPE cable
RFP_2324,LSZH 1.1kV 4C 1 sqmm Cu PVC armoured cable as per BS 5308,1.1kV 4C 1 sqmm Cu cable,1.1kV 1 sqmm cable,1 sqmm cable
RFP_2325,1.1kV 3C 1.5 sqmm Cu PVC armoured cable as per BS 5308,1.1kV 3C Cu armoured cable,3C Cu cable,3C cable
RFP_2326,FR 22kV 3C 95 sqmm Cu XLPE armoured cable as per IS 7098-2,FR 3C armoured cable as per IS 7098-2,FR armoured cable,armoured cable
RFP_2327,LSZH 6.6kV 1C 400 sqmm Cu EPR armoured cable as per IS 7098-1,LSZH 1C armoured cable as per IS 7098-1,LSZH 1C cable,LSZH cable
RFP_2328,FR 500V 24C 1.5 sqmm Cu PVC armoured cable as per IS 1554,FR 500V armoured cable as per IS 1554,500V armoured cable,armoured cable
RFP_2329,FR 500V 14C 1.5 sqmm Cu PVC armoured cable as per IEC 60502-1,FR 500V 1.5 sqmm armoured cable,1.5 sqmm armoured cable,armoured cable
RFP_2330,Fire Survival 440V 4C 25 sqmm Cu XLPE armoured cable as per BS 6387,440V 25 sqmm Cu XLPE cable,440V XLPE cable,440V cable
RFP_2331,LSZH 500V 4C 1 sqmm Cu XLPE armoured cable as per IEC 60502-1,LSZH Cu XLPE armoured cable,XLPE armoured cable,armoured cable
RFP_2332,FRLS 1.1kV 3.5C 150 sqmm Al PVC armoured cable as per IS 1554,1.1kV 3. Al PVC armoured cable,1.1kV 3. armoured cable,3. armoured cable
RFP_2333,LSZH 33kV 3C 70 sqmm Al XLPE armoured cable as per IS 7098-2,LSZH 70 sqmm Al armoured cable,LSZH Al cable,LSZH cable
RFP_2334,FRLS 500V 16C 4 sqmm Cu XLPE armoured cable as per IEC 60502-1,4 sqmm Cu XLPE cable as per IEC 60502-1,XLPE cable as per IEC 60502-1,XLPE cable
RFP_2335,FRLS 440V 6C 2.5 sqmm Cu XLPE armoured cable as per IS 694,FRLS 6C XLPE cable as per IS 694,FRLS cable as per IS 694,FRLS cable
RFP_2336,LSZH 33kV 3C 120 sqmm Cu XLPE armoured cable as per IS 7098-2,33kV 3C armoured cable as per IS 7098-2,3C cable as per IS 7098-2,cable as per IS 7098-2
RFP_2337,LSZH 440V 4C 1.5 sqmm Cu PVC armoured cable as per IEC 60245,440V 4C 1.5 sqmm Cu cable,4C 1.5 sqmm cable,1.5 sqmm cable
RFP_2338,FRLS 1.1kV 27C 1 sqmm Cu XLPE armoured cable as per IEC 60502-1,27C 1 sqmm Cu armoured cable,Cu armoured cable,Cu cable
RFP_2339,LSZH 1.1kV 12C 1.5 sqmm Cu PVC armoured cable as per BS 5308-1,LSZH 1.5 sqmm armoured cable as per BS 5308-1,armoured cable as per BS 5308-1,armoured cable
RFP_2340,500V 4C 6 sqmm Cu XLPE armoured cable as per IS 694,500V 4C 6 sqmm Cu cable,500V 6 sqmm cable,6 sqmm cable
RFP_2341,LSZH 500V 16C 1 sqmm Cu XLPE armoured cable as per BS 5308-1,16C XLPE armoured cable as per BS 5308-1,XLPE cable as per BS 5308-1,cable as per BS 5308-1
RFP_2342,ZH 440V 4C 70 sqmm Cu PVC armoured cable as per IS 1554,440V 70 sqmm armoured cable as per IS 1554,armoured cable as per IS 1554,armoured cable
RFP_2343,FR 220kV 1C 630 sqmm Al XLPE armoured cable as per IEC 62067,220kV 630 sqmm armoured cable as per IEC 62067,630 sqmm armoured cable,armoured cable
RFP_2344,LSZH 500V 27C 1.5 sqmm Cu PVC armoured cable as per IS 1554,500V PVC armoured cable as per IS 1554,armoured cable as per IS 1554,cable as per IS 1554
RFP_2345,FRLS 500V 12C 0.75 sqmm Cu PVC armoured cable as per IEC 60502-1,12C 0.75 sqmm PVC armoured cable,12C armoured cable,armoured cable
RFP_2346,FR 1.1kV 30C 4 sqmm Cu PVC armoured cable as per IEC 60502-1,FR 1.1kV 4 sqmm cable as per IEC 60502-1,1.1kV cable as per IEC 60502-1,1.1kV cable
RFP_2347,Fire Survival 440V 1C 25 sqmm Cu XLPE armoured cable as per BS 6387,1C Cu XLPE armoured cable,1C XLPE cable,1C cable
RFP_2348,Fire Survival 1.1kV 3C 35 sqmm Cu Mineral (MI) armoured cable as per BS 6387,1.1kV 35 sqmm Mineral (MI) armoured cable as per BS 6387,Mineral (MI) armoured cable as per BS 6387,Mineral (MI) cable as per BS 6387
RFP_2349,FRLS 500V 1C 150 sqmm Cu PVC armoured cable as per IS 694,500V 1C PVC cable as per IS 694,1C cable as per IS 694,cable as per IS 694
RFP_2350,FRLS 500V 1C 0.75 sqmm Cu PVC armoured cable as per IEC 60502-1,500V 1C Cu cable as per IEC 60502-1,500V Cu cable,Cu cable
RFP_2351,FR 500V 14C 2.5 sqmm Cu PVC armoured cable as per IS 1554,FR Cu PVC armoured cable,FR PVC cable,PVC cable
RFP_2352,FR 66kV 1C 400 sqmm Al XLPE armoured cable as per IS 7098-3,FR 66kV 1C 400 sqmm cable,66kV 400 sqmm cable,66kV cable
RFP_2353,Fire Survival 440V 2C 120 sqmm Cu Mineral (MI) armoured cable as per IEC 60331,2C 120 sqmm Cu Mineral (MI) cable as per IEC 60331,2C Cu Mineral (MI) cable,Cu Mineral (MI) cable
RFP_2354,300V 10C 1.5 sqmm Cu XLPE armoured cable as per BS 5308-1,10C XLPE armoured cable as per BS 5308-1,XLPE armoured cable,armoured cable
RFP_2355,500V 6C 1.5 sqmm Cu XLPE armoured cable as per IEC 60502-1,1.5 sqmm Cu XLPE armoured cable,1.5 sqmm XLPE cable,XLPE cable
RFP_2356,LSZH 1.1kV 10C 2.5 sqmm Cu XLPE armoured cable as per BS 5308-1,LSZH 2.5 sqmm Cu armoured cable,2.5 sqmm armoured cable,2.5 sqmm cable
RFP_2357,LSZH 500V 2C 1 sqmm Cu PVC armoured cable as per IEC 60502-1,1 sqmm PVC armoured cable as per IEC 60502-1,1 sqmm PVC cable,PVC cable
RFP_2358,FRLS 1.1kV 7C 2.5 sqmm Cu XLPE armoured cable as per IS 1554,FRLS 7C 2.5 sqmm Cu cable,FRLS 7C cable,FRLS cable
RFP_2359,LSZH 132kV 1C 630 sqmm Cu XLPE armoured cable as per IEC 60840,132kV 630 sqmm Cu armoured cable,132kV 630 sqmm cable,630 sqmm cable
RFP_2360,66kV 1C 500 sqmm Cu XLPE armoured cable as per IEC 60840,66kV 500 sqmm XLPE armoured cable,66kV armoured cable,66kV cable
RFP_2361,500V 20C 0.5 sqmm Cu XLPE armoured cable as per BS 5308-1,500V 20C Cu armoured cable,500V armoured cable,armoured cable
RFP_2362,300V 24C 0.5 sqmm Cu XLPE armoured cable as per BS 5308-1,300V Cu armoured cable as per BS 5308-1,300V armoured cable,300V cable
RFP_2363,FRLS 220kV 1C 630 sqmm Cu XLPE armoured cable as per IEC 62067,FRLS 220kV XLPE armoured cable,FRLS armoured cable,armoured cable
RFP_2364,FRLS 3.3kV 1C 70 sqmm Cu EPR armoured cable as per IS 7098-1,FRLS Cu armoured cable as per IS 7098-1,Cu cable as per IS 7098-1,Cu cable
RFP_2365,FR 500V 4C 1.5 sqmm Cu XLPE armoured cable as per BS 5308-1,FR 4C XLPE armoured cable,XLPE armoured cable,armoured cable
RFP_2366,500V 2C 1000 sqmm Al PVC armoured cable as per IEC 60502-1,2C Al PVC cable as per IEC 60502-1,Al cable as per IEC 60502-1,Al cable
RFP_2367,1.1kV 24C 1.5 sqmm Cu PVC armoured cable as per IEC 60502-1,1.1kV 24C Cu cable as per IEC 60502-1,1.1kV Cu cable,Cu cable
RFP_2368,110kV 1C 400 sqmm Cu XLPE armoured cable as per IEC 60840,1C Cu XLPE armoured cable,Cu armoured cable,Cu cable
RFP_2369,FRLS 110kV 1C 800 sqmm Al XLPE armoured cable as per IEC 60840,FRLS 800 sqmm XLPE armoured cable,FRLS 800 sqmm cable,800 sqmm cable
RFP_2370,FR 1.1kV 24C 1.5 sqmm Cu PVC armoured cable as per IEC 60502-1,1.5 sqmm PVC armoured cable as per IEC 60502-1,1.5 sqmm PVC cable,1.5 sqmm cable
RFP_2371,FR 66kV 1C 300 sqmm Cu XLPE armoured cable as per IS 7098-3,FR 66kV 300 sqmm Cu cable,FR Cu cable,FR cable
RFP_2372,FRLS 1.1kV 1C 25 sqmm Cu PVC armoured cable as per IEC 60502-1,FRLS 25 sqmm armoured cable as per IEC 60502-1,FRLS armoured cable,armoured cable
RFP_2373,66kV 1C 1000 sqmm Al XLPE armoured cable as per IS 7098-3,1000 sqmm Al XLPE cable as per IS 7098-3,1000 sqmm cable as per IS 7098-3,cable as per IS 7098-3
RFP_2374,ZH 500V 3C 1.5 sqmm Cu PVC armoured cable as per IS 694,1.5 sqmm Cu armoured cable as per IS 694,1.5 sqmm Cu cable,Cu cable
RFP_2375,Fire Survival 440V 2C 25 sqmm Cu Mineral (MI) armoured cable as per IEC 60331,2C Cu Mineral (MI) armoured cable as per IEC 60331,Mineral (MI) armoured cable as per IEC 60331,Mineral (MI) cable as per IEC 60331
RFP_2376,ZH 33kV 3C 95 sqmm Cu XLPE armoured cable as per IS 7098-2,33kV 3C 95 sqmm Cu cable,33kV 3C cable,33kV cable
RFP_2377,ZH 400kV 1C 630 sqmm Al XLPE armoured cable as per IEC 62067,1C Al armoured cable as per IEC 62067,Al cable as per IEC 62067,Al cable
RFP_2378,ZH 110kV 1C 185 sqmm Al XLPE armoured cable as per IEC 60840,ZH 110kV 185 sqmm XLPE cable,110kV 185 sqmm cable,110kV cable
RFP_2379,LSZH 500V 7C 1.5 sqmm Cu PVC armoured cable as per IS 1554,LSZH 1.5 sqmm PVC cable as per IS 1554,LSZH cable as per IS 1554,LSZH cable
RFP_2380,FR 300V 6C 1.5 sqmm Cu XLPE armoured cable as per BS 5308-1,300V 1.5 sqmm armoured cable as per BS 5308-1,300V cable as per BS 5308-1,300V cable
RFP_2381,FR 1.1kV 30C 1 sqmm Cu PVC armoured cable as per IS 1554,1.1kV 30C PVC cable as per IS 1554,PVC cable as per IS 1554,cable as per IS 1554
RFP_2382,500V 4C 1.5 sqmm Cu XLPE armoured cable as per IEC 60502-1,500V 1.5 sqmm armoured cable as per IEC 60502-1,1.5 sqmm armoured cable,armoured cable
RFP_2383,FRLS 1.1kV 10C 6 sqmm Cu XLPE armoured cable as per IS 1554,1.1kV Cu XLPE cable as per IS 1554,XLPE cable as per IS 1554,XLPE cable
RFP_2384,LSZH 500V 10C 2.5 sqmm Cu XLPE armoured cable as per IEC 60502-1,500V 10C XLPE armoured cable,XLPE armoured cable,XLPE cable
RFP_2385,440V 5C 4 sqmm Cu PVC armoured cable as per IEC 60245,440V Cu PVC armoured cable,PVC armoured cable,PVC cable
RFP_2386,FR 1.1kV 16C 0.5 sqmm Cu XLPE armoured cable as per IS 1554,FR 0.5 sqmm armoured cable as per IS 1554,0.5 sqmm armoured cable,armoured cable
RFP_2387,1.1kV 8C 0.75 sqmm Cu PVC armoured cable as per BS 5308-1,1.1kV 8C PVC armoured cable,8C armoured cable,8C cable
RFP_2388,FR 1.1kV 12C 0.5 sqmm Cu XLPE armoured cable as per BS 5308-1,FR 1.1kV Cu armoured cable,FR armoured cable,FR cable
RFP_2389,FRLS 1.1kV 3C 120 sqmm Al XLPE armoured cable as per IS 1554,FRLS 120 sqmm armoured cable as per IS 1554,FRLS 120 sqmm cable,120 sqmm cable
RFP_2390,FRLS 1.1kV 12C 2.5 sqmm Cu XLPE armoured cable as per IEC 60502-1,12C XLPE armoured cable as per IEC 60502-1,12C armoured cable,armoured cable
RFP_2391,FRLS 66kV 1C 300 sqmm Cu XLPE armoured cable as per IEC 60840,FRLS 66kV Cu XLPE cable,FRLS XLPE cable,FRLS cable
RFP_2392,FR 500V 2C 0.75 sqmm Cu PVC armoured cable as per IEC 60502-1,0.75 sqmm Cu PVC armoured cable,Cu PVC cable,PVC cable
RFP_2393,110kV 1C 1000 sqmm Cu XLPE armoured cable as per IEC 60840,1000 sqmm Cu armoured cable as per IEC 60840,Cu cable as per IEC 60840,Cu cable
RFP_2394,Fire Survival 1.1kV 2C 95 sqmm Cu XLPE armoured cable as per IS 17048,Fire Survival 2C Cu armoured cable,Fire Survival Cu cable,Cu cable
RFP_2395,FR 440V 4C 25 sqmm Cu XLPE armoured cable as per IS 9968,25 sqmm Cu XLPE armoured cable,25 sqmm Cu cable,25 sqmm cable
RFP_2396,ZH 22kV 3C 50 sqmm Cu XLPE armoured cable as per IS 7098-2,ZH 3C Cu cable as per IS 7098-2,ZH Cu cable,ZH cable
RFP_2397,33kV 1C 95 sqmm Al XLPE armoured cable as per IS 7098-2,95 sqmm Al armoured cable as per IS 7098-2,95 sqmm Al cable,Al cable
RFP_2398,LSZH 220kV 1C 630 sqmm Al XLPE armoured cable as per IEC 62067,LSZH 220kV XLPE armoured cable,LSZH 220kV cable,220kV cable
RFP_2399,Fire Survival 1.1kV 3C 10 sqmm Cu Mineral (MI) armoured cable as per IS 17048,Fire Survival Cu Mineral (MI) armoured cable as per IS 17048,Fire Survival Cu Mineral (MI) cable,Cu Mineral (MI) cable
RFP_2400,300V 1C 1.5 sqmm Cu XLPE armoured cable as per IEC 60502-1,1C Cu armoured cable as per IEC 60502-1,1C Cu cable,Cu cable
RFP_2401,Fire Survival 1.1kV 2C 6 sqmm Cu Mineral (MI) armoured cable as per IEC 60331,1.1kV 2C 6 sqmm Cu Mineral (MI) cable,1.1kV 2C Mineral (MI) cable,2C Mineral (MI) cable
RFP_2402,LSZH 22kV 1C 400 sqmm Cu XLPE armoured cable as per IS 7098-2,22kV XLPE armoured cable as per IS 7098-2,armoured cable as per IS 7098-2,armoured cable
RFP_2403,300V 2C 1.5 sqmm Cu PVC armoured cable as per IEC 60502-1,2C Cu PVC armoured cable,Cu armoured cable,Cu cable
RFP_2404,440V 7C 6 sqmm Cu XLPE armoured cable as per IS 1554,Cu XLPE armoured cable as per IS 1554,Cu XLPE cable,Cu cable
RFP_2405,FRLS 300V 1C 0.75 sqmm Cu PVC armoured cable as per BS 5308-1,FRLS 1C PVC cable as per BS 5308-1,FRLS cable as per BS 5308-1,FRLS cable
RFP_2406,LSZH 440V 10C 2.5 sqmm Cu XLPE armoured cable as per IS 694,10C Cu armoured cable as per IS 694,armoured cable as per IS 694,armoured cable
RFP_2407,LSZH 1.1kV 16C 4 sqmm Cu XLPE armoured cable as per IS 1554,1.1kV 4 sqmm armoured cable as per IS 1554,4 sqmm cable as per IS 1554,cable as per IS 1554
RFP_2408,Fire Survival 1.1kV 3C 120 sqmm Cu XLPE armoured cable as per IEC 60331,Fire Survival 3C 120 sqmm XLPE cable,3C 120 sqmm cable,120 sqmm cable
RFP_2409,Fire Survival 1.1kV 4C 120 sqmm Cu XLPE armoured cable as per IS 17048,Fire Survival 120 sqmm XLPE cable as per IS 17048,Fire Survival cable as per IS 17048,cable as per IS 17048
RFP_2410,FR 300V 20C 1.5 sqmm Cu XLPE armoured cable as per BS 5308-1,FR Cu XLPE cable as per BS 5308-1,FR Cu cable,Cu cable
RFP_2411,22kV 1C 240 sqmm Al XLPE armoured cable as per IEC 60502-2,22kV 1C 240 sqmm armoured cable,22kV 240 sqmm cable,240 sqmm cable
RFP_2412,FR 1.1kV 4C 1.5 sqmm Cu XLPE armoured cable as per BS 5308,1.5 sqmm Cu XLPE cable as per BS 5308,XLPE cable as per BS 5308,cable as per BS 5308
RFP_2413,FRLS 440V 7C 6 sqmm Cu XLPE armoured cable as per IS 1554,440V 6 sqmm Cu XLPE cable,6 sqmm Cu cable,Cu cable
RFP_2414,Fire Survival 440V 4C 4 sqmm Cu XLPE armoured cable as per IEC 60331,4 sqmm XLPE armoured cable as per IEC 60331,4 sqmm cable as per IEC 60331,cable as per IEC 60331
RFP_2415,132kV 1C 300 sqmm Cu XLPE armoured cable as per IEC 60840,132kV 1C XLPE cable as per IEC 60840,132kV XLPE cable,XLPE cable
RFP_2416,LSZH 440V 3C 95 sqmm Al XLPE armoured cable as per IEC 60502-1,LSZH 440V XLPE cable as per IEC 60502-1,440V cable as per IEC 60502-1,440V cable
RFP_2417,ZH 3.3kV 3C 150 sqmm Al XLPE armoured cable as per IS 7098-1,3.3kV 3C Al XLPE cable,3C XLPE cable,3C cable
RFP_2418,FRLS 440V 16C 4 sqmm Cu PVC armoured cable as per IS 1554,FRLS 4 sqmm armoured cable as per IS 1554,FRLS 4 sqmm cable,FRLS cable
RFP_2419,FRLS 440V 2C 50 sqmm Cu PVC armoured cable as per IEC 60245,50 sqmm Cu PVC cable as per IEC 60245,50 sqmm Cu cable,50 sqmm cable
RFP_2420,LSZH 440V 7C 2.5 sqmm Cu PVC armoured cable as per IS 694,LSZH 440V 7C 2.5 sqmm cable,440V 7C cable,440V cable
RFP_2421,FR 500V 16C 1.5 sqmm Cu XLPE armoured cable as per BS 5308-1,500V 16C Cu cable as per BS 5308-1,500V 16C cable,16C cable
RFP_2422,FR 440V 2C 4 sqmm Cu PVC armoured cable as per IS 694,440V 2C 4 sqmm cable as per IS 694,2C 4 sqmm cable,4 sqmm cable
RFP_2423,FR 1.1kV 4C 0.5 sqmm Cu PVC armoured cable as per BS 5308-1,FR 1.1kV Cu cable as per BS 5308-1,FR cable as per BS 5308-1,cable as per BS 5308-1
RFP_2424,FRLS 440V 2C 4 sqmm Cu PVC armoured cable as per IS 694,440V 4 sqmm PVC cable as per IS 694,440V cable as per IS 694,cable as per IS 694
RFP_2425,LSZH 66kV 1C 185 sqmm Al XLPE armoured cable as per IS 7098-3,LSZH 66kV 1C armoured cable,LSZH 1C cable,LSZH cable
RFP_2426,FR 300V 24C 0.75 sqmm Cu XLPE armoured cable as per IEC 60502-1,300V Cu armoured cable as per IEC 60502-1,300V Cu cable,Cu cable
RFP_2427,ZH 22kV 1C 240 sqmm Cu XLPE armoured cable as per IS 7098-2,1C Cu XLPE armoured cable,XLPE armoured cable,XLPE cable
RFP_2428,LSZH 440V 24C 4 sqmm Cu XLPE armoured cable as per IS 1554,440V 24C 4 sqmm XLPE cable,4 sqmm XLPE cable,XLPE cable
RFP_2429,FR 440V 2C 2.5 sqmm Cu PVC armoured cable as per IS 9968,2.5 sqmm PVC armoured cable as per IS 9968,PVC armoured cable,PVC cable
RFP_2430,Fire Survival 1.1kV 4C 25 sqmm Cu XLPE armoured cable as per BS 6387,Fire Survival 25 sqmm Cu armoured cable,Fire Survival armoured cable,armoured cable
RFP_2431,FR 66kV 1C 500 sqmm Al XLPE armoured cable as per IEC 60840,FR 66kV armoured cable as per IEC 60840,FR armoured cable,armoured cable
RFP_2432,LSZH 500V 12C 4 sqmm Cu XLPE armoured cable as per IEC 60502-1,LSZH 500V 12C 4 sqmm cable,LSZH 4 sqmm cable,LSZH cable
RFP_2433,1.1kV 30C 1.5 sqmm Cu XLPE armoured cable as per IS 1554,Cu XLPE armoured cable as per IS 1554,Cu cable as per IS 1554,cable as per IS 1554
RFP_2434,FRLS 220kV 1C 800 sqmm Cu XLPE armoured cable as per IEC 62067,FRLS 220kV 1C 800 sqmm cable,220kV 800 sqmm cable,220kV cable
RFP_2435,ZH 22kV 3C 185 sqmm Cu XLPE armoured cable as per IEC 60502-2,ZH 185 sqmm Cu XLPE cable,185 sqmm Cu cable,Cu cable
RFP_2436,FRLS 300V 16C 1 sqmm Cu PVC armoured cable as per BS 5308-1,FRLS Cu armoured cable as per BS 5308-1,Cu cable as per BS 5308-1,Cu cable
RFP_2437,FRLS 500V 10C 0.75 sqmm Cu XLPE armoured cable as per BS 5308-1,FRLS 10C Cu cable as per BS 5308-1,FRLS Cu cable,Cu cable
RFP_2438,FRLS 300V 16C 2.5 sqmm Cu PVC armoured cable as per IEC 60502-1,300V 2.5 sqmm armoured cable as per IEC 60502-1,2.5 sqmm armoured cable,armoured cable
RFP_2439,500V 1C 0.75 sqmm Cu XLPE armoured cable as per BS 5308-1,500V 1C armoured cable as per BS 5308-1,500V armoured cable,armoured cable
RFP_2440,ZH 440V 4C 2.5 sqmm Cu XLPE armoured cable as per IS 694,ZH 2.5 sqmm XLPE armoured cable,2.5 sqmm XLPE cable,2.5 sqmm cable
RFP_2441,FRLS 500V 10C 0.5 sqmm Cu PVC armoured cable as per IEC 60502-1,500V Cu PVC cable as per IEC 60502-1,Cu cable as per IEC 60502-1,Cu cable
RFP_2442,FR 1.1kV 2C 2.5 sqmm Cu XLPE armoured cable as per BS 5308,1.1kV 2C Cu XLPE cable,2C XLPE cable,2C cable
RFP_2443,FR 22kV 1C 50 sqmm Cu XLPE armoured cable as per IS 7098-2,1C 50 sqmm Cu armoured cable,Cu armoured cable,Cu cable
RFP_2444,300V 12C 2.5 sqmm Cu PVC armoured cable as per IEC 60502-1,300V 2.5 sqmm Cu armoured cable,300V armoured cable,300V cable
RFP_2445,440V 6C 1 sqmm Cu XLPE armoured cable as per IS 1554,6C 1 sqmm XLPE cable as per IS 1554,XLPE cable as per IS 1554,XLPE cable
RFP_2446,ZH 3.3kV 1C 120 sqmm Cu XLPE armoured cable as per IEC 60502-1,3.3kV 120 sqmm Cu XLPE cable,Cu XLPE cable,XLPE cable
RFP_2447,FRLS 110kV 1C 630 sqmm Al XLPE armoured cable as per IEC 60840,FRLS 1C 630 sqmm armoured cable,FRLS 630 sqmm cable,FRLS cable
RFP_2448,ZH 132kV 1C 500 sqmm Al XLPE armoured cable as per IEC 60840,ZH 132kV 1C armoured cable,ZH 1C cable,1C cable
RFP_2449,132kV 1C 500 sqmm Al XLPE armoured cable as per IEC 60840,132kV 1C XLPE armoured cable,1C XLPE cable,1C cable
RFP_2450,FRLS 22kV 1C 70 sqmm Cu XLPE armoured cable as per IS 7098-2,FRLS 1C 70 sqmm armoured cable,1C armoured cable,1C cable
RFP_2451,ZH 600V 3.5C 630 sqmm Al XLPE armoured cable as per IS 694,ZH 600V 3. XLPE cable as per IS 694,600V 3. cable as per IS 694,3. cable as per IS 694
RFP_2452,300V 4C 0.5 sqmm Cu PVC armoured cable as per IEC 60502-1,300V 4C 0.5 sqmm PVC cable,0.5 sqmm PVC cable,0.5 sqmm cable
RFP_2453,Fire Survival 1.1kV 2C 10 sqmm Cu XLPE armoured cable as per BS 6387,Fire Survival 1.1kV 2C 10 sqmm cable,2C 10 sqmm cable,2C cable
RFP_2454,Fire Survival 440V 4C 10 sqmm Cu XLPE armoured cable as per BS 6387,Fire Survival 440V 10 sqmm XLPE cable,10 sqmm XLPE cable,10 sqmm cable
RFP_2455,Fire Survival 440V 1C 4 sqmm Cu XLPE armoured cable as per BS 6387,Fire Survival 1C 4 sqmm armoured cable,1C 4 sqmm cable,4 sqmm cable
RFP_2456,FR 440V 24C 2.5 sqmm Cu PVC armoured cable as per IS 694,24C 2.5 sqmm Cu cable as per IS 694,2.5 sqmm cable as per IS 694,cable as per IS 694
RFP_2457,LSZH 500V 7C 2.5 sqmm Cu XLPE armoured cable as per IEC 60502-1,LSZH 500V 7C cable as per IEC 60502-1,LSZH 7C cable,7C cable
RFP_2458,ZH 66kV 1C 185 sqmm Al XLPE armoured cable as per IEC 60840,ZH 185 sqmm XLPE armoured cable,XLPE armoured cable,XLPE cable
RFP_2459,Fire Survival 1.1kV 1C 6 sqmm Cu XLPE armoured cable as per BS 6387,Fire Survival 1.1kV 6 sqmm XLPE cable,1.1kV 6 sqmm cable,1.1kV cable
RFP_2460,500V 2C 0.5 sqmm Cu PVC armoured cable as per BS 5308-1,500V 2C 0.5 sqmm PVC cable,2C 0.5 sqmm cable,0.5 sqmm cable
RFP_2461,Fire Survival 440V 3C 16 sqmm Cu Mineral (MI) armoured cable as per BS 6387,Fire Survival 440V 16 sqmm Mineral (MI) armoured cable,16 sqmm Mineral (MI) armoured cable,16 sqmm Mineral (MI) cable
RFP_2462,LSZH 600V 1C 35 sqmm Cu PVC armoured cable as per IEC 60502-1,LSZH 35 sqmm Cu PVC cable,LSZH PVC cable,LSZH cable
RFP_2463,440V 10C 2.5 sqmm Cu PVC armoured cable as per IS 694,440V 2.5 sqmm PVC cable as per IS 694,440V cable as per IS 694,440V cable
RFP_2464,FRLS 1.1kV 4C 2.5 sqmm Cu XLPE armoured cable as per IS 1554,FRLS Cu XLPE cable as per IS 1554,Cu XLPE cable,XLPE cable
RFP_2465,LSZH 500V 3C 2.5 sqmm Cu PVC armoured cable as per IEC 60245,3C 2.5 sqmm Cu cable as per IEC 60245,3C cable as per IEC 60245,cable as per IEC 60245
RFP_2466,300V 2C 0.75 sqmm Cu XLPE armoured cable as per BS 5308-1,300V 2C Cu XLPE cable,300V XLPE cable,XLPE cable
RFP_2467,FRLS 66kV 1C 500 sqmm Cu XLPE armoured cable as per IEC 60840,66kV 1C 500 sqmm armoured cable,1C armoured cable,1C cable
RFP_2468,FR 300V 4C 0.5 sqmm Cu XLPE armoured cable as per BS 5308-1,300V XLPE armoured cable as per BS 5308-1,300V cable as per BS 5308-1,cable as per BS 5308-1
RFP_2469,FR 500V 12C 4 sqmm Cu PVC armoured cable as per IEC 60502-1,Cu PVC armoured cable as per IEC 60502-1,PVC cable as per IEC 60502-1,PVC cable
RFP_2470,500V 2C 1.5 sqmm Cu PVC armoured cable as per IS 1554,1.5 sqmm Cu PVC armoured cable,Cu armoured cable,armoured cable
RFP_2471,Fire Survival 1.1kV 2C 95 sqmm Cu XLPE armoured cable as per IEC 60331,2C 95 sqmm Cu armoured cable,2C 95 sqmm cable,95 sqmm cable
RFP_2472,LSZH 440V 4C 1.5 sqmm Cu PVC armoured cable as per IEC 60245,LSZH 4C 1.5 sqmm Cu cable,LSZH 1.5 sqmm cable,LSZH cable
RFP_2473,FR 33kV 1C 50 sqmm Cu XLPE armoured cable as per IEC 60502-2,FR 50 sqmm XLPE armoured cable,50 sqmm armoured cable,50 sqmm cable
RFP_2474,FRLS 500V 3C 1.5 sqmm Cu PVC armoured cable as per IEC 60245,FRLS 500V Cu PVC cable,500V Cu cable,Cu cable
RFP_2475,LSZH 440V 16C 4 sqmm Cu PVC armoured cable as per IS 694,LSZH 16C PVC armoured cable,LSZH 16C cable,LSZH cable
RFP_2476,Fire Survival 1.1kV 3C 25 sqmm Cu XLPE armoured cable as per IS 17048,3C Cu armoured cable as per IS 17048,3C Cu cable,Cu cable
RFP_2477,1.1kV 16C 6 sqmm Cu XLPE armoured cable as per IEC 60502-1,1.1kV Cu XLPE cable as per IEC 60502-1,1.1kV Cu cable,Cu cable
RFP_2478,ZH 400kV 1C 630 sqmm Al XLPE armoured cable as per IEC 62067,ZH 400kV 1C Al cable,400kV Al cable,400kV cable
RFP_2479,FRLS 500V 12C 0.75 sqmm Cu PVC armoured cable as per BS 5308-1,FRLS 500V 0.75 sqmm armoured cable,500V armoured cable,armoured cable
RFP_2480,FR 132kV 1C 185 sqmm Cu XLPE armoured cable as per IEC 60840,FR 132kV 185 sqmm XLPE cable,185 sqmm XLPE cable,XLPE cable
RFP_2481,LSZH 1.1kV 14C 6 sqmm Cu XLPE armoured cable as per IEC 60502-1,LSZH 1.1kV 6 sqmm Cu cable,LSZH 1.1kV cable,LSZH cable
RFP_2482,FR 1.1kV 16C 0.75 sqmm Cu PVC armoured cable as per IEC 60502-1,16C 0.75 sqmm PVC armoured cable,16C 0.75 sqmm cable,0.75 sqmm cable
RFP_2483,LSZH 1.1kV 30C 2.5 sqmm Cu XLPE armoured cable as per IS 1554,LSZH 1.1kV 2.5 sqmm cable as per IS 1554,1.1kV 2.5 sqmm cable,2.5 sqmm cable
RFP_2484,LSZH 500V 24C 1 sqmm Cu PVC armoured cable as per BS 5308-1,1 sqmm Cu PVC armoured cable,PVC armoured cable,PVC cable
RFP_2485,LSZH 440V 1C 35 sqmm Cu XLPE armoured cable as per IS 694,440V Cu armoured cable as per IS 694,Cu cable as per IS 694,Cu cable
RFP_2486,LSZH 440V 4C 2.5 sqmm Cu XLPE armoured cable as per IS 1554,4C XLPE armoured cable as per IS 1554,4C cable as per IS 1554,4C cable
RFP_2487,FRLS 300V 10C 1.5 sqmm Cu XLPE armoured cable as per IEC 60502-1,10C 1.5 sqmm Cu XLPE cable,10C XLPE cable,XLPE cable
RFP_2488,FRLS 440V 2C 1.5 sqmm Cu XLPE armoured cable as per IS 694,2C 1.5 sqmm XLPE cable as per IS 694,1.5 sqmm XLPE cable,XLPE cable
RFP_2489,FR 500V 5C 25 sqmm Cu PVC armoured cable as per IS 694,5C PVC armoured cable as per IS 694,5C armoured cable,5C cable
RFP_2490,LSZH 1.1kV 24C 1 sqmm Cu PVC armoured cable as per BS 5308,LSZH 1.1kV PVC cable as per BS 5308,1.1kV cable as per BS 5308,cable as per BS 5308
RFP_2491,FRLS 220kV 1C 185 sqmm Al XLPE armoured cable as per IEC 62067,220kV 185 sqmm Al cable as per IEC 62067,Al cable as per IEC 62067,Al cable
RFP_2492,FRLS 440V 14C 4 sqmm Cu PVC armoured cable as per IS 694,FRLS 440V Cu cable as per IS 694,FRLS 440V cable,440V cable
RFP_2493,LSZH 500V 4C 0.75 sqmm Cu XLPE armoured cable as per IEC 60502-1,0.75 sqmm Cu XLPE armoured cable,XLPE armoured cable,XLPE cable
RFP_2494,440V 2C 4 sqmm Cu PVC armoured cable as per IS 694,440V 4 sqmm Cu armoured cable,440V armoured cable,armoured cable
RFP_2495,FRLS 300V 20C 1.5 sqmm Cu XLPE armoured cable as per BS 5308-1,300V Cu armoured cable as per BS 5308-1,Cu armoured cable,armoured cable
RFP_2496,FRLS 220kV 1C 240 sqmm Cu XLPE armoured cable as per IEC 62067,220kV 240 sqmm XLPE armoured cable,220kV XLPE cable,220kV cable
RFP_2497,LSZH 300V 12C 2.5 sqmm Cu XLPE armoured cable as per IEC 60502-1,LSZH 12C XLPE cable as per IEC 60502-1,12C cable as per IEC 60502-1,cable as per IEC 60502-1
RFP_2498,66kV 1C 400 sqmm Cu XLPE armoured cable as per IEC 60840,66kV Cu XLPE cable as per IEC 60840,Cu cable as per IEC 60840,cable as per IEC 60840
RFP_2499,FRLS 11kV 1C 150 sqmm Cu EPR armoured cable as per IEC 60502-1,11kV 150 sqmm Cu cable as per IEC 60502-1,11kV Cu cable,11kV cable
RFP_2500,FR 33kV 1C 185 sqmm Cu XLPE armoured cable as per IEC 60502-2,1C XLPE armoured cable as per IEC 60502-2,XLPE cable as per IEC 60502-2,cable as per IEC 60502-2
RFP_2501,FRLS 220kV 1C 185 sqmm Al XLPE armoured cable as per IEC 62067,FRLS 220kV 185 sqmm cable as per IEC 62067,220kV 185 sqmm cable,185 sqmm cable
RFP_2502,FRLS 500V 4C 4 sqmm Cu PVC armoured cable as per IEC 60502-1,500V 4C armoured cable as per IEC 60502-1,500V cable as per IEC 60502-1,500V cable
RFP_2503,1.1kV 1C 1 sqmm Cu PVC armoured cable as per IS 9968,1C Cu PVC armoured cable,PVC armoured cable,PVC cable
RFP_2504,FRLS 1.1kV 16C 1.5 sqmm Cu XLPE armoured cable as per IS 1554,16C Cu XLPE cable as per IS 1554,Cu cable as per IS 1554,cable as per IS 1554
RFP_2505,FRLS 300V 16C 0.75 sqmm Cu XLPE armoured cable as per IEC 60502-1,FRLS 300V Cu armoured cable,FRLS 300V cable,FRLS cable
RFP_2506,ZH 440V 1C 4 sqmm Cu XLPE armoured cable as per IS 694,ZH 440V 1C XLPE cable,ZH 1C cable,ZH cable
RFP_2507,400kV 1C 1000 sqmm Al XLPE armoured cable as per IEC 62067,400kV 1C Al cable as per IEC 62067,1C cable as per IEC 62067,cable as per IEC 62067
RFP_2508,FR 1.1kV 12C 1.5 sqmm Cu XLPE armoured cable as per IS 1554,FR 1.1kV 12C armoured cable,1.1kV 12C cable,12C cable
RFP_2509,FR 400kV 1C 800 sqmm Cu XLPE armoured cable as per IEC 62067,1C Cu XLPE armoured cable,1C XLPE cable,1C cable
RFP_2510,FR 1.1kV 30C 4 sqmm Cu XLPE armoured cable as per IS 1554,1.1kV 30C XLPE armoured cable,30C armoured cable,30C cable
RFP_2511,LSZH 1.1kV 4C 120 sqmm Al PVC armoured cable as per IEC 60502-1,1.1kV 4C PVC armoured cable,1.1kV 4C cable,1.1kV cable
RFP_2512,FR 11kV 1C 95 sqmm Cu XLPE armoured cable as per IEC 60502-1,FR 1C 95 sqmm armoured cable,1C 95 sqmm cable,1C cable
RFP_2513,FRLS 1.1kV 12C 2.5 sqmm Cu PVC armoured cable as per IEC 60502-1,FRLS 12C 2.5 sqmm cable as per IEC 60502-1,FRLS 2.5 sqmm cable,FRLS cable
RFP_2514,LSZH 500V 4C 1.5 sqmm Cu XLPE armoured cable as per BS 5308-1,500V Cu XLPE armoured cable,500V XLPE cable,XLPE cable
RFP_2515,FR 500V 8C 2.5 sqmm Cu PVC armoured cable as per IS 1554,500V 8C 2.5 sqmm PVC cable,8C 2.5 sqmm cable,2.5 sqmm cable
RFP_2516,500V 10C 1 sqmm Cu XLPE armoured cable as per BS 5308-1,500V 10C XLPE cable as per BS 5308-1,500V 10C cable,500V cable
RFP_2517,FRLS 500V 3C 4 sqmm Cu PVC armoured cable as per IEC 60502-1,FRLS 500V 3C cable as per IEC 60502-1,FRLS 500V cable,FRLS cable
RFP_2518,FR 500V 1C 0.75 sqmm Cu PVC armoured cable as per IEC 60245,FR Cu PVC armoured cable,Cu PVC cable,PVC cable
RFP_2519,Fire Survival 1.1kV 2C 4 sqmm Cu Mineral (MI) armoured cable as per BS 6387,2C 4 sqmm Cu Mineral (MI) cable as per BS 6387,2C Cu Mineral (MI) cable,Cu Mineral (MI) cable
RFP_2520,440V 5C 2.5 sqmm Cu XLPE armoured cable as per IEC 60245,2.5 sqmm Cu XLPE cable as per IEC 60245,2.5 sqmm cable as per IEC 60245,2.5 sqmm cable
RFP_2521,FRLS 132kV 1C 185 sqmm Al XLPE armoured cable as per IEC 60840,FRLS Al XLPE cable as per IEC 60840,FRLS XLPE cable,XLPE cable
RFP_2522,FRLS 300V 16C 1.5 sqmm Cu PVC armoured cable as per IEC 60502-1,FRLS 1.5 sqmm Cu cable as per IEC 60502-1,1.5 sqmm Cu cable,1.5 sqmm cable
RFP_2523,LSZH 440V 14C 1.5 sqmm Cu PVC armoured cable as per IS 694,1.5 sqmm PVC armoured cable as per IS 694,1.5 sqmm cable as per IS 694,1.5 sqmm cable
RFP_2524,Fire Survival 440V 4C 4 sqmm Cu XLPE armoured cable as per BS 6387,Fire Survival 4C 4 sqmm Cu cable,4C 4 sqmm cable,4 sqmm cable
RFP_2525,440V 6C 1.5 sqmm Cu PVC armoured cable as per IS 694,440V 6C 1.5 sqmm Cu cable,440V Cu cable,440V cable
RFP_2526,500V 12C 0.75 sqmm Cu XLPE armoured cable as per IEC 60502-1,12C XLPE armoured cable as per IEC 60502-1,12C cable as per IEC 60502-1,cable as per IEC 60502-1
RFP_2527,440V 4C 10 sqmm Cu PVC armoured cable as per IEC 60502-1,440V Cu PVC cable as per IEC 60502-1,Cu PVC cable,PVC cable
RFP_2528,FR 1.1kV 3C 1 sqmm Cu PVC armoured cable as per IEC 60502-1,FR 1.1kV armoured cable as per IEC 60502-1,FR armoured cable,FR cable
RFP_2529,FR 600V 4C 300 sqmm Al PVC armoured cable as per IEC 60502-1,FR 600V PVC cable as per IEC 60502-1,FR 600V cable,600V cable
RFP_2530,ZH 22kV 1C 185 sqmm Cu XLPE armoured cable as per IS 7098-2,22kV 1C XLPE cable as per IS 7098-2,1C cable as per IS 7098-2,1C cable
RFP_2531,FRLS 132kV 1C 240 sqmm Cu XLPE armoured cable as per IEC 60840,FRLS 132kV Cu XLPE cable,132kV Cu cable,132kV cable
RFP_2532,1.1kV 6C 2.5 sqmm Cu XLPE armoured cable as per BS 5308-1,1.1kV 2.5 sqmm Cu armoured cable,1.1kV 2.5 sqmm cable,1.1kV cable
RFP_2533,Fire Survival 440V 4C 35 sqmm Cu Mineral (MI) armoured cable as per IEC 60331,Fire Survival 440V 35 sqmm Mineral (MI) cable as per IEC 60331,440V 35 sqmm Mineral (MI) cable,440V Mineral (MI) cable
RFP_2534,1.1kV 2C 2.5 sqmm Cu XLPE armoured cable as per IEC 60502-1,1.1kV 2C 2.5 sqmm armoured cable,1.1kV 2C cable,2C cable
RFP_2535,FRLS 1.1kV 14C 4 sqmm Cu PVC armoured cable as per IEC 60502-1,FRLS 1.1kV 14C armoured cable,14C armoured cable,armoured cable
RFP_2536,440V 16C 6 sqmm Cu PVC armoured cable as per IS 1554,440V 16C Cu PVC cable,16C PVC cable,PVC cable
RFP_2537,LSZH 440V 4C 1.5 sqmm Al XLPE armoured cable as per IEC 60502-1,1.5 sqmm XLPE armoured cable as per IEC 60502-1,1.5 sqmm cable as per IEC 60502-1,cable as per IEC 60502-1
RFP_2538,FRLS 440V 5C 6 sqmm Cu XLPE armoured cable as per IS 694,FRLS 5C XLPE cable as per IS 694,FRLS 5C cable,FRLS cable
RFP_2539,LSZH 33kV 3C 300 sqmm Al XLPE armoured cable as per IS 7098-2,33kV 3C 300 sqmm cable as per IS 7098-2,300 sqmm cable as per IS 7098-2,300 sqmm cable
RFP_2540,FR 22kV 3C 240 sqmm Al XLPE armoured cable as per IEC 60502-2,3C 240 sqmm Al cable as per IEC 60502-2,3C cable as per IEC 60502-2,3C cable
RFP_2541,440V 6C 6 sqmm Cu PVC armoured cable as per IS 694,6 sqmm Cu armoured cable as per IS 694,armoured cable as per IS 694,cable as per IS 694
RFP_2542,ZH 600V 2C 185 sqmm Cu XLPE armoured cable as per IS 694,ZH 2C Cu armoured cable,ZH Cu cable,ZH cable
RFP_2543,LSZH 500V 3C 1.5 sqmm Cu PVC armoured cable as per IEC 60245,LSZH 500V Cu PVC cable,Cu PVC cable,PVC cable
RFP_2544,500V 10C 0.75 sqmm Cu XLPE armoured cable as per BS 5308-1,500V 10C 0.75 sqmm cable as per BS 5308-1,500V cable as per BS 5308-1,500V cable
RFP_2545,FR 500V 7C 1.5 sqmm Cu XLPE armoured cable as per IS 1554,500V 1.5 sqmm Cu XLPE cable,Cu XLPE cable,XLPE cable
RFP_2546,FR 1.1kV 24C 1.5 sqmm Cu PVC armoured cable as per BS 5308-1,FR 1.5 sqmm Cu PVC cable,Cu PVC cable,PVC cable
RFP_2547,LSZH 6.6kV 1C 300 sqmm Cu EPR armoured cable as per IS 7098-1,6.6kV 1C 300 sqmm EPR cable,1C 300 sqmm cable,1C cable
RFP_2548,FR 440V 1C 2.5 sqmm Al XLPE armoured cable as per IS 694,FR 1C 2.5 sqmm XLPE cable,2.5 sqmm XLPE cable,2.5 sqmm cable
RFP_2549,FRLS 1.1kV 6C 0.75 sqmm Cu PVC armoured cable as per IEC 60502-1,FRLS 0.75 sqmm Cu armoured cable,FRLS 0.75 sqmm cable,0.75 sqmm cable
RFP_2550,FRLS 1.1kV 30C 4 sqmm Cu PVC armoured cable as per IEC 60502-1,FRLS 30C 4 sqmm armoured cable,FRLS 30C cable,FRLS cable
RFP_2551,ZH 1.1kV 4C 16 sqmm Cu PVC armoured cable as per IS 9968,ZH 1.1kV 16 sqmm armoured cable,ZH 16 sqmm cable,ZH cable
RFP_2552,FR 440V 19C 2.5 sqmm Cu XLPE armoured cable as per IS 694,FR 440V Cu cable as per IS 694,440V cable as per IS 694,cable as per IS 694
RFP_2553,FR 1.1kV 10C 0.5 sqmm Cu PVC armoured cable as per IS 1554,FR Cu PVC armoured cable,FR armoured cable,FR cable
RFP_2554,ZH 600V 3.5C 800 sqmm Cu XLPE armoured cable as per IS 694,ZH 3.5C Cu armoured cable,ZH 3. Cu cable,3. Cu cable
RFP_2555,FRLS 500V 3C 120 sqmm Al PVC armoured cable as per IEC 60502-1,500V 3C PVC cable as per IEC 60502-1,3C cable as per IEC 60502-1,3C cable
RFP_2556,FR 1.1kV 4C 10 sqmm Cu PVC armoured cable as per IS 9968,1.1kV 10 sqmm Cu PVC cable,1.1kV Cu cable,1.1kV cable
RFP_2557,ZH 1.1kV 5C 1.5 sqmm Cu PVC armoured cable as per IS 9968,5C Cu PVC armoured cable,5C armoured cable,armoured cable
RFP_2558,FR 1.1kV 8C 4 sqmm Cu XLPE armoured cable as per IS 1554,FR 8C 4 sqmm cable as per IS 1554,8C 4 sqmm cable,4 sqmm cable
RFP_2559,LSZH 1.1kV 14C 6 sqmm Cu XLPE armoured cable as per IS 1554,LSZH 1.1kV Cu cable as per IS 1554,1.1kV cable as per IS 1554,cable as per IS 1554
RFP_2560,FRLS 500V 10C 1.5 sqmm Cu PVC armoured cable as per BS 5308-1,FRLS 500V 10C PVC cable,FRLS 500V cable,500V cable
RFP_2561,FR 440V 2C 1.5 sqmm Cu XLPE armoured cable as per IEC 60502-1,FR 2C 1.5 sqmm Cu cable,FR 1.5 sqmm cable,1.5 sqmm cable
RFP_2562,500V 6C 0.75 sqmm Cu XLPE armoured cable as per IEC 60502-1,6C Cu armoured cable as per IEC 60502-1,6C cable as per IEC 60502-1,cable as per IEC 60502-1
RFP_2563,LSZH 1.1kV 1C 0.5 sqmm Cu XLPE armoured cable as per BS 5308-1,1.1kV 1C armoured cable as per BS 5308-1,1.1kV 1C cable,1.1kV cable
RFP_2564,3.3kV 3C 300 sqmm Cu EPR armoured cable as per IEC 60502-1,3.3kV 3C Cu EPR cable,3.3kV EPR cable,EPR cable
RFP_2565,LSZH 500V 3C 6 sqmm Cu XLPE armoured cable as per IEC 60502-1,LSZH 500V Cu armoured cable,LSZH armoured cable,armoured cable
RFP_2566,LSZH 500V 5C 2.5 sqmm Cu PVC armoured cable as per IS 694,LSZH 500V Cu PVC cable,LSZH Cu cable,Cu cable
RFP_2567,LSZH 11kV 3C 300 sqmm Cu EPR armoured cable as per IS 7098-1,LSZH 300 sqmm Cu EPR cable,300 sqmm EPR cable,EPR cable
RFP_2568,ZH 500V 3C 25 sqmm Cu PVC armoured cable as per IEC 60245,500V Cu PVC armoured cable,500V Cu cable,500V cable
RFP_2569,LSZH 1.1kV 20C 0.5 sqmm Cu XLPE armoured cable as per IEC 60502-1,1.1kV Cu armoured cable as per IEC 60502-1,Cu cable as per IEC 60502-1,cable as per IEC 60502-1
RFP_2570,FR 1.1kV 12C 2.5 sqmm Cu PVC armoured cable as per IS 1554,FR 12C PVC armoured cable,12C armoured cable,armoured cable
RFP_2571,FR 1.1kV 4C 1.5 sqmm Cu EPR armoured cable as per IEC 60502-1,FR 1.1kV 4C Cu cable,FR 4C cable,4C cable
RFP_2572,3.3kV 3C 240 sqmm Al XLPE armoured cable as per IS 7098-1,3C 240 sqmm Al cable as per IS 7098-1,3C Al cable,3C cable
RFP_2573,500V 3.5C 630 sqmm Cu PVC armoured cable as per IS 694,500V 3. 630 sqmm Cu cable as per IS 694,3. 630 sqmm Cu cable,3. 630 sqmm cable
RFP_2574,LSZH 33kV 1C 185 sqmm Cu XLPE armoured cable as per IS 7098-2,33kV Cu XLPE cable as per IS 7098-2,Cu XLPE cable,XLPE cable
RFP_2575,FR 132kV 1C 630 sqmm Cu XLPE armoured cable as per IEC 60840,FR 132kV armoured cable as per IEC 60840,FR cable as per IEC 60840,cable as per IEC 60840
RFP_2576,ZH 3.3kV 1C 400 sqmm Cu EPR armoured cable as per IEC 60502-1,400 sqmm Cu armoured cable as per IEC 60502-1,400 sqmm cable as per IEC 60502-1,400 sqmm cable
RFP_2577,FRLS 300V 10C 1 sqmm Cu PVC armoured cable as per IEC 60502-1,FRLS 10C 1 sqmm cable as per IEC 60502-1,FRLS cable as per IEC 60502-1,cable as per IEC 60502-1
RFP_2578,FRLS 440V 10C 1 sqmm Cu XLPE armoured cable as per IS 694,FRLS 10C Cu cable as per IS 694,Cu cable as per IS 694,cable as per IS 694
RFP_2579,FRLS 400kV 1C 240 sqmm Al XLPE armoured cable as per IEC 62067,FRLS 400kV 1C cable as per IEC 62067,400kV cable as per IEC 62067,cable as per IEC 62067
RFP_2580,FRLS 500V 1C 0.75 sqmm Cu PVC armoured cable as per IEC 60502-1,500V 1C 0.75 sqmm armoured cable,1C armoured cable,armoured cable
RFP_2581,ZH 440V 5C 6 sqmm Cu XLPE armoured cable as per IS 9968,440V 5C Cu XLPE cable,5C XLPE cable,XLPE cable
RFP_2582,FR 1.1kV 30C 1.5 sqmm Cu PVC armoured cable as per BS 5308,1.1kV 1.5 sqmm Cu PVC cable,1.1kV 1.5 sqmm cable,1.1kV cable
RFP_2583,Fire Survival 440V 4C 16 sqmm Cu Mineral (MI) armoured cable as per BS 6387,440V Cu Mineral (MI) armoured cable as per BS 6387,440V Mineral (MI) cable as per BS 6387,Mineral (MI) cable as per BS 6387
RFP_2584,FR 440V 16C 1 sqmm Cu PVC armoured cable as per IS 1554,FR 440V 1 sqmm cable as per IS 1554,1 sqmm cable as per IS 1554,1 sqmm cable
RFP_2585,FR 6.6kV 3C 50 sqmm Cu EPR armoured cable as per IEC 60502-1,FR 3C EPR armoured cable,3C EPR cable,EPR cable
RFP_2586,ZH 1.1kV 4C 35 sqmm Cu PVC armoured cable as per IS 9968,35 sqmm Cu armoured cable as per IS 9968,35 sqmm cable as per IS 9968,cable as per IS 9968
RFP_2587,LSZH 600V 4C 1.5 sqmm Al XLPE armoured cable as per IS 694,LSZH 600V XLPE armoured cable,XLPE armoured cable,XLPE cable
RFP_2588,132kV 1C 1000 sqmm Cu XLPE armoured cable as per IEC 60840,Cu XLPE armoured cable as per IEC 60840,Cu XLPE cable,Cu cable
RFP_2589,LSZH 3.3kV 3C 50 sqmm Al EPR armoured cable as per IS 7098-1,LSZH 3.3kV Al cable as per IS 7098-1,Al cable as per IS 7098-1,Al cable
RFP_2590,LSZH 440V 6C 4 sqmm Cu XLPE armoured cable as per IS 1554,440V Cu XLPE cable as per IS 1554,Cu XLPE cable,XLPE cable
RFP_2591,LSZH 440V 7C 1.5 sqmm Cu XLPE armoured cable as per IS 694,LSZH 440V Cu armoured cable,Cu armoured cable,Cu cable
RFP_2592,LSZH 400kV 1C 800 sqmm Cu XLPE armoured cable as per IEC 62067,400kV 800 sqmm XLPE cable as per IEC 62067,XLPE cable as per IEC 62067,XLPE cable
RFP_2593,440V 3C 1 sqmm Cu XLPE armoured cable as per IS 694,440V Cu XLPE cable as per IS 694,XLPE cable as per IS 694,cable as per IS 694
RFP_2594,FRLS 500V 16C 4 sqmm Cu XLPE armoured cable as per IEC 60502-1,500V 4 sqmm Cu cable as per IEC 60502-1,Cu cable as per IEC 60502-1,Cu cable
RFP_2595,440V 3C 1.5 sqmm Cu XLPE armoured cable as per IS 1554,1.5 sqmm Cu XLPE armoured cable,Cu XLPE cable,XLPE cable
RFP_2596,FRLS 600V 3.5C 95 sqmm Cu XLPE armoured cable as per IEC 60502-1,3. Cu XLPE armoured cable as per IEC 60502-1,3. XLPE armoured cable,3. XLPE cable
RFP_2597,FRLS 1.1kV 24C 2.5 sqmm Cu XLPE armoured cable as per IS 1554,FRLS 1.1kV Cu XLPE cable,Cu XLPE cable,XLPE cable
RFP_2598,500V 3C 1.5 sqmm Al PVC armoured cable as per IS 1554,3C 1.5 sqmm PVC armoured cable,3C PVC cable,PVC cable
RFP_2599,LSZH 300V 2C 2.5 sqmm Cu XLPE armoured cable as per IEC 60502-1,300V Cu armoured cable as per IEC 60502-1,300V cable as per IEC 60502-1,cable as per IEC 60502-1
RFP_2600,LSZH 1.1kV 16C 2.5 sqmm Cu PVC armoured cable as per IEC 60502-1,1.1kV Cu PVC armoured cable,Cu PVC cable,Cu cable
RFP_2601,1.1kV 2C 0.75 sqmm Cu PVC armoured cable as per IEC 60502-1,2C 0.75 sqmm PVC cable as per IEC 60502-1,PVC cable as per IEC 60502-1,PVC cable
RFP_2602,440V 2C 1 sqmm Cu PVC armoured cable as per IS 1554,440V 2C 1 sqmm PVC cable,440V 1 sqmm cable,1 sqmm cable
RFP_2603,440V 7C 2.5 sqmm Cu XLPE armoured cable as per IS 1554,440V Cu armoured cable as per IS 1554,armoured cable as per IS 1554,cable as per IS 1554
RFP_2604,LSZH 500V 4C 1.5 sqmm Cu XLPE armoured cable as per IEC 60502-1,500V 4C Cu cable as per IEC 60502-1,4C Cu cable,Cu cable
RFP_2605,FRLS 500V 1C 500 sqmm Cu PVC armoured cable as per IEC 60502-1,500V 1C PVC cable as per IEC 60502-1,500V PVC cable,500V cable
RFP_2606,1.1kV 8C 0.5 sqmm Cu PVC armoured cable as per IEC 60502-1,1.1kV 8C 0.5 sqmm armoured cable,8C armoured cable,8C cable
RFP_2607,FR 500V 10C 6 sqmm Cu XLPE armoured cable as per IEC 60502-1,FR 6 sqmm Cu cable as per IEC 60502-1,FR Cu cable,FR cable
RFP_2608,500V 10C 0.5 sqmm Cu PVC armoured cable as per IEC 60502-1,10C 0.5 sqmm PVC armoured cable,10C 0.5 sqmm cable,0.5 sqmm cable
RFP_2609,FRLS 1.1kV 2C 4 sqmm Cu XLPE armoured cable as per IEC 60502-1,FRLS 4 sqmm XLPE armoured cable,4 sqmm XLPE cable,XLPE cable
RFP_2610,3.3kV 3C 150 sqmm Al EPR armoured cable as per IS 7098-1,3.3kV 150 sqmm Al EPR cable,Al EPR cable,EPR cable
RFP_2611,FR 500V 6C 1 sqmm Cu XLPE armoured cable as per IEC 60502-1,1 sqmm Cu armoured cable as per IEC 60502-1,1 sqmm Cu cable,1 sqmm cable
RFP_2612,ZH 440V 3C 35 sqmm Al XLPE armoured cable as per IEC 60502-1,440V Al XLPE cable as per IEC 60502-1,440V Al cable,440V cable
RFP_2613,FRLS 300V 20C 1.5 sqmm Cu XLPE armoured cable as per IEC 60502-1,300V XLPE armoured cable as per IEC 60502-1,300V armoured cable,armoured cable
RFP_2614,FR 500V 8C 4 sqmm Cu XLPE armoured cable as per IS 1554,8C 4 sqmm armoured cable as per IS 1554,8C armoured cable,8C cable
RFP_2615,LSZH 600V 4C 50 sqmm Al XLPE armoured cable as per IS 694,4C 50 sqmm armoured cable as per IS 694,4C armoured cable,4C cable
RFP_2616,300V 16C 2.5 sqmm Cu XLPE armoured cable as per BS 5308-1,300V 16C 2.5 sqmm armoured cable,300V 16C cable,300V cable
RFP_2617,500V 2C 1 sqmm Cu XLPE armoured cable as per IEC 60502-1,500V 1 sqmm Cu XLPE cable,500V Cu cable,500V cable
RFP_2618,LSZH 600V 3.5C 400 sqmm Cu XLPE armoured cable as per IS 694,600V 3. 400 sqmm XLPE armoured cable,600V 3. 400 sqmm cable,3. 400 sqmm cable
RFP_2619,1.1kV 8C 0.5 sqmm Cu XLPE armoured cable as per IEC 60502-1,1.1kV Cu armoured cable as per IEC 60502-1,1.1kV cable as per IEC 60502-1,1.1kV cable
RFP_2620,FRLS 500V 10C 2.5 sqmm Cu XLPE armoured cable as per BS 5308-1,FRLS 2.5 sqmm XLPE armoured cable,FRLS armoured cable,FRLS cable
RFP_2621,Fire Survival 440V 3C 50 sqmm Cu Mineral (MI) armoured cable as per IEC 60331,440V 3C Mineral (MI) armoured cable as per IEC 60331,440V Mineral (MI) armoured cable,Mineral (MI) armoured cable
RFP_2622,LSZH 440V 4C 240 sqmm Cu PVC armoured cable as per IEC 60502-1,LSZH 240 sqmm armoured cable as per IEC 60502-1,LSZH 240 sqmm cable,LSZH cable
RFP_2623,1.1kV 2C 2.5 sqmm Cu PVC armoured cable as per IS 1554,1.1kV Cu PVC armoured cable,Cu PVC cable,PVC cable
RFP_2624,Fire Survival 440V 2C 2.5 sqmm Cu XLPE armoured cable as per IEC 60331,2.5 sqmm XLPE armoured cable as per IEC 60331,armoured cable as per IEC 60331,armoured cable
RFP_2625,LSZH 132kV 1C 300 sqmm Al XLPE armoured cable as per IEC 60840,Al XLPE armoured cable as per IEC 60840,XLPE cable as per IEC 60840,XLPE cable
RFP_2626,FRLS 500V 27C 1.5 sqmm Cu XLPE armoured cable as per IS 1554,500V 1.5 sqmm XLPE armoured cable,500V 1.5 sqmm cable,1.5 sqmm cable
RFP_2627,FR 300V 12C 0.75 sqmm Cu XLPE armoured cable as per BS 5308-1,0.75 sqmm XLPE armoured cable as per BS 5308-1,0.75 sqmm XLPE cable,XLPE cable
RFP_2628,FRLS 500V 1C 0.75 sqmm Cu PVC armoured cable as per IEC 60245,500V 1C Cu PVC cable,1C PVC cable,PVC cable
RFP_2629,3.3kV 1C 95 sqmm Al XLPE armoured cable as per IEC 60502-1,1C Al XLPE cable as per IEC 60502-1,XLPE cable as per IEC 60502-1,XLPE cable
RFP_2630,1.1kV 12C 2.5 sqmm Cu XLPE armoured cable as per BS 5308-1,1.1kV 12C 2.5 sqmm Cu cable,1.1kV Cu cable,1.1kV cable
RFP_2631,Fire Survival 1.1kV 1C 6 sqmm Cu XLPE armoured cable as per BS 6387,Fire Survival 1C 6 sqmm Cu cable,Fire Survival Cu cable,Fire Survival cable
RFP_2632,Fire Survival 440V 2C 4 sqmm Cu Mineral (MI) armoured cable as per IEC 60331,Fire Survival 4 sqmm Cu Mineral (MI) armoured cable,Fire Survival 4 sqmm Mineral (MI) cable,4 sqmm Mineral (MI) cable
RFP_2633,500V 30C 2.5 sqmm Cu XLPE armoured cable as per IS 1554,500V 30C XLPE cable as per IS 1554,500V cable as per IS 1554,cable as per IS 1554
RFP_2634,LSZH 500V 2C 0.5 sqmm Cu PVC armoured cable as per IEC 60502-1,500V 0.5 sqmm Cu armoured cable,500V Cu cable,500V cable
RFP_2635,440V 27C 1 sqmm Cu PVC armoured cable as per IS 694,27C Cu PVC armoured cable,27C Cu cable,27C cable
RFP_2636,LSZH 220kV 1C 630 sqmm Cu XLPE armoured cable as per IEC 62067,LSZH 220kV 630 sqmm Cu cable,LSZH Cu cable,Cu cable
RFP_2637,LSZH 22kV 1C 120 sqmm Al XLPE armoured cable as per IS 7098-2,22kV 120 sqmm XLPE cable as per IS 7098-2,120 sqmm XLPE cable,120 sqmm cable
RFP_2638,LSZH 440V 6C 6 sqmm Cu XLPE armoured cable as per IS 694,LSZH 6C 6 sqmm cable as per IS 694,LSZH 6C cable,LSZH cable
RFP_2639,1.1kV 3C 16 sqmm Cu XLPE armoured cable as per IEC 60502-1,3C Cu XLPE armoured cable,Cu XLPE cable,XLPE cable
RFP_2640,FR 22kV 3C 400 sqmm Al XLPE armoured cable as per IS 7098-2,FR 22kV Al cable as per IS 7098-2,22kV cable as per IS 7098-2,22kV cable
RFP_2641,FRLS 500V 5C 16 sqmm Cu PVC armoured cable as per IS 694,500V 5C Cu PVC cable,500V 5C cable,500V cable
RFP_2642,FR 500V 24C 0.75 sqmm Cu PVC armoured cable as per IEC 60502-1,FR 0.75 sqmm armoured cable as per IEC 60502-1,0.75 sqmm cable as per IEC 60502-1,cable as per IEC 60502-1
RFP_2643,FRLS 440V 2C 16 sqmm Cu XLPE armoured cable as per IS 694,FRLS 16 sqmm XLPE armoured cable,FRLS XLPE cable,FRLS cable
RFP_2644,FRLS 500V 1C 1 sqmm Cu XLPE armoured cable as per IEC 60502-1,500V 1 sqmm Cu cable as per IEC 60502-1,Cu cable as per IEC 60502-1,Cu cable
RFP_2645,LSZH 33kV 3C 120 sqmm Cu XLPE armoured cable as per IEC 60502-2,3C Cu XLPE armoured cable,Cu armoured cable,Cu cable
RFP_2646,FRLS 400kV 1C 1000 sqmm Cu XLPE armoured cable as per IEC 62067,1C XLPE armoured cable as per IEC 62067,1C cable as per IEC 62067,cable as per IEC 62067
RFP_2647,ZH 500V 1C 185 sqmm Al XLPE armoured cable as per IS 694,ZH 1C 185 sqmm XLPE cable,1C 185 sqmm cable,1C cable
RFP_2648,FRLS 22kV 1C 400 sqmm Cu XLPE armoured cable as per IEC 60502-2,FRLS 22kV armoured cable as per IEC 60502-2,22kV cable as per IEC 60502-2,22kV cable
RFP_2649,FRLS 6.6kV 1C 300 sqmm Al EPR armoured cable as per IEC 60502-1,FRLS 6.6kV armoured cable as per IEC 60502-1,FRLS cable as per IEC 60502-1,FRLS cable
RFP_2650,1.1kV 10C 1.5 sqmm Cu PVC armoured cable as per BS 5308-1,10C 1.5 sqmm Cu cable as per BS 5308-1,10C 1.5 sqmm cable,10C cable
RFP_2651,FR 132kV 1C 240 sqmm Cu XLPE armoured cable as per IEC 60840,Cu XLPE armoured cable as per IEC 60840,Cu XLPE cable,XLPE cable
RFP_2652,FRLS 1.1kV 20C 1.5 sqmm Cu XLPE armoured cable as per IS 1554,FRLS 20C Cu armoured cable,20C Cu cable,Cu cable
RFP_2653,440V 1C 6 sqmm Al PVC armoured cable as per IEC 60502-1,1C 6 sqmm PVC cable as per IEC 60502-1,1C PVC cable,1C cable
RFP_2654,FR 500V 6C 2.5 sqmm Cu PVC armoured cable as per BS 5308-1,500V 6C 2.5 sqmm armoured cable,6C armoured cable,armoured cable
RFP_2655,300V 24C 1 sqmm Cu XLPE armoured cable as per BS 5308-1,1 sqmm Cu XLPE armoured cable,XLPE armoured cable,XLPE cable
RFP_2656,FRLS 400kV 1C 500 sqmm Al XLPE armoured cable as per IEC 62067,FRLS 400kV 1C 500 sqmm cable,FRLS 1C cable,FRLS cable
RFP_2657,FR 1.1kV 2C 0.75 sqmm Cu PVC armoured cable as per IS 9968,1.1kV Cu PVC armoured cable,Cu PVC cable,Cu cable
RFP_2658,FRLS 440V 1C 35 sqmm Cu XLPE armoured cable as per IEC 60245,440V 35 sqmm XLPE armoured cable,35 sqmm armoured cable,armoured cable
RFP_2659,FR 300V 6C 0.75 sqmm Cu PVC armoured cable as per BS 5308-1,FR 0.75 sqmm Cu cable as per BS 5308-1,FR Cu cable,Cu cable
RFP_2660,Fire Survival 1.1kV 1C 95 sqmm Cu XLPE armoured cable as per IS 17048,Fire Survival 95 sqmm Cu cable as per IS 17048,Fire Survival cable as per IS 17048,cable as per IS 17048
RFP_2661,LSZH 1.1kV 27C 1.5 sqmm Cu PVC armoured cable as per IS 1554,27C Cu armoured cable as per IS 1554,27C Cu cable,27C cable
RFP_2662,LSZH 3.3kV 1C 400 sqmm Cu XLPE armoured cable as per IS 7098-1,400 sqmm Cu armoured cable as per IS 7098-1,Cu armoured cable,armoured cable
RFP_2663,1.1kV 3C 0.75 sqmm Cu XLPE armoured cable as per IS 9968,1.1kV 3C XLPE cable as per IS 9968,XLPE cable as per IS 9968,XLPE cable
RFP_2664,FRLS 1.1kV 10C 1 sqmm Cu XLPE armoured cable as per IS 1554,10C 1 sqmm Cu cable as per IS 1554,10C Cu cable,10C cable
RFP_2665,FR 440V 30C 4 sqmm Cu PVC armoured cable as per IS 1554,FR 440V 30C Cu cable,30C Cu cable,Cu cable
RFP_2666,FRLS 500V 5C 25 sqmm Cu PVC armoured cable as per IEC 60245,FRLS 25 sqmm armoured cable as per IEC 60245,FRLS armoured cable,FRLS cable
RFP_2667,Fire Survival 1.1kV 3C 120 sqmm Cu XLPE armoured cable as per IS 17048,Fire Survival 1.1kV 3C Cu cable,1.1kV Cu cable,Cu cable
RFP_2668,LSZH 300V 1C 1 sqmm Cu PVC armoured cable as per IEC 60502-1,300V 1C PVC cable as per IEC 60502-1,1C PVC cable,1C cable
RFP_2669,FR 500V 14C 2.5 sqmm Cu XLPE armoured cable as per IEC 60502-1,14C Cu XLPE cable as per IEC 60502-1,Cu XLPE cable,Cu cable
RFP_2670,LSZH 440V 10C 4 sqmm Cu PVC armoured cable as per IS 1554,10C 4 sqmm PVC armoured cable,10C PVC cable,PVC cable
RFP_2671,ZH 500V 2C 1.5 sqmm Cu PVC armoured cable as per IS 694,2C 1.5 sqmm PVC armoured cable,2C PVC cable,PVC cable
RFP_2672,LSZH 440V 2C 4 sqmm Cu PVC armoured cable as per IS 1554,2C 4 sqmm PVC cable as per IS 1554,4 sqmm cable as per IS 1554,cable as per IS 1554
RFP_2673,FR 500V 12C 0.5 sqmm Cu PVC armoured cable as per BS 5308-1,FR PVC armoured cable as per BS 5308-1,FR cable as per BS 5308-1,cable as per BS 5308-1
RFP_2674,LSZH 66kV 1C 300 sqmm Cu XLPE armoured cable as per IS 7098-3,66kV 300 sqmm armoured cable as per IS 7098-3,300 sqmm armoured cable,armoured cable
RFP_2675,FR 600V 3.5C 300 sqmm Cu XLPE armoured cable as per IEC 60502-1,600V 3. Cu XLPE cable as per IEC 60502-1,600V 3. Cu cable,600V 3. cable
RFP_2676,110kV 1C 500 sqmm Al XLPE armoured cable as per IEC 60840,110kV 500 sqmm XLPE armoured cable,500 sqmm XLPE cable,XLPE cable
RFP_2677,Fire Survival 1.1kV 2C 50 sqmm Cu Mineral (MI) armoured cable as per BS 6387,Fire Survival 1.1kV 2C 50 sqmm Mineral (MI) cable,1.1kV 50 sqmm Mineral (MI) cable,50 sqmm Mineral (MI) cable
RFP_2678,1.1kV 3C 6 sqmm Cu XLPE armoured cable as per BS 5308,6 sqmm XLPE armoured cable as per BS 5308,armoured cable as per BS 5308,cable as per BS 5308
RFP_2679,FRLS 500V 3C 500 sqmm Al PVC armoured cable as per IS 1554,3C 500 sqmm Al PVC cable,500 sqmm Al cable,Al cable
RFP_2680,LSZH 1.1kV 2C 4 sqmm Cu PVC armoured cable as per IS 1554,2C 4 sqmm PVC cable as per IS 1554,PVC cable as per IS 1554,cable as per IS 1554
RFP_2681,FR 440V 3C 1 sqmm Cu PVC armoured cable as per IS 1554,FR 3C 1 sqmm PVC cable,3C PVC cable,PVC cable
RFP_2682,FR 440V 4C 25 sqmm Cu XLPE armoured cable as per IEC 60502-1,4C 25 sqmm Cu armoured cable,4C 25 sqmm cable,25 sqmm cable
RFP_2683,LSZH 1.1kV 2C 0.75 sqmm Cu PVC armoured cable as per BS 5308-1,0.75 sqmm Cu PVC armoured cable,PVC armoured cable,armoured cable
RFP_2684,LSZH 1.1kV 12C 1 sqmm Cu XLPE armoured cable as per IS 1554,LSZH Cu XLPE cable as per IS 1554,Cu cable as per IS 1554,cable as per IS 1554
RFP_2685,FR 220kV 1C 1000 sqmm Al XLPE armoured cable as per IEC 62067,220kV 1C 1000 sqmm cable as per IEC 62067,220kV 1C cable,1C cable
RFP_2686,FR 1.1kV 12C 2.5 sqmm Cu XLPE armoured cable as per IS 1554,1.1kV Cu XLPE armoured cable,Cu XLPE cable,XLPE cable
RFP_2687,ZH 500V 4C 4 sqmm Cu PVC armoured cable as per IS 694,500V 4C PVC armoured cable,500V PVC cable,500V cable
RFP_2688,LSZH 440V 3C 1.5 sqmm Cu PVC armoured cable as per IS 694,440V 3C 1.5 sqmm PVC cable,3C 1.5 sqmm cable,3C cable
RFP_2689,LSZH 600V 4C 50 sqmm Al PVC armoured cable as per IS 694,LSZH 600V 50 sqmm Al cable,600V Al cable,600V cable
RFP_2690,Fire Survival 1.1kV 2C 4 sqmm Cu Mineral (MI) armoured cable as per IS 17048,Fire Survival 1.1kV Cu Mineral (MI) armoured cable,Fire Survival Mineral (MI) armoured cable,Mineral (MI) armoured cable
RFP_2691,FR 1.1kV 3.5C 2.5 sqmm Al XLPE armoured cable as per IEC 60502-1,FR 1.1kV 3.5C 2.5 sqmm cable,FR 3. 2.5 sqmm cable,FR 3. cable
RFP_2692,3.3kV 3C 185 sqmm Al EPR armoured cable as per IEC 60502-1,3.3kV 3C 185 sqmm armoured cable,3.3kV armoured cable,armoured cable
RFP_2693,132kV 1C 800 sqmm Al XLPE armoured cable as per IEC 60840,132kV 1C 800 sqmm Al cable,132kV 800 sqmm cable,132kV cable
RFP_2694,FR 500V 8C 2.5 sqmm Cu XLPE armoured cable as per IS 1554,500V 2.5 sqmm XLPE cable as per IS 1554,500V XLPE cable,XLPE cable
RFP_2695,110kV 1C 1000 sqmm Al XLPE armoured cable as per IEC 60840,110kV 1C Al XLPE cable,110kV Al cable,110kV cable
RFP_2696,66kV 1C 630 sqmm Cu XLPE armoured cable as per IS 7098-3,66kV 1C XLPE armoured cable,1C XLPE cable,1C cable
RFP_2697,LSZH 33kV 1C 95 sqmm Cu XLPE armoured cable as per IEC 60502-2,33kV Cu armoured cable as per IEC 60502-2,Cu armoured cable,armoured cable
RFP_2698,FRLS 440V 5C 1.5 sqmm Cu PVC armoured cable as per IS 694,440V 5C Cu armoured cable,Cu armoured cable,armoured cable
RFP_2699,LSZH 6.6kV 3C 400 sqmm Cu XLPE armoured cable as per IS 7098-1,LSZH 6.6kV Cu cable as per IS 7098-1,6.6kV cable as per IS 7098-1,cable as per IS 7098-1
RFP_2700,LSZH 500V 19C 1 sqmm Cu PVC armoured cable as per IEC 60502-1,LSZH 500V armoured cable as per IEC 60502-1,500V cable as per IEC 60502-1,cable as per IEC 60502-1
RFP_2701,LSZH 1.1kV 1C 4 sqmm Cu XLPE armoured cable as per IS 9968,1C 4 sqmm XLPE armoured cable,XLPE armoured cable,armoured cable
RFP_2702,66kV 1C 800 sqmm Cu XLPE armoured cable as per IEC 60840,66kV 1C 800 sqmm XLPE cable,1C 800 sqmm cable,800 sqmm cable
RFP_2703,Fire Survival 1.1kV 2C 10 sqmm Cu Mineral (MI) armoured cable as per IEC 60331,Fire Survival 2C 10 sqmm Mineral (MI) cable as per IEC 60331,2C Mineral (MI) cable as per IEC 60331,Mineral (MI) cable as per IEC 60331
RFP_2704,500V 5C 1.5 sqmm Cu XLPE armoured cable as per IS 1554,500V 5C 1.5 sqmm Cu cable,5C Cu cable,Cu cable
RFP_2705,FRLS 6.6kV 3C 240 sqmm Cu EPR armoured cable as per IEC 60502-1,3C Cu armoured cable as per IEC 60502-1,3C cable as per IEC 60502-1,3C cable
RFP_2706,ZH 22kV 3C 50 sqmm Cu XLPE armoured cable as per IS 7098-2,3C 50 sqmm Cu cable as per IS 7098-2,50 sqmm Cu cable,Cu cable
RFP_2707,LSZH 22kV 1C 70 sqmm Cu XLPE armoured cable as per IS 7098-2,LSZH 22kV 1C XLPE cable,LSZH XLPE cable,XLPE cable
RFP_2708,LSZH 1.1kV 1C 0.75 sqmm Cu XLPE armoured cable as per BS 5308-1,LSZH 1C Cu armoured cable,1C armoured cable,1C cable
RFP_2709,FRLS 400kV 1C 400 sqmm Al XLPE armoured cable as per IEC 62067,FRLS 1C XLPE cable as per IEC 62067,FRLS 1C cable,1C cable
RFP_2710,ZH 110kV 1C 630 sqmm Al XLPE armoured cable as per IEC 60840,ZH 110kV 630 sqmm XLPE cable,110kV 630 sqmm cable,630 sqmm cable
RFP_2711,ZH 1.1kV 5C 4 sqmm Cu XLPE armoured cable as per IEC 60502-1,1.1kV 4 sqmm armoured cable as per IEC 60502-1,4 sqmm cable as per IEC 60502-1,4 sqmm cable
RFP_2712,FR 220kV 1C 800 sqmm Cu XLPE armoured cable as per IEC 62067,FR 1C Cu armoured cable,1C Cu cable,Cu cable
RFP_2713,FRLS 1.1kV 30C 6 sqmm Cu PVC armoured cable as per BS 5308,FRLS 1.1kV Cu cable as per BS 5308,FRLS cable as per BS 5308,FRLS cable
RFP_2714,FRLS 1.1kV 8C 0.5 sqmm Cu XLPE armoured cable as per IS 1554,FRLS XLPE armoured cable as per IS 1554,XLPE cable as per IS 1554,cable as per IS 1554
RFP_2715,FRLS 440V 4C 35 sqmm Cu PVC armoured cable as per IEC 60245,440V 4C PVC cable as per IEC 60245,440V cable as per IEC 60245,cable as per IEC 60245
RFP_2716,500V 14C 2.5 sqmm Cu XLPE armoured cable as per IS 1554,14C Cu armoured cable as per IS 1554,14C cable as per IS 1554,14C cable
RFP_2717,1.1kV 10C 1 sqmm Cu XLPE armoured cable as per BS 5308-1,10C 1 sqmm Cu armoured cable,10C armoured cable,10C cable
RFP_2718,LSZH 500V 12C 1 sqmm Cu XLPE armoured cable as per IEC 60502-1,12C 1 sqmm Cu armoured cable,1 sqmm Cu cable,Cu cable
RFP_2719,LSZH 300V 10C 0.75 sqmm Cu PVC armoured cable as per BS 5308-1,LSZH Cu PVC armoured cable,LSZH Cu cable,Cu cable
RFP_2720,LSZH 440V 1C 1.5 sqmm Cu XLPE armoured cable as per IS 9968,1C 1.5 sqmm armoured cable as per IS 9968,1C cable as per IS 9968,1C cable
RFP_2721,FRLS 1.1kV 12C 0.75 sqmm Cu PVC armoured cable as per IEC 60502-1,12C 0.75 sqmm Cu PVC cable,12C Cu cable,12C cable
RFP_2722,ZH 440V 1C 35 sqmm Cu XLPE armoured cable as per IS 694,ZH 1C Cu armoured cable,ZH 1C cable,ZH cable
RFP_2723,FR 1.1kV 16C 0.75 sqmm Cu XLPE armoured cable as per IEC 60502-1,16C Cu armoured cable as per IEC 60502-1,16C cable as per IEC 60502-1,cable as per IEC 60502-1
RFP_2724,FRLS 300V 16C 1.5 sqmm Cu PVC armoured cable as per BS 5308-1,1.5 sqmm Cu PVC cable as per BS 5308-1,1.5 sqmm PVC cable,1.5 sqmm cable
RFP_2725,500V 2C 4 sqmm Cu XLPE armoured cable as per IEC 60502-1,500V Cu XLPE cable as per IEC 60502-1,500V Cu cable,Cu cable
RFP_2726,FRLS 300V 1C 0.75 sqmm Cu XLPE armoured cable as per IEC 60502-1,300V 1C 0.75 sqmm cable as per IEC 60502-1,1C cable as per IEC 60502-1,cable as per IEC 60502-1
RFP_2727,LSZH 300V 1C 0.5 sqmm Cu XLPE armoured cable as per BS 5308-1,300V 1C 0.5 sqmm armoured cable,300V armoured cable,300V cable
RFP_2728,ZH 33kV 3C 300 sqmm Cu XLPE armoured cable as per IS 7098-2,33kV 3C XLPE armoured cable,33kV 3C cable,3C cable
RFP_2729,FR 1.1kV 5C 2.5 sqmm Cu PVC armoured cable as per IEC 60502-1,1.1kV 2.5 sqmm Cu cable as per IEC 60502-1,2.5 sqmm Cu cable,2.5 sqmm cable
RFP_2730,LSZH 440V 3.5C 2.5 sqmm Cu XLPE armoured cable as per IEC 60502-1,LSZH 3. 2.5 sqmm Cu XLPE cable,3. 2.5 sqmm Cu cable,3. Cu cable
RFP_2731,ZH 440V 5C 10 sqmm Cu PVC armoured cable as per IEC 60245,5C 10 sqmm armoured cable as per IEC 60245,5C cable as per IEC 60245,cable as per IEC 60245
RFP_2732,110kV 1C 400 sqmm Al XLPE armoured cable as per IEC 60840,1C 400 sqmm XLPE armoured cable,400 sqmm XLPE cable,400 sqmm cable
RFP_2733,ZH 6.6kV 1C 95 sqmm Al EPR armoured cable as per IS 7098-1,6.6kV Al armoured cable as per IS 7098-1,armoured cable as per IS 7098-1,cable as per IS 7098-1
RFP_2734,FR 1.1kV 8C 1.5 sqmm Cu PVC armoured cable as per BS 5308,FR 1.5 sqmm PVC cable as per BS 5308,FR cable as per BS 5308,cable as per BS 5308
RFP_2735,Fire Survival 1.1kV 1C 6 sqmm Cu Mineral (MI) armoured cable as per IS 17048,1.1kV 1C 6 sqmm Cu Mineral (MI) cable,1C 6 sqmm Mineral (MI) cable,1C Mineral (MI) cable
RFP_2736,LSZH 132kV 1C 630 sqmm Cu XLPE armoured cable as per IEC 60840,LSZH XLPE armoured cable as per IEC 60840,XLPE cable as per IEC 60840,XLPE cable
RFP_2737,600V 3C 1000 sqmm Al PVC armoured cable as per IS 694,3C 1000 sqmm Al PVC cable,3C 1000 sqmm cable,3C cable
RFP_2738,ZH 6.6kV 1C 95 sqmm Al XLPE armoured cable as per IS 7098-1,1C Al armoured cable as per IS 7098-1,Al cable as per IS 7098-1,Al cable
RFP_2739,500V 6C 0.75 sqmm Cu XLPE armoured cable as per BS 5308-1,6C XLPE armoured cable as per BS 5308-1,XLPE armoured cable,XLPE cable
RFP_2740,FRLS 500V 24C 2.5 sqmm Cu PVC armoured cable as per IEC 60502-1,FRLS 24C Cu PVC cable,FRLS PVC cable,PVC cable
RFP_2741,FRLS 22kV 3C 185 sqmm Cu XLPE armoured cable as per IEC 60502-2,FRLS 22kV XLPE armoured cable,FRLS armoured cable,FRLS cable
RFP_2742,FR 440V 4C 1.5 sqmm Cu XLPE armoured cable as per IS 1554,FR 440V XLPE cable as per IS 1554,FR XLPE cable,FR cable
RFP_2743,FRLS 440V 4C 6 sqmm Cu PVC armoured cable as per IS 694,440V 6 sqmm armoured cable as per IS 694,440V 6 sqmm cable,6 sqmm cable
RFP_2744,LSZH 500V 4C 1.5 sqmm Cu PVC armoured cable as per IEC 60502-1,LSZH 4C PVC cable as per IEC 60502-1,LSZH 4C cable,LSZH cable
RFP_2745,Fire Survival 1.1kV 4C 10 sqmm Cu XLPE armoured cable as per IS 17048,4C Cu armoured cable as per IS 17048,Cu armoured cable,armoured cable
RFP_2746,1.1kV 5C 2.5 sqmm Cu XLPE armoured cable as per IS 1554,5C 2.5 sqmm XLPE armoured cable,5C armoured cable,armoured cable
RFP_2747,LSZH 500V 1C 50 sqmm Cu PVC armoured cable as per IS 694,LSZH 500V 50 sqmm cable as per IS 694,LSZH 50 sqmm cable,LSZH cable
RFP_2748,FR 66kV 1C 400 sqmm Al XLPE armoured cable as per IEC 60840,FR 400 sqmm armoured cable as per IEC 60840,400 sqmm armoured cable,400 sqmm cable
RFP_2749,LSZH 110kV 1C 800 sqmm Al XLPE armoured cable as per IEC 60840,110kV 800 sqmm XLPE armoured cable,800 sqmm armoured cable,800 sqmm cable
RFP_2750,500V 6C 0.75 sqmm Cu PVC armoured cable as per IEC 60502-1,6C PVC armoured cable as per IEC 60502-1,PVC armoured cable,armoured cable
RFP_2751,FRLS 440V 5C 6 sqmm Cu XLPE armoured cable as per IS 9968,5C 6 sqmm Cu cable as per IS 9968,5C cable as per IS 9968,5C cable
RFP_2752,LSZH 1.1kV 4C 2.5 sqmm Cu PVC armoured cable as per BS 5308,1.1kV Cu PVC cable as per BS 5308,1.1kV PVC cable,1.1kV cable
RFP_2753,ZH 1.1kV 5C 1.5 sqmm Cu XLPE armoured cable as per IEC 60502-1,1.1kV 1.5 sqmm Cu XLPE cable,1.1kV XLPE cable,1.1kV cable
RFP_2754,ZH 220kV 1C 800 sqmm Al XLPE armoured cable as per IEC 62067,ZH XLPE armoured cable as per IEC 62067,ZH armoured cable,armoured cable
RFP_2755,FRLS 500V 3.5C 6 sqmm Cu XLPE armoured cable as per IEC 60502-1,3.5C 6 sqmm Cu XLPE cable,3. Cu XLPE cable,3. Cu cable
RFP_2756,300V 20C 2.5 sqmm Cu PVC armoured cable as per BS 5308-1,300V PVC armoured cable as per BS 5308-1,PVC armoured cable,PVC cable
RFP_2757,ZH 220kV 1C 1000 sqmm Al XLPE armoured cable as per IEC 62067,1000 sqmm Al XLPE armoured cable,Al XLPE cable,Al cable
RFP_2758,FRLS 300V 2C 0.5 sqmm Cu XLPE armoured cable as per IEC 60502-1,2C 0.5 sqmm Cu cable as per IEC 60502-1,2C Cu cable,Cu cable
RFP_2759,LSZH 440V 4C 2.5 sqmm Cu PVC armoured cable as per IS 1554,4C Cu PVC cable as per IS 1554,Cu PVC cable,PVC cable
RFP_2760,LSZH 1.1kV 4C 1.5 sqmm Cu PVC armoured cable as per IEC 60502-1,1.1kV 4C Cu cable as per IEC 60502-1,1.1kV cable as per IEC 60502-1,cable as per IEC 60502-1
RFP_2761,FRLS 400kV 1C 800 sqmm Cu XLPE armoured cable as per IEC 62067,FRLS 1C 800 sqmm cable as per IEC 62067,FRLS 1C cable,FRLS cable
RFP_2762,LSZH 300V 12C 1.5 sqmm Cu XLPE armoured cable as per BS 5308-1,300V 1.5 sqmm XLPE armoured cable,300V XLPE cable,XLPE cable
RFP_2763,FR 1.1kV 1C 0.5 sqmm Cu PVC armoured cable as per BS 5308-1,1.1kV 0.5 sqmm PVC armoured cable,0.5 sqmm PVC cable,PVC cable
RFP_2764,110kV 1C 1000 sqmm Al XLPE armoured cable as per IEC 60840,1C 1000 sqmm Al XLPE cable,1C 1000 sqmm cable,1000 sqmm cable
RFP_2765,FR 500V 4C 16 sqmm Cu PVC armoured cable as per IS 694,500V 4C PVC cable as per IS 694,500V cable as per IS 694,500V cable
RFP_2766,ZH 33kV 1C 120 sqmm Al XLPE armoured cable as per IS 7098-2,ZH 33kV XLPE armoured cable,ZH 33kV cable,33kV cable
RFP_2767,ZH 110kV 1C 400 sqmm Al XLPE armoured cable as per IEC 60840,ZH 110kV 1C armoured cable,110kV 1C cable,1C cable
RFP_2768,LSZH 440V 7C 1.5 sqmm Cu PVC armoured cable as per IS 1554,LSZH 7C 1.5 sqmm armoured cable,LSZH 1.5 sqmm cable,1.5 sqmm cable
RFP_2769,Fire Survival 1.1kV 1C 16 sqmm Cu XLPE armoured cable as per BS 6387,1.1kV 16 sqmm XLPE armoured cable,16 sqmm armoured cable,armoured cable
RFP_2770,LSZH 500V 12C 1.5 sqmm Cu PVC armoured cable as per IS 1554,LSZH 500V 12C 1.5 sqmm cable,500V 12C cable,500V cable
RFP_2771,LSZH 440V 14C 2.5 sqmm Cu PVC armoured cable as per IS 1554,LSZH 440V 2.5 sqmm Cu cable,LSZH 2.5 sqmm cable,2.5 sqmm cable
RFP_2772,500V 3.5C 630 sqmm Cu PVC armoured cable as per IS 1554,500V 3. PVC armoured cable as per IS 1554,3. PVC cable as per IS 1554,3. PVC cable
RFP_2773,FR 500V 27C 1.5 sqmm Cu XLPE armoured cable as per IS 1554,500V 27C XLPE cable as per IS 1554,XLPE cable as per IS 1554,cable as per IS 1554
RFP_2774,500V 2C 10 sqmm Al PVC armoured cable as per IS 694,500V Al armoured cable as per IS 694,armoured cable as per IS 694,cable as per IS 694
RFP_2775,Fire Survival 1.1kV 1C 95 sqmm Cu Mineral (MI) armoured cable as per IEC 60331,Fire Survival 1C 95 sqmm Cu Mineral (MI) cable,95 sqmm Cu Mineral (MI) cable,Cu Mineral (MI) cable
RFP_2776,300V 2C 0.5 sqmm Cu PVC armoured cable as per IEC 60502-1,2C PVC armoured cable as per IEC 60502-1,PVC cable as per IEC 60502-1,cable as per IEC 60502-1
RFP_2777,FR 440V 5C 4 sqmm Cu PVC armoured cable as per IS 694,440V 4 sqmm Cu armoured cable,4 sqmm armoured cable,4 sqmm cable
RFP_2778,LSZH 1.1kV 19C 4 sqmm Cu PVC armoured cable as per IS 1554,19C Cu armoured cable as per IS 1554,19C Cu cable,Cu cable
RFP_2779,1.1kV 4C 2.5 sqmm Cu XLPE armoured cable as per IS 9968,1.1kV 2.5 sqmm Cu XLPE cable,2.5 sqmm XLPE cable,XLPE cable
RFP_2780,LSZH 33kV 1C 150 sqmm Cu XLPE armoured cable as per IEC 60502-2,LSZH 150 sqmm Cu armoured cable,150 sqmm armoured cable,armoured cable
RFP_2781,110kV 1C 300 sqmm Cu XLPE armoured cable as per IEC 60840,110kV Cu XLPE armoured cable,Cu XLPE cable,Cu cable
RFP_2782,FR 440V 3C 300 sqmm Al PVC armoured cable as per IS 694,440V Al PVC cable as per IS 694,PVC cable as per IS 694,PVC cable
RFP_2783,FRLS 1.1kV 2C 4 sqmm Cu PVC armoured cable as per IEC 60502-1,Cu PVC armoured cable as per IEC 60502-1,Cu armoured cable,Cu cable
RFP_2784,FR 6.6kV 3C 50 sqmm Cu EPR armoured cable as per IEC 60502-1,FR 3C 50 sqmm cable as per IEC 60502-1,3C 50 sqmm cable,3C cable
RFP_2785,FRLS 300V 16C 0.5 sqmm Cu PVC armoured cable as per IEC 60502-1,FRLS 16C Cu armoured cable,FRLS 16C cable,16C cable
RFP_2786,FRLS 500V 16C 2.5 sqmm Cu XLPE armoured cable as per IEC 60502-1,FRLS 2.5 sqmm Cu armoured cable,2.5 sqmm armoured cable,2.5 sqmm cable
RFP_2787,440V 2C 1.5 sqmm Cu PVC armoured cable as per IS 694,440V 2C Cu cable as per IS 694,Cu cable as per IS 694,Cu cable
RFP_2788,FR 3.3kV 1C 400 sqmm Al EPR armoured cable as per IEC 60502-1,FR 3.3kV EPR armoured cable,3.3kV EPR cable,EPR cable
RFP_2789,440V 4C 50 sqmm Cu XLPE armoured cable as per IEC 60245,4C Cu armoured cable as per IEC 60245,armoured cable as per IEC 60245,armoured cable
RFP_2790,ZH 1.1kV 1C 35 sqmm Cu PVC armoured cable as per IS 9968,ZH 1.1kV 1C cable as per IS 9968,1.1kV cable as per IS 9968,cable as per IS 9968
RFP_2791,500V 14C 1.5 sqmm Cu XLPE armoured cable as per IS 1554,500V 14C XLPE cable as per IS 1554,500V cable as per IS 1554,cable as per IS 1554
RFP_2792,500V 2C 1.5 sqmm Cu XLPE armoured cable as per IS 1554,500V 2C XLPE cable as per IS 1554,XLPE cable as per IS 1554,cable as per IS 1554
RFP_2793,LSZH 440V 16C 1 sqmm Cu XLPE armoured cable as per IS 1554,440V 16C armoured cable as per IS 1554,armoured cable as per IS 1554,cable as per IS 1554
RFP_2794,ZH 220kV 1C 1000 sqmm Al XLPE armoured cable as per IEC 62067,220kV 1C Al cable as per IEC 62067,1C Al cable,Al cable
RFP_2795,LSZH 220kV 1C 185 sqmm Al XLPE armoured cable as per IEC 62067,LSZH 1C armoured cable as per IEC 62067,1C cable as per IEC 62067,1C cable
RFP_2796,FRLS 440V 12C 4 sqmm Cu XLPE armoured cable as per IS 694,FRLS 440V 12C XLPE cable,440V XLPE cable,XLPE cable
RFP_2797,Fire Survival 440V 4C 2.5 sqmm Cu XLPE armoured cable as per BS 6387,Fire Survival 440V armoured cable as per BS 6387,Fire Survival cable as per BS 6387,cable as per BS 6387
RFP_2798,FRLS 22kV 1C 300 sqmm Al XLPE armoured cable as per IEC 60502-2,1C Al XLPE armoured cable,Al armoured cable,armoured cable
RFP_2799,LSZH 220kV 1C 400 sqmm Al XLPE armoured cable as per IEC 62067,LSZH 400 sqmm XLPE armoured cable,LSZH armoured cable,LSZH cable
RFP_2800,FRLS 440V 24C 6 sqmm Cu XLPE armoured cable as per IS 694,FRLS 24C armoured cable as per IS 694,FRLS cable as per IS 694,FRLS cable
RFP_2801,FR 1.1kV 14C 6 sqmm Cu XLPE armoured cable as per IEC 60502-1,1.1kV 14C XLPE armoured cable,1.1kV 14C cable,1.1kV cable
RFP_2802,33kV 1C 50 sqmm Cu XLPE armoured cable as per IS 7098-2,33kV 50 sqmm XLPE armoured cable,33kV XLPE cable,XLPE cable
RFP_2803,Fire Survival 440V 1C 50 sqmm Cu XLPE armoured cable as per IEC 60331,Fire Survival 440V 50 sqmm cable as per IEC 60331,440V cable as per IEC 60331,cable as per IEC 60331
RFP_2804,LSZH 3.3kV 1C 120 sqmm Al XLPE armoured cable as per IEC 60502-1,1C 120 sqmm Al armoured cable,Al armoured cable,Al cable
RFP_2805,FRLS 500V 3C 4 sqmm Cu XLPE armoured cable as per IS 694,FRLS 4 sqmm Cu armoured cable,FRLS Cu cable,FRLS cable
RFP_2806,LSZH 440V 1C 10 sqmm Cu PVC armoured cable as per IS 694,440V 1C 10 sqmm PVC cable,440V PVC cable,440V cable
RFP_2807,FR 500V 8C 0.5 sqmm Cu XLPE armoured cable as per IEC 60502-1,500V 8C XLPE cable as per IEC 60502-1,8C XLPE cable,8C cable
RFP_2808,440V 3C 4 sqmm Cu PVC armoured cable as per IS 694,440V Cu PVC cable as per IS 694,Cu cable as per IS 694,Cu cable
RFP_2809,LSZH 220kV 1C 630 sqmm Al XLPE armoured cable as per IEC 62067,220kV 1C XLPE cable as per IEC 62067,220kV XLPE cable,220kV cable
RFP_2810,LSZH 300V 2C 2.5 sqmm Cu PVC armoured cable as per IEC 60502-1,LSZH 300V 2.5 sqmm cable as per IEC 60502-1,LSZH 2.5 sqmm cable,LSZH cable
RFP_2811,ZH 6.6kV 3C 120 sqmm Cu XLPE armoured cable as per IEC 60502-1,6.6kV XLPE armoured cable as per IEC 60502-1,6.6kV armoured cable,6.6kV cable
RFP_2812,Fire Survival 440V 1C 35 sqmm Cu XLPE armoured cable as per IEC 60331,440V 1C Cu armoured cable,440V 1C cable,1C cable
RFP_2813,132kV 1C 1000 sqmm Al XLPE armoured cable as per IEC 60840,132kV Al XLPE armoured cable,132kV Al cable,132kV cable
RFP_2814,LSZH 440V 4C 150 sqmm Cu XLPE armoured cable as per IS 1554,LSZH 4C Cu XLPE cable,4C XLPE cable,XLPE cable
RFP_2815,500V 3C 25 sqmm Cu PVC armoured cable as per IS 694,500V PVC armoured cable as per IS 694,PVC cable as per IS 694,PVC cable
RFP_2816,440V 3C 16 sqmm Al PVC armoured cable as per IS 694,440V 3C PVC armoured cable,440V armoured cable,armoured cable
RFP_2817,LSZH 11kV 3C 150 sqmm Cu XLPE armoured cable as per IS 7098-1,3C 150 sqmm Cu XLPE cable,Cu XLPE cable,Cu cable
RFP_2818,FRLS 1.1kV 2C 0.75 sqmm Cu PVC armoured cable as per IS 1554,FRLS 1.1kV Cu cable as per IS 1554,FRLS cable as per IS 1554,cable as per IS 1554
RFP_2819,ZH 1.1kV 5C 50 sqmm Cu PVC armoured cable as per IS 9968,ZH 1.1kV 50 sqmm armoured cable,1.1kV 50 sqmm cable,50 sqmm cable
RFP_2820,1.1kV 24C 1.5 sqmm Cu PVC armoured cable as per IEC 60502-1,24C 1.5 sqmm Cu PVC cable,24C PVC cable,24C cable
RFP_2821,500V 6C 1.5 sqmm Cu XLPE armoured cable as per IEC 60502-1,6C 1.5 sqmm Cu armoured cable,1.5 sqmm armoured cable,armoured cable
RFP_2822,ZH 400kV 1C 300 sqmm Cu XLPE armoured cable as per IEC 62067,400kV 300 sqmm Cu cable as per IEC 62067,400kV cable as per IEC 62067,400kV cable
RFP_2823,500V 6C 1 sqmm Cu PVC armoured cable as per IEC 60502-1,6C Cu PVC armoured cable,PVC armoured cable,PVC cable
RFP_2824,FR 440V 7C 1 sqmm Cu PVC armoured cable as per IS 1554,FR 440V 7C 1 sqmm cable,FR 7C cable,7C cable
RFP_2825,FR 440V 7C 6 sqmm Cu XLPE armoured cable as per IS 694,FR 7C armoured cable as per IS 694,FR cable as per IS 694,cable as per IS 694
RFP_2826,FR 500V 16C 0.75 sqmm Cu PVC armoured cable as per IEC 60502-1,FR 500V 0.75 sqmm armoured cable,FR 500V cable,500V cable
RFP_2827,1.1kV 2C 1 sqmm Cu XLPE armoured cable as per IS 1554,1.1kV 1 sqmm Cu armoured cable,Cu armoured cable,Cu cable
RFP_2828,1.1kV 4C 35 sqmm Cu PVC armoured cable as per IEC 60502-1,35 sqmm Cu PVC armoured cable,35 sqmm Cu cable,Cu cable
RFP_2829,FRLS 440V 4C 500 sqmm Cu PVC armoured cable as per IS 694,FRLS PVC armoured cable as per IS 694,FRLS armoured cable,armoured cable
RFP_2830,1.1kV 2C 0.75 sqmm Cu PVC armoured cable as per IS 1554,1.1kV PVC armoured cable as per IS 1554,armoured cable as per IS 1554,armoured cable
RFP_2831,FRLS 440V 5C 6 sqmm Cu XLPE armoured cable as per IEC 60245,FRLS 440V 6 sqmm XLPE cable,FRLS 440V cable,440V cable
RFP_2832,FRLS 1.1kV 3C 4 sqmm Cu PVC armoured cable as per BS 5308,1.1kV Cu PVC cable as per BS 5308,Cu PVC cable,PVC cable
RFP_2833,Fire Survival 440V 2C 4 sqmm Cu XLPE armoured cable as per IEC 60331,2C 4 sqmm armoured cable as per IEC 60331,2C cable as per IEC 60331,2C cable
RFP_2834,ZH 6.6kV 1C 95 sqmm Cu EPR armoured cable as per IS 7098-1,ZH 6.6kV 1C 95 sqmm cable,6.6kV 1C cable,1C cable
RFP_2835,FR 500V 1C 6 sqmm Cu PVC armoured cable as per IEC 60245,FR 500V 1C armoured cable,FR armoured cable,armoured cable
RFP_2836,33kV 3C 400 sqmm Al XLPE armoured cable as per IEC 60502-2,33kV 400 sqmm Al armoured cable,Al armoured cable,Al cable
RFP_2837,LSZH 3.3kV 3C 240 sqmm Cu EPR armoured cable as per IS 7098-1,3C 240 sqmm Cu cable as per IS 7098-1,3C cable as per IS 7098-1,3C cable
RFP_2838,FR 1.1kV 2C 1.5 sqmm Cu XLPE armoured cable as per BS 5308,FR 1.1kV 2C cable as per BS 5308,1.1kV 2C cable,1.1kV cable
RFP_2839,FRLS 22kV 1C 150 sqmm Cu XLPE armoured cable as per IEC 60502-2,150 sqmm Cu armoured cable as per IEC 60502-2,armoured cable as per IEC 60502-2,cable as per IEC 60502-2
RFP_2840,LSZH 1.1kV 3C 25 sqmm Cu PVC armoured cable as per IEC 60502-1,LSZH 1.1kV 3C armoured cable,1.1kV 3C cable,1.1kV cable
RFP_2841,500V 6C 4 sqmm Cu XLPE armoured cable as per IS 1554,500V 4 sqmm Cu armoured cable,4 sqmm armoured cable,4 sqmm cable
RFP_2842,FR 500V 1C 1.5 sqmm Cu XLPE armoured cable as per BS 5308-1,500V 1C Cu armoured cable,Cu armoured cable,Cu cable
RFP_2843,110kV 1C 1000 sqmm Cu XLPE armoured cable as per IEC 60840,1C 1000 sqmm XLPE armoured cable,1000 sqmm XLPE cable,1000 sqmm cable
RFP_2844,440V 3C 2.5 sqmm Cu PVC armoured cable as per IS 694,440V 3C 2.5 sqmm armoured cable,440V 2.5 sqmm cable,440V cable
RFP_2845,LSZH 440V 2C 300 sqmm Cu XLPE armoured cable as per IEC 60502-1,300 sqmm Cu XLPE armoured cable,Cu XLPE cable,XLPE cable
RFP_2846,Fire Survival 1.1kV 1C 1.5 sqmm Cu Mineral (MI) armoured cable as per IEC 60331,Fire Survival 1.1kV 1.5 sqmm Mineral (MI) cable as per IEC 60331,Fire Survival 1.1kV Mineral (MI) cable,Fire Survival Mineral (MI) cable
RFP_2847,ZH 3.3kV 1C 240 sqmm Al XLPE armoured cable as per IEC 60502-1,1C XLPE armoured cable as per IEC 60502-1,1C XLPE cable,XLPE cable
RFP_2848,FR 440V 1C 35 sqmm Cu XLPE armoured cable as per IEC 60245,440V XLPE armoured cable as per IEC 60245,XLPE cable as per IEC 60245,XLPE cable
RFP_2849,ZH 500V 5C 1.5 sqmm Cu PVC armoured cable as per IS 694,ZH 500V 1.5 sqmm PVC cable,1.5 sqmm PVC cable,PVC cable
RFP_2850,FRLS 440V 1C 10 sqmm Cu XLPE armoured cable as per IS 694,FRLS 440V 10 sqmm Cu cable,FRLS 440V cable,FRLS cable
RFP_2851,22kV 3C 70 sqmm Al XLPE armoured cable as per IS 7098-2,22kV Al armoured cable as per IS 7098-2,armoured cable as per IS 7098-2,cable as per IS 7098-2
RFP_2852,LSZH 500V 4C 1.5 sqmm Cu XLPE armoured cable as per BS 5308-1,LSZH Cu XLPE armoured cable,Cu armoured cable,Cu cable
RFP_2853,500V 2C 25 sqmm Cu PVC armoured cable as per IS 694,25 sqmm Cu PVC cable as per IS 694,25 sqmm PVC cable,PVC cable
RFP_2854,1.1kV 19C 1 sqmm Cu PVC armoured cable as per IEC 60502-1,1.1kV Cu PVC armoured cable,PVC armoured cable,PVC cable
RFP_2855,FRLS 1.1kV 3C 6 sqmm Cu EPR armoured cable as per IS 1554,FRLS 3C 6 sqmm armoured cable,3C armoured cable,armoured cable
RFP_2856,LSZH 1.1kV 20C 1 sqmm Cu PVC armoured cable as per BS 5308-1,1.1kV 20C 1 sqmm Cu cable,20C Cu cable,Cu cable
RFP_2857,132kV 1C 185 sqmm Al XLPE armoured cable as per IEC 60840,1C 185 sqmm armoured cable as per IEC 60840,185 sqmm cable as per IEC 60840,185 sqmm cable
RFP_2858,440V 16C 4 sqmm Cu XLPE armoured cable as per IS 694,16C XLPE armoured cable as per IS 694,XLPE cable as per IS 694,XLPE cable
RFP_2859,FR 500V 12C 1 sqmm Cu XLPE armoured cable as per IEC 60502-1,500V XLPE armoured cable as per IEC 60502-1,XLPE armoured cable,XLPE cable
RFP_2860,440V 1C 6 sqmm Cu PVC armoured cable as per IS 9968,440V 1C 6 sqmm armoured cable,440V armoured cable,440V cable
RFP_2861,FR 1.1kV 19C 2.5 sqmm Cu XLPE armoured cable as per IEC 60502-1,FR 2.5 sqmm Cu XLPE cable,FR Cu cable,Cu cable
RFP_2862,300V 24C 1.5 sqmm Cu PVC armoured cable as per IEC 60502-1,300V PVC armoured cable as per IEC 60502-1,300V cable as per IEC 60502-1,cable as per IEC 60502-1
RFP_2863,FR 440V 3.5C 70 sqmm Cu PVC armoured cable as per IS 1554,FR 440V 3.5C armoured cable,FR 3.5C cable,FR 3. cable
RFP_2864,FRLS 440V 2C 0.75 sqmm Cu XLPE armoured cable as per IS 694,FRLS 440V 2C armoured cable,2C armoured cable,2C cable
RFP_2865,ZH 500V 3C 150 sqmm Cu PVC armoured cable as per IEC 60502-1,ZH 3C 150 sqmm PVC cable,3C 150 sqmm cable,150 sqmm cable
RFP_2866,FRLS 440V 14C 1.5 sqmm Cu XLPE armoured cable as per IS 694,FRLS 440V 1.5 sqmm Cu cable,440V Cu cable,Cu cable
RFP_2867,FR 500V 19C 4 sqmm Cu XLPE armoured cable as per IEC 60502-1,500V 19C armoured cable as per IEC 60502-1,armoured cable as per IEC 60502-1,armoured cable
RFP_2868,440V 2C 1 sqmm Cu XLPE armoured cable as per IEC 60245,1 sqmm Cu XLPE armoured cable,1 sqmm armoured cable,armoured cable
RFP_2869,FRLS 1.1kV 3C 50 sqmm Cu PVC armoured cable as per IEC 60502-1,FRLS 1.1kV 3C 50 sqmm cable,1.1kV 3C cable,1.1kV cable
RFP_2870,LSZH 300V 8C 0.75 sqmm Cu XLPE armoured cable as per BS 5308-1,LSZH 8C Cu cable as per BS 5308-1,LSZH cable as per BS 5308-1,cable as per BS 5308-1
RFP_2871,Fire Survival 440V 3C 50 sqmm Cu Mineral (MI) armoured cable as per BS 6387,440V 50 sqmm Cu Mineral (MI) cable as per BS 6387,440V Mineral (MI) cable as per BS 6387,Mineral (MI) cable as per BS 6387
RFP_2872,FRLS 440V 4C 1.5 sqmm Cu PVC armoured cable as per IS 694,FRLS 440V 1.5 sqmm PVC cable,440V PVC cable,PVC cable
RFP_2873,Fire Survival 440V 1C 4 sqmm Cu Mineral (MI) armoured cable as per IEC 60331,Fire Survival 440V Mineral (MI) armoured cable as per IEC 60331,Mineral (MI) armoured cable as per IEC 60331,Mineral (MI) armoured cable
RFP_2874,FR 500V 12C 1 sqmm Cu XLPE armoured cable as per BS 5308-1,500V Cu XLPE armoured cable,Cu armoured cable,armoured cable
RFP_2875,FRLS 1.1kV 16C 1.5 sqmm Cu PVC armoured cable as per BS 5308,1.1kV 1.5 sqmm armoured cable as per BS 5308,1.5 sqmm cable as per BS 5308,cable as per BS 5308
RFP_2876,FRLS 600V 1C 50 sqmm Cu PVC armoured cable as per IS 694,600V 1C 50 sqmm Cu cable,50 sqmm Cu cable,50 sqmm cable
RFP_2877,600V 3C 400 sqmm Al XLPE armoured cable as per IS 694,600V 3C 400 sqmm cable as per IS 694,600V cable as per IS 694,600V cable
RFP_2878,FRLS 300V 1C 2.5 sqmm Cu XLPE armoured cable as per IEC 60502-1,300V 2.5 sqmm Cu armoured cable,300V 2.5 sqmm cable,2.5 sqmm cable
RFP_2879,FR 66kV 1C 240 sqmm Al XLPE armoured cable as per IS 7098-3,66kV 1C 240 sqmm cable as per IS 7098-3,66kV cable as per IS 7098-3,cable as per IS 7098-3
RFP_2880,1.1kV 10C 1 sqmm Cu PVC armoured cable as per IS 1554,1.1kV 1 sqmm Cu PVC cable,1.1kV Cu cable,1.1kV cable
RFP_2881,FRLS 500V 6C 2.5 sqmm Cu PVC armoured cable as per IEC 60502-1,500V 6C PVC cable as per IEC 60502-1,500V PVC cable,500V cable
RFP_2882,LSZH 110kV 1C 500 sqmm Cu XLPE armoured cable as per IEC 60840,LSZH 110kV 1C Cu cable,110kV Cu cable,110kV cable
RFP_2883,Fire Survival 1.1kV 2C 6 sqmm Cu Mineral (MI) armoured cable as per BS 6387,Fire Survival 1.1kV Cu Mineral (MI) cable as per BS 6387,Fire Survival Cu Mineral (MI) cable,Cu Mineral (MI) cable
RFP_2884,FR 500V 16C 1.5 sqmm Cu XLPE armoured cable as per BS 5308-1,Cu XLPE armoured cable as per BS 5308-1,XLPE armoured cable,XLPE cable
RFP_2885,FRLS 440V 5C 1 sqmm Cu PVC armoured cable as per IS 9968,FRLS 5C PVC armoured cable,PVC armoured cable,armoured cable
RFP_2886,FR 1.1kV 2C 0.5 sqmm Cu PVC armoured cable as per IEC 60502-1,1.1kV 0.5 sqmm armoured cable as per IEC 60502-1,1.1kV armoured cable,1.1kV cable
RFP_2887,FR 500V 8C 0.5 sqmm Cu XLPE armoured cable as per IEC 60502-1,FR 0.5 sqmm XLPE armoured cable,FR XLPE cable,FR cable
RFP_2888,FR 400kV 1C 500 sqmm Cu XLPE armoured cable as per IEC 62067,FR 400kV 1C XLPE cable,400kV XLPE cable,XLPE cable
RFP_2889,ZH 22kV 3C 95 sqmm Al XLPE armoured cable as per IS 7098-2,Al XLPE armoured cable as per IS 7098-2,armoured cable as per IS 7098-2,cable as per IS 7098-2
RFP_2890,FRLS 440V 1C 0.75 sqmm Cu XLPE armoured cable as per IS 694,FRLS 0.75 sqmm Cu XLPE cable,FRLS XLPE cable,FRLS cable
RFP_2891,LSZH 1.1kV 16C 1.5 sqmm Cu PVC armoured cable as per BS 5308-1,LSZH 1.1kV 16C PVC cable,LSZH 1.1kV cable,LSZH cable
RFP_2892,110kV 1C 400 sqmm Cu XLPE armoured cable as per IEC 60840,110kV 1C 400 sqmm armoured cable,110kV 1C cable,1C cable
RFP_2893,LSZH 11kV 3C 70 sqmm Al EPR armoured cable as per IEC 60502-1,LSZH 11kV 3C armoured cable,3C armoured cable,armoured cable
RFP_2894,ZH 1.1kV 3.5C 6 sqmm Al PVC armoured cable as per IS 1554,ZH 3. Al armoured cable as per IS 1554,3. Al armoured cable,3. Al cable
RFP_2895,FR 220kV 1C 630 sqmm Al XLPE armoured cable as per IEC 62067,1C Al armoured cable as per IEC 62067,Al cable as per IEC 62067,Al cable
RFP_2896,600V 3C 4 sqmm Al XLPE armoured cable as per IS 694,3C Al XLPE armoured cable,Al armoured cable,armoured cable
RFP_2897,500V 6C 1 sqmm Cu PVC armoured cable as per IEC 60502-1,500V 6C Cu cable as per IEC 60502-1,500V 6C cable,500V cable
RFP_2898,FR 440V 2C 16 sqmm Cu PVC armoured cable as per IS 694,Cu PVC armoured cable as per IS 694,armoured cable as per IS 694,cable as per IS 694
RFP_2899,FR 500V 24C 0.75 sqmm Cu XLPE armoured cable as per BS 5308-1,FR 500V XLPE armoured cable,500V armoured cable,armoured cable
RFP_2900,LSZH 1.1kV 24C 4 sqmm Cu XLPE armoured cable as per IS 1554,LSZH Cu armoured cable as per IS 1554,Cu cable as per IS 1554,cable as per IS 1554
RFP_2901,FRLS 1.1kV 10C 4 sqmm Cu XLPE armoured cable as per IEC 60502-1,FRLS 10C XLPE armoured cable,10C armoured cable,armoured cable
RFP_2902,FRLS 500V 5C 6 sqmm Cu XLPE armoured cable as per IEC 60502-1,FRLS 500V 6 sqmm cable as per IEC 60502-1,500V 6 sqmm cable,500V cable
RFP_2903,110kV 1C 630 sqmm Al XLPE armoured cable as per IEC 60840,110kV 630 sqmm Al cable as per IEC 60840,110kV cable as per IEC 60840,110kV cable
RFP_2904,FR 440V 7C 1.5 sqmm Cu PVC armoured cable as per IS 1554,440V 1.5 sqmm Cu PVC cable,1.5 sqmm PVC cable,PVC cable
RFP_2905,LSZH 1.1kV 3C 0.75 sqmm Cu XLPE armoured cable as per IEC 60502-1,LSZH 3C XLPE armoured cable,LSZH XLPE cable,LSZH cable
RFP_2906,11kV 3C 50 sqmm Cu EPR armoured cable as per IEC 60502-1,3C 50 sqmm Cu EPR cable,50 sqmm EPR cable,50 sqmm cable
RFP_2907,LSZH 440V 4C 6 sqmm Cu XLPE armoured cable as per IS 694,4C XLPE armoured cable as per IS 694,4C XLPE cable,XLPE cable
RFP_2908,LSZH 500V 5C 1 sqmm Cu XLPE armoured cable as per IEC 60502-1,5C Cu XLPE cable as per IEC 60502-1,5C cable as per IEC 60502-1,cable as per IEC 60502-1
RFP_2909,LSZH 110kV 1C 185 sqmm Cu XLPE armoured cable as per IEC 60840,LSZH 1C 185 sqmm Cu cable,LSZH Cu cable,LSZH cable
RFP_2910,FRLS 1.1kV 6C 2.5 sqmm Cu PVC armoured cable as per IS 1554,1.1kV Cu armoured cable as per IS 1554,Cu cable as per IS 1554,Cu cable
RFP_2911,FR 1.1kV 2C 1 sqmm Cu XLPE armoured cable as per IS 1554,1.1kV 1 sqmm Cu armoured cable,1.1kV 1 sqmm cable,1 sqmm cable
RFP_2912,ZH 1.1kV 3C 4 sqmm Cu XLPE armoured cable as per IEC 60502-1,1.1kV XLPE armoured cable as per IEC 60502-1,armoured cable as per IEC 60502-1,armoured cable
RFP_2913,FRLS 1.1kV 2C 300 sqmm Al XLPE armoured cable as per BS 5467,2C 300 sqmm XLPE cable as per BS 5467,300 sqmm XLPE cable,300 sqmm cable
RFP_2914,FRLS 500V 24C 1.5 sqmm Cu PVC armoured cable as per BS 5308-1,FRLS 500V 24C PVC cable,FRLS 500V cable,500V cable
RFP_2915,FR 440V 27C 4 sqmm Cu PVC armoured cable as per IS 694,440V 4 sqmm armoured cable as per IS 694,440V 4 sqmm cable,440V cable
RFP_2916,Fire Survival 440V 3C 2.5 sqmm Cu Mineral (MI) armoured cable as per BS 6387,440V 3C 2.5 sqmm Mineral (MI) cable as per BS 6387,440V 3C Mineral (MI) cable,440V Mineral (MI) cable
RFP_2917,Fire Survival 1.1kV 4C 4 sqmm Cu XLPE armoured cable as per IEC 60331,Fire Survival 1.1kV Cu cable as per IEC 60331,Fire Survival cable as per IEC 60331,Fire Survival cable
RFP_2918,ZH 1.1kV 2C 500 sqmm Cu EPR armoured cable as per BS 5467,ZH 1.1kV 2C armoured cable,ZH 1.1kV cable,ZH cable
RFP_2919,FRLS 11kV 1C 120 sqmm Al XLPE armoured cable as per IS 7098-1,11kV 120 sqmm Al armoured cable,120 sqmm Al cable,120 sqmm cable
RFP_2920,FRLS 500V 1C 0.75 sqmm Cu XLPE armoured cable as per BS 5308-1,FRLS 500V 1C cable as per BS 5308-1,FRLS 500V cable,FRLS cable
RFP_2921,FR 500V 30C 6 sqmm Cu XLPE armoured cable as per IS 1554,30C 6 sqmm Cu XLPE cable,30C XLPE cable,30C cable
RFP_2922,440V 30C 4 sqmm Cu PVC armoured cable as per IS 1554,440V 4 sqmm armoured cable as per IS 1554,440V armoured cable,armoured cable
RFP_2923,FR 6.6kV 3C 95 sqmm Al XLPE armoured cable as per IEC 60502-1,FR 6.6kV armoured cable as per IEC 60502-1,6.6kV armoured cable,6.6kV cable
RFP_2924,FRLS 1.1kV 5C 2.5 sqmm Cu XLPE armoured cable as per BS 5308,FRLS 1.1kV 2.5 sqmm Cu cable,2.5 sqmm Cu cable,Cu cable
RFP_2925,33kV 1C 185 sqmm Cu XLPE armoured cable as per IS 7098-2,33kV Cu XLPE cable as per IS 7098-2,Cu XLPE cable,XLPE cable
RFP_2926,FR 1.1kV 10C 4 sqmm Cu XLPE armoured cable as per IEC 60502-1,FR 4 sqmm armoured cable as per IEC 60502-1,FR 4 sqmm cable,4 sqmm cable
RFP_2927,LSZH 300V 12C 1.5 sqmm Cu XLPE armoured cable as per IEC 60502-1,300V Cu XLPE cable as per IEC 60502-1,300V Cu cable,300V cable
RFP_2928,1.1kV 16C 0.75 sqmm Cu XLPE armoured cable as per IS 1554,1.1kV 0.75 sqmm XLPE armoured cable,0.75 sqmm XLPE cable,XLPE cable
RFP_2929,FRLS 132kV 1C 630 sqmm Cu XLPE armoured cable as per IEC 60840,630 sqmm Cu armoured cable as per IEC 60840,630 sqmm armoured cable,armoured cable
RFP_2930,1.1kV 4C 4 sqmm Cu PVC armoured cable as per BS 5467,1.1kV PVC armoured cable as per BS 5467,1.1kV PVC cable,PVC cable
RFP_2931,LSZH 500V 1C 300 sqmm Al PVC armoured cable as per IEC 60502-1,LSZH 300 sqmm PVC armoured cable,LSZH 300 sqmm cable,300 sqmm cable
RFP_2932,FRLS 440V 4C 1 sqmm Cu XLPE armoured cable as per IS 1554,FRLS XLPE armoured cable as per IS 1554,FRLS armoured cable,armoured cable
RFP_2933,FRLS 110kV 1C 185 sqmm Cu XLPE armoured cable as per IEC 60840,110kV 185 sqmm Cu cable as per IEC 60840,110kV 185 sqmm cable,110kV cable
RFP_2934,FRLS 1.1kV 14C 2.5 sqmm Cu XLPE armoured cable as per IS 1554,FRLS 2.5 sqmm XLPE armoured cable,XLPE armoured cable,armoured cable
RFP_2935,ZH 500V 2C 10 sqmm Cu PVC armoured cable as per IS 1554,500V 2C Cu PVC cable,2C PVC cable,PVC cable
RFP_2936,FR 1.1kV 7C 1.5 sqmm Cu XLPE armoured cable as per IEC 60502-1,1.5 sqmm XLPE armoured cable as per IEC 60502-1,XLPE cable as per IEC 60502-1,cable as per IEC 60502-1
RFP_2937,500V 10C 6 sqmm Cu PVC armoured cable as per IEC 60502-1,10C 6 sqmm PVC cable as per IEC 60502-1,6 sqmm PVC cable,PVC cable
RFP_2938,FR 440V 2C 2.5 sqmm Cu PVC armoured cable as per IS 1554,2C Cu PVC armoured cable,2C armoured cable,2C cable
RFP_2939,LSZH 3.3kV 1C 120 sqmm Al EPR armoured cable as per IS 7098-1,3.3kV 1C 120 sqmm EPR cable,1C EPR cable,1C cable
RFP_2940,FR 500V 4C 0.75 sqmm Cu PVC armoured cable as per BS 5308-1,500V 4C 0.75 sqmm armoured cable,500V 4C cable,4C cable
RFP_2941,Fire Survival 1.1kV 4C 25 sqmm Cu Mineral (MI) armoured cable as per IEC 60331,Fire Survival 4C 25 sqmm Mineral (MI) armoured cable,Fire Survival Mineral (MI) armoured cable,Mineral (MI) armoured cable
RFP_2942,440V 3C 2.5 sqmm Cu XLPE armoured cable as per IS 9968,3C XLPE armoured cable as per IS 9968,3C XLPE cable,3C cable
RFP_2943,LSZH 1.1kV 10C 2.5 sqmm Cu PVC armoured cable as per IS 1554,1.1kV 2.5 sqmm PVC cable as per IS 1554,2.5 sqmm PVC cable,2.5 sqmm cable
RFP_2944,FR 1.1kV 3C 4 sqmm Cu PVC armoured cable as per IS 9968,FR 4 sqmm Cu cable as per IS 9968,FR Cu cable,FR cable
RFP_2945,FR 66kV 1C 1000 sqmm Al XLPE armoured cable as per IS 7098-3,FR 1C 1000 sqmm Al cable,1000 sqmm Al cable,1000 sqmm cable
RFP_2946,500V 3C 6 sqmm Cu PVC armoured cable as per IS 1554,500V 3C Cu PVC cable,500V Cu cable,500V cable
RFP_2947,66kV 1C 1000 sqmm Al XLPE armoured cable as per IEC 60840,66kV Al armoured cable as per IEC 60840,66kV armoured cable,armoured cable
RFP_2948,LSZH 6.6kV 1C 70 sqmm Al XLPE armoured cable as per IEC 60502-1,LSZH 70 sqmm armoured cable as per IEC 60502-1,LSZH cable as per IEC 60502-1,LSZH cable
RFP_2949,Fire Survival 1.1kV 2C 120 sqmm Cu XLPE armoured cable as per BS 6387,Fire Survival 120 sqmm Cu armoured cable,Fire Survival 120 sqmm cable,120 sqmm cable
RFP_2950,500V 16C 6 sqmm Cu PVC armoured cable as per IEC 60502-1,500V Cu PVC cable as per IEC 60502-1,Cu PVC cable,PVC cable
RFP_2951,FRLS 1.1kV 12C 2.5 sqmm Cu PVC armoured cable as per IS 1554,FRLS 1.1kV PVC cable as per IS 1554,1.1kV PVC cable,1.1kV cable
RFP_2952,FRLS 440V 5C 16 sqmm Cu PVC armoured cable as per IEC 60245,Cu PVC armoured cable as per IEC 60245,armoured cable as per IEC 60245,cable as per IEC 60245
RFP_2953,LSZH 500V 30C 1 sqmm Cu PVC armoured cable as per IS 1554,30C Cu armoured cable as per IS 1554,30C armoured cable,armoured cable
RFP_2954,FR 3.3kV 3C 95 sqmm Al XLPE armoured cable as per IS 7098-1,FR 3C 95 sqmm Al cable,FR 95 sqmm cable,FR cable
RFP_2955,LSZH 500V 1C 6 sqmm Cu PVC armoured cable as per IS 694,LSZH 500V 1C Cu cable,500V Cu cable,Cu cable
RFP_2956,Fire Survival 1.1kV 3C 10 sqmm Cu XLPE armoured cable as per IEC 60331,1.1kV 3C 10 sqmm cable as per IEC 60331,1.1kV 10 sqmm cable,1.1kV cable
RFP_2957,ZH 132kV 1C 630 sqmm Al XLPE armoured cable as per IEC 60840,ZH 132kV 630 sqmm armoured cable,132kV armoured cable,armoured cable
RFP_2958,500V 7C 1 sqmm Cu PVC armoured cable as per IS 1554,500V 7C armoured cable as per IS 1554,7C armoured cable,armoured cable
RFP_2959,FR 500V 7C 1 sqmm Cu XLPE armoured cable as per IS 1554,500V 7C armoured cable as per IS 1554,7C cable as per IS 1554,7C cable
RFP_2960,FR 1.1kV 12C 1 sqmm Cu XLPE armoured cable as per IEC 60502-1,FR 1 sqmm Cu XLPE cable,FR XLPE cable,XLPE cable
RFP_2961,300V 8C 1 sqmm Cu PVC armoured cable as per IEC 60502-1,300V 1 sqmm Cu armoured cable,1 sqmm armoured cable,1 sqmm cable
RFP_2962,3.3kV 3C 95 sqmm Cu XLPE armoured cable as per IEC 60502-1,3C 95 sqmm Cu XLPE cable,Cu XLPE cable,XLPE cable
RFP_2963,FR 3.3kV 3C 185 sqmm Cu XLPE armoured cable as per IEC 60502-1,3.3kV 185 sqmm Cu cable as per IEC 60502-1,Cu cable as per IEC 60502-1,cable as per IEC 60502-1
RFP_2964,LSZH 300V 12C 1.5 sqmm Cu PVC armoured cable as per IEC 60502-1,300V 12C Cu armoured cable,300V armoured cable,300V cable
RFP_2965,FR 1.1kV 1C 6 sqmm Cu PVC armoured cable as per IS 9968,1C 6 sqmm PVC armoured cable,6 sqmm PVC cable,6 sqmm cable
RFP_2966,FR 300V 10C 1.5 sqmm Cu XLPE armoured cable as per IEC 60502-1,FR Cu XLPE armoured cable,FR Cu cable,FR cable
RFP_2967,500V 24C 0.75 sqmm Cu PVC armoured cable as per IEC 60502-1,500V 24C 0.75 sqmm Cu cable,24C Cu cable,24C cable
RFP_2968,FRLS 1.1kV 4C 0.75 sqmm Cu PVC armoured cable as per IEC 60502-1,1.1kV 4C PVC cable as per IEC 60502-1,PVC cable as per IEC 60502-1,cable as per IEC 60502-1
RFP_2969,FR 11kV 3C 120 sqmm Al EPR armoured cable as per IEC 60502-1,FR 3C armoured cable as per IEC 60502-1,FR cable as per IEC 60502-1,FR cable
RFP_2970,FRLS 500V 1C 16 sqmm Al PVC armoured cable as per IS 694,FRLS Al PVC armoured cable,Al PVC cable,Al cable
RFP_2971,LSZH 11kV 3C 400 sqmm Al XLPE armoured cable as per IS 7098-1,400 sqmm Al XLPE armoured cable,400 sqmm XLPE cable,XLPE cable
RFP_2972,440V 1C 25 sqmm Cu PVC armoured cable as per IEC 60245,440V Cu PVC armoured cable,Cu armoured cable,armoured cable
RFP_2973,FRLS 500V 2C 2.5 sqmm Cu PVC armoured cable as per IS 694,FRLS 2.5 sqmm PVC cable as per IS 694,FRLS 2.5 sqmm cable,2.5 sqmm cable
RFP_2974,FR 500V 16C 1 sqmm Cu PVC armoured cable as per IS 1554,500V Cu PVC armoured cable,500V PVC cable,PVC cable
RFP_2975,LSZH 600V 3.5C 185 sqmm Cu XLPE armoured cable as per IS 694,600V 3. Cu XLPE armoured cable,3. XLPE armoured cable,3. XLPE cable
RFP_2976,FR 500V 14C 2.5 sqmm Cu XLPE armoured cable as per IEC 60502-1,FR 500V XLPE armoured cable,500V armoured cable,armoured cable
RFP_2977,FRLS 1.1kV 1C 6 sqmm Cu PVC armoured cable as per IS 9968,1.1kV 1C 6 sqmm armoured cable,6 sqmm armoured cable,armoured cable
RFP_2978,FRLS 1.1kV 2C 25 sqmm Cu XLPE armoured cable as per IS 1554,FRLS 25 sqmm Cu XLPE cable,FRLS Cu cable,FRLS cable
RFP_2979,FRLS 1.1kV 12C 0.75 sqmm Cu PVC armoured cable as per IEC 60502-1,12C 0.75 sqmm Cu armoured cable,Cu armoured cable,armoured cable
RFP_2980,LSZH 440V 19C 1 sqmm Cu PVC armoured cable as per IS 694,440V 19C 1 sqmm armoured cable,440V 1 sqmm cable,1 sqmm cable
RFP_2981,1.1kV 10C 1.5 sqmm Cu XLPE armoured cable as per BS 5308,1.5 sqmm Cu armoured cable as per BS 5308,1.5 sqmm Cu cable,Cu cable
RFP_2982,FR 11kV 1C 185 sqmm Cu EPR armoured cable as per IEC 60502-1,FR Cu armoured cable as per IEC 60502-1,armoured cable as per IEC 60502-1,armoured cable
RFP_2983,FRLS 1.1kV 20C 0.75 sqmm Cu PVC armoured cable as per BS 5308-1,FRLS 1.1kV 20C cable as per BS 5308-1,FRLS 20C cable,20C cable
RFP_2984,LSZH 500V 12C 1 sqmm Cu XLPE armoured cable as per BS 5308-1,500V 12C 1 sqmm XLPE cable,500V XLPE cable,500V cable
RFP_2985,LSZH 3.3kV 1C 150 sqmm Cu XLPE armoured cable as per IEC 60502-1,LSZH 1C 150 sqmm Cu cable,LSZH 1C cable,1C cable
RFP_2986,FRLS 300V 10C 2.5 sqmm Cu PVC armoured cable as per BS 5308-1,FRLS 300V 10C Cu cable,FRLS 10C cable,10C cable
RFP_2987,Fire Survival 1.1kV 3C 4 sqmm Cu XLPE armoured cable as per BS 6387,Fire Survival 4 sqmm Cu cable as per BS 6387,4 sqmm Cu cable,Cu cable
RFP_2988,500V 3.5C 1000 sqmm Cu PVC armoured cable as per IS 1554,3.5C 1000 sqmm PVC armoured cable,3. 1000 sqmm PVC cable,3. PVC cable
RFP_2989,3.3kV 3C 70 sqmm Cu XLPE armoured cable as per IEC 60502-1,3.3kV 3C 70 sqmm XLPE cable,3C 70 sqmm cable,70 sqmm cable
RFP_2990,LSZH 300V 12C 2.5 sqmm Cu XLPE armoured cable as per IEC 60502-1,2.5 sqmm Cu armoured cable as per IEC 60502-1,armoured cable as per IEC 60502-1,armoured cable
RFP_2991,Fire Survival 1.1kV 4C 120 sqmm Cu XLPE armoured cable as per BS 6387,1.1kV 4C 120 sqmm cable as per BS 6387,4C 120 sqmm cable,4C cable
RFP_2992,FR 440V 5C 6 sqmm Cu XLPE armoured cable as per IS 1554,FR 440V armoured cable as per IS 1554,FR armoured cable,armoured cable
RFP_2993,FR 500V 1C 1 sqmm Cu PVC armoured cable as per IEC 60245,FR 500V 1C armoured cable,FR 1C cable,FR cable
RFP_2994,ZH 6.6kV 3C 240 sqmm Al XLPE armoured cable as per IS 7098-1,ZH 6.6kV 3C Al cable,ZH 3C cable,ZH cable
RFP_2995,LSZH 300V 12C 2.5 sqmm Cu PVC armoured cable as per BS 5308-1,LSZH 300V PVC armoured cable,PVC armoured cable,PVC cable
RFP_2996,11kV 3C 95 sqmm Al XLPE armoured cable as per IS 7098-1,11kV Al XLPE armoured cable,Al armoured cable,armoured cable
RFP_2997,FRLS 300V 4C 1 sqmm Cu XLPE armoured cable as per BS 5308-1,300V 4C XLPE armoured cable,300V 4C cable,4C cable
RFP_2998,FRLS 440V 8C 4 sqmm Cu PVC armoured cable as per IS 1554,440V 8C 4 sqmm PVC cable,440V 4 sqmm cable,440V cable
RFP_2999,ZH 440V 1C 50 sqmm Cu XLPE armoured cable as per IEC 60245,440V 50 sqmm Cu armoured cable,Cu armoured cable,Cu cable
RFP_3000,1.1kV 6C 1.5 sqmm Cu XLPE armoured cable as per IEC 60502-1,1.1kV Cu armoured cable as per IEC 60502-1,1.1kV cable as per IEC 60502-1,1.1kV cable
RFP_3001,FRLS 440V 12C 6 sqmm Cu XLPE armoured cable as per IS 1554,12C 6 sqmm Cu cable as per IS 1554,6 sqmm cable as per IS 1554,cable as per IS 1554
RFP_3002,LSZH 1.1kV 4C 70 sqmm Cu XLPE armoured cable as per IS 1554,LSZH 4C XLPE armoured cable,4C armoured cable,armoured cable
RFP_3003,FR 6.6kV 1C 400 sqmm Cu EPR armoured cable as per IS 7098-1,FR 400 sqmm EPR armoured cable,EPR armoured cable,armoured cable
RFP_3004,FR 300V 2C 0.75 sqmm Cu PVC armoured cable as per BS 5308-1,FR 0.75 sqmm PVC cable as per BS 5308-1,FR PVC cable,PVC cable
RFP_3005,FR 1.1kV 24C 1.5 sqmm Cu XLPE armoured cable as per IS 1554,1.1kV 24C 1.5 sqmm cable as per IS 1554,1.1kV 24C cable,1.1kV cable
RFP_3006,FR 300V 20C 0.75 sqmm Cu PVC armoured cable as per BS 5308-1,FR PVC armoured cable as per BS 5308-1,FR armoured cable,FR cable
RFP_3007,FR 110kV 1C 500 sqmm Cu XLPE armoured cable as per IEC 60840,FR 1C 500 sqmm Cu cable,FR 1C cable,1C cable
RFP_3008,300V 10C 1 sqmm Cu XLPE armoured cable as per IEC 60502-1,10C Cu XLPE armoured cable,Cu XLPE cable,Cu cable
RFP_3009,FRLS 1.1kV 12C 1 sqmm Cu XLPE armoured cable as per IEC 60502-1,Cu XLPE armoured cable as per IEC 60502-1,XLPE cable as per IEC 60502-1,XLPE cable
RFP_3010,500V 5C 4 sqmm Cu PVC armoured cable as per IS 694,500V PVC armoured cable as per IS 694,PVC cable as per IS 694,cable as per IS 694
RFP_3011,LSZH 1.1kV 7C 1 sqmm Cu PVC armoured cable as per BS 5308,1.1kV 1 sqmm armoured cable as per BS 5308,1 sqmm cable as per BS 5308,1 sqmm cable
RFP_3012,FR 11kV 3C 300 sqmm Al XLPE armoured cable as per IEC 60502-1,11kV 300 sqmm Al cable as per IEC 60502-1,300 sqmm cable as per IEC 60502-1,cable as per IEC 60502-1
RFP_3013,FR 1.1kV 1C 35 sqmm Cu PVC armoured cable as per IEC 60502-1,FR 1C 35 sqmm armoured cable,FR 35 sqmm cable,35 sqmm cable
RFP_3014,LSZH 500V 4C 16 sqmm Cu PVC armoured cable as per IEC 60245,LSZH 4C 16 sqmm armoured cable,4C armoured cable,4C cable
RFP_3015,LSZH 6.6kV 3C 185 sqmm Cu XLPE armoured cable as per IS 7098-1,LSZH 6.6kV Cu armoured cable,LSZH 6.6kV cable,LSZH cable
RFP_3016,LSZH 300V 1C 1.5 sqmm Cu PVC armoured cable as per IEC 60502-1,LSZH Cu armoured cable as per IEC 60502-1,armoured cable as per IEC 60502-1,cable as per IEC 60502-1
RFP_3017,440V 2C 4 sqmm Cu XLPE armoured cable as per IS 1554,2C Cu XLPE armoured cable,Cu XLPE cable,XLPE cable
RFP_3018,FRLS 600V 4C 500 sqmm Cu XLPE armoured cable as per IS 694,FRLS 600V 4C armoured cable,FRLS 600V cable,600V cable
RFP_3019,FR 500V 4C 4 sqmm Cu XLPE armoured cable as per IS 1554,FR 4 sqmm Cu XLPE cable,4 sqmm Cu cable,Cu cable
RFP_3020,Fire Survival 440V 1C 35 sqmm Cu XLPE armoured cable as per BS 6387,440V Cu XLPE armoured cable,Cu XLPE cable,Cu cable
RFP_3021,500V 24C 0.75 sqmm Cu PVC armoured cable as per BS 5308-1,24C Cu armoured cable as per BS 5308-1,armoured cable as per BS 5308-1,cable as per BS 5308-1
RFP_3022,FRLS 500V 8C 1 sqmm Cu PVC armoured cable as per IS 1554,8C 1 sqmm PVC armoured cable,PVC armoured cable,PVC cable
RFP_3023,Fire Survival 1.1kV 4C 50 sqmm Cu XLPE armoured cable as per IS 17048,Fire Survival 50 sqmm Cu armoured cable,50 sqmm Cu cable,Cu cable
RFP_3024,66kV 1C 300 sqmm Al XLPE armoured cable as per IS 7098-3,66kV 300 sqmm XLPE cable as per IS 7098-3,66kV XLPE cable,XLPE cable
RFP_3025,440V 3.5C 70 sqmm Cu PVC armoured cable as per IS 694,440V 3.5C 70 sqmm Cu cable,3. 70 sqmm Cu cable,3. 70 sqmm cable
RFP_3026,LSZH 1.1kV 20C 2.5 sqmm Cu PVC armoured cable as per IEC 60502-1,LSZH 1.1kV 20C cable as per IEC 60502-1,LSZH 20C cable,20C cable
RFP_3027,1.1kV 5C 25 sqmm Cu XLPE armoured cable as per IS 9968,1.1kV 5C Cu armoured cable,5C Cu cable,5C cable
RFP_3028,Fire Survival 440V 2C 50 sqmm Cu XLPE armoured cable as per IEC 60331,2C 50 sqmm Cu armoured cable,2C 50 sqmm cable,2C cable
RFP_3029,FRLS 110kV 1C 240 sqmm Al XLPE armoured cable as per IEC 60840,FRLS 110kV armoured cable as per IEC 60840,FRLS armoured cable,FRLS cable
RFP_3030,ZH 3.3kV 3C 95 sqmm Cu XLPE armoured cable as per IEC 60502-1,3.3kV 95 sqmm Cu XLPE cable,3.3kV Cu cable,3.3kV cable
RFP_3031,LSZH 33kV 3C 240 sqmm Al XLPE armoured cable as per IEC 60502-2,33kV 3C XLPE armoured cable,3C armoured cable,3C cable
RFP_3032,LSZH 300V 16C 2.5 sqmm Cu PVC armoured cable as per IEC 60502-1,16C 2.5 sqmm PVC armoured cable,16C 2.5 sqmm cable,16C cable
RFP_3033,500V 16C 6 sqmm Cu PVC armoured cable as per IS 1554,500V 16C 6 sqmm cable as per IS 1554,16C 6 sqmm cable,16C cable
RFP_3034,LSZH 1.1kV 2C 1.5 sqmm Cu XLPE armoured cable as per IEC 60502-1,LSZH XLPE armoured cable as per IEC 60502-1,LSZH cable as per IEC 60502-1,LSZH cable
RFP_3035,1.1kV 3.5C 400 sqmm Al XLPE armoured cable as per IS 1554,3.5C XLPE armoured cable as per IS 1554,3. XLPE cable as per IS 1554,3. XLPE cable
RFP_3036,ZH 132kV 1C 185 sqmm Cu XLPE armoured cable as per IEC 60840,ZH 1C Cu armoured cable,ZH armoured cable,ZH cable
RFP_3037,FRLS 1.1kV 5C 1 sqmm Cu PVC armoured cable as per BS 5308,FRLS 5C 1 sqmm Cu cable,1 sqmm Cu cable,1 sqmm cable
RFP_3038,LSZH 440V 2C 16 sqmm Cu XLPE armoured cable as per IEC 60245,LSZH 440V 2C Cu cable,LSZH 2C cable,LSZH cable
RFP_3039,400kV 1C 630 sqmm Al XLPE armoured cable as per IEC 62067,400kV 1C Al XLPE cable,Al XLPE cable,Al cable
RFP_3040,LSZH 440V 12C 6 sqmm Cu XLPE armoured cable as per IS 694,LSZH 440V 12C XLPE cable,440V XLPE cable,440V cable
RFP_3041,1.1kV 19C 2.5 sqmm Cu PVC armoured cable as per IS 1554,1.1kV PVC armoured cable as per IS 1554,armoured cable as per IS 1554,cable as per IS 1554
RFP_3042,LSZH 11kV 3C 50 sqmm Al EPR armoured cable as per IEC 60502-1,3C Al EPR armoured cable,EPR armoured cable,armoured cable
RFP_3043,132kV 1C 500 sqmm Cu XLPE armoured cable as per IEC 60840,500 sqmm XLPE armoured cable as per IEC 60840,XLPE cable as per IEC 60840,XLPE cable
RFP_3044,Fire Survival 1.1kV 3C 10 sqmm Cu Mineral (MI) armoured cable as per IS 17048,1.1kV 10 sqmm Mineral (MI) armoured cable as per IS 17048,1.1kV Mineral (MI) cable as per IS 17048,1.1kV Mineral (MI) cable
RFP_3045,3.3kV 3C 185 sqmm Al EPR armoured cable as per IS 7098-1,3.3kV 3C 185 sqmm cable as per IS 7098-1,3.3kV 185 sqmm cable,185 sqmm cable
RFP_3046,FRLS 33kV 1C 150 sqmm Cu XLPE armoured cable as per IS 7098-2,33kV 150 sqmm Cu armoured cable,33kV 150 sqmm cable,33kV cable
RFP_3047,1.1kV 8C 1.5 sqmm Cu PVC armoured cable as per BS 5308-1,1.1kV 8C Cu cable as per BS 5308-1,8C Cu cable,Cu cable
RFP_3048,LSZH 33kV 3C 400 sqmm Al XLPE armoured cable as per IEC 60502-2,33kV 3C 400 sqmm Al cable,3C Al cable,3C cable
RFP_3049,FRLS 1.1kV 3C 35 sqmm Cu XLPE armoured cable as per IS 9968,35 sqmm Cu XLPE armoured cable,35 sqmm armoured cable,armoured cable
RFP_3050,FRLS 220kV 1C 400 sqmm Al XLPE armoured cable as per IEC 62067,FRLS 220kV 1C armoured cable,1C armoured cable,1C cable
RFP_3051,FR 1.1kV 5C 25 sqmm Cu XLPE armoured cable as per IEC 60502-1,1.1kV 25 sqmm Cu armoured cable,1.1kV 25 sqmm cable,1.1kV cable
RFP_3052,1.1kV 4C 6 sqmm Cu PVC armoured cable as per IS 1554,1.1kV Cu PVC armoured cable,PVC armoured cable,PVC cable
RFP_3053,440V 3C 4 sqmm Cu XLPE armoured cable as per IS 694,Cu XLPE armoured cable as per IS 694,Cu XLPE cable,XLPE cable
RFP_3054,LSZH 500V 20C 0.75 sqmm Cu XLPE armoured cable as per BS 5308-1,500V 20C XLPE cable as per BS 5308-1,500V XLPE cable,XLPE cable
RFP_3055,ZH 110kV 1C 300 sqmm Cu XLPE armoured cable as per IEC 60840,110kV 300 sqmm Cu armoured cable,110kV Cu cable,110kV cable
RFP_3056,FR 440V 3C 1.5 sqmm Cu PVC armoured cable as per IS 694,FR PVC armoured cable as per IS 694,armoured cable as per IS 694,armoured cable
RFP_3057,FRLS 1.1kV 30C 4 sqmm Cu XLPE armoured cable as per IS 1554,1.1kV 4 sqmm XLPE armoured cable,1.1kV armoured cable,armoured cable
RFP_3058,LSZH 400kV 1C 240 sqmm Al XLPE armoured cable as per IEC 62067,LSZH 240 sqmm Al armoured cable,240 sqmm Al cable,240 sqmm cable
RFP_3059,LSZH 132kV 1C 400 sqmm Al XLPE armoured cable as per IEC 60840,LSZH 400 sqmm armoured cable as per IEC 60840,LSZH cable as per IEC 60840,cable as per IEC 60840
RFP_3060,500V 5C 0.75 sqmm Cu PVC armoured cable as per IEC 60245,500V 5C Cu cable as per IEC 60245,Cu cable as per IEC 60245,cable as per IEC 60245
RFP_3061,300V 1C 0.5 sqmm Cu PVC armoured cable as per BS 5308-1,1C 0.5 sqmm Cu PVC cable,Cu PVC cable,Cu cable
RFP_3062,FRLS 440V 1C 35 sqmm Cu XLPE armoured cable as per IS 9968,440V 1C XLPE armoured cable,1C armoured cable,armoured cable
RFP_3063,1.1kV 3C 1.5 sqmm Cu XLPE armoured cable as per IEC 60502-1,1.1kV 3C Cu armoured cable,1.1kV armoured cable,1.1kV cable
RFP_3064,FRLS 300V 6C 1.5 sqmm Cu PVC armoured cable as per BS 5308-1,6C 1.5 sqmm Cu cable as per BS 5308-1,6C cable as per BS 5308-1,cable as per BS 5308-1
RFP_3065,FRLS 1.1kV 3C 4 sqmm Cu XLPE armoured cable as per IEC 60502-1,1.1kV Cu XLPE cable as per IEC 60502-1,1.1kV cable as per IEC 60502-1,1.1kV cable
RFP_3066,Fire Survival 440V 2C 1.5 sqmm Cu Mineral (MI) armoured cable as per BS 6387,1.5 sqmm Cu Mineral (MI) armoured cable as per BS 6387,1.5 sqmm Mineral (MI) cable as per BS 6387,1.5 sqmm Mineral (MI) cable
RFP_3067,FRLS 33kV 1C 120 sqmm Cu XLPE armoured cable as per IS 7098-2,1C 120 sqmm Cu armoured cable,1C armoured cable,armoured cable
RFP_3068,FR 440V 2C 35 sqmm Cu PVC armoured cable as per IS 9968,2C 35 sqmm Cu armoured cable,2C armoured cable,2C cable
RFP_3069,LSZH 440V 14C 6 sqmm Cu PVC armoured cable as per IS 1554,440V 6 sqmm Cu cable as per IS 1554,440V cable as per IS 1554,cable as per IS 1554
RFP_3070,LSZH 1.1kV 8C 6 sqmm Cu PVC armoured cable as per IEC 60502-1,1.1kV Cu armoured cable as per IEC 60502-1,1.1kV armoured cable,armoured cable
RFP_3071,FR 132kV 1C 400 sqmm Al XLPE armoured cable as per IEC 60840,FR 132kV Al armoured cable,132kV Al cable,132kV cable
RFP_3072,LSZH 1.1kV 20C 0.75 sqmm Cu XLPE armoured cable as per BS 5308-1,1.1kV 20C Cu armoured cable,1.1kV Cu cable,1.1kV cable
RFP_3073,FR 66kV 1C 185 sqmm Al XLPE armoured cable as per IEC 60840,1C Al XLPE cable as per IEC 60840,1C Al cable,Al cable
RFP_3074,FRLS 1.1kV 1C 1 sqmm Cu XLPE armoured cable as per BS 5308-1,1.1kV Cu XLPE armoured cable,1.1kV armoured cable,armoured cable
RFP_3075,ZH 600V 1C 16 sqmm Al XLPE armoured cable as per IEC 60502-1,1C Al armoured cable as per IEC 60502-1,1C cable as per IEC 60502-1,cable as per IEC 60502-1
RFP_3076,LSZH 300V 2C 1.5 sqmm Cu XLPE armoured cable as per IEC 60502-1,LSZH 300V Cu cable as per IEC 60502-1,LSZH cable as per IEC 60502-1,cable as per IEC 60502-1
RFP_3077,500V 12C 2.5 sqmm Cu PVC armoured cable as per BS 5308-1,2.5 sqmm PVC armoured cable as per BS 5308-1,PVC cable as per BS 5308-1,cable as per BS 5308-1
RFP_3078,Fire Survival 440V 4C 25 sqmm Cu Mineral (MI) armoured cable as per IEC 60331,440V 4C Mineral (MI) armoured cable as per IEC 60331,440V Mineral (MI) armoured cable,Mineral (MI) armoured cable
RFP_3079,FR 440V 2C 400 sqmm Cu XLPE armoured cable as per IS 1554,FR 2C Cu XLPE cable,FR Cu cable,FR cable
RFP_3080,LSZH 6.6kV 3C 95 sqmm Cu XLPE armoured cable as per IEC 60502-1,LSZH 3C 95 sqmm XLPE cable,LSZH XLPE cable,LSZH cable
RFP_3081,LSZH 33kV 1C 240 sqmm Cu XLPE armoured cable as per IS 7098-2,33kV 240 sqmm armoured cable as per IS 7098-2,240 sqmm cable as per IS 7098-2,cable as per IS 7098-2
RFP_3082,LSZH 400kV 1C 400 sqmm Al XLPE armoured cable as per IEC 62067,1C 400 sqmm Al cable as per IEC 62067,Al cable as per IEC 62067,cable as per IEC 62067
RFP_3083,LSZH 1.1kV 10C 2.5 sqmm Cu XLPE armoured cable as per IEC 60502-1,10C 2.5 sqmm XLPE cable as per IEC 60502-1,10C XLPE cable,10C cable
RFP_3084,FRLS 300V 1C 1 sqmm Cu PVC armoured cable as per IEC 60502-1,1 sqmm Cu PVC armoured cable,1 sqmm armoured cable,1 sqmm cable
RFP_3085,FRLS 440V 6C 1 sqmm Cu XLPE armoured cable as per IS 694,440V 1 sqmm armoured cable as per IS 694,440V 1 sqmm cable,1 sqmm cable
RFP_3086,500V 5C 4 sqmm Cu XLPE armoured cable as per IEC 60502-1,500V 5C armoured cable as per IEC 60502-1,armoured cable as per IEC 60502-1,cable as per IEC 60502-1
RFP_3087,ZH 6.6kV 1C 400 sqmm Al EPR armoured cable as per IS 7098-1,6.6kV 1C EPR cable as per IS 7098-1,6.6kV cable as per IS 7098-1,6.6kV cable
RFP_3088,FRLS 500V 8C 2.5 sqmm Cu PVC armoured cable as per BS 5308-1,500V 2.5 sqmm armoured cable as per BS 5308-1,500V cable as per BS 5308-1,500V cable
RFP_3089,500V 24C 1.5 sqmm Cu PVC armoured cable as per IEC 60502-1,1.5 sqmm Cu armoured cable as per IEC 60502-1,Cu cable as per IEC 60502-1,cable as per IEC 60502-1
RFP_3090,1.1kV 10C 2.5 sqmm Cu XLPE armoured cable as per IS 1554,1.1kV Cu XLPE cable as per IS 1554,1.1kV XLPE cable,XLPE cable
RFP_3091,ZH 22kV 1C 70 sqmm Cu XLPE armoured cable as per IS 7098-2,1C 70 sqmm armoured cable as per IS 7098-2,70 sqmm armoured cable,armoured cable
RFP_3092,440V 5C 6 sqmm Cu XLPE armoured cable as per IS 694,440V 5C 6 sqmm armoured cable,440V 5C cable,440V cable
RFP_3093,LSZH 500V 6C 1.5 sqmm Cu XLPE armoured cable as per BS 5308-1,500V 6C 1.5 sqmm XLPE cable,500V 1.5 sqmm cable,1.5 sqmm cable
RFP_3094,LSZH 440V 19C 6 sqmm Cu XLPE armoured cable as per IS 694,LSZH XLPE armoured cable as per IS 694,XLPE armoured cable,armoured cable
RFP_3095,FR 1.1kV 1C 1.5 sqmm Cu PVC armoured cable as per IS 1554,1.5 sqmm Cu PVC armoured cable,1.5 sqmm Cu cable,1.5 sqmm cable
RFP_3096,Fire Survival 1.1kV 2C 35 sqmm Cu XLPE armoured cable as per IS 17048,Fire Survival 2C 35 sqmm cable as per IS 17048,2C 35 sqmm cable,2C cable
RFP_3097,1.1kV 2C 16 sqmm Cu PVC armoured cable as per IS 9968,16 sqmm Cu PVC cable as per IS 9968,16 sqmm cable as per IS 9968,cable as per IS 9968
RFP_3098,500V 3C 10 sqmm Cu PVC armoured cable as per IEC 60245,500V Cu armoured cable as per IEC 60245,500V Cu cable,Cu cable
RFP_3099,FR 1.1kV 5C 2.5 sqmm Cu PVC armoured cable as per BS 5308,FR 1.1kV PVC armoured cable,1.1kV armoured cable,1.1kV cable
RFP_3100,FRLS 500V 4C 2.5 sqmm Cu PVC armoured cable as per IEC 60245,FRLS 4C 2.5 sqmm Cu cable,FRLS 4C cable,FRLS cable
RFP_3101,Fire Survival 1.1kV 1C 1.5 sqmm Cu XLPE armoured cable as per BS 6387,Fire Survival Cu armoured cable as per BS 6387,Fire Survival armoured cable,Fire Survival cable
RFP_3102,500V 10C 1.5 sqmm Cu XLPE armoured cable as per IEC 60502-1,10C 1.5 sqmm XLPE armoured cable,1.5 sqmm armoured cable,1.5 sqmm cable
RFP_3103,FR 1.1kV 27C 4 sqmm Cu XLPE armoured cable as per IS 1554,FR 1.1kV 4 sqmm cable as per IS 1554,4 sqmm cable as per IS 1554,cable as per IS 1554
RFP_3104,FR 1.1kV 10C 4 sqmm Cu XLPE armoured cable as per BS 5308,10C Cu armoured cable as per BS 5308,10C Cu cable,Cu cable
RFP_3105,Fire Survival 440V 3C 16 sqmm Cu Mineral (MI) armoured cable as per IEC 60331,Fire Survival 440V 3C Cu Mineral (MI) cable,440V Cu Mineral (MI) cable,440V Mineral (MI) cable
RFP_3106,FRLS 500V 8C 1.5 sqmm Cu PVC armoured cable as per IS 1554,FRLS 8C 1.5 sqmm Cu cable,FRLS 8C cable,8C cable
RFP_3107,LSZH 500V 2C 1.5 sqmm Cu XLPE armoured cable as per IEC 60502-1,500V Cu XLPE armoured cable,Cu XLPE cable,Cu cable
RFP_3108,400kV 1C 800 sqmm Al XLPE armoured cable as per IEC 62067,1C XLPE armoured cable as per IEC 62067,1C armoured cable,1C cable
RFP_3109,FR 1.1kV 12C 0.5 sqmm Cu PVC armoured cable as per IEC 60502-1,1.1kV Cu armoured cable as per IEC 60502-1,Cu armoured cable,Cu cable
RFP_3110,FRLS 1.1kV 7C 1 sqmm Cu XLPE armoured cable as per BS 5308,1.1kV 1 sqmm Cu cable as per BS 5308,1.1kV cable as per BS 5308,1.1kV cable
RFP_3111,500V 4C 500 sqmm Al XLPE armoured cable as per IS 1554,4C 500 sqmm XLPE cable as per IS 1554,500 sqmm XLPE cable,XLPE cable
RFP_3112,440V 3.5C 120 sqmm Al PVC armoured cable as per IS 694,440V 3.5C 120 sqmm PVC cable,440V 3. 120 sqmm cable,440V 3. cable
RFP_3113,LSZH 500V 24C 1.5 sqmm Cu XLPE armoured cable as per IS 1554,LSZH 500V 1.5 sqmm Cu cable,500V Cu cable,Cu cable
RFP_3114,LSZH 440V 1C 0.75 sqmm Cu XLPE armoured cable as per IS 9968,LSZH 440V Cu cable as per IS 9968,440V cable as per IS 9968,440V cable
RFP_3115,FR 440V 27C 1 sqmm Cu XLPE armoured cable as per IS 694,27C 1 sqmm armoured cable as per IS 694,27C cable as per IS 694,27C cable
RFP_3116,440V 3C 4 sqmm Cu XLPE armoured cable as per IS 694,3C 4 sqmm XLPE cable as per IS 694,3C XLPE cable,XLPE cable
RFP_3117,1.1kV 8C 2.5 sqmm Cu PVC armoured cable as per IS 1554,1.1kV 8C Cu cable as per IS 1554,8C Cu cable,Cu cable
RFP_3118,FRLS 1.1kV 8C 0.75 sqmm Cu XLPE armoured cable as per IEC 60502-1,FRLS 8C armoured cable as per IEC 60502-1,FRLS armoured cable,armoured cable
RFP_3119,FRLS 132kV 1C 240 sqmm Al XLPE armoured cable as per IEC 60840,FRLS 132kV Al armoured cable,132kV Al cable,Al cable
RFP_3120,300V 20C 1.5 sqmm Cu XLPE armoured cable as per IEC 60502-1,20C XLPE armoured cable as per IEC 60502-1,20C armoured cable,armoured cable
RFP_3121,FRLS 500V 5C 50 sqmm Cu PVC armoured cable as per IEC 60245,500V 5C Cu cable as per IEC 60245,500V Cu cable,Cu cable
RFP_3122,LSZH 1.1kV 2C 2.5 sqmm Cu PVC armoured cable as per IEC 60502-1,2.5 sqmm Cu PVC cable as per IEC 60502-1,Cu PVC cable,PVC cable
RFP_3123,FRLS 500V 2C 1 sqmm Cu PVC armoured cable as per IS 694,FRLS 500V PVC armoured cable,PVC armoured cable,armoured cable
RFP_3124,Fire Survival 1.1kV 4C 25 sqmm Cu Mineral (MI) armoured cable as per BS 6387,Fire Survival 1.1kV 4C Cu Mineral (MI) cable,1.1kV Cu Mineral (MI) cable,Cu Mineral (MI) cable
RFP_3125,300V 4C 1.5 sqmm Cu PVC armoured cable as per IEC 60502-1,300V PVC armoured cable as per IEC 60502-1,armoured cable as per IEC 60502-1,armoured cable
RFP_3126,LSZH 440V 5C 1.5 sqmm Cu PVC armoured cable as per IS 1554,440V 5C 1.5 sqmm Cu cable,5C 1.5 sqmm cable,1.5 sqmm cable
RFP_3127,ZH 440V 4C 6 sqmm Cu XLPE armoured cable as per IS 9968,Cu XLPE armoured cable as per IS 9968,armoured cable as per IS 9968,armoured cable
RFP_3128,LSZH 1.1kV 24C 2.5 sqmm Cu PVC armoured cable as per IEC 60502-1,1.1kV PVC armoured cable as per IEC 60502-1,1.1kV armoured cable,armoured cable
RFP_3129,FR 440V 30C 6 sqmm Cu XLPE armoured cable as per IS 1554,30C XLPE armoured cable as per IS 1554,armoured cable as per IS 1554,armoured cable
RFP_3130,Fire Survival 440V 1C 10 sqmm Cu XLPE armoured cable as per BS 6387,440V 1C XLPE armoured cable,440V armoured cable,armoured cable
RFP_3131,ZH 500V 3C 4 sqmm Cu PVC armoured cable as per IEC 60245,ZH 500V Cu PVC cable,500V PVC cable,PVC cable
RFP_3132,6.6kV 1C 50 sqmm Al XLPE armoured cable as per IS 7098-1,6.6kV 1C 50 sqmm cable as per IS 7098-1,50 sqmm cable as per IS 7098-1,cable as per IS 7098-1
RFP_3133,440V 8C 1 sqmm Cu PVC armoured cable as per IS 1554,440V 8C 1 sqmm armoured cable,440V 1 sqmm cable,440V cable
RFP_3134,FR 500V 2C 10 sqmm Cu PVC armoured cable as per IEC 60245,FR 500V 10 sqmm cable as per IEC 60245,FR 500V cable,500V cable
RFP_3135,LSZH 1.1kV 5C 6 sqmm Cu XLPE armoured cable as per IS 1554,5C 6 sqmm armoured cable as per IS 1554,6 sqmm cable as per IS 1554,6 sqmm cable
RFP_3136,FRLS 440V 1C 16 sqmm Cu PVC armoured cable as per IS 9968,1C 16 sqmm armoured cable as per IS 9968,16 sqmm armoured cable,16 sqmm cable
RFP_3137,440V 5C 10 sqmm Cu PVC armoured cable as per IEC 60245,10 sqmm Cu PVC armoured cable,Cu PVC cable,Cu cable
RFP_3138,Fire Survival 440V 2C 1.5 sqmm Cu Mineral (MI) armoured cable as per IEC 60331,Fire Survival 440V 1.5 sqmm Mineral (MI) armoured cable,Fire Survival 1.5 sqmm Mineral (MI) cable,1.5 sqmm Mineral (MI) cable
RFP_3139,LSZH 1.1kV 1C 35 sqmm Cu PVC armoured cable as per IEC 60502-1,LSZH 1.1kV Cu armoured cable,Cu armoured cable,armoured cable
RFP_3140,ZH 440V 1C 70 sqmm Cu XLPE armoured cable as per IS 694,440V 1C 70 sqmm armoured cable,440V 70 sqmm cable,440V cable
RFP_3141,LSZH 1.1kV 24C 4 sqmm Cu XLPE armoured cable as per IEC 60502-1,LSZH 4 sqmm XLPE cable as per IEC 60502-1,4 sqmm XLPE cable,XLPE cable
RFP_3142,1.1kV 3C 10 sqmm Cu EPR armoured cable as per IS 1554,1.1kV 10 sqmm armoured cable as per IS 1554,10 sqmm armoured cable,armoured cable
RFP_3143,LSZH 440V 3C 1.5 sqmm Cu XLPE armoured cable as per IS 1554,LSZH 3C XLPE cable as per IS 1554,LSZH cable as per IS 1554,cable as per IS 1554
RFP_3144,FR 500V 5C 4 sqmm Cu PVC armoured cable as per IS 1554,4 sqmm Cu PVC armoured cable,4 sqmm Cu cable,4 sqmm cable
RFP_3145,LSZH 300V 24C 1 sqmm Cu PVC armoured cable as per BS 5308-1,LSZH 1 sqmm PVC cable as per BS 5308-1,LSZH cable as per BS 5308-1,cable as per BS 5308-1
RFP_3146,FR 440V 7C 6 sqmm Cu PVC armoured cable as per IS 1554,FR 440V 7C cable as per IS 1554,FR 440V cable,FR cable
RFP_3147,LSZH 500V 3C 630 sqmm Al PVC armoured cable as per IEC 60502-1,LSZH 3C PVC cable as per IEC 60502-1,LSZH 3C cable,3C cable
RFP_3148,LSZH 1.1kV 14C 2.5 sqmm Cu PVC armoured cable as per BS 5308,1.1kV 2.5 sqmm Cu PVC cable,2.5 sqmm PVC cable,2.5 sqmm cable
RFP_3149,FRLS 500V 10C 0.75 sqmm Cu PVC armoured cable as per IEC 60502-1,FRLS 500V 10C Cu cable,FRLS 10C cable,10C cable
RFP_3150,1.1kV 12C 1.5 sqmm Cu XLPE armoured cable as per BS 5308,12C 1.5 sqmm Cu armoured cable,12C armoured cable,12C cable
RFP_3151,FRLS 22kV 1C 50 sqmm Cu XLPE armoured cable as per IS 7098-2,FRLS 1C Cu armoured cable,FRLS Cu cable,Cu cable
RFP_3152,1.1kV 3C 2.5 sqmm Cu XLPE armoured cable as per IS 1554,3C 2.5 sqmm XLPE armoured cable,2.5 sqmm armoured cable,2.5 sqmm cable
RFP_3153,LSZH 500V 1C 2.5 sqmm Cu XLPE armoured cable as per IEC 60502-1,LSZH 1C 2.5 sqmm XLPE cable,LSZH 2.5 sqmm cable,2.5 sqmm cable
RFP_3154,ZH 600V 3C 185 sqmm Al PVC armoured cable as per IEC 60502-1,600V 3C 185 sqmm armoured cable,3C armoured cable,armoured cable
RFP_3155,FR 440V 3C 2.5 sqmm Cu XLPE armoured cable as per IS 1554,3C XLPE armoured cable as per IS 1554,3C cable as per IS 1554,3C cable
RFP_3156,Fire Survival 440V 4C 95 sqmm Cu XLPE armoured cable as per BS 6387,4C 95 sqmm XLPE cable as per BS 6387,4C cable as per BS 6387,4C cable
RFP_3157,FRLS 500V 6C 0.5 sqmm Cu PVC armoured cable as per BS 5308-1,FRLS 500V PVC cable as per BS 5308-1,500V PVC cable,500V cable
RFP_3158,FRLS 440V 4C 0.75 sqmm Cu PVC armoured cable as per IEC 60245,FRLS 440V Cu cable as per IEC 60245,FRLS Cu cable,Cu cable
RFP_3159,FRLS 500V 2C 0.75 sqmm Cu PVC armoured cable as per BS 5308-1,2C Cu PVC cable as per BS 5308-1,2C Cu cable,2C cable
RFP_3160,1.1kV 7C 1.5 sqmm Cu PVC armoured cable as per IS 1554,7C PVC armoured cable as per IS 1554,PVC cable as per IS 1554,PVC cable
RFP_3161,FRLS 440V 7C 1.5 sqmm Cu XLPE armoured cable as per IS 694,FRLS 1.5 sqmm Cu armoured cable,FRLS armoured cable,FRLS cable
RFP_3162,LSZH 440V 27C 4 sqmm Cu PVC armoured cable as per IS 694,440V Cu PVC armoured cable,Cu PVC cable,Cu cable
RFP_3163,FR 300V 2C 0.75 sqmm Cu XLPE armoured cable as per BS 5308-1,300V 2C 0.75 sqmm Cu cable,300V 0.75 sqmm cable,0.75 sqmm cable
RFP_3164,1.1kV 27C 6 sqmm Cu XLPE armoured cable as per IS 1554,27C Cu XLPE cable as per IS 1554,Cu cable as per IS 1554,cable as per IS 1554
RFP_3165,FRLS 500V 7C 1 sqmm Cu PVC armoured cable as per IS 1554,FRLS 500V 7C 1 sqmm cable,500V 7C cable,7C cable
RFP_3166,Fire Survival 1.1kV 1C 2.5 sqmm Cu XLPE armoured cable as per IS 17048,1C Cu XLPE armoured cable,Cu XLPE cable,Cu cable
RFP_3167,LSZH 1.1kV 24C 1.5 sqmm Cu XLPE armoured cable as per BS 5308,1.1kV 1.5 sqmm Cu armoured cable,1.1kV Cu cable,1.1kV cable
RFP_3168,3.3kV 3C 95 sqmm Cu XLPE armoured cable as per IEC 60502-1,3C 95 sqmm Cu cable as per IEC 60502-1,3C 95 sqmm cable,95 sqmm cable
RFP_3169,300V 6C 0.5 sqmm Cu XLPE armoured cable as per IEC 60502-1,6C 0.5 sqmm XLPE armoured cable,0.5 sqmm armoured cable,armoured cable
RFP_3170,LSZH 500V 3C 4 sqmm Al XLPE armoured cable as per IS 1554,500V 4 sqmm armoured cable as per IS 1554,500V cable as per IS 1554,500V cable
RFP_3171,LSZH 132kV 1C 800 sqmm Al XLPE armoured cable as per IEC 60840,LSZH 800 sqmm XLPE armoured cable,800 sqmm XLPE cable,XLPE cable
RFP_3172,LSZH 6.6kV 3C 400 sqmm Al EPR armoured cable as per IS 7098-1,LSZH 6.6kV armoured cable as per IS 7098-1,armoured cable as per IS 7098-1,armoured cable
RFP_3173,440V 7C 1.5 sqmm Cu PVC armoured cable as per IS 1554,440V 7C 1.5 sqmm Cu cable,7C Cu cable,7C cable
RFP_3174,500V 20C 1.5 sqmm Cu PVC armoured cable as per IEC 60502-1,500V 1.5 sqmm armoured cable as per IEC 60502-1,500V armoured cable,armoured cable
RFP_3175,FRLS 300V 2C 0.5 sqmm Cu XLPE armoured cable as per IEC 60502-1,FRLS 300V 2C 0.5 sqmm cable,2C 0.5 sqmm cable,2C cable
RFP_3176,FRLS 132kV 1C 630 sqmm Cu XLPE armoured cable as per IEC 60840,132kV 1C 630 sqmm cable as per IEC 60840,132kV 1C cable,1C cable
RFP_3177,LSZH 440V 10C 6 sqmm Cu XLPE armoured cable as per IS 694,440V 10C armoured cable as per IS 694,440V 10C cable,10C cable
RFP_3178,LSZH 500V 24C 4 sqmm Cu XLPE armoured cable as per IS 1554,24C XLPE armoured cable as per IS 1554,armoured cable as per IS 1554,armoured cable
RFP_3179,LSZH 500V 2C 2.5 sqmm Cu PVC armoured cable as per IEC 60245,LSZH 2C 2.5 sqmm Cu cable,2C Cu cable,Cu cable
RFP_3180,FR 500V 3.5C 25 sqmm Cu PVC armoured cable as per IS 694,FR 500V 3.5C cable as per IS 694,FR 3. cable as per IS 694,3. cable as per IS 694
RFP_3181,Fire Survival 1.1kV 1C 16 sqmm Cu XLPE armoured cable as per IEC 60331,1C 16 sqmm XLPE armoured cable,16 sqmm armoured cable,armoured cable
RFP_3182,LSZH 440V 3C 6 sqmm Cu XLPE armoured cable as per IS 1554,6 sqmm Cu armoured cable as per IS 1554,armoured cable as per IS 1554,cable as per IS 1554
RFP_3183,440V 12C 6 sqmm Cu XLPE armoured cable as per IS 1554,440V 6 sqmm XLPE armoured cable,6 sqmm armoured cable,armoured cable
RFP_3184,LSZH 300V 20C 1 sqmm Cu PVC armoured cable as per BS 5308-1,LSZH 300V Cu PVC cable,LSZH PVC cable,PVC cable
RFP_3185,FRLS 300V 24C 1 sqmm Cu PVC armoured cable as per BS 5308-1,FRLS 300V 24C cable as per BS 5308-1,FRLS 24C cable,FRLS cable
RFP_3186,FR 3.3kV 1C 150 sqmm Al EPR armoured cable as per IEC 60502-1,FR 3.3kV 1C armoured cable,FR 1C cable,FR cable
RFP_3187,FRLS 500V 24C 1 sqmm Cu XLPE armoured cable as per IEC 60502-1,1 sqmm Cu XLPE cable as per IEC 60502-1,1 sqmm Cu cable,Cu cable
RFP_3188,FRLS 1.1kV 27C 1.5 sqmm Cu PVC armoured cable as per BS 5308,1.1kV 27C Cu armoured cable,Cu armoured cable,armoured cable
RFP_3189,500V 10C 1 sqmm Cu XLPE armoured cable as per IEC 60502-1,Cu XLPE armoured cable as per IEC 60502-1,armoured cable as per IEC 60502-1,cable as per IEC 60502-1
RFP_3190,LSZH 440V 30C 2.5 sqmm Cu PVC armoured cable as per IS 694,2.5 sqmm PVC armoured cable as per IS 694,armoured cable as per IS 694,cable as per IS 694
RFP_3191,1.1kV 2C 95 sqmm Al XLPE armoured cable as per IS 1554,1.1kV Al armoured cable as per IS 1554,1.1kV cable as per IS 1554,1.1kV cable
RFP_3192,1.1kV 4C 2.5 sqmm Cu PVC armoured cable as per IEC 60502-1,1.1kV 2.5 sqmm Cu cable as per IEC 60502-1,1.1kV 2.5 sqmm cable,1.1kV cable
RFP_3193,FR 440V 10C 1.5 sqmm Cu PVC armoured cable as per IS 694,FR Cu PVC cable as per IS 694,Cu cable as per IS 694,Cu cable
RFP_3194,LSZH 500V 5C 50 sqmm Cu PVC armoured cable as per IEC 60245,5C 50 sqmm PVC cable as per IEC 60245,50 sqmm PVC cable,PVC cable
RFP_3195,Fire Survival 1.1kV 4C 4 sqmm Cu XLPE armoured cable as per IS 17048,1.1kV 4 sqmm Cu armoured cable,1.1kV 4 sqmm cable,4 sqmm cable
RFP_3196,300V 10C 1.5 sqmm Cu XLPE armoured cable as per IEC 60502-1,10C 1.5 sqmm armoured cable as per IEC 60502-1,1.5 sqmm cable as per IEC 60502-1,cable as per IEC 60502-1
RFP_3197,FRLS 6.6kV 3C 240 sqmm Al EPR armoured cable as per IS 7098-1,6.6kV 240 sqmm Al armoured cable,Al armoured cable,armoured cable
RFP_3198,ZH 500V 1C 50 sqmm Cu PVC armoured cable as per IEC 60245,500V PVC armoured cable as per IEC 60245,500V armoured cable,armoured cable
RFP_3199,1.1kV 12C 0.75 sqmm Cu XLPE armoured cable as per IS 1554,12C 0.75 sqmm Cu cable as per IS 1554,0.75 sqmm Cu cable,Cu cable
RFP_3200,1.1kV 1C 0.75 sqmm Cu PVC armoured cable as per IEC 60502-1,1C Cu armoured cable as per IEC 60502-1,1C armoured cable,1C cable
RFP_3201,FR 11kV 3C 95 sqmm Cu XLPE armoured cable as per IEC 60502-1,FR 11kV Cu armoured cable,11kV armoured cable,11kV cable
RFP_3202,FR 500V 3C 4 sqmm Cu PVC armoured cable as per IS 1554,3C 4 sqmm PVC armoured cable,4 sqmm PVC cable,PVC cable
RFP_3203,LSZH 33kV 1C 400 sqmm Al XLPE armoured cable as per IS 7098-2,1C 400 sqmm XLPE armoured cable,1C 400 sqmm cable,1C cable
RFP_3204,ZH 11kV 3C 300 sqmm Al XLPE armoured cable as per IEC 60502-1,ZH 11kV armoured cable as per IEC 60502-1,11kV cable as per IEC 60502-1,cable as per IEC 60502-1
RFP_3205,132kV 1C 630 sqmm Cu XLPE armoured cable as per IEC 60840,1C XLPE armoured cable as per IEC 60840,XLPE cable as per IEC 60840,cable as per IEC 60840
RFP_3206,300V 10C 2.5 sqmm Cu XLPE armoured cable as per IEC 60502-1,300V Cu XLPE cable as per IEC 60502-1,300V cable as per IEC 60502-1,cable as per IEC 60502-1
RFP_3207,6.6kV 1C 400 sqmm Cu EPR armoured cable as per IS 7098-1,6.6kV 1C Cu EPR cable,Cu EPR cable,Cu cable
RFP_3208,FRLS 500V 8C 1 sqmm Cu XLPE armoured cable as per IS 1554,500V 8C XLPE cable as per IS 1554,8C XLPE cable,8C cable
RFP_3209,LSZH 440V 4C 6 sqmm Cu XLPE armoured cable as per IEC 60245,440V 4C 6 sqmm XLPE cable,4C 6 sqmm cable,4C cable
RFP_3210,110kV 1C 185 sqmm Cu XLPE armoured cable as per IEC 60840,Cu XLPE armoured cable as per IEC 60840,Cu cable as per IEC 60840,cable as per IEC 60840
RFP_3211,110kV 1C 185 sqmm Al XLPE armoured cable as per IEC 60840,185 sqmm Al XLPE cable as per IEC 60840,185 sqmm XLPE cable,XLPE cable
RFP_3212,LSZH 132kV 1C 400 sqmm Al XLPE armoured cable as per IEC 60840,LSZH 1C 400 sqmm Al cable,1C Al cable,1C cable
RFP_3213,FR 300V 20C 0.5 sqmm Cu XLPE armoured cable as per BS 5308-1,300V 20C Cu armoured cable,Cu armoured cable,armoured cable
RFP_3214,FRLS 500V 6C 1.5 sqmm Cu PVC armoured cable as per BS 5308-1,500V 6C Cu armoured cable,500V 6C cable,6C cable
RFP_3215,132kV 1C 1000 sqmm Al XLPE armoured cable as per IEC 60840,132kV Al XLPE cable as per IEC 60840,Al XLPE cable,Al cable
RFP_3216,FRLS 440V 10C 1 sqmm Cu XLPE armoured cable as per IS 1554,440V Cu XLPE armoured cable,440V Cu cable,Cu cable
RFP_3217,110kV 1C 300 sqmm Cu XLPE armoured cable as per IEC 60840,110kV 1C 300 sqmm XLPE cable,110kV 300 sqmm cable,300 sqmm cable
RFP_3218,FR 11kV 1C 300 sqmm Al EPR armoured cable as per IS 7098-1,FR 11kV EPR armoured cable,11kV armoured cable,armoured cable
RFP_3219,LSZH 440V 24C 1.5 sqmm Cu XLPE armoured cable as per IS 694,24C 1.5 sqmm Cu cable as per IS 694,24C cable as per IS 694,cable as per IS 694
RFP_3220,FR 440V 30C 4 sqmm Cu XLPE armoured cable as per IS 1554,30C XLPE armoured cable as per IS 1554,XLPE cable as per IS 1554,cable as per IS 1554
RFP_3221,LSZH 440V 3C 4 sqmm Cu XLPE armoured cable as per IS 694,440V 4 sqmm armoured cable as per IS 694,4 sqmm armoured cable,armoured cable
RFP_3222,FR 500V 16C 2.5 sqmm Cu XLPE armoured cable as per IEC 60502-1,FR 16C 2.5 sqmm Cu cable,FR 16C cable,FR cable
RFP_3223,LSZH 300V 20C 1.5 sqmm Cu XLPE armoured cable as per IEC 60502-1,300V 20C 1.5 sqmm Cu cable,20C 1.5 sqmm cable,20C cable
RFP_3224,440V 4C 35 sqmm Cu XLPE armoured cable as per IS 694,440V Cu XLPE armoured cable,Cu armoured cable,armoured cable
RFP_3225,LSZH 500V 12C 1 sqmm Cu PVC armoured cable as per IEC 60502-1,LSZH 500V 1 sqmm armoured cable,1 sqmm armoured cable,armoured cable
RFP_3226,FRLS 500V 7C 2.5 sqmm Cu PVC armoured cable as per IEC 60502-1,500V Cu armoured cable as per IEC 60502-1,500V Cu cable,Cu cable
RFP_3227,FRLS 500V 3C 6 sqmm Al XLPE armoured cable as per IEC 60502-1,FRLS 500V Al XLPE cable,500V XLPE cable,XLPE cable
RFP_3228,ZH 500V 5C 10 sqmm Cu PVC armoured cable as per IEC 60245,500V Cu PVC armoured cable,500V PVC cable,PVC cable
RFP_3229,FR 500V 3C 25 sqmm Cu XLPE armoured cable as per IS 1554,FR 3C 25 sqmm XLPE cable,FR 3C cable,FR cable
RFP_3230,FR 1.1kV 4C 1.5 sqmm Cu XLPE armoured cable as per IS 1554,FR 4C 1.5 sqmm cable as per IS 1554,4C cable as per IS 1554,cable as per IS 1554
RFP_3231,LSZH 440V 8C 2.5 sqmm Cu XLPE armoured cable as per IS 694,LSZH 2.5 sqmm XLPE armoured cable,XLPE armoured cable,armoured cable
RFP_3232,FR 500V 5C 4 sqmm Cu PVC armoured cable as per IEC 60245,FR 5C 4 sqmm cable as per IEC 60245,FR cable as per IEC 60245,cable as per IEC 60245
RFP_3233,LSZH 500V 8C 4 sqmm Cu XLPE armoured cable as per IS 1554,LSZH 4 sqmm XLPE armoured cable,4 sqmm XLPE cable,XLPE cable
RFP_3234,FRLS 500V 2C 1.5 sqmm Cu XLPE armoured cable as per IS 1554,FRLS 500V 1.5 sqmm XLPE cable,FRLS 500V cable,500V cable
RFP_3235,FR 440V 6C 1.5 sqmm Cu PVC armoured cable as per IS 694,6C Cu PVC cable as per IS 694,Cu cable as per IS 694,cable as per IS 694
RFP_3236,LSZH 300V 12C 0.5 sqmm Cu XLPE armoured cable as per IEC 60502-1,300V 12C 0.5 sqmm Cu cable,12C 0.5 sqmm cable,12C cable
RFP_3237,LSZH 440V 5C 6 sqmm Cu PVC armoured cable as per IS 1554,440V 6 sqmm Cu armoured cable,6 sqmm Cu cable,Cu cable
RFP_3238,FR 110kV 1C 630 sqmm Cu XLPE armoured cable as per IEC 60840,FR 630 sqmm Cu XLPE cable,FR 630 sqmm cable,630 sqmm cable
RFP_3239,LSZH 440V 5C 0.75 sqmm Cu XLPE armoured cable as per IS 9968,440V Cu XLPE cable as per IS 9968,440V Cu cable,440V cable
RFP_3240,ZH 440V 3C 10 sqmm Cu XLPE armoured cable as per IS 1554,ZH 3C armoured cable as per IS 1554,ZH cable as per IS 1554,cable as per IS 1554
RFP_3241,FRLS 300V 6C 0.5 sqmm Cu XLPE armoured cable as per BS 5308-1,Cu XLPE armoured cable as per BS 5308-1,XLPE armoured cable,armoured cable
RFP_3242,FR 500V 1C 1000 sqmm Al PVC armoured cable as per IS 1554,FR 500V 1C armoured cable,FR 1C cable,FR cable
RFP_3243,Fire Survival 440V 4C 25 sqmm Cu XLPE armoured cable as per IEC 60331,Fire Survival 440V XLPE armoured cable,440V armoured cable,440V cable
RFP_3244,FRLS 1.1kV 3C 1.5 sqmm Cu XLPE armoured cable as per BS 5308,FRLS 1.5 sqmm XLPE armoured cable,FRLS 1.5 sqmm cable,1.5 sqmm cable
RFP_3245,FR 500V 14C 1.5 sqmm Cu PVC armoured cable as per IEC 60502-1,FR 14C PVC armoured cable,14C PVC cable,PVC cable
RFP_3246,LSZH 440V 3.5C 16 sqmm Al PVC armoured cable as per IEC 60502-1,440V 3. PVC armoured cable as per IEC 60502-1,440V 3. armoured cable,3. armoured cable
RFP_3247,500V 5C 1 sqmm Cu XLPE armoured cable as per IS 1554,5C Cu armoured cable as per IS 1554,armoured cable as per IS 1554,armoured cable
RFP_3248,220kV 1C 1000 sqmm Cu XLPE armoured cable as per IEC 62067,1C 1000 sqmm Cu XLPE cable,1C Cu cable,1C cable
RFP_3249,LSZH 440V 24C 4 sqmm Cu PVC armoured cable as per IS 694,LSZH 4 sqmm Cu cable as per IS 694,LSZH cable as per IS 694,cable as per IS 694
RFP_3250,FRLS 500V 12C 4 sqmm Cu XLPE armoured cable as per IEC 60502-1,500V 4 sqmm Cu armoured cable,500V 4 sqmm cable,500V cable
RFP_3251,LSZH 440V 7C 2.5 sqmm Cu PVC armoured cable as per IS 694,LSZH 440V 2.5 sqmm Cu cable,440V Cu cable,440V cable
RFP_3252,440V 2C 1 sqmm Cu XLPE armoured cable as per IS 694,440V 2C armoured cable as per IS 694,2C armoured cable,armoured cable
RFP_3253,LSZH 1.1kV 24C 1 sqmm Cu XLPE armoured cable as per IEC 60502-1,LSZH 24C 1 sqmm XLPE cable,24C 1 sqmm cable,1 sqmm cable
RFP_3254,FRLS 300V 2C 0.5 sqmm Cu PVC armoured cable as per BS 5308-1,300V Cu PVC cable as per BS 5308-1,300V cable as per BS 5308-1,cable as per BS 5308-1
RFP_3255,ZH 400kV 1C 800 sqmm Cu XLPE armoured cable as per IEC 62067,ZH 400kV XLPE cable as per IEC 62067,ZH XLPE cable,XLPE cable
RFP_3256,LSZH 220kV 1C 400 sqmm Cu XLPE armoured cable as per IEC 62067,400 sqmm XLPE armoured cable as per IEC 62067,400 sqmm armoured cable,armoured cable
RFP_3257,500V 4C 6 sqmm Al PVC armoured cable as per IS 694,4C Al armoured cable as per IS 694,Al cable as per IS 694,Al cable
RFP_3258,FRLS 300V 2C 2.5 sqmm Cu PVC armoured cable as per IEC 60502-1,300V 2C armoured cable as per IEC 60502-1,300V armoured cable,300V cable
RFP_3259,Fire Survival 440V 4C 35 sqmm Cu XLPE armoured cable as per IEC 60331,Fire Survival 35 sqmm armoured cable as per IEC 60331,Fire Survival cable as per IEC 60331,cable as per IEC 60331
RFP_3260,1.1kV 20C 0.75 sqmm Cu XLPE armoured cable as per BS 5308-1,0.75 sqmm XLPE armoured cable as per BS 5308-1,0.75 sqmm cable as per BS 5308-1,0.75 sqmm cable
RFP_3261,LSZH 11kV 1C 95 sqmm Al XLPE armoured cable as per IS 7098-1,LSZH 11kV 95 sqmm XLPE cable,95 sqmm XLPE cable,95 sqmm cable
RFP_3262,1.1kV 4C 1.5 sqmm Cu XLPE armoured cable as per IEC 60502-1,1.1kV 4C 1.5 sqmm cable as per IEC 60502-1,4C 1.5 sqmm cable,1.5 sqmm cable
RFP_3263,FRLS 440V 27C 6 sqmm Cu PVC armoured cable as per IS 694,6 sqmm PVC armoured cable as per IS 694,6 sqmm PVC cable,6 sqmm cable
RFP_3264,3.3kV 3C 95 sqmm Cu XLPE armoured cable as per IEC 60502-1,3C 95 sqmm XLPE armoured cable,95 sqmm XLPE cable,XLPE cable
RFP_3265,440V 14C 1 sqmm Cu XLPE armoured cable as per IS 694,440V 14C Cu armoured cable,Cu armoured cable,armoured cable
RFP_3266,FRLS 440V 2C 2.5 sqmm Cu PVC armoured cable as per IS 1554,FRLS 2C Cu armoured cable,2C armoured cable,armoured cable
RFP_3267,FRLS 440V 2C 240 sqmm Cu XLPE armoured cable as per IS 694,FRLS 240 sqmm Cu armoured cable,240 sqmm armoured cable,240 sqmm cable
RFP_3268,FRLS 1.1kV 3.5C 120 sqmm Al PVC armoured cable as per IEC 60502-1,1.1kV 3.5C PVC armoured cable,3. PVC armoured cable,3. armoured cable
RFP_3269,300V 12C 0.75 sqmm Cu PVC armoured cable as per BS 5308-1,12C 0.75 sqmm Cu cable as per BS 5308-1,12C 0.75 sqmm cable,12C cable
RFP_3270,FRLS 500V 6C 1.5 sqmm Cu PVC armoured cable as per IEC 60502-1,500V Cu PVC armoured cable,500V Cu cable,Cu cable
RFP_3271,FR 500V 4C 6 sqmm Cu PVC armoured cable as per IEC 60502-1,FR 4C 6 sqmm cable as per IEC 60502-1,FR 4C cable,FR cable
RFP_3272,LSZH 440V 5C 1 sqmm Cu XLPE armoured cable as per IS 694,440V 1 sqmm XLPE armoured cable,440V armoured cable,440V cable
RFP_3273,LSZH 500V 1C 1.5 sqmm Cu PVC armoured cable as per IEC 60245,LSZH 500V 1C armoured cable,1C armoured cable,1C cable
RFP_3274,11kV 1C 240 sqmm Cu EPR armoured cable as per IEC 60502-1,1C 240 sqmm Cu cable as per IEC 60502-1,240 sqmm Cu cable,240 sqmm cable
RFP_3275,Fire Survival 1.1kV 3C 95 sqmm Cu Mineral (MI) armoured cable as per IS 17048,1.1kV 95 sqmm Cu Mineral (MI) cable as per IS 17048,1.1kV Mineral (MI) cable as per IS 17048,Mineral (MI) cable as per IS 17048
RFP_3276,LSZH 440V 8C 6 sqmm Cu PVC armoured cable as per IS 694,LSZH 6 sqmm Cu cable as per IS 694,Cu cable as per IS 694,Cu cable
RFP_3277,LSZH 110kV 1C 1000 sqmm Al XLPE armoured cable as per IEC 60840,LSZH 1C armoured cable as per IEC 60840,LSZH cable as per IEC 60840,LSZH cable
RFP_3278,Fire Survival 440V 4C 70 sqmm Cu Mineral (MI) armoured cable as per BS 6387,Fire Survival 70 sqmm Mineral (MI) armoured cable as per BS 6387,Fire Survival Mineral (MI) cable as per BS 6387,Mineral (MI) cable as per BS 6387
RFP_3279,FRLS 440V 3C 0.75 sqmm Cu XLPE armoured cable as per IS 9968,440V 3C Cu XLPE cable,440V Cu cable,Cu cable
RFP_3280,FR 300V 24C 0.5 sqmm Cu PVC armoured cable as per BS 5308-1,300V Cu armoured cable as per BS 5308-1,300V armoured cable,300V cable
RFP_3281,FRLS 500V 24C 1.5 sqmm Cu XLPE armoured cable as per BS 5308-1,500V Cu armoured cable as per BS 5308-1,Cu armoured cable,Cu cable
RFP_3282,FRLS 500V 3C 2.5 sqmm Cu PVC armoured cable as per IS 1554,500V 2.5 sqmm PVC cable as per IS 1554,500V PVC cable,500V cable
RFP_3283,FRLS 300V 20C 1.5 sqmm Cu XLPE armoured cable as per IEC 60502-1,20C Cu XLPE armoured cable,Cu armoured cable,armoured cable
RFP_3284,600V 1C 35 sqmm Cu XLPE armoured cable as per IS 694,600V 35 sqmm armoured cable as per IS 694,600V armoured cable,armoured cable
RFP_3285,1.1kV 12C 0.5 sqmm Cu PVC armoured cable as per IS 1554,1.1kV 12C Cu cable as per IS 1554,12C Cu cable,12C cable
RFP_3286,FR 220kV 1C 400 sqmm Al XLPE armoured cable as per IEC 62067,FR 1C 400 sqmm Al cable,400 sqmm Al cable,Al cable
RFP_3287,FRLS 500V 8C 2.5 sqmm Cu XLPE armoured cable as per IEC 60502-1,500V Cu armoured cable as per IEC 60502-1,Cu armoured cable,Cu cable
RFP_3288,LSZH 440V 19C 6 sqmm Cu XLPE armoured cable as per IS 1554,LSZH 6 sqmm armoured cable as per IS 1554,LSZH cable as per IS 1554,LSZH cable
RFP_3289,Fire Survival 440V 3C 70 sqmm Cu Mineral (MI) armoured cable as per IEC 60331,440V 3C Mineral (MI) armoured cable as per IEC 60331,440V Mineral (MI) cable as per IEC 60331,440V Mineral (MI) cable
RFP_3290,FR 500V 10C 2.5 sqmm Cu XLPE armoured cable as per BS 5308-1,FR 10C 2.5 sqmm Cu cable,2.5 sqmm Cu cable,Cu cable
RFP_3291,LSZH 1.1kV 2C 0.75 sqmm Cu XLPE armoured cable as per BS 5308-1,0.75 sqmm Cu armoured cable as per BS 5308-1,0.75 sqmm armoured cable,0.75 sqmm cable
RFP_3292,LSZH 1.1kV 10C 1.5 sqmm Cu XLPE armoured cable as per IEC 60502-1,10C 1.5 sqmm XLPE armoured cable,10C XLPE cable,10C cable
RFP_3293,FR 440V 4C 1 sqmm Cu XLPE armoured cable as per IS 694,440V 4C Cu XLPE cable,4C Cu cable,4C cable
RFP_3294,LSZH 1.1kV 3C 25 sqmm Cu PVC armoured cable as per IS 9968,1.1kV Cu PVC cable as per IS 9968,1.1kV cable as per IS 9968,cable as per IS 9968
RFP_3295,FR 33kV 1C 300 sqmm Cu XLPE armoured cable as per IEC 60502-2,1C Cu XLPE cable as per IEC 60502-2,Cu cable as per IEC 60502-2,Cu cable
RFP_3296,FRLS 440V 1C 120 sqmm Cu XLPE armoured cable as per IS 1554,FRLS 1C XLPE armoured cable,1C XLPE cable,1C cable
RFP_3297,FR 22kV 1C 400 sqmm Cu XLPE armoured cable as per IEC 60502-2,22kV Cu XLPE cable as per IEC 60502-2,XLPE cable as per IEC 60502-2,XLPE cable
RFP_3298,FRLS 6.6kV 3C 300 sqmm Cu EPR armoured cable as per IEC 60502-1,3C 300 sqmm EPR cable as per IEC 60502-1,EPR cable as per IEC 60502-1,cable as per IEC 60502-1
RFP_3299,Fire Survival 1.1kV 1C 50 sqmm Cu Mineral (MI) armoured cable as per BS 6387,1C 50 sqmm Cu Mineral (MI) cable as per BS 6387,1C Cu Mineral (MI) cable,Cu Mineral (MI) cable
RFP_3300,Fire Survival 1.1kV 3C 50 sqmm Cu Mineral (MI) armoured cable as per IS 17048,1.1kV 50 sqmm Mineral (MI) armoured cable as per IS 17048,50 sqmm Mineral (MI) armoured cable,Mineral (MI) armoured cable
RFP_3301,FRLS 1.1kV 12C 1 sqmm Cu PVC armoured cable as per IEC 60502-1,1.1kV 12C 1 sqmm Cu cable,1.1kV Cu cable,1.1kV cable
RFP_3302,FR 500V 1C 1.5 sqmm Cu PVC armoured cable as per BS 5308-1,FR 1.5 sqmm Cu cable as per BS 5308-1,FR 1.5 sqmm cable,1.5 sqmm cable
RFP_3303,LSZH 1.1kV 2C 0.5 sqmm Cu PVC armoured cable as per BS 5308-1,LSZH Cu PVC armoured cable,LSZH PVC cable,LSZH cable
RFP_3304,ZH 500V 3.5C 35 sqmm Cu XLPE armoured cable as per IS 1554,3.5C XLPE armoured cable as per IS 1554,3. armoured cable as per IS 1554,3. armoured cable
RFP_3305,FRLS 1.1kV 24C 2.5 sqmm Cu PVC armoured cable as per IEC 60502-1,FRLS 1.1kV Cu armoured cable,FRLS 1.1kV cable,FRLS cable
RFP_3306,LSZH 1.1kV 10C 2.5 sqmm Cu XLPE armoured cable as per IS 1554,LSZH 10C XLPE cable as per IS 1554,10C XLPE cable,XLPE cable
RFP_3307,6.6kV 1C 185 sqmm Al EPR armoured cable as per IS 7098-1,185 sqmm Al armoured cable as per IS 7098-1,185 sqmm cable as per IS 7098-1,185 sqmm cable
RFP_3308,1.1kV 1C 0.75 sqmm Cu XLPE armoured cable as per IS 1554,1.1kV XLPE armoured cable as per IS 1554,1.1kV XLPE cable,XLPE cable
RFP_3309,LSZH 300V 2C 2.5 sqmm Cu PVC armoured cable as per IEC 60502-1,2.5 sqmm PVC armoured cable as per IEC 60502-1,armoured cable as per IEC 60502-1,cable as per IEC 60502-1
RFP_3310,FRLS 300V 8C 1 sqmm Cu XLPE armoured cable as per BS 5308-1,Cu XLPE armoured cable as per BS 5308-1,armoured cable as per BS 5308-1,cable as per BS 5308-1
RFP_3311,Fire Survival 440V 1C 10 sqmm Cu XLPE armoured cable as per BS 6387,440V Cu XLPE cable as per BS 6387,Cu cable as per BS 6387,Cu cable
RFP_3312,LSZH 500V 3C 1 sqmm Cu PVC armoured cable as per IS 1554,LSZH 3C 1 sqmm PVC cable,3C PVC cable,3C cable
RFP_3313,110kV 1C 185 sqmm Al XLPE armoured cable as per IEC 60840,110kV 185 sqmm armoured cable as per IEC 60840,110kV cable as per IEC 60840,110kV cable
RFP_3314,3.3kV 3C 240 sqmm Al XLPE armoured cable as per IS 7098-1,3C 240 sqmm XLPE armoured cable,XLPE armoured cable,XLPE cable
RFP_3315,Fire Survival 440V 4C 16 sqmm Cu XLPE armoured cable as per IEC 60331,440V 4C 16 sqmm cable as per IEC 60331,4C cable as per IEC 60331,cable as per IEC 60331
RFP_3316,ZH 22kV 1C 120 sqmm Cu XLPE armoured cable as per IS 7098-2,ZH Cu XLPE armoured cable,Cu armoured cable,armoured cable
RFP_3317,FRLS 110kV 1C 300 sqmm Al XLPE armoured cable as per IEC 60840,1C Al XLPE armoured cable,Al armoured cable,armoured cable
RFP_3318,LSZH 6.6kV 3C 300 sqmm Cu XLPE armoured cable as per IEC 60502-1,LSZH Cu armoured cable as per IEC 60502-1,LSZH armoured cable,LSZH cable
RFP_3319,FR 440V 2C 2.5 sqmm Cu PVC armoured cable as per IEC 60245,2C PVC armoured cable as per IEC 60245,2C armoured cable,armoured cable
RFP_3320,ZH 11kV 3C 150 sqmm Al XLPE armoured cable as per IEC 60502-1,11kV 3C Al XLPE cable,Al XLPE cable,XLPE cable
RFP_3321,FR 1.1kV 2C 2.5 sqmm Cu XLPE armoured cable as per IEC 60502-1,2C Cu XLPE armoured cable,2C armoured cable,2C cable
RFP_3322,Fire Survival 1.1kV 3C 120 sqmm Cu XLPE armoured cable as per IS 17048,1.1kV 3C 120 sqmm cable as per IS 17048,1.1kV cable as per IS 17048,1.1kV cable
RFP_3323,FR 500V 6C 6 sqmm Cu XLPE armoured cable as per IEC 60502-1,FR 6 sqmm XLPE cable as per IEC 60502-1,FR XLPE cable,FR cable
RFP_3324,FR 1.1kV 4C 50 sqmm Cu PVC armoured cable as per IS 9968,FR Cu PVC armoured cable,FR Cu cable,FR cable
RFP_3325,LSZH 1.1kV 7C 1 sqmm Cu XLPE armoured cable as per BS 5308,LSZH 1.1kV XLPE armoured cable,LSZH 1.1kV cable,1.1kV cable
RFP_3326,440V 8C 4 sqmm Cu XLPE armoured cable as per IS 694,8C XLPE armoured cable as per IS 694,armoured cable as per IS 694,armoured cable
RFP_3327,ZH 440V 3C 1.5 sqmm Cu XLPE armoured cable as per IS 9968,ZH 1.5 sqmm XLPE cable as per IS 9968,XLPE cable as per IS 9968,XLPE cable
RFP_3328,500V 4C 10 sqmm Cu PVC armoured cable as per IEC 60245,500V PVC armoured cable as per IEC 60245,armoured cable as per IEC 60245,armoured cable
RFP_3329,LSZH 1.1kV 16C 1 sqmm Cu XLPE armoured cable as per IEC 60502-1,LSZH 1.1kV XLPE armoured cable,LSZH 1.1kV cable,LSZH cable
RFP_3330,FRLS 500V 1C 6 sqmm Cu PVC armoured cable as per IS 694,FRLS Cu PVC cable as per IS 694,PVC cable as per IS 694,cable as per IS 694
RFP_3331,300V 4C 1 sqmm Cu PVC armoured cable as per BS 5308-1,300V Cu PVC armoured cable,PVC armoured cable,PVC cable
RFP_3332,Fire Survival 440V 3C 120 sqmm Cu XLPE armoured cable as per BS 6387,440V 3C XLPE cable as per BS 6387,3C XLPE cable,XLPE cable
RFP_3333,Fire Survival 1.1kV 3C 70 sqmm Cu XLPE armoured cable as per IEC 60331,Fire Survival 70 sqmm Cu cable as per IEC 60331,70 sqmm Cu cable,Cu cable
RFP_3334,300V 24C 1.5 sqmm Cu XLPE armoured cable as per BS 5308-1,300V 24C Cu cable as per BS 5308-1,24C cable as per BS 5308-1,24C cable
RFP_3335,ZH 11kV 3C 240 sqmm Al XLPE armoured cable as per IS 7098-1,ZH 3C Al XLPE cable,ZH XLPE cable,ZH cable
RFP_3336,Fire Survival 440V 2C 16 sqmm Cu Mineral (MI) armoured cable as per BS 6387,Fire Survival 2C Cu Mineral (MI) armoured cable,2C Mineral (MI) armoured cable,Mineral (MI) armoured cable
RFP_3337,FRLS 3.3kV 3C 120 sqmm Al XLPE armoured cable as per IS 7098-1,FRLS 120 sqmm Al cable as per IS 7098-1,FRLS 120 sqmm cable,FRLS cable
RFP_3338,LSZH 66kV 1C 1000 sqmm Al XLPE armoured cable as per IS 7098-3,66kV 1000 sqmm XLPE armoured cable,1000 sqmm XLPE cable,1000 sqmm cable
RFP_3339,FR 33kV 1C 150 sqmm Cu XLPE armoured cable as per IS 7098-2,33kV 1C 150 sqmm armoured cable,1C armoured cable,1C cable
RFP_3340,ZH 440V 1C 4 sqmm Cu XLPE armoured cable as per IEC 60245,1C XLPE armoured cable as per IEC 60245,1C cable as per IEC 60245,1C cable
RFP_3341,500V 14C 1.5 sqmm Cu PVC armoured cable as per IS 1554,14C Cu PVC armoured cable,Cu PVC cable,PVC cable
RFP_3342,Fire Survival 1.1kV 3C 2.5 sqmm Cu XLPE armoured cable as per IS 17048,Fire Survival 3C Cu cable as per IS 17048,Fire Survival Cu cable,Fire Survival cable
RFP_3343,LSZH 440V 4C 35 sqmm Cu PVC armoured cable as per IS 9968,LSZH 35 sqmm armoured cable as per IS 9968,35 sqmm cable as per IS 9968,35 sqmm cable
RFP_3344,LSZH 1.1kV 30C 2.5 sqmm Cu XLPE armoured cable as per IEC 60502-1,LSZH 30C 2.5 sqmm armoured cable,2.5 sqmm armoured cable,armoured cable
RFP_3345,LSZH 33kV 1C 50 sqmm Cu XLPE armoured cable as per IS 7098-2,1C 50 sqmm Cu cable as per IS 7098-2,50 sqmm cable as per IS 7098-2,50 sqmm cable
RFP_3346,FR 500V 3C 2.5 sqmm Al PVC armoured cable as per IS 694,3C Al PVC armoured cable,3C PVC cable,3C cable
RFP_3347,300V 12C 0.75 sqmm Cu XLPE armoured cable as per BS 5308-1,12C 0.75 sqmm armoured cable as per BS 5308-1,0.75 sqmm armoured cable,0.75 sqmm cable
RFP_3348,LSZH 1.1kV 4C 25 sqmm Cu XLPE armoured cable as per IS 9968,LSZH 4C XLPE armoured cable,LSZH 4C cable,4C cable
RFP_3349,440V 2C 2.5 sqmm Cu PVC armoured cable as per IS 1554,440V 2C 2.5 sqmm Cu cable,2C Cu cable,2C cable
RFP_3350,Fire Survival 440V 3C 120 sqmm Cu XLPE armoured cable as per IEC 60331,Fire Survival Cu armoured cable as per IEC 60331,armoured cable as per IEC 60331,armoured cable
RFP_3351,ZH 3.3kV 1C 70 sqmm Al XLPE armoured cable as per IS 7098-1,ZH 3.3kV Al XLPE cable,3.3kV Al cable,3.3kV cable
RFP_3352,Fire Survival 1.1kV 1C 35 sqmm Cu XLPE armoured cable as per BS 6387,1.1kV 1C XLPE armoured cable,XLPE armoured cable,armoured cable
RFP_3353,1.1kV 1C 4 sqmm Cu PVC armoured cable as per IS 1554,1.1kV 1C armoured cable as per IS 1554,1C cable as per IS 1554,1C cable
RFP_3354,Fire Survival 1.1kV 1C 1.5 sqmm Cu Mineral (MI) armoured cable as per BS 6387,1.1kV 1.5 sqmm Cu Mineral (MI) armoured cable,1.5 sqmm Mineral (MI) armoured cable,1.5 sqmm Mineral (MI) cable
RFP_3355,1.1kV 4C 1 sqmm Cu XLPE armoured cable as per IS 1554,1.1kV Cu XLPE armoured cable,Cu XLPE cable,XLPE cable
RFP_3356,1.1kV 24C 1 sqmm Cu XLPE armoured cable as per IEC 60502-1,Cu XLPE armoured cable as per IEC 60502-1,armoured cable as per IEC 60502-1,armoured cable
RFP_3357,FRLS 440V 4C 0.75 sqmm Cu XLPE armoured cable as per IS 694,0.75 sqmm XLPE armoured cable as per IS 694,0.75 sqmm XLPE cable,XLPE cable
RFP_3358,ZH 110kV 1C 400 sqmm Al XLPE armoured cable as per IEC 60840,ZH Al XLPE cable as per IEC 60840,Al cable as per IEC 60840,Al cable
RFP_3359,LSZH 1.1kV 1C 1 sqmm Cu XLPE armoured cable as per IS 1554,LSZH Cu XLPE cable as per IS 1554,LSZH cable as per IS 1554,cable as per IS 1554
RFP_3360,Fire Survival 440V 4C 35 sqmm Cu Mineral (MI) armoured cable as per IEC 60331,Fire Survival 4C Cu Mineral (MI) armoured cable,4C Cu Mineral (MI) cable,Cu Mineral (MI) cable
RFP_3361,FRLS 33kV 3C 185 sqmm Cu XLPE armoured cable as per IEC 60502-2,FRLS 3C armoured cable as per IEC 60502-2,FRLS armoured cable,FRLS cable
RFP_3362,LSZH 440V 5C 4 sqmm Cu XLPE armoured cable as per IEC 60245,LSZH 440V 4 sqmm XLPE cable,LSZH 440V cable,440V cable
RFP_3363,LSZH 220kV 1C 500 sqmm Cu XLPE armoured cable as per IEC 62067,220kV 1C Cu armoured cable,220kV armoured cable,armoured cable
RFP_3364,500V 12C 1 sqmm Cu XLPE armoured cable as per IEC 60502-1,1 sqmm Cu armoured cable as per IEC 60502-1,1 sqmm cable as per IEC 60502-1,1 sqmm cable
RFP_3365,FRLS 3.3kV 3C 95 sqmm Al EPR armoured cable as per IS 7098-1,3.3kV 95 sqmm EPR armoured cable,95 sqmm EPR cable,EPR cable
RFP_3366,LSZH 400kV 1C 800 sqmm Al XLPE armoured cable as per IEC 62067,400kV 1C 800 sqmm Al cable,400kV Al cable,400kV cable
RFP_3367,440V 27C 1.5 sqmm Cu PVC armoured cable as per IS 694,1.5 sqmm Cu PVC cable as per IS 694,1.5 sqmm cable as per IS 694,cable as per IS 694
RFP_3368,FR 11kV 3C 240 sqmm Cu XLPE armoured cable as per IEC 60502-1,FR 11kV Cu XLPE cable,FR 11kV cable,11kV cable
RFP_3369,FRLS 1.1kV 3C 2.5 sqmm Cu PVC armoured cable as per IEC 60502-1,1.1kV Cu PVC armoured cable,PVC armoured cable,PVC cable
RFP_3370,FRLS 1.1kV 19C 1 sqmm Cu XLPE armoured cable as per IEC 60502-1,1.1kV 19C armoured cable as per IEC 60502-1,1.1kV 19C cable,1.1kV cable
RFP_3371,LSZH 6.6kV 3C 70 sqmm Al EPR armoured cable as per IEC 60502-1,6.6kV 3C 70 sqmm cable as per IEC 60502-1,70 sqmm cable as per IEC 60502-1,cable as per IEC 60502-1
RFP_3372,LSZH 1.1kV 8C 0.75 sqmm Cu XLPE armoured cable as per BS 5308-1,0.75 sqmm Cu XLPE armoured cable,XLPE armoured cable,XLPE cable
RFP_3373,FR 600V 3.5C 800 sqmm Al PVC armoured cable as per IS 694,600V 3.5C Al cable as per IS 694,3. Al cable as per IS 694,3. cable as per IS 694
RFP_3374,FRLS 500V 12C 1.5 sqmm Cu PVC armoured cable as per BS 5308-1,FRLS 12C armoured cable as per BS 5308-1,FRLS 12C cable,FRLS cable
RFP_3375,FR 1.1kV 4C 500 sqmm Cu PVC armoured cable as per IS 1554,FR 1.1kV Cu cable as per IS 1554,FR 1.1kV cable,1.1kV cable
RFP_3376,440V 1C 240 sqmm Cu PVC armoured cable as per IEC 60502-1,440V 1C Cu PVC cable,1C Cu cable,1C cable
RFP_3377,500V 4C 4 sqmm Cu PVC armoured cable as per IEC 60502-1,500V 4 sqmm PVC cable as per IEC 60502-1,4 sqmm cable as per IEC 60502-1,4 sqmm cable
RFP_3378,ZH 400kV 1C 300 sqmm Cu XLPE armoured cable as per IEC 62067,1C 300 sqmm Cu cable as per IEC 62067,1C Cu cable,Cu cable
RFP_3379,FR 33kV 3C 50 sqmm Al XLPE armoured cable as per IEC 60502-2,50 sqmm Al XLPE armoured cable,Al armoured cable,armoured cable
RFP_3380,LSZH 440V 4C 0.75 sqmm Cu PVC armoured cable as per IEC 60245,4C Cu armoured cable as per IEC 60245,armoured cable as per IEC 60245,cable as per IEC 60245
RFP_3381,FRLS 300V 8C 0.5 sqmm Cu XLPE armoured cable as per IEC 60502-1,300V 0.5 sqmm XLPE armoured cable,0.5 sqmm XLPE cable,XLPE cable
RFP_3382,LSZH 440V 14C 2.5 sqmm Cu PVC armoured cable as per IS 694,LSZH 2.5 sqmm Cu PVC cable,LSZH Cu cable,Cu cable
RFP_3383,LSZH 440V 2C 0.75 sqmm Cu XLPE armoured cable as per IS 9968,LSZH 0.75 sqmm Cu XLPE cable,LSZH 0.75 sqmm cable,LSZH cable
RFP_3384,FRLS 1.1kV 7C 1 sqmm Cu PVC armoured cable as per BS 5308,7C Cu PVC cable as per BS 5308,7C Cu cable,7C cable
RFP_3385,LSZH 33kV 3C 300 sqmm Cu XLPE armoured cable as per IEC 60502-2,33kV 300 sqmm XLPE cable as per IEC 60502-2,XLPE cable as per IEC 60502-2,XLPE cable
RFP_3386,FR 500V 2C 1.5 sqmm Cu XLPE armoured cable as per IS 1554,2C Cu XLPE cable as per IS 1554,Cu XLPE cable,XLPE cable
RFP_3387,ZH 6.6kV 1C 70 sqmm Al XLPE armoured cable as per IEC 60502-1,6.6kV 1C Al XLPE cable,1C XLPE cable,XLPE cable
RFP_3388,Fire Survival 1.1kV 1C 50 sqmm Cu XLPE armoured cable as per IEC 60331,1.1kV 1C Cu armoured cable,1.1kV armoured cable,armoured cable
RFP_3389,Fire Survival 1.1kV 1C 95 sqmm Cu XLPE armoured cable as per BS 6387,Fire Survival 95 sqmm XLPE cable as per BS 6387,Fire Survival 95 sqmm cable,95 sqmm cable
RFP_3390,FR 1.1kV 8C 4 sqmm Cu PVC armoured cable as per IS 1554,8C Cu PVC armoured cable,8C PVC cable,8C cable
RFP_3391,LSZH 66kV 1C 400 sqmm Cu XLPE armoured cable as per IS 7098-3,66kV 1C Cu armoured cable,66kV armoured cable,66kV cable
RFP_3392,LSZH 1.1kV 10C 1.5 sqmm Cu XLPE armoured cable as per IS 1554,1.1kV 10C 1.5 sqmm XLPE cable,1.5 sqmm XLPE cable,XLPE cable
RFP_3393,FR 400kV 1C 800 sqmm Al XLPE armoured cable as per IEC 62067,Al XLPE armoured cable as per IEC 62067,XLPE cable as per IEC 62067,XLPE cable
RFP_3394,LSZH 1.1kV 24C 1 sqmm Cu PVC armoured cable as per BS 5308-1,1.1kV 24C armoured cable as per BS 5308-1,1.1kV armoured cable,1.1kV cable
RFP_3395,FRLS 300V 12C 1 sqmm Cu PVC armoured cable as per IEC 60502-1,FRLS 12C Cu armoured cable,FRLS armoured cable,FRLS cable
RFP_3396,FR 110kV 1C 185 sqmm Cu XLPE armoured cable as per IEC 60840,FR 185 sqmm Cu cable as per IEC 60840,Cu cable as per IEC 60840,cable as per IEC 60840
RFP_3397,FR 1.1kV 12C 2.5 sqmm Cu XLPE armoured cable as per BS 5308-1,FR 1.1kV 12C armoured cable,FR 12C cable,12C cable
RFP_3398,LSZH 1.1kV 1C 1 sqmm Cu PVC armoured cable as per IEC 60502-1,1 sqmm PVC armoured cable as per IEC 60502-1,PVC cable as per IEC 60502-1,PVC cable
RFP_3399,LSZH 1.1kV 2C 0.75 sqmm Cu XLPE armoured cable as per IEC 60502-1,1.1kV 2C armoured cable as per IEC 60502-1,1.1kV 2C cable,2C cable
RFP_3400,FR 500V 12C 1.5 sqmm Cu PVC armoured cable as per IEC 60502-1,500V 12C Cu cable as per IEC 60502-1,Cu cable as per IEC 60502-1,cable as per IEC 60502-1
RFP_3401,LSZH 220kV 1C 1000 sqmm Al XLPE armoured cable as per IEC 62067,220kV 1C XLPE armoured cable,1C XLPE cable,1C cable
RFP_3402,Fire Survival 1.1kV 4C 70 sqmm Cu Mineral (MI) armoured cable as per IEC 60331,Fire Survival Cu Mineral (MI) armoured cable as per IEC 60331,Fire Survival Mineral (MI) armoured cable,Fire Survival Mineral (MI) cable
RFP_3403,Fire Survival 440V 4C 25 sqmm Cu Mineral (MI) armoured cable as per IEC 60331,Fire Survival 440V 4C Cu Mineral (MI) cable,440V Cu Mineral (MI) cable,440V Mineral (MI) cable
RFP_3404,440V 12C 2.5 sqmm Cu XLPE armoured cable as per IS 694,440V 2.5 sqmm XLPE cable as per IS 694,440V 2.5 sqmm cable,440V cable
RFP_3405,FR 110kV 1C 1000 sqmm Al XLPE armoured cable as per IEC 60840,FR 1000 sqmm armoured cable as per IEC 60840,armoured cable as per IEC 60840,armoured cable
RFP_3406,500V 6C 2.5 sqmm Cu PVC armoured cable as per IEC 60502-1,500V 2.5 sqmm Cu PVC cable,500V PVC cable,PVC cable
RFP_3407,FRLS 3.3kV 1C 300 sqmm Al EPR armoured cable as per IEC 60502-1,1C EPR armoured cable as per IEC 60502-1,1C EPR cable,EPR cable
RFP_3408,FRLS 300V 12C 1.5 sqmm Cu XLPE armoured cable as per BS 5308-1,300V 12C 1.5 sqmm Cu cable,12C Cu cable,Cu cable
RFP_3409,FR 1.1kV 4C 2.5 sqmm Cu XLPE armoured cable as per IS 1554,FR 2.5 sqmm XLPE cable as per IS 1554,2.5 sqmm XLPE cable,2.5 sqmm cable
RFP_3410,LSZH 300V 2C 1 sqmm Cu PVC armoured cable as per IEC 60502-1,300V Cu PVC cable as per IEC 60502-1,300V cable as per IEC 60502-1,300V cable
RFP_3411,LSZH 1.1kV 2C 0.75 sqmm Cu XLPE armoured cable as per IS 1554,1.1kV 2C 0.75 sqmm cable as per IS 1554,2C cable as per IS 1554,cable as per IS 1554
RFP_3412,FR 300V 2C 0.75 sqmm Cu PVC armoured cable as per IEC 60502-1,FR 0.75 sqmm Cu armoured cable,FR Cu cable,Cu cable
RFP_3413,ZH 500V 1C 1.5 sqmm Cu PVC armoured cable as per IEC 60245,1.5 sqmm Cu armoured cable as per IEC 60245,1.5 sqmm Cu cable,1.5 sqmm cable
RFP_3414,11kV 3C 185 sqmm Cu EPR armoured cable as per IS 7098-1,11kV Cu EPR armoured cable,11kV EPR cable,EPR cable
RFP_3415,11kV 3C 185 sqmm Al EPR armoured cable as per IS 7098-1,3C Al armoured cable as per IS 7098-1,Al cable as per IS 7098-1,cable as per IS 7098-1
RFP_3416,1.1kV 19C 1.5 sqmm Cu XLPE armoured cable as per IS 1554,19C XLPE armoured cable as per IS 1554,19C armoured cable,19C cable
RFP_3417,FR 220kV 1C 300 sqmm Cu XLPE armoured cable as per IEC 62067,FR 300 sqmm Cu armoured cable,Cu armoured cable,armoured cable
RFP_3418,1.1kV 3C 1.5 sqmm Cu PVC armoured cable as per IS 9968,1.5 sqmm Cu armoured cable as per IS 9968,1.5 sqmm Cu cable,1.5 sqmm cable
RFP_3419,FR 11kV 1C 400 sqmm Al EPR armoured cable as per IEC 60502-1,FR 11kV Al cable as per IEC 60502-1,FR 11kV cable,11kV cable
RFP_3420,FRLS 600V 3.5C 1.5 sqmm Al PVC armoured cable as per IS 694,600V 3.5C Al PVC cable,3.5C Al cable,3.5C cable
RFP_3421,FRLS 500V 24C 6 sqmm Cu XLPE armoured cable as per IS 1554,500V Cu XLPE cable as per IS 1554,Cu cable as per IS 1554,Cu cable
RFP_3422,66kV 1C 630 sqmm Al XLPE armoured cable as per IS 7098-3,66kV 1C 630 sqmm XLPE cable,630 sqmm XLPE cable,630 sqmm cable
RFP_3423,440V 16C 1.5 sqmm Cu XLPE armoured cable as per IS 694,16C XLPE armoured cable as per IS 694,16C armoured cable,armoured cable
RFP_3424,ZH 440V 5C 50 sqmm Cu XLPE armoured cable as per IEC 60245,ZH Cu armoured cable as per IEC 60245,Cu armoured cable,Cu cable
RFP_3425,FRLS 11kV 1C 70 sqmm Al EPR armoured cable as per IEC 60502-1,FRLS 1C EPR armoured cable,1C armoured cable,armoured cable
RFP_3426,500V 1C 1 sqmm Cu XLPE armoured cable as per IEC 60502-1,1C 1 sqmm XLPE cable as per IEC 60502-1,1C 1 sqmm cable,1C cable
RFP_3427,LSZH 500V 3C 35 sqmm Cu PVC armoured cable as per IEC 60245,3C Cu PVC armoured cable,3C armoured cable,3C cable
RFP_3428,FRLS 440V 3C 16 sqmm Cu XLPE armoured cable as per IS 9968,3C 16 sqmm Cu XLPE cable,Cu XLPE cable,Cu cable
RFP_3429,ZH 440V 5C 6 sqmm Cu XLPE armoured cable as per IS 9968,ZH 440V 6 sqmm XLPE cable,6 sqmm XLPE cable,XLPE cable
RFP_3430,FR 300V 20C 0.75 sqmm Cu PVC armoured cable as per BS 5308-1,FR 300V Cu armoured cable,FR 300V cable,FR cable
RFP_3431,1.1kV 24C 0.75 sqmm Cu XLPE armoured cable as per BS 5308-1,0.75 sqmm Cu XLPE armoured cable,0.75 sqmm armoured cable,0.75 sqmm cable
RFP_3432,1.1kV 20C 1.5 sqmm Cu PVC armoured cable as per IS 1554,20C 1.5 sqmm PVC cable as per IS 1554,PVC cable as per IS 1554,cable as per IS 1554
RFP_3433,110kV 1C 300 sqmm Al XLPE armoured cable as per IEC 60840,110kV 1C 300 sqmm XLPE cable,1C XLPE cable,XLPE cable
RFP_3434,LSZH 300V 24C 0.5 sqmm Cu XLPE armoured cable as per IEC 60502-1,300V 24C 0.5 sqmm Cu cable,0.5 sqmm Cu cable,Cu cable
RFP_3435,FR 1.1kV 4C 2.5 sqmm Cu PVC armoured cable as per IEC 60502-1,1.1kV 4C 2.5 sqmm cable as per IEC 60502-1,4C cable as per IEC 60502-1,cable as per IEC 60502-1
RFP_3436,FRLS 66kV 1C 500 sqmm Cu XLPE armoured cable as per IEC 60840,FRLS XLPE armoured cable as per IEC 60840,FRLS XLPE cable,XLPE cable
RFP_3437,FRLS 1.1kV 12C 1 sqmm Cu PVC armoured cable as per BS 5308-1,FRLS 12C 1 sqmm Cu cable,FRLS Cu cable,FRLS cable
RFP_3438,FRLS 500V 5C 0.75 sqmm Cu PVC armoured cable as per IEC 60245,500V Cu PVC armoured cable,Cu PVC cable,Cu cable
RFP_3439,110kV 1C 1000 sqmm Al XLPE armoured cable as per IEC 60840,110kV 1000 sqmm Al XLPE cable,Al XLPE cable,XLPE cable
RFP_3440,ZH 500V 2C 70 sqmm Al XLPE armoured cable as per IS 694,ZH Al armoured cable as per IS 694,ZH Al cable,ZH cable
RFP_3441,FRLS 1.1kV 2C 4 sqmm Cu XLPE armoured cable as per BS 5308,FRLS XLPE armoured cable as per BS 5308,FRLS XLPE cable,FRLS cable
RFP_3442,FR 300V 12C 0.75 sqmm Cu XLPE armoured cable as per BS 5308-1,FR 12C 0.75 sqmm cable as per BS 5308-1,12C cable as per BS 5308-1,cable as per BS 5308-1
RFP_3443,LSZH 600V 3.5C 50 sqmm Cu XLPE armoured cable as per IEC 60502-1,LSZH 3. XLPE armoured cable as per IEC 60502-1,3. armoured cable as per IEC 60502-1,3. armoured cable
RFP_3444,500V 14C 6 sqmm Cu PVC armoured cable as per IS 1554,500V 14C 6 sqmm cable as per IS 1554,500V cable as per IS 1554,500V cable
RFP_3445,LSZH 400kV 1C 300 sqmm Al XLPE armoured cable as per IEC 62067,LSZH 1C Al XLPE cable,Al XLPE cable,Al cable
RFP_3446,500V 5C 35 sqmm Cu PVC armoured cable as per IEC 60245,5C 35 sqmm Cu PVC cable,5C Cu cable,5C cable
RFP_3447,FR 300V 2C 0.75 sqmm Cu XLPE armoured cable as per IEC 60502-1,FR 2C Cu XLPE cable,2C XLPE cable,2C cable
RFP_3448,LSZH 440V 4C 1 sqmm Cu XLPE armoured cable as per IEC 60245,LSZH 440V 4C armoured cable,440V armoured cable,440V cable
RFP_3449,LSZH 440V 5C 16 sqmm Cu PVC armoured cable as per IS 694,5C 16 sqmm PVC armoured cable,5C armoured cable,5C cable
RFP_3450,FRLS 440V 12C 1.5 sqmm Cu PVC armoured cable as per IS 694,440V 1.5 sqmm PVC armoured cable,1.5 sqmm armoured cable,1.5 sqmm cable
RFP_3451,ZH 500V 4C 25 sqmm Cu PVC armoured cable as per IS 694,25 sqmm Cu PVC armoured cable,Cu PVC cable,Cu cable
RFP_3452,FRLS 1.1kV 1C 2.5 sqmm Cu PVC armoured cable as per IEC 60502-1,FRLS 1.1kV Cu armoured cable,FRLS 1.1kV cable,1.1kV cable
RFP_3453,FR 440V 10C 2.5 sqmm Cu PVC armoured cable as per IS 694,440V 10C Cu armoured cable,10C armoured cable,armoured cable
RFP_3454,ZH 110kV 1C 500 sqmm Al XLPE armoured cable as per IEC 60840,110kV 500 sqmm XLPE armoured cable,110kV armoured cable,armoured cable
RFP_3455,LSZH 66kV 1C 240 sqmm Al XLPE armoured cable as per IS 7098-3,1C 240 sqmm Al cable as per IS 7098-3,1C Al cable,1C cable
RFP_3456,FRLS 110kV 1C 240 sqmm Al XLPE armoured cable as per IEC 60840,FRLS 1C XLPE armoured cable,FRLS armoured cable,armoured cable
RFP_3457,LSZH 1.1kV 3C 6 sqmm Cu XLPE armoured cable as per IEC 60502-1,1.1kV 6 sqmm armoured cable as per IEC 60502-1,6 sqmm cable as per IEC 60502-1,cable as per IEC 60502-1
RFP_3458,LSZH 500V 3C 1 sqmm Cu XLPE armoured cable as per IEC 60502-1,1 sqmm Cu XLPE cable as per IEC 60502-1,1 sqmm Cu cable,1 sqmm cable
RFP_3459,LSZH 600V 3.5C 240 sqmm Al PVC armoured cable as per IEC 60502-1,3. 240 sqmm PVC armoured cable as per IEC 60502-1,3. PVC armoured cable,3. armoured cable
RFP_3460,110kV 1C 240 sqmm Al XLPE armoured cable as per IEC 60840,1C 240 sqmm armoured cable as per IEC 60840,240 sqmm cable as per IEC 60840,240 sqmm cable
RFP_3461,1.1kV 2C 185 sqmm Al XLPE armoured cable as per BS 5467,1.1kV 2C armoured cable as per BS 5467,2C cable as per BS 5467,2C cable
RFP_3462,Fire Survival 440V 1C 6 sqmm Cu Mineral (MI) armoured cable as per BS 6387,440V 6 sqmm Cu Mineral (MI) cable as per BS 6387,Cu Mineral (MI) cable as per BS 6387,Cu Mineral (MI) cable
RFP_3463,1.1kV 6C 2.5 sqmm Cu PVC armoured cable as per IEC 60502-1,1.1kV 2.5 sqmm PVC cable as per IEC 60502-1,1.1kV PVC cable,PVC cable
RFP_3464,1.1kV 5C 1 sqmm Cu XLPE armoured cable as per BS 5308,Cu XLPE armoured cable as per BS 5308,Cu XLPE cable,XLPE cable
RFP_3465,ZH 110kV 1C 400 sqmm Al XLPE armoured cable as per IEC 60840,110kV 1C 400 sqmm cable as per IEC 60840,400 sqmm cable as per IEC 60840,cable as per IEC 60840
RFP_3466,FR 500V 4C 1.5 sqmm Cu XLPE armoured cable as per IS 1554,4C 1.5 sqmm Cu armoured cable,4C 1.5 sqmm cable,4C cable
RFP_3467,440V 10C 1.5 sqmm Cu PVC armoured cable as per IS 694,10C Cu armoured cable as per IS 694,10C armoured cable,10C cable
RFP_3468,Fire Survival 1.1kV 4C 1.5 sqmm Cu Mineral (MI) armoured cable as per IEC 60331,4C 1.5 sqmm Mineral (MI) armoured cable as per IEC 60331,1.5 sqmm Mineral (MI) armoured cable,Mineral (MI) armoured cable
RFP_3469,1.1kV 1C 10 sqmm Al XLPE armoured cable as per IEC 60502-1,1C 10 sqmm Al armoured cable,Al armoured cable,armoured cable
RFP_3470,LSZH 33kV 1C 150 sqmm Al XLPE armoured cable as per IEC 60502-2,33kV 1C Al XLPE cable,33kV 1C cable,33kV cable
RFP_3471,LSZH 220kV 1C 800 sqmm Al XLPE armoured cable as per IEC 62067,LSZH XLPE armoured cable as per IEC 62067,XLPE armoured cable,armoured cable
RFP_3472,132kV 1C 185 sqmm Al XLPE armoured cable as per IEC 60840,132kV XLPE armoured cable as per IEC 60840,XLPE armoured cable,XLPE cable
RFP_3473,LSZH 500V 20C 1 sqmm Cu PVC armoured cable as per IEC 60502-1,LSZH 1 sqmm armoured cable as per IEC 60502-1,1 sqmm cable as per IEC 60502-1,1 sqmm cable
RFP_3474,440V 16C 6 sqmm Cu PVC armoured cable as per IS 1554,440V 16C Cu cable as per IS 1554,Cu cable as per IS 1554,Cu cable
RFP_3475,LSZH 500V 3C 6 sqmm Cu PVC armoured cable as per IEC 60502-1,LSZH 3C Cu cable as per IEC 60502-1,LSZH cable as per IEC 60502-1,cable as per IEC 60502-1
RFP_3476,300V 1C 0.75 sqmm Cu XLPE armoured cable as per BS 5308-1,Cu XLPE armoured cable as per BS 5308-1,Cu armoured cable,Cu cable
RFP_3477,500V 6C 1 sqmm Cu PVC armoured cable as per IEC 60502-1,500V 6C 1 sqmm armoured cable,500V 6C cable,500V cable
RFP_3478,FRLS 440V 4C 4 sqmm Al XLPE armoured cable as per IS 694,4C Al XLPE armoured cable,Al XLPE cable,XLPE cable
RFP_3479,FRLS 300V 12C 1.5 sqmm Cu PVC armoured cable as per BS 5308-1,FRLS 12C PVC armoured cable,FRLS 12C cable,12C cable
RFP_3480,Fire Survival 1.1kV 2C 1.5 sqmm Cu Mineral (MI) armoured cable as per IEC 60331,Fire Survival 1.1kV Cu Mineral (MI) armoured cable,Cu Mineral (MI) armoured cable,Cu Mineral (MI) cable
RFP_3481,LSZH 500V 7C 6 sqmm Cu XLPE armoured cable as per IS 1554,500V 7C 6 sqmm cable as per IS 1554,7C cable as per IS 1554,cable as per IS 1554
RFP_3482,110kV 1C 400 sqmm Al XLPE armoured cable as per IEC 60840,110kV 400 sqmm XLPE cable as per IEC 60840,XLPE cable as per IEC 60840,XLPE cable
RFP_3483,LSZH 1.1kV 16C 1 sqmm Cu XLPE armoured cable as per IS 1554,1.1kV 1 sqmm Cu armoured cable,Cu armoured cable,Cu cable
RFP_3484,FRLS 440V 3C 16 sqmm Cu PVC armoured cable as per IS 694,FRLS Cu PVC armoured cable,FRLS armoured cable,FRLS cable
RFP_3485,440V 2C 4 sqmm Cu PVC armoured cable as per IS 694,2C 4 sqmm PVC cable as per IS 694,2C PVC cable,2C cable
RFP_3486,ZH 132kV 1C 800 sqmm Al XLPE armoured cable as per IEC 60840,132kV 1C Al armoured cable,132kV Al cable,132kV cable
RFP_3487,FR 500V 2C 6 sqmm Cu XLPE armoured cable as per IEC 60502-1,FR 2C 6 sqmm Cu cable,2C Cu cable,Cu cable
RFP_3488,500V 14C 1.5 sqmm Cu XLPE armoured cable as per IEC 60502-1,14C Cu XLPE cable as per IEC 60502-1,14C cable as per IEC 60502-1,cable as per IEC 60502-1
RFP_3489,FR 440V 12C 2.5 sqmm Cu PVC armoured cable as per IS 694,Cu PVC armoured cable as per IS 694,armoured cable as per IS 694,armoured cable
RFP_3490,Fire Survival 440V 3C 2.5 sqmm Cu Mineral (MI) armoured cable as per IEC 60331,440V 2.5 sqmm Cu Mineral (MI) armoured cable,440V Cu Mineral (MI) cable,440V Mineral (MI) cable
RFP_3491,ZH 500V 4C 6 sqmm Cu PVC armoured cable as per IEC 60245,ZH 500V 6 sqmm PVC cable,ZH PVC cable,ZH cable
RFP_3492,Fire Survival 440V 3C 120 sqmm Cu Mineral (MI) armoured cable as per IEC 60331,3C 120 sqmm Cu Mineral (MI) cable as per IEC 60331,120 sqmm Mineral (MI) cable as per IEC 60331,120 sqmm Mineral (MI) cable
RFP_3493,FR 220kV 1C 1000 sqmm Al XLPE armoured cable as per IEC 62067,1000 sqmm Al armoured cable as per IEC 62067,Al armoured cable,armoured cable
RFP_3494,LSZH 500V 1C 0.75 sqmm Cu XLPE armoured cable as per IEC 60502-1,LSZH 1C 0.75 sqmm Cu cable,0.75 sqmm Cu cable,0.75 sqmm cable
RFP_3495,ZH 440V 3.5C 2.5 sqmm Al PVC armoured cable as per IS 694,ZH 440V 3. Al PVC cable,ZH 3. Al cable,ZH 3. cable
RFP_3496,300V 4C 2.5 sqmm Cu XLPE armoured cable as per IEC 60502-1,300V Cu XLPE armoured cable,XLPE armoured cable,armoured cable
RFP_3497,FR 500V 8C 1.5 sqmm Cu PVC armoured cable as per IS 1554,500V 1.5 sqmm Cu cable as per IS 1554,1.5 sqmm cable as per IS 1554,1.5 sqmm cable
RFP_3498,440V 16C 2.5 sqmm Cu XLPE armoured cable as per IS 1554,2.5 sqmm XLPE armoured cable as per IS 1554,XLPE cable as per IS 1554,XLPE cable
RFP_3499,FRLS 33kV 1C 400 sqmm Cu XLPE armoured cable as per IEC 60502-2,33kV Cu XLPE armoured cable,XLPE armoured cable,XLPE cable
RFP_3500,LSZH 1.1kV 12C 0.75 sqmm Cu PVC armoured cable as per IEC 60502-1,LSZH 0.75 sqmm Cu cable as per IEC 60502-1,LSZH Cu cable,Cu cable
RFP_3501,FR 500V 3.5C 300 sqmm Al XLPE armoured cable as per IS 694,FR 500V 3. armoured cable as per IS 694,500V 3. cable as per IS 694,500V 3. cable
RFP_3502,Fire Survival 1.1kV 3C 50 sqmm Cu XLPE armoured cable as per IEC 60331,Fire Survival 3C Cu cable as per IEC 60331,Cu cable as per IEC 60331,Cu cable
RFP_3503,FRLS 500V 3C 6 sqmm Cu PVC armoured cable as per IS 1554,FRLS 500V PVC cable as per IS 1554,500V cable as per IS 1554,cable as per IS 1554
RFP_3504,LSZH 300V 4C 0.5 sqmm Cu XLPE armoured cable as per IEC 60502-1,LSZH 4C 0.5 sqmm Cu cable,4C 0.5 sqmm cable,0.5 sqmm cable
RFP_3505,LSZH 1.1kV 4C 300 sqmm Cu XLPE armoured cable as per IS 1554,1.1kV 4C Cu armoured cable,1.1kV armoured cable,armoured cable
RFP_3506,ZH 1.1kV 3C 25 sqmm Cu XLPE armoured cable as per IS 9968,25 sqmm Cu armoured cable as per IS 9968,25 sqmm Cu cable,Cu cable
RFP_3507,LSZH 3.3kV 3C 95 sqmm Al XLPE armoured cable as per IEC 60502-1,3.3kV 3C 95 sqmm XLPE cable,3.3kV 3C cable,3C cable
RFP_3508,500V 4C 240 sqmm Cu XLPE armoured cable as per IS 694,4C 240 sqmm XLPE cable as per IS 694,4C XLPE cable,XLPE cable
RFP_3509,FR 110kV 1C 1000 sqmm Cu XLPE armoured cable as per IEC 60840,FR 110kV armoured cable as per IEC 60840,FR 110kV cable,FR cable
RFP_3510,LSZH 400kV 1C 240 sqmm Al XLPE armoured cable as per IEC 62067,400kV 1C XLPE cable as per IEC 62067,XLPE cable as per IEC 62067,XLPE cable
RFP_3511,500V 20C 2.5 sqmm Cu PVC armoured cable as per IEC 60502-1,20C Cu armoured cable as per IEC 60502-1,Cu armoured cable,armoured cable
RFP_3512,Fire Survival 440V 2C 25 sqmm Cu Mineral (MI) armoured cable as per IEC 60331,2C 25 sqmm Cu Mineral (MI) cable as per IEC 60331,2C Cu Mineral (MI) cable,2C Mineral (MI) cable
RFP_3513,FRLS 500V 1C 120 sqmm Cu PVC armoured cable as per IS 694,FRLS 500V 1C armoured cable,FRLS 500V cable,FRLS cable
RFP_3514,1.1kV 6C 1.5 sqmm Cu PVC armoured cable as per BS 5308,6C 1.5 sqmm PVC cable as per BS 5308,1.5 sqmm cable as per BS 5308,cable as per BS 5308
RFP_3515,FRLS 440V 5C 2.5 sqmm Cu XLPE armoured cable as per IS 694,FRLS Cu XLPE armoured cable,FRLS armoured cable,armoured cable
RFP_3516,ZH 66kV 1C 185 sqmm Cu XLPE armoured cable as per IS 7098-3,ZH 66kV Cu cable as per IS 7098-3,Cu cable as per IS 7098-3,Cu cable
RFP_3517,FR 500V 8C 0.5 sqmm Cu PVC armoured cable as per IEC 60502-1,FR 500V 8C armoured cable,8C armoured cable,armoured cable
RFP_3518,LSZH 1.1kV 24C 2.5 sqmm Cu PVC armoured cable as per BS 5308,LSZH Cu armoured cable as per BS 5308,Cu armoured cable,Cu cable
RFP_3519,LSZH 500V 1C 16 sqmm Cu XLPE armoured cable as per IS 694,16 sqmm XLPE armoured cable as per IS 694,armoured cable as per IS 694,cable as per IS 694
RFP_3520,FRLS 440V 27C 1 sqmm Cu PVC armoured cable as per IS 694,FRLS 27C Cu cable as per IS 694,27C cable as per IS 694,27C cable
RFP_3521,1.1kV 4C 16 sqmm Cu XLPE armoured cable as per IEC 60502-1,1.1kV XLPE armoured cable as per IEC 60502-1,XLPE armoured cable,XLPE cable
RFP_3522,FR 600V 3.5C 120 sqmm Al PVC armoured cable as per IS 694,FR 3. Al PVC cable as per IS 694,3. Al cable as per IS 694,3. cable as per IS 694
RFP_3523,Fire Survival 1.1kV 3C 25 sqmm Cu Mineral (MI) armoured cable as per IEC 60331,Fire Survival 1.1kV 25 sqmm Mineral (MI) cable as per IEC 60331,Fire Survival 25 sqmm Mineral (MI) cable,Fire Survival Mineral (MI) cable
RFP_3524,LSZH 300V 16C 2.5 sqmm Cu PVC armoured cable as per IEC 60502-1,LSZH 16C Cu cable as per IEC 60502-1,LSZH cable as per IEC 60502-1,cable as per IEC 60502-1
RFP_3525,FRLS 500V 4C 1 sqmm Cu PVC armoured cable as per IS 1554,FRLS 500V 4C 1 sqmm cable,FRLS 4C cable,4C cable
RFP_3526,FR 500V 14C 1.5 sqmm Cu PVC armoured cable as per IEC 60502-1,FR 500V 14C armoured cable,14C armoured cable,14C cable
RFP_3527,LSZH 33kV 1C 50 sqmm Al XLPE armoured cable as per IEC 60502-2,LSZH 1C 50 sqmm cable as per IEC 60502-2,LSZH 50 sqmm cable,50 sqmm cable
RFP_3528,FRLS 500V 2C 4 sqmm Cu XLPE armoured cable as per IS 1554,500V XLPE armoured cable as per IS 1554,XLPE armoured cable,armoured cable
RFP_3529,LSZH 1.1kV 3C 25 sqmm Cu EPR armoured cable as per BS 5467,LSZH 1.1kV 3C armoured cable,1.1kV 3C cable,1.1kV cable
RFP_3530,500V 3C 16 sqmm Cu PVC armoured cable as per IS 694,16 sqmm Cu PVC cable as per IS 694,16 sqmm cable as per IS 694,cable as per IS 694
RFP_3531,Fire Survival 440V 3C 50 sqmm Cu Mineral (MI) armoured cable as per BS 6387,440V 3C Cu Mineral (MI) armoured cable,Cu Mineral (MI) armoured cable,Mineral (MI) armoured cable
RFP_3532,LSZH 300V 4C 2.5 sqmm Cu XLPE armoured cable as per IEC 60502-1,LSZH 300V XLPE cable as per IEC 60502-1,XLPE cable as per IEC 60502-1,cable as per IEC 60502-1
RFP_3533,500V 12C 1 sqmm Cu PVC armoured cable as per BS 5308-1,12C 1 sqmm Cu PVC cable,Cu PVC cable,PVC cable
RFP_3534,1.1kV 1C 0.75 sqmm Cu PVC armoured cable as per IEC 60502-1,1.1kV 1C armoured cable as per IEC 60502-1,1C cable as per IEC 60502-1,cable as per IEC 60502-1
RFP_3535,FR 1.1kV 1C 1 sqmm Cu XLPE armoured cable as per IEC 60502-1,FR 1.1kV Cu armoured cable,1.1kV armoured cable,1.1kV cable
RFP_3536,FR 1.1kV 4C 1 sqmm Cu PVC armoured cable as per BS 5308-1,FR 4C 1 sqmm cable as per BS 5308-1,FR 4C cable,4C cable
RFP_3537,FRLS 300V 20C 0.75 sqmm Cu XLPE armoured cable as per BS 5308-1,0.75 sqmm Cu XLPE cable as per BS 5308-1,0.75 sqmm cable as per BS 5308-1,0.75 sqmm cable
RFP_3538,FRLS 440V 4C 500 sqmm Cu XLPE armoured cable as per IS 694,FRLS 4C Cu armoured cable,FRLS 4C cable,FRLS cable
RFP_3539,1.1kV 10C 0.5 sqmm Cu XLPE armoured cable as per BS 5308-1,1.1kV 10C 0.5 sqmm Cu cable,0.5 sqmm Cu cable,Cu cable
RFP_3540,FR 132kV 1C 240 sqmm Al XLPE armoured cable as per IEC 60840,132kV Al armoured cable as per IEC 60840,Al armoured cable,Al cable
RFP_3541,LSZH 300V 16C 1.5 sqmm Cu PVC armoured cable as per BS 5308-1,LSZH 300V 1.5 sqmm PVC cable,LSZH 300V cable,300V cable
RFP_3542,1.1kV 6C 1.5 sqmm Cu XLPE armoured cable as per IS 1554,1.1kV 6C XLPE cable as per IS 1554,6C XLPE cable,6C cable
RFP_3543,LSZH 1.1kV 10C 1.5 sqmm Cu PVC armoured cable as per IS 1554,1.1kV 1.5 sqmm PVC cable as per IS 1554,1.5 sqmm cable as per IS 1554,cable as per IS 1554
RFP_3544,LSZH 500V 5C 35 sqmm Cu PVC armoured cable as per IS 694,LSZH 500V 35 sqmm Cu cable,35 sqmm Cu cable,35 sqmm cable
RFP_3545,Fire Survival 1.1kV 2C 1.5 sqmm Cu Mineral (MI) armoured cable as per BS 6387,Fire Survival Cu Mineral (MI) armoured cable as per BS 6387,Mineral (MI) armoured cable as per BS 6387,Mineral (MI) cable as per BS 6387
RFP_3546,FR 110kV 1C 185 sqmm Cu XLPE armoured cable as per IEC 60840,FR 110kV armoured cable as per IEC 60840,110kV cable as per IEC 60840,110kV cable
RFP_3547,FRLS 110kV 1C 300 sqmm Al XLPE armoured cable as per IEC 60840,FRLS 1C 300 sqmm XLPE cable,1C XLPE cable,1C cable
RFP_3548,1.1kV 6C 1.5 sqmm Cu PVC armoured cable as per IEC 60502-1,6C 1.5 sqmm armoured cable as per IEC 60502-1,6C armoured cable,6C cable
RFP_3549,Fire Survival 440V 1C 6 sqmm Cu XLPE armoured cable as per BS 6387,440V 1C armoured cable as per BS 6387,440V cable as per BS 6387,440V cable
RFP_3550,FRLS 110kV 1C 400 sqmm Al XLPE armoured cable as per IEC 60840,FRLS 110kV XLPE armoured cable,XLPE armoured cable,XLPE cable
RFP_3551,LSZH 1.1kV 1C 1.5 sqmm Cu PVC armoured cable as per IS 1554,LSZH 1C armoured cable as per IS 1554,LSZH cable as per IS 1554,LSZH cable
RFP_3552,11kV 3C 70 sqmm Al XLPE armoured cable as per IS 7098-1,70 sqmm Al XLPE armoured cable,70 sqmm Al cable,70 sqmm cable
RFP_3553,ZH 440V 1C 2.5 sqmm Cu XLPE armoured cable as per IEC 60245,440V 1C 2.5 sqmm armoured cable,1C 2.5 sqmm cable,1C cable
RFP_3554,FR 1.1kV 2C 2.5 sqmm Cu PVC armoured cable as per IEC 60502-1,FR 2C Cu armoured cable,FR armoured cable,FR cable
RFP_3555,ZH 3.3kV 3C 95 sqmm Al EPR armoured cable as per IEC 60502-1,ZH Al EPR armoured cable,EPR armoured cable,armoured cable
RFP_3556,FRLS 1.1kV 24C 4 sqmm Cu PVC armoured cable as per BS 5308,FRLS 1.1kV armoured cable as per BS 5308,FRLS 1.1kV cable,FRLS cable
RFP_3557,FR 1.1kV 5C 25 sqmm Cu XLPE armoured cable as per IEC 60502-1,5C 25 sqmm XLPE armoured cable,XLPE armoured cable,armoured cable
RFP_3558,FRLS 500V 12C 1.5 sqmm Cu PVC armoured cable as per IS 1554,FRLS 500V Cu PVC cable,Cu PVC cable,PVC cable
RFP_3559,LSZH 500V 8C 1.5 sqmm Cu PVC armoured cable as per IEC 60502-1,1.5 sqmm Cu PVC armoured cable,Cu PVC cable,Cu cable
RFP_3560,FR 1.1kV 20C 1.5 sqmm Cu XLPE armoured cable as per IS 1554,FR 1.1kV 1.5 sqmm XLPE cable,1.5 sqmm XLPE cable,1.5 sqmm cable
RFP_3561,500V 4C 2.5 sqmm Cu XLPE armoured cable as per IEC 60502-1,2.5 sqmm Cu armoured cable as per IEC 60502-1,2.5 sqmm Cu cable,2.5 sqmm cable
RFP_3562,FR 1.1kV 14C 4 sqmm Cu XLPE armoured cable as per IS 1554,FR 14C 4 sqmm cable as per IS 1554,FR 14C cable,14C cable
RFP_3563,FR 300V 10C 0.5 sqmm Cu PVC armoured cable as per IEC 60502-1,300V PVC armoured cable as per IEC 60502-1,300V armoured cable,armoured cable
RFP_3564,LSZH 1.1kV 2C 4 sqmm Cu XLPE armoured cable as per IEC 60502-1,LSZH 2C Cu armoured cable,2C Cu cable,Cu cable
RFP_3565,FR 440V 1C 16 sqmm Cu XLPE armoured cable as per IS 9968,FR 440V 1C armoured cable,FR 440V cable,440V cable
RFP_3566,500V 5C 1.5 sqmm Cu XLPE armoured cable as per IEC 60502-1,1.5 sqmm Cu armoured cable as per IEC 60502-1,1.5 sqmm cable as per IEC 60502-1,1.5 sqmm cable
RFP_3567,LSZH 440V 1C 10 sqmm Cu XLPE armoured cable as per IS 9968,440V 1C 10 sqmm armoured cable,10 sqmm armoured cable,armoured cable
RFP_3568,LSZH 440V 24C 2.5 sqmm Cu PVC armoured cable as per IS 694,440V 2.5 sqmm Cu PVC cable,440V 2.5 sqmm cable,440V cable
RFP_3569,Fire Survival 440V 2C 95 sqmm Cu XLPE armoured cable as per IEC 60331,Fire Survival 95 sqmm Cu XLPE cable,95 sqmm Cu cable,Cu cable
RFP_3570,ZH 22kV 3C 95 sqmm Al XLPE armoured cable as per IEC 60502-2,ZH 95 sqmm Al armoured cable,95 sqmm Al cable,95 sqmm cable
RFP_3571,FR 66kV 1C 185 sqmm Al XLPE armoured cable as per IEC 60840,FR 66kV Al armoured cable,FR Al cable,Al cable
RFP_3572,LSZH 500V 1C 1.5 sqmm Cu PVC armoured cable as per IS 694,1C PVC armoured cable as per IS 694,1C armoured cable,1C cable
RFP_3573,FR 300V 12C 1.5 sqmm Cu XLPE armoured cable as per IEC 60502-1,300V 1.5 sqmm Cu XLPE cable,300V XLPE cable,XLPE cable
RFP_3574,3.3kV 1C 400 sqmm Al XLPE armoured cable as per IS 7098-1,1C 400 sqmm Al armoured cable,1C 400 sqmm cable,400 sqmm cable
RFP_3575,FR 1.1kV 27C 4 sqmm Cu XLPE armoured cable as per IS 1554,4 sqmm Cu armoured cable as per IS 1554,Cu cable as per IS 1554,Cu cable
RFP_3576,FR 1.1kV 10C 1.5 sqmm Cu XLPE armoured cable as per BS 5308-1,1.1kV 10C Cu cable as per BS 5308-1,10C Cu cable,10C cable
RFP_3577,500V 6C 4 sqmm Cu XLPE armoured cable as per IEC 60502-1,500V 4 sqmm Cu armoured cable,500V 4 sqmm cable,500V cable
RFP_3578,LSZH 300V 12C 1 sqmm Cu PVC armoured cable as per IEC 60502-1,LSZH 300V Cu cable as per IEC 60502-1,Cu cable as per IEC 60502-1,Cu cable
RFP_3579,FRLS 1.1kV 30C 4 sqmm Cu PVC armoured cable as per BS 5308,1.1kV 30C Cu armoured cable,Cu armoured cable,armoured cable
RFP_3580,Fire Survival 440V 2C 1.5 sqmm Cu XLPE armoured cable as per BS 6387,Fire Survival 440V 2C armoured cable,Fire Survival armoured cable,Fire Survival cable
RFP_3581,LSZH 1.1kV 3.5C 800 sqmm Al XLPE armoured cable as per BS 5467,1.1kV 3. 800 sqmm Al cable as per BS 5467,1.1kV 3. Al cable,3. Al cable
RFP_3582,FR 500V 7C 1 sqmm Cu PVC armoured cable as per IEC 60502-1,500V 7C armoured cable as per IEC 60502-1,500V 7C cable,7C cable
RFP_3583,FRLS 440V 10C 6 sqmm Cu PVC armoured cable as per IS 1554,FRLS 440V PVC cable as per IS 1554,FRLS 440V cable,FRLS cable
RFP_3584,FR 11kV 3C 150 sqmm Al XLPE armoured cable as per IEC 60502-1,11kV 3C Al armoured cable,3C armoured cable,3C cable
RFP_3585,440V 3C 35 sqmm Cu PVC armoured cable as per IS 694,3C 35 sqmm PVC armoured cable,PVC armoured cable,PVC cable
RFP_3586,FRLS 500V 24C 1.5 sqmm Cu PVC armoured cable as per BS 5308-1,FRLS 500V PVC armoured cable,FRLS PVC cable,FRLS cable
RFP_3587,FR 300V 1C 0.75 sqmm Cu PVC armoured cable as per IEC 60502-1,FR 300V 0.75 sqmm cable as per IEC 60502-1,0.75 sqmm cable as per IEC 60502-1,0.75 sqmm cable
RFP_3588,FR 300V 8C 0.5 sqmm Cu PVC armoured cable as per IEC 60502-1,FR Cu PVC cable as per IEC 60502-1,PVC cable as per IEC 60502-1,PVC cable
RFP_3589,440V 6C 1.5 sqmm Cu PVC armoured cable as per IS 1554,1.5 sqmm Cu armoured cable as per IS 1554,armoured cable as per IS 1554,armoured cable
RFP_3590,FRLS 500V 3C 6 sqmm Cu XLPE armoured cable as per IEC 60502-1,500V 3C Cu armoured cable,500V Cu cable,Cu cable
RFP_3591,FR 440V 12C 1.5 sqmm Cu XLPE armoured cable as per IS 694,12C 1.5 sqmm Cu XLPE cable,Cu XLPE cable,XLPE cable
RFP_3592,500V 14C 6 sqmm Cu XLPE armoured cable as per IEC 60502-1,500V 14C Cu XLPE cable,500V 14C cable,14C cable
RFP_3593,FR 1.1kV 12C 1 sqmm Cu PVC armoured cable as per IEC 60502-1,FR 12C PVC cable as per IEC 60502-1,12C PVC cable,PVC cable
RFP_3594,FR 300V 16C 1 sqmm Cu PVC armoured cable as per BS 5308-1,FR 16C 1 sqmm armoured cable,FR 1 sqmm cable,FR cable
RFP_3595,FRLS 500V 12C 4 sqmm Cu XLPE armoured cable as per IS 1554,500V 12C Cu cable as per IS 1554,12C cable as per IS 1554,12C cable
RFP_3596,FR 1.1kV 27C 1 sqmm Cu XLPE armoured cable as per IEC 60502-1,27C 1 sqmm XLPE cable as per IEC 60502-1,1 sqmm cable as per IEC 60502-1,1 sqmm cable
RFP_3597,FR 1.1kV 20C 0.75 sqmm Cu PVC armoured cable as per BS 5308-1,FR 1.1kV 20C Cu cable,1.1kV Cu cable,Cu cable
RFP_3598,LSZH 300V 1C 1.5 sqmm Cu PVC armoured cable as per BS 5308-1,300V 1C 1.5 sqmm armoured cable,300V armoured cable,300V cable
RFP_3599,300V 12C 1 sqmm Cu XLPE armoured cable as per IEC 60502-1,1 sqmm Cu XLPE armoured cable,Cu armoured cable,Cu cable
RFP_3600,1.1kV 12C 1.5 sqmm Cu PVC armoured cable as per IEC 60502-1,1.1kV PVC armoured cable as per IEC 60502-1,PVC armoured cable,armoured cable
RFP_3601,440V 3C 10 sqmm Al XLPE armoured cable as per IS 694,3C Al XLPE armoured cable,XLPE armoured cable,armoured cable
RFP_3602,LSZH 500V 8C 1.5 sqmm Cu PVC armoured cable as per IEC 60502-1,LSZH 500V PVC armoured cable,LSZH armoured cable,armoured cable
RFP_3603,FRLS 110kV 1C 185 sqmm Cu XLPE armoured cable as per IEC 60840,FRLS 185 sqmm XLPE cable as per IEC 60840,FRLS 185 sqmm cable,FRLS cable
RFP_3604,LSZH 1.1kV 5C 2.5 sqmm Cu PVC armoured cable as per IS 1554,LSZH Cu PVC armoured cable,LSZH armoured cable,armoured cable
RFP_3605,FR 1.1kV 4C 6 sqmm Cu PVC armoured cable as per IS 1554,FR Cu PVC cable as per IS 1554,FR Cu cable,Cu cable
RFP_3606,ZH 440V 3C 16 sqmm Cu XLPE armoured cable as per IEC 60245,ZH 3C Cu cable as per IEC 60245,ZH cable as per IEC 60245,cable as per IEC 60245
RFP_3607,FR 1.1kV 27C 4 sqmm Cu PVC armoured cable as per IEC 60502-1,FR 1.1kV Cu armoured cable,FR armoured cable,FR cable
RFP_3608,Fire Survival 440V 3C 2.5 sqmm Cu Mineral (MI) armoured cable as per IEC 60331,Fire Survival 3C 2.5 sqmm Cu Mineral (MI) cable,Fire Survival 3C Mineral (MI) cable,3C Mineral (MI) cable
RFP_3609,FRLS 1.1kV 8C 1.5 sqmm Cu PVC armoured cable as per IEC 60502-1,FRLS 1.1kV 8C 1.5 sqmm cable,FRLS 1.5 sqmm cable,FRLS cable
RFP_3610,FR 110kV 1C 800 sqmm Cu XLPE armoured cable as per IEC 60840,1C Cu XLPE armoured cable,1C XLPE cable,1C cable
RFP_3611,LSZH 1.1kV 5C 1 sqmm Cu PVC armoured cable as per BS 5308,1.1kV 5C armoured cable as per BS 5308,1.1kV cable as per BS 5308,cable as per BS 5308
RFP_3612,LSZH 1.1kV 24C 2.5 sqmm Cu XLPE armoured cable as per BS 5308-1,1.1kV Cu armoured cable as per BS 5308-1,1.1kV armoured cable,1.1kV cable
RFP_3613,FR 1.1kV 4C 6 sqmm Cu PVC armoured cable as per IS 9968,FR 6 sqmm PVC armoured cable,FR armoured cable,FR cable
RFP_3614,Fire Survival 1.1kV 4C 10 sqmm Cu Mineral (MI) armoured cable as per IS 17048,Fire Survival 4C Cu Mineral (MI) cable as per IS 17048,Fire Survival Mineral (MI) cable as per IS 17048,Mineral (MI) cable as per IS 17048
RFP_3615,LSZH 300V 10C 0.5 sqmm Cu XLPE armoured cable as per BS 5308-1,300V 10C XLPE cable as per BS 5308-1,300V cable as per BS 5308-1,300V cable
RFP_3616,1.1kV 2C 6 sqmm Cu PVC armoured cable as per IEC 60502-1,2C Cu PVC cable as per IEC 60502-1,PVC cable as per IEC 60502-1,PVC cable
RFP_3617,FR 66kV 1C 300 sqmm Al XLPE armoured cable as per IEC 60840,FR 66kV 300 sqmm Al cable,FR 300 sqmm cable,300 sqmm cable
RFP_3618,3.3kV 1C 95 sqmm Al XLPE armoured cable as per IEC 60502-1,3.3kV Al XLPE armoured cable,XLPE armoured cable,armoured cable
RFP_3619,Fire Survival 1.1kV 1C 16 sqmm Cu Mineral (MI) armoured cable as per IS 17048,Fire Survival 1C 16 sqmm Mineral (MI) cable as per IS 17048,Fire Survival Mineral (MI) cable as per IS 17048,Mineral (MI) cable as per IS 17048
RFP_3620,ZH 440V 2C 1000 sqmm Al XLPE armoured cable as per IS 694,ZH 440V 2C 1000 sqmm cable,440V 2C cable,2C cable
RFP_3621,500V 20C 0.75 sqmm Cu PVC armoured cable as per BS 5308-1,Cu PVC armoured cable as per BS 5308-1,PVC armoured cable,armoured cable
RFP_3622,LSZH 440V 2C 1 sqmm Cu XLPE armoured cable as per IS 1554,2C Cu XLPE armoured cable,2C armoured cable,2C cable
RFP_3623,Fire Survival 1.1kV 2C 4 sqmm Cu XLPE armoured cable as per BS 6387,1.1kV 2C XLPE cable as per BS 6387,2C cable as per BS 6387,2C cable
RFP_3624,LSZH 500V 1C 1.5 sqmm Cu PVC armoured cable as per BS 5308-1,LSZH 500V PVC armoured cable,500V PVC cable,PVC cable
RFP_3625,1.1kV 4C 500 sqmm Cu XLPE armoured cable as per IEC 60502-1,4C 500 sqmm XLPE cable as per IEC 60502-1,XLPE cable as per IEC 60502-1,cable as per IEC 60502-1
RFP_3626,6.6kV 1C 240 sqmm Al XLPE armoured cable as per IS 7098-1,240 sqmm Al armoured cable as per IS 7098-1,240 sqmm cable as per IS 7098-1,cable as per IS 7098-1
RFP_3627,FR 500V 5C 2.5 sqmm Cu PVC armoured cable as per IEC 60245,FR 2.5 sqmm Cu PVC cable,Cu PVC cable,PVC cable
RFP_3628,FRLS 22kV 1C 70 sqmm Al XLPE armoured cable as per IS 7098-2,70 sqmm Al XLPE cable as per IS 7098-2,Al XLPE cable,Al cable
RFP_3629,LSZH 1.1kV 14C 4 sqmm Cu PVC armoured cable as per BS 5308,LSZH 4 sqmm PVC cable as per BS 5308,LSZH 4 sqmm cable,LSZH cable
RFP_3630,500V 2C 120 sqmm Cu XLPE armoured cable as per IS 1554,500V 2C 120 sqmm XLPE cable,120 sqmm XLPE cable,120 sqmm cable
RFP_3631,Fire Survival 1.1kV 1C 1.5 sqmm Cu Mineral (MI) armoured cable as per IS 17048,Fire Survival 1.1kV 1C 1.5 sqmm Mineral (MI) cable,1.1kV 1.5 sqmm Mineral (MI) cable,1.5 sqmm Mineral (MI) cable
RFP_3632,LSZH 66kV 1C 500 sqmm Al XLPE armoured cable as per IEC 60840,LSZH 500 sqmm Al XLPE cable,LSZH 500 sqmm cable,LSZH cable
RFP_3633,FR 440V 4C 10 sqmm Cu PVC armoured cable as per IS 694,440V Cu armoured cable as per IS 694,440V cable as per IS 694,440V cable
RFP_3634,FRLS 3.3kV 1C 240 sqmm Cu EPR armoured cable as per IS 7098-1,3.3kV 240 sqmm armoured cable as per IS 7098-1,armoured cable as per IS 7098-1,cable as per IS 7098-1
RFP_3635,FRLS 440V 5C 1 sqmm Cu PVC armoured cable as per IS 9968,440V 5C 1 sqmm Cu cable,1 sqmm Cu cable,Cu cable
RFP_3636,FRLS 440V 5C 35 sqmm Cu XLPE armoured cable as per IS 9968,440V Cu XLPE cable as per IS 9968,XLPE cable as per IS 9968,cable as per IS 9968
RFP_3637,500V 10C 1.5 sqmm Cu PVC armoured cable as per BS 5308-1,500V 10C PVC armoured cable,10C PVC cable,PVC cable
RFP_3638,FRLS 110kV 1C 1000 sqmm Al XLPE armoured cable as per IEC 60840,1C Al XLPE cable as per IEC 60840,XLPE cable as per IEC 60840,XLPE cable
RFP_3639,FR 440V 2C 25 sqmm Al XLPE armoured cable as per IS 1554,Al XLPE armoured cable as per IS 1554,Al armoured cable,Al cable
RFP_3640,LSZH 1.1kV 12C 0.75 sqmm Cu XLPE armoured cable as per IEC 60502-1,LSZH 12C 0.75 sqmm Cu cable,LSZH Cu cable,LSZH cable
RFP_3641,LSZH 500V 6C 1.5 sqmm Cu PVC armoured cable as per IEC 60502-1,500V 6C armoured cable as per IEC 60502-1,6C armoured cable,6C cable
RFP_3642,ZH 1.1kV 3C 2.5 sqmm Cu XLPE armoured cable as per IS 9968,ZH 1.1kV 2.5 sqmm armoured cable,1.1kV armoured cable,armoured cable
RFP_3643,Fire Survival 1.1kV 1C 50 sqmm Cu Mineral (MI) armoured cable as per IEC 60331,1.1kV 50 sqmm Mineral (MI) armoured cable as per IEC 60331,1.1kV Mineral (MI) armoured cable,Mineral (MI) armoured cable
RFP_3644,500V 8C 1 sqmm Cu XLPE armoured cable as per IS 1554,500V 1 sqmm XLPE armoured cable,1 sqmm XLPE cable,XLPE cable
RFP_3645,FRLS 440V 14C 1 sqmm Cu XLPE armoured cable as per IS 1554,14C XLPE armoured cable as per IS 1554,XLPE armoured cable,armoured cable
RFP_3646,FRLS 600V 3.5C 1000 sqmm Cu PVC armoured cable as per IEC 60502-1,FRLS 600V 3. Cu PVC cable,600V 3. Cu cable,3. Cu cable
RFP_3647,LSZH 500V 10C 2.5 sqmm Cu XLPE armoured cable as per IS 1554,LSZH 500V 10C 2.5 sqmm cable,500V 10C cable,500V cable
RFP_3648,500V 10C 0.75 sqmm Cu XLPE armoured cable as per BS 5308-1,500V 10C 0.75 sqmm XLPE cable,0.75 sqmm XLPE cable,XLPE cable
RFP_3649,FRLS 500V 6C 0.75 sqmm Cu XLPE armoured cable as per IEC 60502-1,6C XLPE armoured cable as per IEC 60502-1,XLPE cable as per IEC 60502-1,cable as per IEC 60502-1
RFP_3650,440V 14C 1 sqmm Cu PVC armoured cable as per IS 694,440V 14C armoured cable as per IS 694,armoured cable as per IS 694,armoured cable
RFP_3651,FRLS 500V 24C 1 sqmm Cu PVC armoured cable as per IEC 60502-1,500V 24C PVC cable as per IEC 60502-1,500V 24C cable,500V cable
RFP_3652,Fire Survival 440V 3C 50 sqmm Cu Mineral (MI) armoured cable as per IEC 60331,Fire Survival 3C 50 sqmm Mineral (MI) armoured cable,50 sqmm Mineral (MI) armoured cable,Mineral (MI) armoured cable
RFP_3653,FR 132kV 1C 800 sqmm Al XLPE armoured cable as per IEC 60840,FR 132kV 1C cable as per IEC 60840,132kV cable as per IEC 60840,cable as per IEC 60840
RFP_3654,1.1kV 24C 1 sqmm Cu PVC armoured cable as per IEC 60502-1,24C Cu PVC cable as per IEC 60502-1,24C Cu cable,Cu cable
RFP_3655,Fire Survival 440V 4C 10 sqmm Cu XLPE armoured cable as per IEC 60331,Fire Survival 440V 4C armoured cable,Fire Survival 4C cable,Fire Survival cable
RFP_3656,220kV 1C 185 sqmm Cu XLPE armoured cable as per IEC 62067,Cu XLPE armoured cable as per IEC 62067,Cu XLPE cable,XLPE cable
RFP_3657,FR 440V 14C 1 sqmm Cu XLPE armoured cable as per IS 694,FR 440V 1 sqmm Cu cable,FR 1 sqmm cable,FR cable
RFP_3658,1.1kV 20C 1 sqmm Cu PVC armoured cable as per IS 1554,1.1kV 20C 1 sqmm armoured cable,1.1kV 1 sqmm cable,1.1kV cable
RFP_3659,500V 3.5C 150 sqmm Al XLPE armoured cable as per IEC 60502-1,500V 3.5C Al cable as per IEC 60502-1,500V 3. cable as per IEC 60502-1,3. cable as per IEC 60502-1
RFP_3660,Fire Survival 440V 2C 120 sqmm Cu XLPE armoured cable as per BS 6387,440V 120 sqmm Cu armoured cable,120 sqmm Cu cable,120 sqmm cable
RFP_3661,FRLS 1.1kV 3C 2.5 sqmm Cu PVC armoured cable as per IEC 60502-1,3C 2.5 sqmm PVC armoured cable,3C 2.5 sqmm cable,3C cable
RFP_3662,22kV 3C 50 sqmm Cu XLPE armoured cable as per IEC 60502-2,22kV 3C Cu armoured cable,22kV Cu cable,22kV cable
RFP_3663,FR 440V 5C 1 sqmm Cu XLPE armoured cable as per IS 694,440V 1 sqmm XLPE cable as per IS 694,1 sqmm cable as per IS 694,cable as per IS 694
RFP_3664,FR 1.1kV 6C 6 sqmm Cu PVC armoured cable as per IEC 60502-1,1.1kV 6 sqmm PVC armoured cable,6 sqmm armoured cable,6 sqmm cable
RFP_3665,FR 220kV 1C 400 sqmm Cu XLPE armoured cable as per IEC 62067,220kV Cu armoured cable as per IEC 62067,armoured cable as per IEC 62067,cable as per IEC 62067
RFP_3666,FRLS 500V 8C 0.5 sqmm Cu PVC armoured cable as per BS 5308-1,FRLS Cu PVC cable as per BS 5308-1,FRLS PVC cable,PVC cable
RFP_3667,110kV 1C 300 sqmm Cu XLPE armoured cable as per IEC 60840,110kV 300 sqmm Cu cable as per IEC 60840,300 sqmm Cu cable,Cu cable
RFP_3668,LSZH 1.1kV 19C 4 sqmm Cu PVC armoured cable as per IEC 60502-1,LSZH PVC armoured cable as per IEC 60502-1,LSZH armoured cable,LSZH cable
RFP_3669,FRLS 500V 30C 1 sqmm Cu XLPE armoured cable as per IEC 60502-1,500V 30C 1 sqmm cable as per IEC 60502-1,500V 30C cable,500V cable
RFP_3670,LSZH 1.1kV 2C 1 sqmm Cu XLPE armoured cable as per IS 1554,1.1kV 2C XLPE armoured cable,1.1kV 2C cable,1.1kV cable
RFP_3671,FR 500V 12C 2.5 sqmm Cu PVC armoured cable as per IEC 60502-1,FR Cu armoured cable as per IEC 60502-1,Cu cable as per IEC 60502-1,cable as per IEC 60502-1
RFP_3672,FRLS 500V 8C 1.5 sqmm Cu XLPE armoured cable as per IEC 60502-1,500V 8C 1.5 sqmm cable as per IEC 60502-1,8C cable as per IEC 60502-1,cable as per IEC 60502-1
RFP_3673,FRLS 440V 19C 1 sqmm Cu PVC armoured cable as per IS 1554,FRLS PVC armoured cable as per IS 1554,FRLS PVC cable,PVC cable
RFP_3674,Fire Survival 440V 2C 1.5 sqmm Cu Mineral (MI) armoured cable as per IEC 60331,Fire Survival 1.5 sqmm Cu Mineral (MI) armoured cable,1.5 sqmm Mineral (MI) armoured cable,Mineral (MI) armoured cable
RFP_3675,LSZH 220kV 1C 400 sqmm Cu XLPE armoured cable as per IEC 62067,220kV Cu XLPE armoured cable,220kV armoured cable,armoured cable
RFP_3676,LSZH 400kV 1C 185 sqmm Al XLPE armoured cable as per IEC 62067,LSZH 400kV Al armoured cable,LSZH armoured cable,armoured cable
RFP_3677,FR 500V 6C 2.5 sqmm Cu XLPE armoured cable as per BS 5308-1,500V 2.5 sqmm XLPE cable as per BS 5308-1,2.5 sqmm XLPE cable,2.5 sqmm cable
RFP_3678,6.6kV 1C 95 sqmm Cu EPR armoured cable as per IS 7098-1,6.6kV 95 sqmm Cu armoured cable,6.6kV armoured cable,6.6kV cable
RFP_3679,FRLS 1.1kV 16C 1 sqmm Cu PVC armoured cable as per IEC 60502-1,1.1kV Cu armoured cable as per IEC 60502-1,Cu armoured cable,armoured cable
RFP_3680,ZH 110kV 1C 500 sqmm Cu XLPE armoured cable as per IEC 60840,110kV 500 sqmm Cu XLPE cable,110kV XLPE cable,XLPE cable
RFP_3681,FRLS 440V 10C 1.5 sqmm Cu PVC armoured cable as per IS 1554,FRLS 10C 1.5 sqmm Cu cable,10C Cu cable,Cu cable
RFP_3682,LSZH 440V 12C 1.5 sqmm Cu PVC armoured cable as per IS 694,LSZH 440V 12C PVC cable,12C PVC cable,12C cable
RFP_3683,400kV 1C 300 sqmm Al XLPE armoured cable as per IEC 62067,1C Al XLPE armoured cable,Al armoured cable,armoured cable
RFP_3684,LSZH 500V 24C 0.5 sqmm Cu PVC armoured cable as per IEC 60502-1,500V 0.5 sqmm armoured cable as per IEC 60502-1,500V cable as per IEC 60502-1,500V cable
RFP_3685,ZH 440V 4C 6 sqmm Cu XLPE armoured cable as per IS 9968,ZH 6 sqmm XLPE cable as per IS 9968,6 sqmm cable as per IS 9968,cable as per IS 9968
RFP_3686,110kV 1C 800 sqmm Cu XLPE armoured cable as per IEC 60840,110kV 1C 800 sqmm armoured cable,110kV 1C cable,1C cable
RFP_3687,600V 3.5C 150 sqmm Cu PVC armoured cable as per IS 694,600V 3. 150 sqmm Cu PVC cable,3. Cu PVC cable,3. PVC cable
RFP_3688,1.1kV 16C 1.5 sqmm Cu PVC armoured cable as per BS 5308-1,1.5 sqmm Cu armoured cable as per BS 5308-1,1.5 sqmm cable as per BS 5308-1,cable as per BS 5308-1
RFP_3689,600V 3.5C 2.5 sqmm Cu XLPE armoured cable as per IS 694,3.5C 2.5 sqmm Cu XLPE cable,3.5C Cu cable,3.5C cable
RFP_3690,FR 440V 2C 1.5 sqmm Cu PVC armoured cable as per IEC 60245,FR 2C Cu cable as per IEC 60245,FR cable as per IEC 60245,FR cable
RFP_3691,LSZH 220kV 1C 800 sqmm Al XLPE armoured cable as per IEC 62067,220kV Al XLPE armoured cable,220kV Al cable,220kV cable
RFP_3692,500V 19C 1 sqmm Cu XLPE armoured cable as per IEC 60502-1,500V 1 sqmm XLPE cable as per IEC 60502-1,500V 1 sqmm cable,1 sqmm cable
RFP_3693,LSZH 1.1kV 4C 1 sqmm Cu PVC armoured cable as per IS 1554,LSZH 4C 1 sqmm Cu cable,LSZH 1 sqmm cable,1 sqmm cable
RFP_3694,LSZH 440V 6C 6 sqmm Cu XLPE armoured cable as per IS 1554,6C 6 sqmm XLPE cable as per IS 1554,XLPE cable as per IS 1554,cable as per IS 1554
RFP_3695,FRLS 440V 2C 25 sqmm Al PVC armoured cable as per IEC 60502-1,2C 25 sqmm armoured cable as per IEC 60502-1,2C armoured cable,armoured cable
RFP_3696,LSZH 1.1kV 27C 4 sqmm Cu PVC armoured cable as per BS 5308,1.1kV 27C 4 sqmm armoured cable,4 sqmm armoured cable,armoured cable
RFP_3697,FRLS 110kV 1C 1000 sqmm Cu XLPE armoured cable as per IEC 60840,1000 sqmm Cu XLPE cable as per IEC 60840,Cu XLPE cable,XLPE cable
RFP_3698,LSZH 500V 12C 0.75 sqmm Cu PVC armoured cable as per BS 5308-1,LSZH 500V Cu cable as per BS 5308-1,LSZH Cu cable,Cu cable
RFP_3699,LSZH 600V 3.5C 35 sqmm Al PVC armoured cable as per IS 694,LSZH 600V 3. armoured cable as per IS 694,3. armoured cable as per IS 694,3. armoured cable
RFP_3700,300V 12C 0.5 sqmm Cu XLPE armoured cable as per BS 5308-1,300V Cu XLPE armoured cable,Cu XLPE cable,XLPE cable
RFP_3701,ZH 220kV 1C 240 sqmm Cu XLPE armoured cable as per IEC 62067,220kV 1C 240 sqmm XLPE cable,220kV XLPE cable,XLPE cable
RFP_3702,LSZH 1.1kV 10C 1 sqmm Cu PVC armoured cable as per IEC 60502-1,LSZH PVC armoured cable as per IEC 60502-1,PVC cable as per IEC 60502-1,PVC cable
RFP_3703,FRLS 300V 10C 2.5 sqmm Cu PVC armoured cable as per BS 5308-1,10C 2.5 sqmm Cu PVC cable,2.5 sqmm PVC cable,PVC cable
RFP_3704,ZH 22kV 1C 70 sqmm Cu XLPE armoured cable as per IEC 60502-2,1C 70 sqmm Cu XLPE cable,1C Cu cable,Cu cable
RFP_3705,132kV 1C 400 sqmm Cu XLPE armoured cable as per IEC 60840,132kV 1C XLPE cable as per IEC 60840,XLPE cable as per IEC 60840,XLPE cable
RFP_3706,440V 4C 1.5 sqmm Cu PVC armoured cable as per IS 9968,1.5 sqmm Cu PVC armoured cable,Cu armoured cable,armoured cable
RFP_3707,FR 440V 2C 0.75 sqmm Cu PVC armoured cable as per IS 9968,440V Cu PVC cable as per IS 9968,Cu cable as per IS 9968,cable as per IS 9968
RFP_3708,FR 11kV 3C 120 sqmm Al XLPE armoured cable as per IEC 60502-1,FR 120 sqmm Al XLPE cable,FR XLPE cable,FR cable
RFP_3709,Fire Survival 440V 3C 120 sqmm Cu Mineral (MI) armoured cable as per IEC 60331,Fire Survival 440V 3C Mineral (MI) cable as per IEC 60331,Fire Survival 3C Mineral (MI) cable,Fire Survival Mineral (MI) cable
RFP_3710,FRLS 220kV 1C 630 sqmm Cu XLPE armoured cable as per IEC 62067,220kV Cu XLPE cable as per IEC 62067,220kV cable as per IEC 62067,cable as per IEC 62067
RFP_3711,FR 300V 16C 0.5 sqmm Cu XLPE armoured cable as per BS 5308-1,FR Cu armoured cable as per BS 5308-1,armoured cable as per BS 5308-1,armoured cable
RFP_3712,FR 300V 12C 0.75 sqmm Cu PVC armoured cable as per BS 5308-1,FR PVC armoured cable as per BS 5308-1,FR armoured cable,armoured cable
RFP_3713,LSZH 1.1kV 30C 2.5 sqmm Cu XLPE armoured cable as per IS 1554,30C 2.5 sqmm XLPE cable as per IS 1554,XLPE cable as per IS 1554,cable as per IS 1554
RFP_3714,Fire Survival 1.1kV 3C 10 sqmm Cu Mineral (MI) armoured cable as per IEC 60331,10 sqmm Cu Mineral (MI) armoured cable as per IEC 60331,Cu Mineral (MI) armoured cable,Cu Mineral (MI) cable
RFP_3715,FR 1.1kV 24C 6 sqmm Cu XLPE armoured cable as per IEC 60502-1,FR 1.1kV 24C Cu cable,1.1kV Cu cable,1.1kV cable
RFP_3716,440V 6C 6 sqmm Cu PVC armoured cable as per IS 1554,440V Cu PVC armoured cable,Cu armoured cable,Cu cable
RFP_3717,FR 500V 1C 2.5 sqmm Cu XLPE armoured cable as per IEC 60502-1,1C 2.5 sqmm Cu XLPE cable,Cu XLPE cable,XLPE cable
RFP_3718,FRLS 500V 24C 4 sqmm Cu PVC armoured cable as per IS 1554,500V 24C 4 sqmm Cu cable,24C Cu cable,Cu cable
RFP_3719,300V 20C 1 sqmm Cu XLPE armoured cable as per BS 5308-1,300V 1 sqmm XLPE cable as per BS 5308-1,300V cable as per BS 5308-1,300V cable
RFP_3720,FRLS 440V 3.5C 2.5 sqmm Cu PVC armoured cable as per IS 694,3. 2.5 sqmm Cu armoured cable as per IS 694,3. Cu armoured cable,3. armoured cable
RFP_3721,500V 2C 10 sqmm Cu PVC armoured cable as per IS 694,500V 2C 10 sqmm armoured cable,500V 10 sqmm cable,10 sqmm cable
RFP_3722,FR 440V 2C 6 sqmm Al XLPE armoured cable as per IEC 60502-1,FR 440V 6 sqmm XLPE cable,440V 6 sqmm cable,6 sqmm cable
RFP_3723,FR 500V 8C 0.75 sqmm Cu PVC armoured cable as per IEC 60502-1,500V 8C PVC armoured cable,500V PVC cable,PVC cable
RFP_3724,FR 300V 2C 0.5 sqmm Cu XLPE armoured cable as per IEC 60502-1,FR 300V XLPE armoured cable,FR armoured cable,FR cable
RFP_3725,LSZH 500V 2C 2.5 sqmm Cu XLPE armoured cable as per BS 5308-1,500V 2C 2.5 sqmm Cu cable,500V Cu cable,Cu cable
RFP_3726,LSZH 22kV 3C 400 sqmm Al XLPE armoured cable as per IS 7098-2,LSZH 400 sqmm armoured cable as per IS 7098-2,LSZH 400 sqmm cable,LSZH cable
RFP_3727,FRLS 500V 30C 1 sqmm Cu PVC armoured cable as per IEC 60502-1,500V 30C Cu PVC cable,500V Cu cable,500V cable
RFP_3728,500V 2C 4 sqmm Cu PVC armoured cable as per IS 1554,500V 2C Cu cable as per IS 1554,2C Cu cable,2C cable
RFP_3729,FR 440V 10C 1 sqmm Cu PVC armoured cable as per IS 694,FR 10C 1 sqmm Cu cable,10C Cu cable,Cu cable
RFP_3730,66kV 1C 400 sqmm Al XLPE armoured cable as per IS 7098-3,66kV 1C XLPE armoured cable,1C armoured cable,armoured cable
RFP_3731,ZH 600V 2C 400 sqmm Cu XLPE armoured cable as per IS 694,ZH XLPE armoured cable as per IS 694,XLPE armoured cable,XLPE cable
RFP_3732,Fire Survival 440V 3C 6 sqmm Cu Mineral (MI) armoured cable as per IEC 60331,Fire Survival 3C 6 sqmm Mineral (MI) cable as per IEC 60331,Fire Survival 3C Mineral (MI) cable,Fire Survival Mineral (MI) cable
RFP_3733,FRLS 500V 3C 4 sqmm Cu PVC armoured cable as per IS 694,FRLS 3C 4 sqmm armoured cable,3C armoured cable,armoured cable
RFP_3734,Fire Survival 440V 1C 35 sqmm Cu XLPE armoured cable as per BS 6387,Fire Survival 440V 1C 35 sqmm cable,440V 1C cable,440V cable
RFP_3735,LSZH 300V 8C 1.5 sqmm Cu XLPE armoured cable as per IEC 60502-1,LSZH 8C Cu armoured cable,Cu armoured cable,armoured cable
RFP_3736,FR 440V 2C 6 sqmm Cu XLPE armoured cable as per IS 1554,FR 2C Cu XLPE cable,FR Cu cable,Cu cable
RFP_3737,FR 1.1kV 4C 4 sqmm Cu PVC armoured cable as per IEC 60502-1,1.1kV 4 sqmm PVC armoured cable,1.1kV armoured cable,armoured cable
RFP_3738,LSZH 11kV 3C 400 sqmm Al XLPE armoured cable as per IEC 60502-1,LSZH Al XLPE armoured cable,Al armoured cable,Al cable
RFP_3739,FR 6.6kV 3C 400 sqmm Cu EPR armoured cable as per IEC 60502-1,400 sqmm Cu EPR cable as per IEC 60502-1,400 sqmm Cu cable,400 sqmm cable
RFP_3740,FRLS 1.1kV 1C 50 sqmm Cu PVC armoured cable as per IEC 60502-1,FRLS 1C 50 sqmm armoured cable,FRLS armoured cable,FRLS cable
RFP_3741,ZH 500V 3.5C 240 sqmm Al XLPE armoured cable as per IS 1554,ZH 3.5C 240 sqmm cable as per IS 1554,ZH 3. cable as per IS 1554,ZH 3. cable
RFP_3742,FR 500V 8C 1.5 sqmm Cu PVC armoured cable as per IS 1554,500V Cu PVC cable as per IS 1554,Cu cable as per IS 1554,Cu cable
RFP_3743,FR 400kV 1C 240 sqmm Al XLPE armoured cable as per IEC 62067,FR 400kV armoured cable as per IEC 62067,FR armoured cable,FR cable
RFP_3744,600V 4C 2.5 sqmm Cu PVC armoured cable as per IS 694,4C 2.5 sqmm Cu armoured cable,2.5 sqmm Cu cable,2.5 sqmm cable
RFP_3745,440V 7C 1.5 sqmm Cu PVC armoured cable as per IS 1554,440V 1.5 sqmm Cu PVC cable,440V PVC cable,PVC cable
RFP_3746,440V 4C 2.5 sqmm Cu XLPE armoured cable as per IS 694,4C 2.5 sqmm Cu armoured cable,2.5 sqmm armoured cable,armoured cable
RFP_3747,FR 500V 1C 0.5 sqmm Cu XLPE armoured cable as per IEC 60502-1,500V 1C 0.5 sqmm armoured cable,500V armoured cable,500V cable
RFP_3748,LSZH 500V 20C 0.5 sqmm Cu XLPE armoured cable as per IEC 60502-1,500V 0.5 sqmm Cu armoured cable,0.5 sqmm armoured cable,0.5 sqmm cable
RFP_3749,FRLS 500V 2C 240 sqmm Cu XLPE armoured cable as per IEC 60502-1,2C 240 sqmm Cu XLPE cable,240 sqmm Cu cable,240 sqmm cable
RFP_3750,LSZH 1.1kV 6C 4 sqmm Cu PVC armoured cable as per BS 5308,LSZH 6C 4 sqmm cable as per BS 5308,6C 4 sqmm cable,4 sqmm cable
RFP_3751,400kV 1C 185 sqmm Cu XLPE armoured cable as per IEC 62067,400kV Cu armoured cable as per IEC 62067,Cu armoured cable,Cu cable
RFP_3752,500V 8C 4 sqmm Cu XLPE armoured cable as per IS 1554,8C 4 sqmm XLPE cable as per IS 1554,8C XLPE cable,XLPE cable
RFP_3753,LSZH 500V 2C 4 sqmm Cu PVC armoured cable as per IEC 60502-1,4 sqmm Cu PVC armoured cable,4 sqmm Cu cable,4 sqmm cable
RFP_3754,FRLS 1.1kV 12C 2.5 sqmm Cu PVC armoured cable as per IEC 60502-1,FRLS 1.1kV 2.5 sqmm PVC cable,FRLS 1.1kV cable,FRLS cable
RFP_3755,FR 500V 3C 1 sqmm Cu PVC armoured cable as per IEC 60245,500V Cu PVC cable as per IEC 60245,Cu PVC cable,PVC cable
RFP_3756,440V 16C 1 sqmm Cu XLPE armoured cable as per IS 694,440V 1 sqmm XLPE armoured cable,440V 1 sqmm cable,440V cable
RFP_3757,FR 1.1kV 1C 10 sqmm Cu PVC armoured cable as per IS 1554,FR 1.1kV 1C Cu cable,1C Cu cable,Cu cable
RFP_3758,Fire Survival 440V 4C 1.5 sqmm Cu Mineral (MI) armoured cable as per BS 6387,4C 1.5 sqmm Cu Mineral (MI) armoured cable,4C Mineral (MI) armoured cable,4C Mineral (MI) cable
RFP_3759,FRLS 1.1kV 14C 6 sqmm Cu PVC armoured cable as per BS 5308,FRLS Cu PVC armoured cable,FRLS armoured cable,FRLS cable
RFP_3760,FR 66kV 1C 240 sqmm Al XLPE armoured cable as per IEC 60840,1C Al armoured cable as per IEC 60840,Al cable as per IEC 60840,Al cable
RFP_3761,LSZH 6.6kV 1C 185 sqmm Al EPR armoured cable as per IS 7098-1,LSZH 185 sqmm Al cable as per IS 7098-1,LSZH 185 sqmm cable,185 sqmm cable
RFP_3762,Fire Survival 440V 1C 10 sqmm Cu XLPE armoured cable as per BS 6387,1C 10 sqmm armoured cable as per BS 6387,10 sqmm cable as per BS 6387,cable as per BS 6387
RFP_3763,LSZH 440V 4C 0.75 sqmm Cu XLPE armoured cable as per IS 694,LSZH 0.75 sqmm armoured cable as per IS 694,LSZH armoured cable,LSZH cable
RFP_3764,FR 440V 2C 4 sqmm Cu PVC armoured cable as per IS 1554,FR 440V 4 sqmm armoured cable,FR armoured cable,armoured cable
RFP_3765,LSZH 300V 6C 0.75 sqmm Cu PVC armoured cable as per IEC 60502-1,300V Cu PVC armoured cable,PVC armoured cable,PVC cable
RFP_3766,FRLS 500V 4C 1.5 sqmm Cu PVC armoured cable as per IEC 60502-1,FRLS 1.5 sqmm PVC armoured cable,PVC armoured cable,PVC cable
RFP_3767,FRLS 600V 3.5C 500 sqmm Cu PVC armoured cable as per IEC 60502-1,FRLS 600V 3. 500 sqmm armoured cable,FRLS 600V 3. cable,600V 3. cable
RFP_3768,LSZH 1.1kV 3.5C 1000 sqmm Cu EPR armoured cable as per IS 1554,LSZH 1.1kV 3. EPR cable as per IS 1554,LSZH 1.1kV 3. cable,1.1kV 3. cable
RFP_3769,LSZH 66kV 1C 800 sqmm Al XLPE armoured cable as per IEC 60840,66kV XLPE armoured cable as per IEC 60840,66kV armoured cable,66kV cable
RFP_3770,ZH 110kV 1C 185 sqmm Al XLPE armoured cable as per IEC 60840,110kV 1C armoured cable as per IEC 60840,110kV armoured cable,armoured cable
RFP_3771,LSZH 500V 10C 1 sqmm Cu XLPE armoured cable as per IEC 60502-1,500V 10C 1 sqmm Cu cable,500V 1 sqmm cable,1 sqmm cable
RFP_3772,1.1kV 12C 0.75 sqmm Cu XLPE armoured cable as per IS 1554,1.1kV 12C 0.75 sqmm armoured cable,1.1kV 0.75 sqmm cable,1.1kV cable
RFP_3773,FR 440V 14C 2.5 sqmm Cu PVC armoured cable as per IS 1554,FR 440V 14C 2.5 sqmm cable,440V 2.5 sqmm cable,440V cable
RFP_3774,FRLS 440V 5C 4 sqmm Cu XLPE armoured cable as per IS 9968,FRLS 440V 4 sqmm XLPE cable,FRLS 4 sqmm cable,4 sqmm cable
RFP_3775,Fire Survival 1.1kV 3C 35 sqmm Cu XLPE armoured cable as per IEC 60331,Fire Survival 35 sqmm Cu armoured cable,Fire Survival Cu cable,Cu cable
RFP_3776,FRLS 1.1kV 1C 1.5 sqmm Cu XLPE armoured cable as per BS 5308-1,FRLS 1C armoured cable as per BS 5308-1,FRLS cable as per BS 5308-1,cable as per BS 5308-1
RFP_3777,500V 1C 6 sqmm Cu PVC armoured cable as per IS 694,500V 1C PVC cable as per IS 694,500V PVC cable,500V cable
RFP_3778,Fire Survival 440V 1C 4 sqmm Cu Mineral (MI) armoured cable as per IEC 60331,Fire Survival 440V Cu Mineral (MI) armoured cable,440V Cu Mineral (MI) cable,Cu Mineral (MI) cable
RFP_3779,FRLS 1.1kV 16C 1.5 sqmm Cu PVC armoured cable as per IS 1554,FRLS 1.1kV Cu cable as per IS 1554,1.1kV Cu cable,1.1kV cable
RFP_3780,500V 4C 35 sqmm Cu PVC armoured cable as per IS 694,500V 4C armoured cable as per IS 694,500V armoured cable,armoured cable
RFP_3781,FRLS 500V 6C 2.5 sqmm Cu XLPE armoured cable as per IEC 60502-1,FRLS 500V 2.5 sqmm cable as per IEC 60502-1,2.5 sqmm cable as per IEC 60502-1,2.5 sqmm cable
RFP_3782,500V 4C 0.75 sqmm Cu XLPE armoured cable as per BS 5308-1,500V Cu armoured cable as per BS 5308-1,500V cable as per BS 5308-1,500V cable
RFP_3783,ZH 110kV 1C 185 sqmm Al XLPE armoured cable as per IEC 60840,ZH 185 sqmm Al XLPE cable,185 sqmm XLPE cable,XLPE cable
RFP_3784,FR 500V 27C 2.5 sqmm Cu XLPE armoured cable as per IEC 60502-1,500V 2.5 sqmm Cu armoured cable,2.5 sqmm armoured cable,2.5 sqmm cable
RFP_3785,1.1kV 12C 2.5 sqmm Cu PVC armoured cable as per BS 5308,1.1kV 2.5 sqmm Cu PVC cable,1.1kV 2.5 sqmm cable,1.1kV cable
RFP_3786,LSZH 1.1kV 1C 1.5 sqmm Cu PVC armoured cable as per IEC 60502-1,1.1kV 1C 1.5 sqmm armoured cable,1.1kV 1C cable,1.1kV cable
RFP_3787,FR 1.1kV 16C 1.5 sqmm Cu PVC armoured cable as per BS 5308,16C Cu PVC armoured cable,16C armoured cable,16C cable
RFP_3788,66kV 1C 300 sqmm Al XLPE armoured cable as per IS 7098-3,300 sqmm XLPE armoured cable as per IS 7098-3,armoured cable as per IS 7098-3,armoured cable
RFP_3789,1.1kV 12C 1.5 sqmm Cu XLPE armoured cable as per IS 1554,Cu XLPE armoured cable as per IS 1554,XLPE armoured cable,XLPE cable
RFP_3790,Fire Survival 440V 2C 50 sqmm Cu XLPE armoured cable as per BS 6387,440V 2C 50 sqmm cable as per BS 6387,440V 2C cable,2C cable
RFP_3791,400kV 1C 500 sqmm Cu XLPE armoured cable as per IEC 62067,400kV 1C XLPE cable as per IEC 62067,XLPE cable as per IEC 62067,XLPE cable
RFP_3792,ZH 1.1kV 4C 150 sqmm Al EPR armoured cable as per IEC 60502-1,ZH 1.1kV Al EPR cable,ZH 1.1kV cable,1.1kV cable
RFP_3793,FRLS 132kV 1C 300 sqmm Cu XLPE armoured cable as per IEC 60840,132kV 300 sqmm Cu cable as per IEC 60840,300 sqmm Cu cable,300 sqmm cable
RFP_3794,440V 19C 2.5 sqmm Cu PVC armoured cable as per IS 1554,2.5 sqmm PVC armoured cable as per IS 1554,PVC armoured cable,armoured cable
RFP_3795,FR 300V 10C 1 sqmm Cu XLPE armoured cable as per IEC 60502-1,FR 10C Cu XLPE cable,FR Cu cable,Cu cable
RFP_3796,500V 4C 500 sqmm Al XLPE armoured cable as per IS 694,500V 500 sqmm XLPE armoured cable,500V 500 sqmm cable,500 sqmm cable
RFP_3797,ZH 500V 2C 0.75 sqmm Cu PVC armoured cable as per IS 694,500V 2C Cu PVC cable,500V 2C cable,2C cable
RFP_3798,LSZH 500V 2C 2.5 sqmm Cu XLPE armoured cable as per IEC 60502-1,LSZH 500V 2C armoured cable,2C armoured cable,2C cable
RFP_3799,400kV 1C 800 sqmm Cu XLPE armoured cable as per IEC 62067,800 sqmm XLPE armoured cable as per IEC 62067,XLPE armoured cable,armoured cable
RFP_3800,1.1kV 4C 0.75 sqmm Cu PVC armoured cable as per BS 5308-1,1.1kV 0.75 sqmm PVC cable as per BS 5308-1,1.1kV cable as per BS 5308-1,cable as per BS 5308-1
RFP_3801,LSZH 1.1kV 2C 50 sqmm Cu XLPE armoured cable as per IEC 60502-1,1.1kV 2C 50 sqmm XLPE cable,2C 50 sqmm cable,2C cable
RFP_3802,FRLS 500V 2C 1.5 sqmm Cu XLPE armoured cable as per IEC 60502-1,1.5 sqmm Cu XLPE armoured cable,XLPE armoured cable,armoured cable
RFP_3803,FR 300V 1C 0.5 sqmm Cu PVC armoured cable as per BS 5308-1,300V 0.5 sqmm armoured cable as per BS 5308-1,0.5 sqmm cable as per BS 5308-1,cable as per BS 5308-1
RFP_3804,Fire Survival 1.1kV 4C 6 sqmm Cu XLPE armoured cable as per IS 17048,Fire Survival 1.1kV 6 sqmm XLPE cable,6 sqmm XLPE cable,XLPE cable
RFP_3805,22kV 1C 70 sqmm Al XLPE armoured cable as per IEC 60502-2,1C XLPE armoured cable as per IEC 60502-2,XLPE armoured cable,armoured cable
RFP_3806,FR 1.1kV 10C 1.5 sqmm Cu PVC armoured cable as per IS 1554,10C Cu armoured cable as per IS 1554,Cu armoured cable,armoured cable
RFP_3807,FR 500V 5C 1 sqmm Cu XLPE armoured cable as per IEC 60502-1,500V 5C 1 sqmm cable as per IEC 60502-1,500V 5C cable,5C cable
RFP_3808,300V 24C 0.5 sqmm Cu XLPE armoured cable as per IEC 60502-1,300V Cu XLPE armoured cable,300V armoured cable,300V cable
RFP_3809,440V 12C 1 sqmm Cu PVC armoured cable as per IS 1554,1 sqmm Cu PVC armoured cable,1 sqmm armoured cable,armoured cable
RFP_3810,FRLS 1.1kV 4C 25 sqmm Cu PVC armoured cable as per IS 9968,FRLS 4C PVC cable as per IS 9968,FRLS cable as per IS 9968,FRLS cable
RFP_3811,FR 400kV 1C 500 sqmm Al XLPE armoured cable as per IEC 62067,400kV XLPE armoured cable as per IEC 62067,armoured cable as per IEC 62067,armoured cable
RFP_3812,ZH 500V 5C 10 sqmm Cu PVC armoured cable as per IEC 60245,ZH 500V 5C PVC cable,500V PVC cable,PVC cable
RFP_3813,LSZH 1.1kV 10C 1.5 sqmm Cu XLPE armoured cable as per BS 5308,10C Cu XLPE armoured cable,10C Cu cable,10C cable
RFP_3814,FR 500V 3C 4 sqmm Cu PVC armoured cable as per IEC 60502-1,500V 4 sqmm PVC cable as per IEC 60502-1,PVC cable as per IEC 60502-1,PVC cable
RFP_3815,FRLS 33kV 1C 150 sqmm Cu XLPE armoured cable as per IS 7098-2,1C Cu armoured cable as per IS 7098-2,1C armoured cable,1C cable
RFP_3816,440V 6C 1.5 sqmm Cu PVC armoured cable as per IS 694,6C PVC armoured cable as per IS 694,PVC armoured cable,PVC cable
RFP_3817,FR 1.1kV 16C 6 sqmm Cu XLPE armoured cable as per IEC 60502-1,1.1kV 16C 6 sqmm cable as per IEC 60502-1,16C 6 sqmm cable,6 sqmm cable
RFP_3818,110kV 1C 1000 sqmm Al XLPE armoured cable as per IEC 60840,110kV 1C armoured cable as per IEC 60840,110kV 1C cable,1C cable
RFP_3819,FRLS 1.1kV 14C 1.5 sqmm Cu PVC armoured cable as per IEC 60502-1,1.1kV 14C 1.5 sqmm Cu cable,1.1kV 1.5 sqmm cable,1.5 sqmm cable
RFP_3820,1.1kV 4C 1 sqmm Cu PVC armoured cable as per IS 1554,1 sqmm PVC armoured cable as per IS 1554,1 sqmm cable as per IS 1554,1 sqmm cable
RFP_3821,LSZH 1.1kV 3C 6 sqmm Cu PVC armoured cable as per IS 1554,1.1kV 3C Cu cable as per IS 1554,3C Cu cable,Cu cable
RFP_3822,500V 5C 1 sqmm Cu XLPE armoured cable as per IS 1554,500V Cu XLPE cable as per IS 1554,500V XLPE cable,XLPE cable
RFP_3823,LSZH 500V 2C 2.5 sqmm Cu PVC armoured cable as per IEC 60502-1,LSZH 500V Cu cable as per IEC 60502-1,500V Cu cable,Cu cable
RFP_3824,ZH 6.6kV 1C 185 sqmm Al EPR armoured cable as per IEC 60502-1,6.6kV 185 sqmm EPR armoured cable,6.6kV EPR cable,6.6kV cable
RFP_3825,132kV 1C 800 sqmm Al XLPE armoured cable as per IEC 60840,132kV 1C 800 sqmm XLPE cable,800 sqmm XLPE cable,800 sqmm cable
RFP_3826,FR 440V 4C 6 sqmm Cu XLPE armoured cable as per IS 9968,440V Cu XLPE armoured cable,XLPE armoured cable,armoured cable
RFP_3827,FRLS 500V 30C 2.5 sqmm Cu XLPE armoured cable as per IEC 60502-1,FRLS 30C XLPE cable as per IEC 60502-1,30C XLPE cable,30C cable
RFP_3828,FR 300V 1C 1.5 sqmm Cu XLPE armoured cable as per IEC 60502-1,1.5 sqmm Cu armoured cable as per IEC 60502-1,Cu armoured cable,armoured cable
RFP_3829,FRLS 1.1kV 6C 1 sqmm Cu PVC armoured cable as per IS 1554,1.1kV 6C Cu armoured cable,6C Cu cable,6C cable
RFP_3830,FRLS 300V 2C 0.5 sqmm Cu PVC armoured cable as per IEC 60502-1,300V 2C 0.5 sqmm PVC cable,300V 0.5 sqmm cable,300V cable
RFP_3831,LSZH 440V 30C 2.5 sqmm Cu PVC armoured cable as per IS 1554,LSZH 440V armoured cable as per IS 1554,440V cable as per IS 1554,cable as per IS 1554
RFP_3832,LSZH 1.1kV 5C 1 sqmm Cu XLPE armoured cable as per BS 5308,1.1kV 1 sqmm XLPE armoured cable,XLPE armoured cable,armoured cable
RFP_3833,FR 300V 1C 2.5 sqmm Cu PVC armoured cable as per BS 5308-1,FR 300V 1C armoured cable,FR armoured cable,armoured cable
RFP_3834,FRLS 500V 1C 1.5 sqmm Cu PVC armoured cable as per IS 694,FRLS 500V Cu cable as per IS 694,FRLS Cu cable,Cu cable
RFP_3835,FR 110kV 1C 185 sqmm Al XLPE armoured cable as per IEC 60840,110kV XLPE armoured cable as per IEC 60840,110kV cable as per IEC 60840,110kV cable
RFP_3836,Fire Survival 1.1kV 3C 70 sqmm Cu Mineral (MI) armoured cable as per BS 6387,70 sqmm Cu Mineral (MI) armoured cable as per BS 6387,70 sqmm Mineral (MI) cable as per BS 6387,Mineral (MI) cable as per BS 6387
RFP_3837,FRLS 440V 1C 0.75 sqmm Cu XLPE armoured cable as per IEC 60245,440V 1C Cu armoured cable,Cu armoured cable,Cu cable
RFP_3838,1.1kV 16C 1.5 sqmm Cu XLPE armoured cable as per IEC 60502-1,1.1kV XLPE armoured cable as per IEC 60502-1,1.1kV cable as per IEC 60502-1,cable as per IEC 60502-1
RFP_3839,FRLS 1.1kV 5C 2.5 sqmm Cu XLPE armoured cable as per IS 1554,FRLS 5C XLPE armoured cable,5C XLPE cable,5C cable
RFP_3840,LSZH 500V 16C 2.5 sqmm Cu XLPE armoured cable as per BS 5308-1,16C Cu XLPE cable as per BS 5308-1,Cu cable as per BS 5308-1,cable as per BS 5308-1
RFP_3841,Fire Survival 1.1kV 2C 120 sqmm Cu XLPE armoured cable as per IS 17048,120 sqmm Cu XLPE armoured cable,120 sqmm armoured cable,120 sqmm cable
RFP_3842,FR 1.1kV 5C 1 sqmm Cu PVC armoured cable as per IS 9968,1.1kV Cu armoured cable as per IS 9968,armoured cable as per IS 9968,cable as per IS 9968
RFP_3843,ZH 33kV 3C 300 sqmm Al XLPE armoured cable as per IEC 60502-2,3C Al XLPE armoured cable,3C armoured cable,armoured cable
RFP_3844,FR 500V 14C 1.5 sqmm Cu PVC armoured cable as per IEC 60502-1,14C 1.5 sqmm Cu cable as per IEC 60502-1,14C Cu cable,14C cable
RFP_3845,FR 300V 10C 2.5 sqmm Cu XLPE armoured cable as per BS 5308-1,300V 10C Cu XLPE cable,300V XLPE cable,XLPE cable
RFP_3846,ZH 22kV 1C 95 sqmm Cu XLPE armoured cable as per IS 7098-2,Cu XLPE armoured cable as per IS 7098-2,XLPE armoured cable,XLPE cable
RFP_3847,FRLS 3.3kV 1C 150 sqmm Cu EPR armoured cable as per IS 7098-1,3.3kV 1C 150 sqmm EPR cable,3.3kV 1C cable,1C cable
RFP_3848,FRLS 300V 2C 1.5 sqmm Cu XLPE armoured cable as per IEC 60502-1,2C 1.5 sqmm armoured cable as per IEC 60502-1,2C cable as per IEC 60502-1,2C cable
RFP_3849,500V 2C 50 sqmm Cu PVC armoured cable as per IS 694,2C Cu PVC armoured cable,Cu armoured cable,Cu cable
RFP_3850,FR 1.1kV 24C 0.75 sqmm Cu PVC armoured cable as per IS 1554,1.1kV 24C 0.75 sqmm armoured cable,24C armoured cable,24C cable
RFP_3851,FR 600V 4C 2.5 sqmm Cu PVC armoured cable as per IS 694,600V 4C 2.5 sqmm PVC cable,4C 2.5 sqmm cable,4C cable
RFP_3852,FR 440V 5C 4 sqmm Cu PVC armoured cable as per IS 694,FR 440V 5C PVC cable,5C PVC cable,5C cable
RFP_3853,Fire Survival 440V 4C 2.5 sqmm Cu Mineral (MI) armoured cable as per IEC 60331,Fire Survival 440V 4C Mineral (MI) armoured cable,Fire Survival 4C Mineral (MI) cable,4C Mineral (MI) cable
RFP_3854,ZH 600V 3.5C 6 sqmm Cu XLPE armoured cable as per IS 694,600V 3.5C 6 sqmm armoured cable,3.5C 6 sqmm cable,3.5C cable
RFP_3855,33kV 3C 70 sqmm Al XLPE armoured cable as per IEC 60502-2,3C 70 sqmm XLPE armoured cable,3C armoured cable,armoured cable
RFP_3856,ZH 66kV 1C 185 sqmm Cu XLPE armoured cable as per IS 7098-3,ZH 1C Cu cable as per IS 7098-3,1C cable as per IS 7098-3,cable as per IS 7098-3
RFP_3857,Fire Survival 1.1kV 2C 50 sqmm Cu Mineral (MI) armoured cable as per BS 6387,Fire Survival 50 sqmm Cu Mineral (MI) cable as per BS 6387,Fire Survival Mineral (MI) cable as per BS 6387,Fire Survival Mineral (MI) cable
RFP_3858,33kV 1C 150 sqmm Al XLPE armoured cable as per IS 7098-2,33kV XLPE armoured cable as per IS 7098-2,XLPE armoured cable,armoured cable
RFP_3859,LSZH 440V 7C 2.5 sqmm Cu PVC armoured cable as per IS 694,440V 7C 2.5 sqmm cable as per IS 694,7C 2.5 sqmm cable,2.5 sqmm cable
RFP_3860,ZH 6.6kV 1C 300 sqmm Cu XLPE armoured cable as per IS 7098-1,6.6kV 1C Cu cable as per IS 7098-1,Cu cable as per IS 7098-1,Cu cable
RFP_3861,Fire Survival 1.1kV 1C 4 sqmm Cu Mineral (MI) armoured cable as per IS 17048,Fire Survival 1C Cu Mineral (MI) cable as per IS 17048,Cu Mineral (MI) cable as per IS 17048,Cu Mineral (MI) cable
RFP_3862,1.1kV 8C 0.5 sqmm Cu PVC armoured cable as per IEC 60502-1,8C Cu PVC armoured cable,PVC armoured cable,armoured cable
RFP_3863,FR 220kV 1C 400 sqmm Al XLPE armoured cable as per IEC 62067,FR 1C 400 sqmm cable as per IEC 62067,400 sqmm cable as per IEC 62067,cable as per IEC 62067
RFP_3864,500V 3.5C 70 sqmm Cu XLPE armoured cable as per IS 694,3.5C Cu armoured cable as per IS 694,3.5C armoured cable,3.5C cable
RFP_3865,FR 500V 16C 2.5 sqmm Cu PVC armoured cable as per IEC 60502-1,500V 16C Cu cable as per IEC 60502-1,500V cable as per IEC 60502-1,cable as per IEC 60502-1
RFP_3866,Fire Survival 1.1kV 3C 120 sqmm Cu XLPE armoured cable as per IEC 60331,3C 120 sqmm XLPE armoured cable,XLPE armoured cable,armoured cable
RFP_3867,LSZH 440V 3C 1 sqmm Cu XLPE armoured cable as per IS 694,440V 3C 1 sqmm cable as per IS 694,3C 1 sqmm cable,1 sqmm cable
RFP_3868,FRLS 300V 24C 0.75 sqmm Cu PVC armoured cable as per IEC 60502-1,FRLS 300V 0.75 sqmm armoured cable,FRLS 300V cable,300V cable
RFP_3869,FRLS 220kV 1C 185 sqmm Cu XLPE armoured cable as per IEC 62067,220kV 1C 185 sqmm Cu cable,220kV 1C cable,220kV cable
RFP_3870,FRLS 440V 5C 1.5 sqmm Cu PVC armoured cable as per IS 1554,5C Cu PVC cable as per IS 1554,5C PVC cable,5C cable
RFP_3871,440V 4C 35 sqmm Cu XLPE armoured cable as per IS 9968,440V 35 sqmm Cu cable as per IS 9968,Cu cable as per IS 9968,Cu cable
RFP_3872,ZH 33kV 3C 70 sqmm Cu XLPE armoured cable as per IS 7098-2,ZH 33kV XLPE cable as per IS 7098-2,33kV XLPE cable,XLPE cable
RFP_3873,LSZH 500V 4C 1 sqmm Cu XLPE armoured cable as per IEC 60502-1,500V 4C 1 sqmm XLPE cable,4C 1 sqmm cable,1 sqmm cable
RFP_3874,LSZH 500V 2C 35 sqmm Cu PVC armoured cable as per IEC 60245,LSZH PVC armoured cable as per IEC 60245,LSZH PVC cable,PVC cable
RFP_3875,FRLS 1.1kV 4C 50 sqmm Cu XLPE armoured cable as per IEC 60502-1,4C Cu XLPE cable as per IEC 60502-1,Cu cable as per IEC 60502-1,Cu cable
RFP_3876,132kV 1C 300 sqmm Al XLPE armoured cable as per IEC 60840,300 sqmm Al XLPE armoured cable,Al armoured cable,Al cable
RFP_3877,Fire Survival 440V 4C 120 sqmm Cu XLPE armoured cable as per BS 6387,Fire Survival 440V XLPE armoured cable,440V armoured cable,armoured cable
RFP_3878,440V 6C 1.5 sqmm Cu XLPE armoured cable as per IS 694,440V Cu XLPE armoured cable,Cu XLPE cable,XLPE cable
RFP_3879,1.1kV 4C 1000 sqmm Cu EPR armoured cable as per IS 1554,1000 sqmm EPR armoured cable as per IS 1554,EPR cable as per IS 1554,cable as per IS 1554
RFP_3880,FRLS 500V 24C 1.5 sqmm Cu PVC armoured cable as per BS 5308-1,500V 1.5 sqmm PVC armoured cable,500V armoured cable,500V cable
RFP_3881,LSZH 3.3kV 1C 50 sqmm Cu EPR armoured cable as per IEC 60502-1,1C 50 sqmm Cu armoured cable,Cu armoured cable,Cu cable
RFP_3882,LSZH 600V 2C 1000 sqmm Cu PVC armoured cable as per IS 694,LSZH 600V Cu PVC cable,600V Cu cable,Cu cable
RFP_3883,LSZH 440V 10C 1 sqmm Cu PVC armoured cable as per IS 694,10C 1 sqmm Cu PVC cable,10C Cu cable,Cu cable
RFP_3884,FR 1.1kV 6C 4 sqmm Cu XLPE armoured cable as per IS 1554,FR 4 sqmm armoured cable as per IS 1554,FR cable as per IS 1554,cable as per IS 1554
RFP_3885,LSZH 500V 3.5C 630 sqmm Al XLPE armoured cable as per IS 1554,LSZH 3. 630 sqmm XLPE cable as per IS 1554,LSZH 3. 630 sqmm cable,LSZH 3. cable
RFP_3886,LSZH 3.3kV 3C 240 sqmm Cu EPR armoured cable as per IEC 60502-1,3.3kV 3C armoured cable as per IEC 60502-1,3.3kV 3C cable,3.3kV cable
RFP_3887,Fire Survival 440V 1C 4 sqmm Cu XLPE armoured cable as per IEC 60331,1C 4 sqmm armoured cable as per IEC 60331,armoured cable as per IEC 60331,armoured cable
RFP_3888,440V 3C 25 sqmm Cu XLPE armoured cable as per IEC 60245,3C XLPE armoured cable as per IEC 60245,XLPE armoured cable,armoured cable
RFP_3889,FR 500V 24C 1 sqmm Cu PVC armoured cable as per IS 1554,FR 500V 24C PVC cable,FR 500V cable,500V cable
RFP_3890,Fire Survival 440V 1C 4 sqmm Cu Mineral (MI) armoured cable as per IEC 60331,440V 4 sqmm Mineral (MI) armoured cable as per IEC 60331,Mineral (MI) armoured cable as per IEC 60331,Mineral (MI) armoured cable
RFP_3891,LSZH 300V 20C 1 sqmm Cu PVC armoured cable as per IEC 60502-1,300V 20C Cu armoured cable,20C Cu cable,Cu cable
RFP_3892,LSZH 500V 16C 0.5 sqmm Cu XLPE armoured cable as per IEC 60502-1,0.5 sqmm Cu XLPE armoured cable,XLPE armoured cable,XLPE cable
RFP_3893,LSZH 1.1kV 6C 4 sqmm Cu PVC armoured cable as per BS 5308,1.1kV 6C 4 sqmm Cu cable,1.1kV 4 sqmm cable,1.1kV cable
RFP_3894,LSZH 132kV 1C 1000 sqmm Cu XLPE armoured cable as per IEC 60840,1C Cu armoured cable as per IEC 60840,armoured cable as per IEC 60840,cable as per IEC 60840
RFP_3895,FR 500V 4C 16 sqmm Al XLPE armoured cable as per IS 694,FR 500V 16 sqmm cable as per IS 694,FR cable as per IS 694,FR cable
RFP_3896,FR 22kV 1C 150 sqmm Al XLPE armoured cable as per IS 7098-2,FR 150 sqmm Al cable as per IS 7098-2,150 sqmm Al cable,150 sqmm cable
RFP_3897,FR 500V 8C 0.5 sqmm Cu PVC armoured cable as per BS 5308-1,FR 500V PVC armoured cable,500V PVC cable,500V cable
RFP_3898,FR 500V 24C 1.5 sqmm Cu PVC armoured cable as per IEC 60502-1,FR 500V Cu armoured cable,FR Cu cable,FR cable
RFP_3899,440V 10C 2.5 sqmm Cu XLPE armoured cable as per IS 1554,440V XLPE armoured cable as per IS 1554,XLPE armoured cable,XLPE cable
RFP_3900,ZH 1.1kV 1C 4 sqmm Cu PVC armoured cable as per IEC 60502-1,ZH 1.1kV PVC armoured cable,ZH PVC cable,PVC cable
RFP_3901,FR 110kV 1C 630 sqmm Cu XLPE armoured cable as per IEC 60840,110kV 630 sqmm XLPE cable as per IEC 60840,110kV cable as per IEC 60840,cable as per IEC 60840
RFP_3902,Fire Survival 440V 4C 16 sqmm Cu XLPE armoured cable as per BS 6387,Fire Survival 440V 4C 16 sqmm cable,440V 4C cable,4C cable
RFP_3903,FRLS 11kV 3C 240 sqmm Cu XLPE armoured cable as per IS 7098-1,FRLS 11kV 240 sqmm cable as per IS 7098-1,11kV 240 sqmm cable,11kV cable
RFP_3904,LSZH 1.1kV 2C 2.5 sqmm Cu PVC armoured cable as per IEC 60502-1,2C 2.5 sqmm Cu armoured cable,2.5 sqmm armoured cable,2.5 sqmm cable
RFP_3905,LSZH 3.3kV 3C 300 sqmm Al XLPE armoured cable as per IEC 60502-1,LSZH 3.3kV 300 sqmm XLPE cable,LSZH 300 sqmm cable,300 sqmm cable
RFP_3906,FR 6.6kV 3C 50 sqmm Al XLPE armoured cable as per IEC 60502-1,FR 6.6kV 3C armoured cable,FR armoured cable,FR cable
RFP_3907,FRLS 440V 4C 2.5 sqmm Cu XLPE armoured cable as per IEC 60245,FRLS Cu XLPE cable as per IEC 60245,Cu XLPE cable,Cu cable
RFP_3908,440V 14C 4 sqmm Cu PVC armoured cable as per IS 1554,440V 14C 4 sqmm PVC cable,4 sqmm PVC cable,PVC cable
RFP_3909,FRLS 600V 2C 800 sqmm Cu PVC armoured cable as per IEC 60502-1,FRLS Cu PVC armoured cable,PVC armoured cable,PVC cable
RFP_3910,LSZH 1.1kV 5C 1 sqmm Cu XLPE armoured cable as per IS 1554,1.1kV 1 sqmm XLPE cable as per IS 1554,1.1kV cable as per IS 1554,cable as per IS 1554
RFP_3911,LSZH 600V 2C 50 sqmm Al PVC armoured cable as per IEC 60502-1,600V Al PVC cable as per IEC 60502-1,600V Al cable,Al cable
RFP_3912,FR 1.1kV 20C 2.5 sqmm Cu PVC armoured cable as per BS 5308-1,1.1kV PVC armoured cable as per BS 5308-1,PVC armoured cable,armoured cable
RFP_3913,300V 20C 2.5 sqmm Cu XLPE armoured cable as per BS 5308-1,300V 2.5 sqmm XLPE cable as per BS 5308-1,2.5 sqmm cable as per BS 5308-1,2.5 sqmm cable
RFP_3914,FR 440V 5C 0.75 sqmm Cu PVC armoured cable as per IS 9968,5C 0.75 sqmm Cu armoured cable,0.75 sqmm Cu cable,Cu cable
RFP_3915,LSZH 600V 3C 800 sqmm Al XLPE armoured cable as per IEC 60502-1,LSZH Al XLPE armoured cable,LSZH Al cable,LSZH cable
RFP_3916,FRLS 600V 2C 35 sqmm Al XLPE armoured cable as per IEC 60502-1,2C 35 sqmm Al XLPE cable,2C XLPE cable,XLPE cable
RFP_3917,FRLS 500V 1C 95 sqmm Al XLPE armoured cable as per IEC 60502-1,FRLS 1C Al cable as per IEC 60502-1,1C cable as per IEC 60502-1,1C cable
RFP_3918,ZH 11kV 3C 300 sqmm Al EPR armoured cable as per IS 7098-1,ZH 3C armoured cable as per IS 7098-1,ZH 3C cable,3C cable
RFP_3919,FR 1.1kV 10C 1 sqmm Cu PVC armoured cable as per BS 5308,FR 1.1kV PVC armoured cable,FR 1.1kV cable,FR cable
RFP_3920,LSZH 3.3kV 3C 50 sqmm Al EPR armoured cable as per IEC 60502-1,LSZH 3C 50 sqmm armoured cable,LSZH armoured cable,LSZH cable
RFP_3921,ZH 1.1kV 5C 35 sqmm Cu PVC armoured cable as per IEC 60502-1,ZH Cu armoured cable as per IEC 60502-1,ZH Cu cable,Cu cable
RFP_3922,FRLS 1.1kV 4C 630 sqmm Al PVC armoured cable as per IEC 60502-1,630 sqmm Al PVC cable as per IEC 60502-1,630 sqmm cable as per IEC 60502-1,cable as per IEC 60502-1
RFP_3923,FR 110kV 1C 240 sqmm Al XLPE armoured cable as per IEC 60840,110kV 1C 240 sqmm XLPE cable,1C XLPE cable,XLPE cable
RFP_3924,FR 500V 4C 1.5 sqmm Cu XLPE armoured cable as per IS 1554,FR 500V 4C armoured cable,500V 4C cable,4C cable
RFP_3925,Fire Survival 1.1kV 4C 10 sqmm Cu Mineral (MI) armoured cable as per IEC 60331,Fire Survival 1.1kV Cu Mineral (MI) cable as per IEC 60331,Fire Survival Mineral (MI) cable as per IEC 60331,Mineral (MI) cable as per IEC 60331
RFP_3926,FR 500V 12C 1 sqmm Cu PVC armoured cable as per IEC 60502-1,FR 500V PVC armoured cable,FR PVC cable,FR cable
RFP_3927,FR 1.1kV 3C 25 sqmm Cu EPR armoured cable as per IEC 60502-1,25 sqmm Cu EPR armoured cable,Cu armoured cable,armoured cable
RFP_3928,LSZH 300V 6C 0.75 sqmm Cu XLPE armoured cable as per BS 5308-1,300V 6C 0.75 sqmm armoured cable,6C armoured cable,armoured cable
RFP_3929,FR 440V 5C 50 sqmm Cu PVC armoured cable as per IEC 60245,5C 50 sqmm Cu armoured cable,50 sqmm Cu cable,50 sqmm cable
RFP_3930,FR 1.1kV 30C 4 sqmm Cu PVC armoured cable as per IS 1554,FR 30C Cu armoured cable,FR armoured cable,FR cable
RFP_3931,Fire Survival 440V 4C 2.5 sqmm Cu XLPE armoured cable as per BS 6387,4C 2.5 sqmm XLPE armoured cable,4C XLPE cable,XLPE cable
RFP_3932,FR 3.3kV 1C 185 sqmm Al EPR armoured cable as per IS 7098-1,FR 3.3kV 1C EPR cable,FR 1C cable,FR cable
RFP_3933,11kV 1C 240 sqmm Cu XLPE armoured cable as per IEC 60502-1,11kV 240 sqmm Cu cable as per IEC 60502-1,240 sqmm Cu cable,Cu cable
RFP_3934,300V 2C 1.5 sqmm Cu XLPE armoured cable as per BS 5308-1,300V 2C Cu XLPE cable,300V XLPE cable,300V cable
RFP_3935,LSZH 500V 2C 0.75 sqmm Cu XLPE armoured cable as per IEC 60502-1,LSZH 2C 0.75 sqmm cable as per IEC 60502-1,LSZH cable as per IEC 60502-1,LSZH cable
RFP_3936,FR 1.1kV 12C 1 sqmm Cu PVC armoured cable as per IEC 60502-1,1 sqmm Cu armoured cable as per IEC 60502-1,Cu cable as per IEC 60502-1,Cu cable
RFP_3937,LSZH 500V 8C 6 sqmm Cu XLPE armoured cable as per IEC 60502-1,LSZH 8C 6 sqmm Cu cable,8C 6 sqmm cable,8C cable
RFP_3938,LSZH 1.1kV 7C 2.5 sqmm Cu PVC armoured cable as per IEC 60502-1,LSZH 1.1kV PVC armoured cable,1.1kV armoured cable,armoured cable
RFP_3939,FR 1.1kV 2C 2.5 sqmm Al EPR armoured cable as per BS 5467,1.1kV 2C 2.5 sqmm Al cable,2C Al cable,2C cable
RFP_3940,FR 1.1kV 3C 1 sqmm Cu XLPE armoured cable as per IEC 60502-1,3C Cu XLPE armoured cable,3C XLPE cable,3C cable
RFP_3941,LSZH 500V 7C 6 sqmm Cu PVC armoured cable as per IS 1554,6 sqmm Cu PVC armoured cable,6 sqmm Cu cable,6 sqmm cable
RFP_3942,66kV 1C 500 sqmm Cu XLPE armoured cable as per IS 7098-3,66kV 500 sqmm Cu XLPE cable,66kV 500 sqmm cable,500 sqmm cable
RFP_3943,ZH 500V 3C 25 sqmm Cu PVC armoured cable as per IS 694,ZH 500V 3C PVC cable,500V 3C cable,3C cable
RFP_3944,500V 6C 1.5 sqmm Cu XLPE armoured cable as per BS 5308-1,500V 6C XLPE armoured cable,500V XLPE cable,500V cable
RFP_3945,Fire Survival 440V 3C 95 sqmm Cu XLPE armoured cable as per IEC 60331,Fire Survival 95 sqmm Cu cable as per IEC 60331,Cu cable as per IEC 60331,Cu cable
RFP_3946,ZH 500V 3C 35 sqmm Cu PVC armoured cable as per IS 694,ZH 500V 35 sqmm Cu cable,500V Cu cable,Cu cable
RFP_3947,FR 6.6kV 1C 300 sqmm Cu EPR armoured cable as per IEC 60502-1,FR 300 sqmm EPR cable as per IEC 60502-1,FR 300 sqmm cable,FR cable
RFP_3948,LSZH 500V 5C 0.75 sqmm Cu PVC armoured cable as per IEC 60245,LSZH 500V 0.75 sqmm Cu cable,LSZH 0.75 sqmm cable,LSZH cable
RFP_3949,1.1kV 4C 2.5 sqmm Cu XLPE armoured cable as per IS 1554,1.1kV 4C 2.5 sqmm Cu cable,4C 2.5 sqmm cable,2.5 sqmm cable
RFP_3950,1.1kV 14C 4 sqmm Cu PVC armoured cable as per IEC 60502-1,1.1kV 14C Cu PVC cable,1.1kV Cu cable,Cu cable
RFP_3951,FR 132kV 1C 185 sqmm Al XLPE armoured cable as per IEC 60840,132kV 1C XLPE armoured cable,1C armoured cable,1C cable
RFP_3952,FR 500V 2C 400 sqmm Cu XLPE armoured cable as per IS 1554,400 sqmm XLPE armoured cable as per IS 1554,400 sqmm armoured cable,400 sqmm cable
RFP_3953,440V 1C 2.5 sqmm Al XLPE armoured cable as per IS 694,1C 2.5 sqmm armoured cable as per IS 694,1C armoured cable,1C cable
RFP_3954,6.6kV 1C 300 sqmm Cu EPR armoured cable as per IS 7098-1,6.6kV 1C 300 sqmm armoured cable,6.6kV armoured cable,6.6kV cable
RFP_3955,Fire Survival 440V 2C 25 sqmm Cu XLPE armoured cable as per IEC 60331,25 sqmm Cu armoured cable as per IEC 60331,25 sqmm cable as per IEC 60331,cable as per IEC 60331
RFP_3956,FR 500V 1C 35 sqmm Cu PVC armoured cable as per IS 694,FR 500V 35 sqmm PVC cable,FR PVC cable,PVC cable
RFP_3957,1.1kV 3.5C 2.5 sqmm Al XLPE armoured cable as per IS 1554,1.1kV 3.5C XLPE armoured cable,3.5C armoured cable,3. armoured cable
RFP_3958,FR 300V 16C 0.5 sqmm Cu XLPE armoured cable as per BS 5308-1,FR 0.5 sqmm XLPE cable as per BS 5308-1,0.5 sqmm cable as per BS 5308-1,cable as per BS 5308-1
RFP_3959,1.1kV 4C 6 sqmm Cu PVC armoured cable as per BS 5308,6 sqmm Cu armoured cable as per BS 5308,Cu cable as per BS 5308,Cu cable
RFP_3960,FRLS 600V 4C 240 sqmm Al XLPE armoured cable as per IS 694,FRLS 240 sqmm Al armoured cable,FRLS armoured cable,armoured cable
RFP_3961,FR 400kV 1C 1000 sqmm Al XLPE armoured cable as per IEC 62067,FR 400kV Al armoured cable,Al armoured cable,armoured cable
RFP_3962,FR 500V 16C 6 sqmm Cu PVC armoured cable as per IS 1554,FR 6 sqmm Cu armoured cable,Cu armoured cable,Cu cable
RFP_3963,FR 440V 24C 2.5 sqmm Cu XLPE armoured cable as per IS 1554,FR 24C Cu cable as per IS 1554,FR cable as per IS 1554,cable as per IS 1554
RFP_3964,ZH 110kV 1C 630 sqmm Al XLPE armoured cable as per IEC 60840,ZH Al XLPE armoured cable,ZH Al cable,Al cable
RFP_3965,FR 500V 6C 2.5 sqmm Cu XLPE armoured cable as per BS 5308-1,FR 6C Cu armoured cable,Cu armoured cable,Cu cable
RFP_3966,FR 500V 5C 2.5 sqmm Cu PVC armoured cable as per IS 694,FR 5C 2.5 sqmm cable as per IS 694,5C cable as per IS 694,5C cable
RFP_3967,FR 600V 4C 400 sqmm Al PVC armoured cable as per IEC 60502-1,FR 4C 400 sqmm armoured cable,FR 400 sqmm cable,400 sqmm cable
RFP_3968,500V 3C 1000 sqmm Cu XLPE armoured cable as per IEC 60502-1,500V 3C Cu armoured cable,500V Cu cable,Cu cable
RFP_3969,FRLS 6.6kV 1C 120 sqmm Cu XLPE armoured cable as per IEC 60502-1,1C XLPE armoured cable as per IEC 60502-1,1C armoured cable,1C cable
RFP_3970,FRLS 300V 6C 0.5 sqmm Cu XLPE armoured cable as per IEC 60502-1,FRLS 300V 0.5 sqmm Cu cable,300V Cu cable,300V cable
RFP_3971,440V 30C 1.5 sqmm Cu PVC armoured cable as per IS 1554,30C 1.5 sqmm PVC cable as per IS 1554,1.5 sqmm cable as per IS 1554,cable as per IS 1554
RFP_3972,FR 1.1kV 4C 300 sqmm Cu PVC armoured cable as per IS 1554,1.1kV 4C Cu armoured cable,1.1kV 4C cable,1.1kV cable
RFP_3973,FR 22kV 1C 400 sqmm Al XLPE armoured cable as per IEC 60502-2,FR XLPE armoured cable as per IEC 60502-2,XLPE armoured cable,armoured cable
RFP_3974,FR 6.6kV 3C 240 sqmm Al EPR armoured cable as per IS 7098-1,6.6kV 3C 240 sqmm cable as per IS 7098-1,3C cable as per IS 7098-1,cable as per IS 7098-1
RFP_3975,132kV 1C 500 sqmm Cu XLPE armoured cable as per IEC 60840,1C 500 sqmm XLPE cable as per IEC 60840,1C 500 sqmm cable,500 sqmm cable
RFP_3976,440V 5C 4 sqmm Cu XLPE armoured cable as per IS 9968,5C Cu armoured cable as per IS 9968,5C cable as per IS 9968,cable as per IS 9968
RFP_3977,LSZH 440V 19C 4 sqmm Cu XLPE armoured cable as per IS 694,440V Cu XLPE armoured cable,440V armoured cable,armoured cable
RFP_3978,LSZH 300V 2C 1 sqmm Cu PVC armoured cable as per BS 5308-1,LSZH 2C Cu PVC cable,LSZH PVC cable,PVC cable
RFP_3979,FR 400kV 1C 185 sqmm Al XLPE armoured cable as per IEC 62067,FR 185 sqmm Al cable as per IEC 62067,FR Al cable,Al cable
RFP_3980,FRLS 1.1kV 4C 10 sqmm Cu XLPE armoured cable as per IEC 60502-1,FRLS 1.1kV 4C armoured cable,FRLS 1.1kV cable,1.1kV cable
RFP_3981,LSZH 440V 4C 4 sqmm Cu XLPE armoured cable as per IS 1554,LSZH 440V 4C Cu cable,LSZH 440V cable,LSZH cable
RFP_3982,500V 4C 16 sqmm Cu XLPE armoured cable as per IS 694,500V Cu XLPE cable as per IS 694,Cu cable as per IS 694,Cu cable
RFP_3983,Fire Survival 1.1kV 3C 35 sqmm Cu XLPE armoured cable as per IS 17048,Fire Survival 1.1kV Cu cable as per IS 17048,Fire Survival cable as per IS 17048,Fire Survival cable
RFP_3984,FR 440V 30C 1.5 sqmm Cu PVC armoured cable as per IS 694,30C Cu PVC cable as per IS 694,30C cable as per IS 694,30C cable
RFP_3985,FRLS 6.6kV 3C 400 sqmm Cu EPR armoured cable as per IS 7098-1,FRLS 6.6kV 3C Cu cable,FRLS 6.6kV cable,6.6kV cable
RFP_3986,FRLS 33kV 1C 300 sqmm Al XLPE armoured cable as per IEC 60502-2,33kV 300 sqmm XLPE armoured cable,33kV XLPE cable,33kV cable
RFP_3987,LSZH 1.1kV 16C 2.5 sqmm Cu PVC armoured cable as per IS 1554,LSZH Cu PVC armoured cable,Cu PVC cable,PVC cable
RFP_3988,LSZH 300V 10C 0.5 sqmm Cu PVC armoured cable as per IEC 60502-1,LSZH 10C PVC armoured cable,PVC armoured cable,armoured cable
RFP_3989,FRLS 500V 8C 0.5 sqmm Cu XLPE armoured cable as per IEC 60502-1,FRLS XLPE armoured cable as per IEC 60502-1,armoured cable as per IEC 60502-1,cable as per IEC 60502-1
RFP_3990,500V 1C 2.5 sqmm Cu PVC armoured cable as per BS 5308-1,2.5 sqmm Cu PVC cable as per BS 5308-1,Cu PVC cable,PVC cable
RFP_3991,LSZH 500V 3C 240 sqmm Cu XLPE armoured cable as per IEC 60502-1,3C 240 sqmm Cu armoured cable,3C armoured cable,3C cable
RFP_3992,FRLS 440V 5C 1 sqmm Cu XLPE armoured cable as per IS 694,FRLS 440V Cu cable as per IS 694,FRLS cable as per IS 694,FRLS cable
RFP_3993,FRLS 220kV 1C 1000 sqmm Cu XLPE armoured cable as per IEC 62067,FRLS 220kV armoured cable as per IEC 62067,FRLS 220kV cable,FRLS cable
RFP_3994,ZH 440V 3C 35 sqmm Cu XLPE armoured cable as per IS 9968,440V 35 sqmm XLPE armoured cable,XLPE armoured cable,XLPE cable
RFP_3995,FRLS 440V 1C 120 sqmm Cu XLPE armoured cable as per IEC 60502-1,FRLS 440V XLPE cable as per IEC 60502-1,FRLS 440V cable,440V cable
RFP_3996,Fire Survival 440V 3C 70 sqmm Cu Mineral (MI) armoured cable as per BS 6387,Fire Survival 440V Cu Mineral (MI) armoured cable,Fire Survival Cu Mineral (MI) cable,Fire Survival Mineral (MI) cable
RFP_3997,LSZH 1.1kV 5C 2.5 sqmm Cu PVC armoured cable as per IS 9968,LSZH 5C 2.5 sqmm PVC cable,5C PVC cable,PVC cable
RFP_3998,LSZH 440V 5C 1.5 sqmm Cu PVC armoured cable as per IS 1554,5C Cu armoured cable as per IS 1554,5C Cu cable,Cu cable
RFP_3999,FR 600V 3.5C 1.5 sqmm Al PVC armoured cable as per IS 694,FR 3.5C 1.5 sqmm PVC cable,3.5C 1.5 sqmm cable,3. 1.5 sqmm cable
RFP_4000,FR 440V 16C 1.5 sqmm Cu PVC armoured cable as per IS 1554,FR 16C 1.5 sqmm armoured cable,FR 1.5 sqmm cable,FR cable
RFP_4001,ZH 440V 3C 35 sqmm Al PVC armoured cable as per IS 1554,ZH 440V PVC armoured cable,440V PVC cable,440V cable
RFP_4002,LSZH 500V 4C 2.5 sqmm Cu PVC armoured cable as per IS 1554,LSZH PVC armoured cable as per IS 1554,PVC armoured cable,armoured cable
RFP_4003,FRLS 300V 4C 0.75 sqmm Cu XLPE armoured cable as per BS 5308-1,FRLS 4C armoured cable as per BS 5308-1,FRLS cable as per BS 5308-1,cable as per BS 5308-1
RFP_4004,LSZH 1.1kV 4C 2.5 sqmm Cu XLPE armoured cable as per IS 9968,1.1kV 4C Cu cable as per IS 9968,1.1kV 4C cable,1.1kV cable
RFP_4005,Fire Survival 1.1kV 4C 95 sqmm Cu XLPE armoured cable as per IS 17048,1.1kV 4C XLPE armoured cable,4C XLPE cable,4C cable
RFP_4006,FRLS 6.6kV 1C 400 sqmm Al XLPE armoured cable as per IS 7098-1,FRLS XLPE armoured cable as per IS 7098-1,armoured cable as per IS 7098-1,cable as per IS 7098-1
RFP_4007,500V 3C 1 sqmm Cu XLPE armoured cable as per IS 1554,500V Cu XLPE cable as per IS 1554,Cu XLPE cable,XLPE cable
RFP_4008,LSZH 600V 3.5C 1.5 sqmm Al XLPE armoured cable as per IS 694,LSZH 3. 1.5 sqmm Al cable as per IS 694,3. Al cable as per IS 694,3. cable as per IS 694
RFP_4009,FR 220kV 1C 240 sqmm Cu XLPE armoured cable as per IEC 62067,220kV 1C Cu cable as per IEC 62067,Cu cable as per IEC 62067,cable as per IEC 62067
RFP_4010,LSZH 440V 14C 6 sqmm Cu PVC armoured cable as per IS 694,440V 14C PVC cable as per IS 694,440V 14C cable,440V cable
RFP_4011,LSZH 500V 10C 2.5 sqmm Cu PVC armoured cable as per IS 1554,10C Cu PVC armoured cable,Cu PVC cable,Cu cable
RFP_4012,LSZH 440V 27C 2.5 sqmm Cu XLPE armoured cable as per IS 1554,440V 2.5 sqmm Cu armoured cable,440V armoured cable,440V cable
RFP_4013,LSZH 500V 2C 2.5 sqmm Cu PVC armoured cable as per BS 5308-1,LSZH 2.5 sqmm armoured cable as per BS 5308-1,2.5 sqmm cable as per BS 5308-1,2.5 sqmm cable
RFP_4014,1.1kV 5C 2.5 sqmm Cu PVC armoured cable as per IS 1554,1.1kV PVC armoured cable as per IS 1554,1.1kV cable as per IS 1554,cable as per IS 1554
RFP_4015,ZH 220kV 1C 500 sqmm Al XLPE armoured cable as per IEC 62067,220kV Al armoured cable as per IEC 62067,Al cable as per IEC 62067,Al cable
RFP_4016,FR 500V 8C 0.75 sqmm Cu PVC armoured cable as per IEC 60502-1,500V 0.75 sqmm Cu PVC cable,500V PVC cable,500V cable
RFP_4017,FR 500V 16C 1 sqmm Cu XLPE armoured cable as per IEC 60502-1,16C 1 sqmm Cu armoured cable,16C armoured cable,armoured cable
RFP_4018,500V 16C 1 sqmm Cu PVC armoured cable as per IEC 60502-1,500V 1 sqmm armoured cable as per IEC 60502-1,500V armoured cable,armoured cable
RFP_4019,FRLS 500V 10C 0.75 sqmm Cu PVC armoured cable as per IEC 60502-1,FRLS 0.75 sqmm Cu cable as per IEC 60502-1,0.75 sqmm cable as per IEC 60502-1,cable as per IEC 60502-1
RFP_4020,LSZH 440V 4C 1.5 sqmm Cu PVC armoured cable as per IS 694,LSZH 440V 4C 1.5 sqmm cable,4C 1.5 sqmm cable,4C cable
RFP_4021,LSZH 440V 24C 1 sqmm Cu PVC armoured cable as per IS 1554,440V 24C 1 sqmm armoured cable,440V 1 sqmm cable,1 sqmm cable
RFP_4022,FR 500V 6C 4 sqmm Cu PVC armoured cable as per IS 1554,FR 4 sqmm Cu PVC cable,FR Cu cable,FR cable
RFP_4023,66kV 1C 300 sqmm Al XLPE armoured cable as per IEC 60840,66kV 1C XLPE cable as per IEC 60840,XLPE cable as per IEC 60840,cable as per IEC 60840
RFP_4024,FR 1.1kV 1C 800 sqmm Cu EPR armoured cable as per IS 1554,Cu EPR armoured cable as per IS 1554,Cu armoured cable,armoured cable
RFP_4025,ZH 110kV 1C 500 sqmm Al XLPE armoured cable as per IEC 60840,110kV 500 sqmm XLPE cable as per IEC 60840,500 sqmm XLPE cable,500 sqmm cable
RFP_4026,ZH 440V 5C 16 sqmm Cu PVC armoured cable as per IS 9968,16 sqmm Cu armoured cable as per IS 9968,16 sqmm cable as per IS 9968,16 sqmm cable
RFP_4027,FR 500V 3C 50 sqmm Cu XLPE armoured cable as per IS 1554,FR Cu armoured cable as per IS 1554,Cu cable as per IS 1554,Cu cable
RFP_4028,500V 3.5C 6 sqmm Al PVC armoured cable as per IS 1554,500V 3. 6 sqmm Al cable as per IS 1554,500V 3. Al cable,500V 3. cable
RFP_4029,FRLS 3.3kV 3C 300 sqmm Cu EPR armoured cable as per IS 7098-1,300 sqmm Cu EPR cable as per IS 7098-1,300 sqmm EPR cable,300 sqmm cable
RFP_4030,FRLS 400kV 1C 185 sqmm Cu XLPE armoured cable as per IEC 62067,400kV 185 sqmm XLPE cable as per IEC 62067,185 sqmm cable as per IEC 62067,185 sqmm cable
RFP_4031,ZH 220kV 1C 1000 sqmm Al XLPE armoured cable as per IEC 62067,220kV 1000 sqmm Al armoured cable,Al armoured cable,armoured cable
RFP_4032,ZH 440V 1C 35 sqmm Cu PVC armoured cable as per IS 694,1C 35 sqmm armoured cable as per IS 694,1C cable as per IS 694,cable as per IS 694
RFP_4033,Fire Survival 440V 1C 4 sqmm Cu Mineral (MI) armoured cable as per IEC 60331,440V 1C Cu Mineral (MI) cable as per IEC 60331,440V Cu Mineral (MI) cable,440V Mineral (MI) cable
RFP_4034,ZH 22kV 3C 240 sqmm Cu XLPE armoured cable as per IEC 60502-2,22kV Cu XLPE cable as per IEC 60502-2,22kV XLPE cable,22kV cable
RFP_4035,LSZH 500V 27C 2.5 sqmm Cu XLPE armoured cable as per IEC 60502-1,27C 2.5 sqmm XLPE armoured cable,27C XLPE cable,27C cable
RFP_4036,6.6kV 1C 185 sqmm Al XLPE armoured cable as per IS 7098-1,1C 185 sqmm Al cable as per IS 7098-1,1C cable as per IS 7098-1,1C cable
RFP_4037,500V 8C 1.5 sqmm Cu XLPE armoured cable as per IS 1554,500V 8C 1.5 sqmm XLPE cable,500V XLPE cable,500V cable
RFP_4038,FR 300V 10C 1 sqmm Cu XLPE armoured cable as per BS 5308-1,FR 1 sqmm Cu armoured cable,1 sqmm Cu cable,Cu cable
RFP_4039,FRLS 500V 24C 1 sqmm Cu XLPE armoured cable as per BS 5308-1,Cu XLPE armoured cable as per BS 5308-1,Cu cable as per BS 5308-1,cable as per BS 5308-1
RFP_4040,1.1kV 2C 50 sqmm Cu PVC armoured cable as per IS 9968,1.1kV 2C armoured cable as per IS 9968,2C cable as per IS 9968,2C cable
RFP_4041,FRLS 6.6kV 1C 185 sqmm Cu EPR armoured cable as per IEC 60502-1,FRLS 6.6kV 1C cable as per IEC 60502-1,FRLS 1C cable,1C cable
RFP_4042,ZH 440V 1C 800 sqmm Al PVC armoured cable as per IS 694,ZH 800 sqmm armoured cable as per IS 694,ZH armoured cable,armoured cable
RFP_4043,500V 10C 1 sqmm Cu XLPE armoured cable as per BS 5308-1,1 sqmm XLPE armoured cable as per BS 5308-1,1 sqmm armoured cable,armoured cable
RFP_4044,FR 1.1kV 6C 1 sqmm Cu XLPE armoured cable as per BS 5308-1,1 sqmm Cu armoured cable as per BS 5308-1,armoured cable as per BS 5308-1,armoured cable
RFP_4045,Fire Survival 440V 4C 50 sqmm Cu Mineral (MI) armoured cable as per BS 6387,Fire Survival 440V 4C Cu Mineral (MI) cable,Fire Survival 440V Mineral (MI) cable,440V Mineral (MI) cable
RFP_4046,LSZH 440V 16C 6 sqmm Cu XLPE armoured cable as per IS 694,440V Cu XLPE armoured cable,440V XLPE cable,XLPE cable
RFP_4047,FRLS 1.1kV 4C 10 sqmm Cu XLPE armoured cable as per IEC 60502-1,1.1kV 4C 10 sqmm cable as per IEC 60502-1,1.1kV 10 sqmm cable,1.1kV cable
RFP_4048,440V 3.5C 800 sqmm Al XLPE armoured cable as per IEC 60502-1,3.5C 800 sqmm Al cable as per IEC 60502-1,3. 800 sqmm cable as per IEC 60502-1,3. cable as per IEC 60502-1
RFP_4049,FRLS 440V 2C 1 sqmm Cu PVC armoured cable as per IS 9968,440V 2C armoured cable as per IS 9968,440V armoured cable,armoured cable
RFP_4050,500V 1C 0.5 sqmm Cu XLPE armoured cable as per BS 5308-1,500V 0.5 sqmm Cu cable as per BS 5308-1,0.5 sqmm Cu cable,Cu cable
RFP_4051,FRLS 1.1kV 24C 2.5 sqmm Cu XLPE armoured cable as per BS 5308-1,1.1kV 2.5 sqmm Cu XLPE cable,1.1kV Cu cable,Cu cable
RFP_4052,ZH 440V 1C 16 sqmm Cu PVC armoured cable as per IEC 60245,440V 16 sqmm armoured cable as per IEC 60245,440V armoured cable,armoured cable
RFP_4053,FR 500V 24C 4 sqmm Cu PVC armoured cable as per IEC 60502-1,24C Cu PVC cable as per IEC 60502-1,Cu PVC cable,PVC cable
RFP_4054,FRLS 500V 8C 1.5 sqmm Cu PVC armoured cable as per IEC 60502-1,FRLS 1.5 sqmm PVC cable as per IEC 60502-1,1.5 sqmm cable as per IEC 60502-1,cable as per IEC 60502-1
RFP_4055,300V 1C 1 sqmm Cu PVC armoured cable as per BS 5308-1,300V 1C PVC armoured cable,300V armoured cable,armoured cable
RFP_4056,FRLS 110kV 1C 185 sqmm Cu XLPE armoured cable as per IEC 60840,185 sqmm Cu XLPE cable as per IEC 60840,Cu cable as per IEC 60840,Cu cable
RFP_4057,FR 1.1kV 24C 1.5 sqmm Cu PVC armoured cable as per IS 1554,1.1kV 1.5 sqmm PVC cable as per IS 1554,1.5 sqmm cable as per IS 1554,cable as per IS 1554
RFP_4058,FRLS 1.1kV 27C 1 sqmm Cu PVC armoured cable as per IEC 60502-1,1.1kV 27C Cu armoured cable,Cu armoured cable,armoured cable
RFP_4059,300V 2C 2.5 sqmm Cu XLPE armoured cable as per BS 5308-1,2C 2.5 sqmm XLPE cable as per BS 5308-1,2C XLPE cable,XLPE cable
RFP_4060,FR 500V 1C 4 sqmm Al PVC armoured cable as per IEC 60502-1,500V 1C 4 sqmm cable as per IEC 60502-1,1C 4 sqmm cable,1C cable
RFP_4061,FRLS 500V 16C 6 sqmm Cu PVC armoured cable as per IEC 60502-1,FRLS 16C armoured cable as per IEC 60502-1,16C armoured cable,16C cable
RFP_4062,220kV 1C 500 sqmm Al XLPE armoured cable as per IEC 62067,500 sqmm Al armoured cable as per IEC 62067,500 sqmm Al cable,Al cable
RFP_4063,ZH 132kV 1C 630 sqmm Cu XLPE armoured cable as per IEC 60840,ZH 630 sqmm Cu XLPE cable,630 sqmm Cu cable,630 sqmm cable
RFP_4064,Fire Survival 1.1kV 2C 10 sqmm Cu XLPE armoured cable as per IEC 60331,Fire Survival 2C 10 sqmm cable as per IEC 60331,10 sqmm cable as per IEC 60331,10 sqmm cable
RFP_4065,FR 22kV 1C 300 sqmm Al XLPE armoured cable as per IEC 60502-2,FR Al armoured cable as per IEC 60502-2,FR armoured cable,FR cable
RFP_4066,300V 2C 0.75 sqmm Cu XLPE armoured cable as per IEC 60502-1,300V 2C 0.75 sqmm armoured cable,2C armoured cable,2C cable
RFP_4067,FRLS 300V 24C 0.75 sqmm Cu XLPE armoured cable as per BS 5308-1,300V 24C 0.75 sqmm armoured cable,300V armoured cable,armoured cable
RFP_4068,ZH 500V 2C 0.75 sqmm Cu PVC armoured cable as per IEC 60245,2C 0.75 sqmm PVC armoured cable,PVC armoured cable,PVC cable
RFP_4069,LSZH 500V 24C 1 sqmm Cu XLPE armoured cable as per BS 5308-1,LSZH 1 sqmm Cu armoured cable,Cu armoured cable,armoured cable
RFP_4070,FR 1.1kV 3C 4 sqmm Cu PVC armoured cable as per BS 5308,3C 4 sqmm PVC cable as per BS 5308,PVC cable as per BS 5308,cable as per BS 5308
RFP_4071,440V 4C 1.5 sqmm Cu PVC armoured cable as per IS 694,440V 4C Cu PVC cable,4C PVC cable,PVC cable
RFP_4072,1.1kV 3C 4 sqmm Cu PVC armoured cable as per IEC 60502-1,1.1kV 4 sqmm Cu PVC cable,1.1kV PVC cable,1.1kV cable
RFP_4073,LSZH 500V 10C 1.5 sqmm Cu XLPE armoured cable as per BS 5308-1,LSZH 500V XLPE armoured cable,LSZH 500V cable,500V cable
RFP_4074,FR 6.6kV 3C 240 sqmm Al XLPE armoured cable as per IS 7098-1,6.6kV 3C XLPE cable as per IS 7098-1,3C XLPE cable,3C cable
RFP_4075,FRLS 440V 5C 35 sqmm Cu PVC armoured cable as per IS 694,FRLS 440V 35 sqmm Cu cable,35 sqmm Cu cable,Cu cable
RFP_4076,FRLS 440V 10C 4 sqmm Cu PVC armoured cable as per IS 694,FRLS 440V Cu PVC cable,Cu PVC cable,Cu cable
RFP_4077,LSZH 440V 5C 1.5 sqmm Cu PVC armoured cable as per IS 694,LSZH 440V 5C 1.5 sqmm cable,LSZH 5C cable,LSZH cable
RFP_4078,500V 14C 1 sqmm Cu XLPE armoured cable as per IEC 60502-1,500V 14C Cu armoured cable,500V 14C cable,500V cable
RFP_4079,FRLS 1.1kV 1C 0.5 sqmm Cu XLPE armoured cable as per IS 1554,1C Cu XLPE cable as per IS 1554,1C cable as per IS 1554,1C cable
RFP_4080,ZH 22kV 3C 240 sqmm Cu XLPE armoured cable as per IS 7098-2,ZH 22kV 3C XLPE cable,22kV 3C cable,3C cable
RFP_4081,LSZH 440V 3.5C 16 sqmm Cu XLPE armoured cable as per IS 1554,LSZH 3.5C 16 sqmm XLPE cable,3. 16 sqmm XLPE cable,3. 16 sqmm cable
RFP_4082,FRLS 132kV 1C 400 sqmm Al XLPE armoured cable as per IEC 60840,1C 400 sqmm Al XLPE cable,400 sqmm XLPE cable,400 sqmm cable
RFP_4083,LSZH 500V 24C 1 sqmm Cu PVC armoured cable as per IS 1554,LSZH 24C Cu cable as per IS 1554,LSZH Cu cable,Cu cable
RFP_4084,ZH 132kV 1C 500 sqmm Al XLPE armoured cable as per IEC 60840,132kV 500 sqmm Al XLPE cable,Al XLPE cable,Al cable
RFP_4085,1.1kV 4C 2.5 sqmm Cu XLPE armoured cable as per IEC 60502-1,1.1kV 4C Cu armoured cable,Cu armoured cable,armoured cable
RFP_4086,Fire Survival 440V 3C 120 sqmm Cu XLPE armoured cable as per BS 6387,3C Cu armoured cable as per BS 6387,3C cable as per BS 6387,cable as per BS 6387
RFP_4087,ZH 110kV 1C 1000 sqmm Cu XLPE armoured cable as per IEC 60840,110kV 1C Cu armoured cable,110kV 1C cable,110kV cable
RFP_4088,FR 132kV 1C 800 sqmm Cu XLPE armoured cable as per IEC 60840,FR 1C Cu cable as per IEC 60840,FR 1C cable,FR cable
RFP_4089,FR 1.1kV 6C 1 sqmm Cu PVC armoured cable as per BS 5308-1,FR 6C 1 sqmm cable as per BS 5308-1,1 sqmm cable as per BS 5308-1,1 sqmm cable
RFP_4090,LSZH 1.1kV 4C 1 sqmm Cu XLPE armoured cable as per IEC 60502-1,1.1kV 4C armoured cable as per IEC 60502-1,1.1kV cable as per IEC 60502-1,1.1kV cable
RFP_4091,FR 440V 4C 1 sqmm Cu XLPE armoured cable as per IS 9968,1 sqmm XLPE armoured cable as per IS 9968,XLPE cable as per IS 9968,XLPE cable
RFP_4092,1.1kV 1C 6 sqmm Cu XLPE armoured cable as per IS 9968,1.1kV 1C Cu armoured cable,1C armoured cable,1C cable
RFP_4093,FR 500V 16C 2.5 sqmm Cu PVC armoured cable as per IS 1554,500V 16C Cu PVC cable,Cu PVC cable,PVC cable
RFP_4094,FR 500V 4C 1.5 sqmm Cu XLPE armoured cable as per BS 5308-1,FR 500V XLPE armoured cable,FR XLPE cable,XLPE cable
RFP_4095,1.1kV 14C 6 sqmm Cu PVC armoured cable as per BS 5308,1.1kV 6 sqmm PVC armoured cable,1.1kV armoured cable,armoured cable
RFP_4096,500V 8C 1.5 sqmm Cu PVC armoured cable as per IEC 60502-1,500V 8C PVC cable as per IEC 60502-1,500V cable as per IEC 60502-1,cable as per IEC 60502-1
RFP_4097,ZH 1.1kV 4C 10 sqmm Cu PVC armoured cable as per IS 9968,1.1kV 4C armoured cable as per IS 9968,1.1kV 4C cable,4C cable
RFP_4098,FR 500V 8C 1 sqmm Cu XLPE armoured cable as per IEC 60502-1,500V 8C armoured cable as per IEC 60502-1,500V armoured cable,500V cable
RFP_4099,FR 220kV 1C 300 sqmm Cu XLPE armoured cable as per IEC 62067,220kV 300 sqmm Cu armoured cable,300 sqmm Cu cable,300 sqmm cable
RFP_4100,LSZH 1.1kV 4C 0.75 sqmm Cu XLPE armoured cable as per IS 1554,4C 0.75 sqmm Cu cable as per IS 1554,4C 0.75 sqmm cable,4C cable
RFP_4101,FRLS 440V 4C 6 sqmm Cu PVC armoured cable as per IS 9968,FRLS 6 sqmm armoured cable as per IS 9968,FRLS 6 sqmm cable,6 sqmm cable
RFP_4102,ZH 1.1kV 3C 50 sqmm Cu PVC armoured cable as per IS 9968,ZH Cu PVC armoured cable,ZH armoured cable,ZH cable
RFP_4103,110kV 1C 1000 sqmm Al XLPE armoured cable as per IEC 60840,1C 1000 sqmm XLPE armoured cable,XLPE armoured cable,armoured cable
RFP_4104,LSZH 11kV 1C 185 sqmm Cu XLPE armoured cable as per IS 7098-1,11kV 185 sqmm XLPE armoured cable,11kV 185 sqmm cable,11kV cable
RFP_4105,FR 500V 16C 0.5 sqmm Cu PVC armoured cable as per BS 5308-1,FR 16C 0.5 sqmm PVC cable,FR 16C cable,FR cable
RFP_4106,Fire Survival 440V 3C 25 sqmm Cu XLPE armoured cable as per IEC 60331,Fire Survival 440V 25 sqmm armoured cable,440V 25 sqmm cable,25 sqmm cable
RFP_4107,FR 440V 27C 2.5 sqmm Cu XLPE armoured cable as per IS 694,27C 2.5 sqmm Cu XLPE cable,2.5 sqmm Cu cable,Cu cable
RFP_4108,FR 500V 1C 1 sqmm Cu XLPE armoured cable as per IEC 60502-1,FR 500V XLPE cable as per IEC 60502-1,500V XLPE cable,XLPE cable
RFP_4109,FRLS 500V 2C 0.5 sqmm Cu XLPE armoured cable as per IEC 60502-1,500V Cu armoured cable as per IEC 60502-1,500V armoured cable,500V cable
RFP_4110,ZH 1.1kV 1C 300 sqmm Cu EPR armoured cable as per BS 5467,ZH 1.1kV 1C Cu cable,ZH 1C cable,ZH cable
RFP_4111,FRLS 440V 7C 4 sqmm Cu PVC armoured cable as per IS 1554,FRLS 7C Cu armoured cable,Cu armoured cable,Cu cable
RFP_4112,500V 2C 6 sqmm Cu PVC armoured cable as per IS 1554,2C 6 sqmm Cu PVC cable,6 sqmm Cu cable,Cu cable
RFP_4113,ZH 220kV 1C 400 sqmm Cu XLPE armoured cable as per IEC 62067,1C Cu armoured cable as per IEC 62067,1C armoured cable,1C cable
RFP_4114,FRLS 1.1kV 4C 70 sqmm Al XLPE armoured cable as per BS 5467,Al XLPE armoured cable as per BS 5467,armoured cable as per BS 5467,armoured cable
RFP_4115,FRLS 500V 12C 1.5 sqmm Cu PVC armoured cable as per IEC 60502-1,500V 12C Cu armoured cable,Cu armoured cable,armoured cable
RFP_4116,500V 24C 0.75 sqmm Cu XLPE armoured cable as per BS 5308-1,500V XLPE armoured cable as per BS 5308-1,armoured cable as per BS 5308-1,cable as per BS 5308-1
RFP_4117,FRLS 600V 2C 6 sqmm Al XLPE armoured cable as per IS 694,6 sqmm XLPE armoured cable as per IS 694,6 sqmm armoured cable,6 sqmm cable
RFP_4118,LSZH 500V 16C 1 sqmm Cu PVC armoured cable as per BS 5308-1,16C Cu armoured cable as per BS 5308-1,armoured cable as per BS 5308-1,cable as per BS 5308-1
RFP_4119,LSZH 500V 24C 1 sqmm Cu PVC armoured cable as per IS 1554,LSZH Cu armoured cable as per IS 1554,armoured cable as per IS 1554,armoured cable
RFP_4120,LSZH 220kV 1C 400 sqmm Cu XLPE armoured cable as per IEC 62067,1C Cu armoured cable as per IEC 62067,1C Cu cable,1C cable
RFP_4121,LSZH 500V 20C 0.75 sqmm Cu PVC armoured cable as per BS 5308-1,LSZH 500V PVC armoured cable,500V armoured cable,500V cable
RFP_4122,LSZH 132kV 1C 240 sqmm Al XLPE armoured cable as per IEC 60840,LSZH 1C Al cable as per IEC 60840,1C Al cable,1C cable
RFP_4123,FR 1.1kV 16C 4 sqmm Cu PVC armoured cable as per IEC 60502-1,4 sqmm Cu armoured cable as per IEC 60502-1,armoured cable as per IEC 60502-1,cable as per IEC 60502-1
RFP_4124,FRLS 500V 1C 4 sqmm Cu PVC armoured cable as per IEC 60245,FRLS 500V Cu cable as per IEC 60245,FRLS Cu cable,FRLS cable
RFP_4125,LSZH 1.1kV 1C 0.5 sqmm Cu XLPE armoured cable as per BS 5308-1,1C Cu XLPE armoured cable,XLPE armoured cable,XLPE cable
RFP_4126,FR 440V 16C 1.5 sqmm Cu PVC armoured cable as per IS 694,FR 440V 1.5 sqmm PVC cable,FR 440V cable,FR cable
RFP_4127,LSZH 500V 27C 1 sqmm Cu XLPE armoured cable as per IEC 60502-1,500V 1 sqmm Cu armoured cable,1 sqmm Cu cable,1 sqmm cable
RFP_4128,FRLS 300V 24C 1.5 sqmm Cu PVC armoured cable as per BS 5308-1,FRLS 24C 1.5 sqmm PVC cable,FRLS 1.5 sqmm cable,FRLS cable
RFP_4129,FR 500V 5C 10 sqmm Cu PVC armoured cable as per IS 694,FR Cu armoured cable as per IS 694,FR Cu cable,FR cable
RFP_4130,FR 300V 12C 2.5 sqmm Cu PVC armoured cable as per BS 5308-1,FR 300V 12C 2.5 sqmm cable,FR 12C cable,12C cable
RFP_4131,Fire Survival 440V 3C 1.5 sqmm Cu Mineral (MI) armoured cable as per IEC 60331,Fire Survival 3C 1.5 sqmm Cu Mineral (MI) cable,3C Cu Mineral (MI) cable,3C Mineral (MI) cable
RFP_4132,FR 1.1kV 2C 1 sqmm Cu PVC armoured cable as per IS 1554,1.1kV 2C armoured cable as per IS 1554,2C armoured cable,armoured cable
RFP_4133,FRLS 500V 8C 6 sqmm Cu PVC armoured cable as per IS 1554,500V PVC armoured cable as per IS 1554,PVC cable as per IS 1554,PVC cable
RFP_4134,ZH 6.6kV 1C 240 sqmm Al XLPE armoured cable as per IEC 60502-1,1C 240 sqmm XLPE cable as per IEC 60502-1,240 sqmm XLPE cable,240 sqmm cable
RFP_4135,Fire Survival 1.1kV 3C 95 sqmm Cu XLPE armoured cable as per BS 6387,Fire Survival 95 sqmm armoured cable as per BS 6387,Fire Survival cable as per BS 6387,cable as per BS 6387
RFP_4136,FR 110kV 1C 400 sqmm Al XLPE armoured cable as per IEC 60840,FR 110kV 1C cable as per IEC 60840,FR cable as per IEC 60840,FR cable
RFP_4137,LSZH 1.1kV 27C 1 sqmm Cu XLPE armoured cable as per IS 1554,LSZH 1.1kV 27C Cu cable,LSZH 1.1kV cable,1.1kV cable
RFP_4138,1.1kV 1C 25 sqmm Cu PVC armoured cable as per BS 5467,1C 25 sqmm PVC armoured cable,1C PVC cable,1C cable
RFP_4139,FRLS 500V 2C 10 sqmm Cu PVC armoured cable as per IEC 60245,2C PVC armoured cable as per IEC 60245,armoured cable as per IEC 60245,armoured cable
RFP_4140,FRLS 440V 3C 300 sqmm Cu XLPE armoured cable as per IS 1554,440V XLPE armoured cable as per IS 1554,XLPE armoured cable,XLPE cable
RFP_4141,LSZH 500V 6C 0.5 sqmm Cu PVC armoured cable as per IEC 60502-1,6C Cu PVC cable as per IEC 60502-1,6C cable as per IEC 60502-1,cable as per IEC 60502-1
RFP_4142,1.1kV 3C 2.5 sqmm Cu XLPE armoured cable as per BS 5308,1.1kV 3C armoured cable as per BS 5308,armoured cable as per BS 5308,cable as per BS 5308
RFP_4143,1.1kV 30C 6 sqmm Cu XLPE armoured cable as per IEC 60502-1,1.1kV 6 sqmm armoured cable as per IEC 60502-1,armoured cable as per IEC 60502-1,armoured cable
RFP_4144,FRLS 500V 2C 1.5 sqmm Cu PVC armoured cable as per IEC 60502-1,FRLS 500V 2C armoured cable,FRLS armoured cable,FRLS cable
RFP_4145,FRLS 440V 16C 4 sqmm Cu XLPE armoured cable as per IS 1554,440V Cu XLPE cable as per IS 1554,440V Cu cable,440V cable
RFP_4146,FR 500V 20C 1.5 sqmm Cu PVC armoured cable as per IEC 60502-1,FR 1.5 sqmm Cu PVC cable,FR 1.5 sqmm cable,1.5 sqmm cable
RFP_4147,LSZH 440V 8C 2.5 sqmm Cu PVC armoured cable as per IS 694,440V PVC armoured cable as per IS 694,armoured cable as per IS 694,cable as per IS 694
RFP_4148,FR 440V 14C 2.5 sqmm Cu XLPE armoured cable as per IS 694,FR XLPE armoured cable as per IS 694,armoured cable as per IS 694,cable as per IS 694
RFP_4149,FRLS 1.1kV 12C 4 sqmm Cu XLPE armoured cable as per BS 5308,FRLS 4 sqmm XLPE armoured cable,XLPE armoured cable,armoured cable
RFP_4150,Fire Survival 440V 4C 16 sqmm Cu XLPE armoured cable as per BS 6387,440V 4C armoured cable as per BS 6387,440V cable as per BS 6387,440V cable
RFP_4151,FR 500V 20C 0.5 sqmm Cu PVC armoured cable as per IEC 60502-1,FR 0.5 sqmm Cu armoured cable,FR 0.5 sqmm cable,FR cable
RFP_4152,LSZH 500V 8C 1.5 sqmm Cu PVC armoured cable as per IS 1554,8C 1.5 sqmm Cu armoured cable,8C Cu cable,Cu cable
RFP_4153,Fire Survival 440V 2C 10 sqmm Cu Mineral (MI) armoured cable as per IEC 60331,Fire Survival 2C 10 sqmm Cu Mineral (MI) cable,2C 10 sqmm Mineral (MI) cable,10 sqmm Mineral (MI) cable
RFP_4154,FRLS 1.1kV 24C 1.5 sqmm Cu PVC armoured cable as per BS 5308,FRLS 24C 1.5 sqmm cable as per BS 5308,24C cable as per BS 5308,24C cable
RFP_4155,ZH 6.6kV 1C 300 sqmm Cu EPR armoured cable as per IEC 60502-1,6.6kV 300 sqmm EPR cable as per IEC 60502-1,6.6kV EPR cable,6.6kV cable
RFP_4156,FR 440V 12C 4 sqmm Cu PVC armoured cable as per IS 694,FR 4 sqmm PVC armoured cable,FR PVC cable,PVC cable
RFP_4157,FR 22kV 3C 240 sqmm Cu XLPE armoured cable as per IEC 60502-2,FR 3C Cu cable as per IEC 60502-2,FR cable as per IEC 60502-2,cable as per IEC 60502-2
RFP_4158,FRLS 500V 3C 1.5 sqmm Cu PVC armoured cable as per IEC 60502-1,FRLS 3C Cu armoured cable,FRLS 3C cable,3C cable
RFP_4159,LSZH 1.1kV 4C 2.5 sqmm Al PVC armoured cable as per IS 1554,1.1kV Al PVC cable as per IS 1554,Al cable as per IS 1554,Al cable
RFP_4160,1.1kV 10C 4 sqmm Cu XLPE armoured cable as per IEC 60502-1,10C 4 sqmm Cu armoured cable,Cu armoured cable,Cu cable
RFP_4161,Fire Survival 1.1kV 4C 70 sqmm Cu XLPE armoured cable as per IS 17048,Fire Survival 4C Cu cable as per IS 17048,4C Cu cable,4C cable
RFP_4162,LSZH 22kV 3C 95 sqmm Al XLPE armoured cable as per IS 7098-2,95 sqmm Al armoured cable as per IS 7098-2,armoured cable as per IS 7098-2,cable as per IS 7098-2
RFP_4163,ZH 33kV 3C 240 sqmm Cu XLPE armoured cable as per IEC 60502-2,33kV 3C 240 sqmm armoured cable,240 sqmm armoured cable,armoured cable
RFP_4164,FR 600V 3C 35 sqmm Al PVC armoured cable as per IS 694,600V 35 sqmm Al cable as per IS 694,35 sqmm cable as per IS 694,35 sqmm cable
RFP_4165,FR 1.1kV 4C 0.75 sqmm Cu PVC armoured cable as per IS 9968,4C Cu armoured cable as per IS 9968,4C armoured cable,4C cable
RFP_4166,1.1kV 24C 2.5 sqmm Cu XLPE armoured cable as per BS 5308-1,2.5 sqmm Cu armoured cable as per BS 5308-1,2.5 sqmm cable as per BS 5308-1,2.5 sqmm cable
RFP_4167,6.6kV 3C 150 sqmm Cu XLPE armoured cable as per IEC 60502-1,3C Cu armoured cable as per IEC 60502-1,Cu armoured cable,Cu cable
RFP_4168,Fire Survival 440V 4C 10 sqmm Cu Mineral (MI) armoured cable as per BS 6387,Fire Survival 440V 4C Mineral (MI) armoured cable,440V 4C Mineral (MI) cable,4C Mineral (MI) cable
RFP_4169,FR 132kV 1C 240 sqmm Al XLPE armoured cable as per IEC 60840,1C Al armoured cable as per IEC 60840,1C armoured cable,1C cable
RFP_4170,1.1kV 27C 1 sqmm Cu XLPE armoured cable as per IEC 60502-1,1.1kV 1 sqmm Cu cable as per IEC 60502-1,1.1kV Cu cable,Cu cable
RFP_4171,FR 1.1kV 3.5C 6 sqmm Cu EPR armoured cable as per IEC 60502-1,3. Cu EPR armoured cable as per IEC 60502-1,3. EPR armoured cable,3. armoured cable
RFP_4172,FR 300V 20C 1 sqmm Cu XLPE armoured cable as per BS 5308-1,FR 300V armoured cable as per BS 5308-1,armoured cable as per BS 5308-1,cable as per BS 5308-1
RFP_4173,11kV 1C 95 sqmm Cu EPR armoured cable as per IS 7098-1,11kV EPR armoured cable as per IS 7098-1,armoured cable as per IS 7098-1,armoured cable
RFP_4174,ZH 1.1kV 4C 16 sqmm Cu PVC armoured cable as per IS 9968,1.1kV 4C Cu cable as per IS 9968,4C Cu cable,Cu cable
RFP_4175,ZH 11kV 3C 50 sqmm Al EPR armoured cable as per IS 7098-1,3C 50 sqmm Al armoured cable,Al armoured cable,Al cable
RFP_4176,FR 440V 1C 50 sqmm Cu XLPE armoured cable as per IS 694,FR 440V 50 sqmm cable as per IS 694,FR 50 sqmm cable,FR cable
RFP_4177,FR 1.1kV 14C 4 sqmm Cu PVC armoured cable as per BS 5308,14C 4 sqmm PVC cable as per BS 5308,14C cable as per BS 5308,14C cable
RFP_4178,FRLS 22kV 1C 50 sqmm Cu XLPE armoured cable as per IS 7098-2,22kV Cu armoured cable as per IS 7098-2,22kV cable as per IS 7098-2,22kV cable
RFP_4179,FRLS 11kV 1C 70 sqmm Cu XLPE armoured cable as per IS 7098-1,1C 70 sqmm Cu armoured cable,1C 70 sqmm cable,1C cable
RFP_4180,300V 1C 1 sqmm Cu XLPE armoured cable as per BS 5308-1,300V 1 sqmm XLPE armoured cable,300V armoured cable,armoured cable
RFP_4181,1.1kV 16C 2.5 sqmm Cu PVC armoured cable as per IS 1554,1.1kV 2.5 sqmm PVC cable as per IS 1554,1.1kV 2.5 sqmm cable,2.5 sqmm cable
RFP_4182,220kV 1C 185 sqmm Al XLPE armoured cable as per IEC 62067,Al XLPE armoured cable as per IEC 62067,XLPE armoured cable,XLPE cable
RFP_4183,LSZH 440V 4C 0.75 sqmm Cu PVC armoured cable as per IS 9968,LSZH 4C PVC cable as per IS 9968,4C PVC cable,PVC cable
RFP_4184,300V 12C 1.5 sqmm Cu PVC armoured cable as per BS 5308-1,12C 1.5 sqmm PVC armoured cable,1.5 sqmm armoured cable,armoured cable
RFP_4185,FR 66kV 1C 400 sqmm Al XLPE armoured cable as per IS 7098-3,FR 1C XLPE armoured cable,1C armoured cable,1C cable
RFP_4186,FR 300V 2C 2.5 sqmm Cu PVC armoured cable as per IEC 60502-1,FR 300V 2C cable as per IEC 60502-1,FR 2C cable,FR cable
RFP_4187,ZH 110kV 1C 240 sqmm Cu XLPE armoured cable as per IEC 60840,ZH Cu armoured cable as per IEC 60840,ZH armoured cable,ZH cable
RFP_4188,ZH 22kV 1C 120 sqmm Cu XLPE armoured cable as per IS 7098-2,ZH 22kV 1C Cu cable,22kV Cu cable,22kV cable
RFP_4189,Fire Survival 1.1kV 2C 1.5 sqmm Cu XLPE armoured cable as per IS 17048,Fire Survival 1.5 sqmm XLPE cable as per IS 17048,Fire Survival cable as per IS 17048,cable as per IS 17048
RFP_4190,440V 7C 4 sqmm Cu PVC armoured cable as per IS 694,4 sqmm Cu armoured cable as per IS 694,4 sqmm armoured cable,4 sqmm cable
RFP_4191,440V 4C 25 sqmm Al PVC armoured cable as per IEC 60502-1,4C Al armoured cable as per IEC 60502-1,Al armoured cable,Al cable
RFP_4192,LSZH 33kV 1C 400 sqmm Cu XLPE armoured cable as per IEC 60502-2,1C 400 sqmm Cu cable as per IEC 60502-2,400 sqmm cable as per IEC 60502-2,400 sqmm cable
RFP_4193,Fire Survival 1.1kV 1C 95 sqmm Cu XLPE armoured cable as per IS 17048,1C Cu XLPE armoured cable,1C armoured cable,1C cable
RFP_4194,1.1kV 8C 2.5 sqmm Cu PVC armoured cable as per IEC 60502-1,1.1kV 2.5 sqmm armoured cable as per IEC 60502-1,2.5 sqmm armoured cable,2.5 sqmm cable
RFP_4195,1.1kV 16C 1.5 sqmm Cu PVC armoured cable as per IEC 60502-1,1.1kV Cu armoured cable as per IEC 60502-1,Cu armoured cable,armoured cable
RFP_4196,LSZH 3.3kV 1C 240 sqmm Cu XLPE armoured cable as per IS 7098-1,3.3kV XLPE armoured cable as per IS 7098-1,3.3kV XLPE cable,3.3kV cable
RFP_4197,1.1kV 20C 0.75 sqmm Cu PVC armoured cable as per IS 1554,20C PVC armoured cable as per IS 1554,20C armoured cable,20C cable
RFP_4198,110kV 1C 240 sqmm Cu XLPE armoured cable as per IEC 60840,1C 240 sqmm XLPE cable as per IEC 60840,240 sqmm XLPE cable,240 sqmm cable
RFP_4199,FR 440V 4C 4 sqmm Cu XLPE armoured cable as per IEC 60245,440V 4C Cu XLPE cable,440V XLPE cable,440V cable
RFP_4200,FR 1.1kV 2C 1.5 sqmm Cu XLPE armoured cable as per IS 1554,FR 2C XLPE cable as per IS 1554,2C cable as per IS 1554,2C cable
RFP_4201,Fire Survival 440V 3C 6 sqmm Cu Mineral (MI) armoured cable as per IEC 60331,440V 6 sqmm Cu Mineral (MI) cable as per IEC 60331,Cu Mineral (MI) cable as per IEC 60331,Mineral (MI) cable as per IEC 60331
RFP_4202,FRLS 3.3kV 1C 300 sqmm Cu XLPE armoured cable as per IEC 60502-1,3.3kV 1C armoured cable as per IEC 60502-1,3.3kV cable as per IEC 60502-1,cable as per IEC 60502-1
RFP_4203,LSZH 1.1kV 30C 6 sqmm Cu XLPE armoured cable as per IS 1554,30C 6 sqmm Cu cable as per IS 1554,Cu cable as per IS 1554,Cu cable
RFP_4204,FR 440V 7C 2.5 sqmm Cu XLPE armoured cable as per IS 694,440V 2.5 sqmm Cu armoured cable,Cu armoured cable,armoured cable
RFP_4205,FRLS 500V 6C 6 sqmm Cu PVC armoured cable as per IEC 60502-1,FRLS 6 sqmm Cu armoured cable,FRLS armoured cable,FRLS cable
RFP_4206,1.1kV 1C 35 sqmm Cu PVC armoured cable as per IEC 60502-1,1.1kV 1C armoured cable as per IEC 60502-1,1C cable as per IEC 60502-1,cable as per IEC 60502-1
RFP_4207,Fire Survival 1.1kV 4C 16 sqmm Cu Mineral (MI) armoured cable as per IEC 60331,4C Cu Mineral (MI) armoured cable as per IEC 60331,Cu Mineral (MI) cable as per IEC 60331,Mineral (MI) cable as per IEC 60331
RFP_4208,440V 5C 10 sqmm Cu PVC armoured cable as per IS 9968,5C 10 sqmm Cu armoured cable,5C 10 sqmm cable,10 sqmm cable
RFP_4209,LSZH 22kV 1C 300 sqmm Cu XLPE armoured cable as per IS 7098-2,1C Cu armoured cable as per IS 7098-2,Cu armoured cable,armoured cable
RFP_4210,ZH 66kV 1C 630 sqmm Al XLPE armoured cable as per IEC 60840,66kV 1C 630 sqmm armoured cable,66kV 630 sqmm cable,66kV cable
RFP_4211,ZH 11kV 3C 400 sqmm Cu EPR armoured cable as per IS 7098-1,ZH Cu EPR armoured cable,ZH Cu cable,Cu cable
RFP_4212,LSZH 600V 1C 1000 sqmm Cu PVC armoured cable as per IS 694,LSZH Cu PVC armoured cable,LSZH Cu cable,Cu cable
RFP_4213,ZH 440V 3C 50 sqmm Cu XLPE armoured cable as per IS 1554,ZH 440V XLPE cable as per IS 1554,ZH cable as per IS 1554,ZH cable
RFP_4214,FR 500V 1C 0.75 sqmm Cu PVC armoured cable as per IS 694,500V Cu PVC cable as per IS 694,Cu PVC cable,Cu cable
RFP_4215,FR 22kV 3C 50 sqmm Al XLPE armoured cable as per IEC 60502-2,50 sqmm Al armoured cable as per IEC 60502-2,armoured cable as per IEC 60502-2,armoured cable
RFP_4216,ZH 1.1kV 3C 185 sqmm Cu PVC armoured cable as per IS 1554,ZH 3C 185 sqmm PVC cable,185 sqmm PVC cable,PVC cable
RFP_4217,Fire Survival 440V 1C 16 sqmm Cu Mineral (MI) armoured cable as per BS 6387,Fire Survival 1C Cu Mineral (MI) cable as per BS 6387,Fire Survival 1C Mineral (MI) cable,Fire Survival Mineral (MI) cable
RFP_4218,1.1kV 14C 6 sqmm Cu PVC armoured cable as per BS 5308,1.1kV 14C Cu armoured cable,Cu armoured cable,armoured cable
RFP_4219,FRLS 1.1kV 2C 1 sqmm Cu XLPE armoured cable as per IS 1554,1 sqmm XLPE armoured cable as per IS 1554,1 sqmm XLPE cable,XLPE cable
RFP_4220,FRLS 440V 2C 70 sqmm Al XLPE armoured cable as per IEC 60502-1,FRLS Al armoured cable as per IEC 60502-1,Al cable as per IEC 60502-1,Al cable
RFP_4221,FR 1.1kV 30C 6 sqmm Cu XLPE armoured cable as per IEC 60502-1,1.1kV 6 sqmm armoured cable as per IEC 60502-1,6 sqmm cable as per IEC 60502-1,6 sqmm cable
RFP_4222,LSZH 1.1kV 6C 4 sqmm Cu XLPE armoured cable as per IS 1554,1.1kV 4 sqmm Cu cable as per IS 1554,1.1kV cable as per IS 1554,1.1kV cable
RFP_4223,LSZH 500V 27C 6 sqmm Cu PVC armoured cable as per IS 1554,LSZH 6 sqmm PVC cable as per IS 1554,PVC cable as per IS 1554,PVC cable
RFP_4224,FRLS 500V 5C 1 sqmm Cu XLPE armoured cable as per IEC 60502-1,500V 1 sqmm armoured cable as per IEC 60502-1,1 sqmm cable as per IEC 60502-1,cable as per IEC 60502-1
RFP_4225,FRLS 220kV 1C 500 sqmm Cu XLPE armoured cable as per IEC 62067,FRLS XLPE armoured cable as per IEC 62067,FRLS cable as per IEC 62067,cable as per IEC 62067
RFP_4226,500V 20C 2.5 sqmm Cu PVC armoured cable as per BS 5308-1,500V 20C Cu cable as per BS 5308-1,500V 20C cable,20C cable
RFP_4227,FR 400kV 1C 400 sqmm Cu XLPE armoured cable as per IEC 62067,400kV 1C 400 sqmm armoured cable,1C 400 sqmm cable,400 sqmm cable
RFP_4228,440V 27C 4 sqmm Cu XLPE armoured cable as per IS 694,27C Cu XLPE cable as per IS 694,27C cable as per IS 694,27C cable
RFP_4229,Fire Survival 440V 1C 2.5 sqmm Cu XLPE armoured cable as per BS 6387,Fire Survival Cu armoured cable as per BS 6387,Fire Survival cable as per BS 6387,cable as per BS 6387
RFP_4230,FRLS 500V 1C 120 sqmm Al XLPE armoured cable as per IS 694,500V 1C 120 sqmm XLPE cable,1C XLPE cable,1C cable
RFP_4231,500V 30C 1.5 sqmm Cu PVC armoured cable as per IEC 60502-1,500V 30C 1.5 sqmm Cu cable,500V Cu cable,500V cable
RFP_4232,6.6kV 1C 185 sqmm Cu XLPE armoured cable as per IEC 60502-1,1C 185 sqmm Cu cable as per IEC 60502-1,1C Cu cable,Cu cable
RFP_4233,FRLS 1.1kV 16C 1 sqmm Cu PVC armoured cable as per BS 5308,16C 1 sqmm Cu cable as per BS 5308,16C cable as per BS 5308,16C cable
RFP_4234,ZH 600V 3C 120 sqmm Al PVC armoured cable as per IS 694,3C 120 sqmm Al armoured cable,Al armoured cable,Al cable
RFP_4235,FRLS 300V 10C 0.5 sqmm Cu XLPE armoured cable as per IEC 60502-1,FRLS 10C Cu XLPE cable,FRLS XLPE cable,XLPE cable
RFP_4236,FR 3.3kV 3C 300 sqmm Cu EPR armoured cable as per IEC 60502-1,3C Cu EPR armoured cable,EPR armoured cable,EPR cable
RFP_4237,FRLS 110kV 1C 240 sqmm Al XLPE armoured cable as per IEC 60840,110kV Al armoured cable as per IEC 60840,110kV Al cable,110kV cable
RFP_4238,Fire Survival 1.1kV 4C 95 sqmm Cu XLPE armoured cable as per IS 17048,1.1kV 95 sqmm XLPE cable as per IS 17048,1.1kV 95 sqmm cable,1.1kV cable
RFP_4239,Fire Survival 1.1kV 3C 4 sqmm Cu Mineral (MI) armoured cable as per IEC 60331,Fire Survival 3C Mineral (MI) armoured cable as per IEC 60331,Mineral (MI) armoured cable as per IEC 60331,Mineral (MI) armoured cable
RFP_4240,FR 1.1kV 6C 1 sqmm Cu PVC armoured cable as per IEC 60502-1,1.1kV Cu armoured cable as per IEC 60502-1,1.1kV cable as per IEC 60502-1,1.1kV cable
RFP_4241,LSZH 300V 20C 1.5 sqmm Cu PVC armoured cable as per BS 5308-1,LSZH 300V 20C PVC cable,300V 20C cable,300V cable
RFP_4242,ZH 500V 1C 120 sqmm Al XLPE armoured cable as per IEC 60502-1,ZH 120 sqmm Al XLPE cable,120 sqmm XLPE cable,XLPE cable
RFP_4243,FRLS 1.1kV 16C 1 sqmm Cu XLPE armoured cable as per IS 1554,16C 1 sqmm XLPE armoured cable,XLPE armoured cable,armoured cable
RFP_4244,ZH 110kV 1C 800 sqmm Al XLPE armoured cable as per IEC 60840,ZH 1C 800 sqmm Al cable,1C Al cable,1C cable
RFP_4245,FR 3.3kV 3C 150 sqmm Cu XLPE armoured cable as per IS 7098-1,3.3kV 150 sqmm Cu armoured cable,3.3kV Cu cable,Cu cable
RFP_4246,FRLS 300V 4C 1.5 sqmm Cu PVC armoured cable as per IEC 60502-1,FRLS 4C PVC cable as per IEC 60502-1,PVC cable as per IEC 60502-1,cable as per IEC 60502-1
RFP_4247,LSZH 300V 8C 0.5 sqmm Cu XLPE armoured cable as per BS 5308-1,8C 0.5 sqmm XLPE armoured cable,8C 0.5 sqmm cable,8C cable
RFP_4248,300V 8C 1.5 sqmm Cu XLPE armoured cable as per BS 5308-1,8C Cu XLPE armoured cable,Cu armoured cable,armoured cable
RFP_4249,600V 2C 630 sqmm Cu PVC armoured cable as per IEC 60502-1,600V PVC armoured cable as per IEC 60502-1,600V PVC cable,PVC cable
RFP_4250,FR 1.1kV 4C 2.5 sqmm Cu XLPE armoured cable as per IEC 60502-1,1.1kV 4C Cu cable as per IEC 60502-1,Cu cable as per IEC 60502-1,cable as per IEC 60502-1
RFP_4251,FRLS 1.1kV 12C 1 sqmm Cu PVC armoured cable as per BS 5308,FRLS 12C Cu cable as per BS 5308,12C Cu cable,Cu cable
RFP_4252,ZH 3.3kV 1C 50 sqmm Al XLPE armoured cable as per IS 7098-1,1C XLPE armoured cable as per IS 7098-1,XLPE cable as per IS 7098-1,cable as per IS 7098-1
RFP_4253,500V 2C 2.5 sqmm Cu XLPE armoured cable as per BS 5308-1,500V 2C Cu cable as per BS 5308-1,500V cable as per BS 5308-1,500V cable
RFP_4254,FRLS 110kV 1C 1000 sqmm Cu XLPE armoured cable as per IEC 60840,FRLS 1C XLPE armoured cable,XLPE armoured cable,armoured cable
RFP_4255,FR 220kV 1C 300 sqmm Al XLPE armoured cable as per IEC 62067,220kV XLPE armoured cable as per IEC 62067,XLPE armoured cable,armoured cable
RFP_4256,FR 500V 1C 35 sqmm Cu PVC armoured cable as per IS 694,1C 35 sqmm PVC armoured cable,1C armoured cable,armoured cable
RFP_4257,FRLS 1.1kV 2C 0.5 sqmm Cu XLPE armoured cable as per IEC 60502-1,FRLS 2C 0.5 sqmm cable as per IEC 60502-1,2C cable as per IEC 60502-1,cable as per IEC 60502-1
RFP_4258,FR 600V 3C 4 sqmm Cu PVC armoured cable as per IEC 60502-1,FR 3C Cu cable as per IEC 60502-1,3C cable as per IEC 60502-1,3C cable
RFP_4259,Fire Survival 440V 3C 2.5 sqmm Cu Mineral (MI) armoured cable as per IEC 60331,Fire Survival 440V 3C Cu Mineral (MI) cable,Fire Survival Cu Mineral (MI) cable,Fire Survival Mineral (MI) cable
RFP_4260,11kV 1C 185 sqmm Cu EPR armoured cable as per IEC 60502-1,11kV 1C Cu armoured cable,1C armoured cable,armoured cable
RFP_4261,6.6kV 3C 95 sqmm Al XLPE armoured cable as per IEC 60502-1,6.6kV 3C Al armoured cable,Al armoured cable,armoured cable
RFP_4262,FRLS 110kV 1C 240 sqmm Cu XLPE armoured cable as per IEC 60840,FRLS 110kV 240 sqmm XLPE cable,110kV XLPE cable,XLPE cable
RFP_4263,132kV 1C 185 sqmm Al XLPE armoured cable as per IEC 60840,132kV 1C Al XLPE cable,1C Al cable,1C cable
RFP_4264,ZH 11kV 1C 50 sqmm Al XLPE armoured cable as per IS 7098-1,1C 50 sqmm Al armoured cable,50 sqmm armoured cable,armoured cable
RFP_4265,FR 440V 30C 4 sqmm Cu XLPE armoured cable as per IS 1554,FR 440V Cu cable as per IS 1554,Cu cable as per IS 1554,cable as per IS 1554
RFP_4266,Fire Survival 440V 4C 6 sqmm Cu XLPE armoured cable as per BS 6387,Fire Survival 440V Cu cable as per BS 6387,Cu cable as per BS 6387,cable as per BS 6387
RFP_4267,FR 440V 12C 6 sqmm Cu PVC armoured cable as per IS 694,440V 12C PVC armoured cable,12C armoured cable,armoured cable
RFP_4268,LSZH 22kV 1C 50 sqmm Al XLPE armoured cable as per IS 7098-2,22kV 1C Al armoured cable,22kV armoured cable,armoured cable
RFP_4269,LSZH 500V 3C 16 sqmm Cu PVC armoured cable as per IEC 60245,3C 16 sqmm Cu PVC cable,Cu PVC cable,PVC cable
RFP_4270,Fire Survival 1.1kV 2C 25 sqmm Cu XLPE armoured cable as per IEC 60331,Fire Survival 25 sqmm XLPE cable as per IEC 60331,Fire Survival XLPE cable,Fire Survival cable
RFP_4271,FR 300V 10C 0.5 sqmm Cu PVC armoured cable as per BS 5308-1,300V 0.5 sqmm Cu cable as per BS 5308-1,300V 0.5 sqmm cable,0.5 sqmm cable
RFP_4272,FR 1.1kV 5C 1 sqmm Cu XLPE armoured cable as per BS 5308,FR 1 sqmm Cu XLPE cable,Cu XLPE cable,Cu cable
RFP_4273,LSZH 1.1kV 16C 6 sqmm Cu PVC armoured cable as per IS 1554,16C 6 sqmm Cu armoured cable,6 sqmm armoured cable,6 sqmm cable
RFP_4274,FR 1.1kV 6C 0.75 sqmm Cu PVC armoured cable as per IEC 60502-1,6C 0.75 sqmm Cu PVC cable,6C 0.75 sqmm cable,6C cable
RFP_4275,FR 440V 19C 1 sqmm Cu XLPE armoured cable as per IS 1554,FR 19C 1 sqmm XLPE cable,19C 1 sqmm cable,19C cable
RFP_4276,FR 500V 27C 6 sqmm Cu XLPE armoured cable as per IEC 60502-1,FR 27C Cu armoured cable,27C armoured cable,27C cable
RFP_4277,600V 3C 6 sqmm Al PVC armoured cable as per IEC 60502-1,3C PVC armoured cable as per IEC 60502-1,3C PVC cable,3C cable
RFP_4278,440V 1C 25 sqmm Cu PVC armoured cable as per IS 9968,1C 25 sqmm PVC cable as per IS 9968,25 sqmm cable as per IS 9968,cable as per IS 9968
RFP_4279,FRLS 1.1kV 20C 2.5 sqmm Cu XLPE armoured cable as per IEC 60502-1,1.1kV XLPE armoured cable as per IEC 60502-1,armoured cable as per IEC 60502-1,armoured cable
RFP_4280,FRLS 110kV 1C 240 sqmm Al XLPE armoured cable as per IEC 60840,110kV Al XLPE armoured cable,110kV XLPE cable,XLPE cable
RFP_4281,Fire Survival 440V 3C 1.5 sqmm Cu XLPE armoured cable as per BS 6387,Fire Survival 440V 1.5 sqmm cable as per BS 6387,Fire Survival 1.5 sqmm cable,Fire Survival cable
RFP_4282,FRLS 33kV 1C 150 sqmm Al XLPE armoured cable as per IS 7098-2,33kV Al armoured cable as per IS 7098-2,33kV armoured cable,33kV cable
RFP_4283,ZH 440V 2C 35 sqmm Al PVC armoured cable as per IS 694,440V 2C 35 sqmm Al cable,2C 35 sqmm cable,2C cable
RFP_4284,LSZH 132kV 1C 400 sqmm Cu XLPE armoured cable as per IEC 60840,132kV 1C 400 sqmm cable as per IEC 60840,1C 400 sqmm cable,400 sqmm cable
RFP_4285,FRLS 132kV 1C 400 sqmm Al XLPE armoured cable as per IEC 60840,132kV 400 sqmm XLPE cable as per IEC 60840,132kV XLPE cable,132kV cable
RFP_4286,LSZH 220kV 1C 500 sqmm Al XLPE armoured cable as per IEC 62067,220kV 1C XLPE cable as per IEC 62067,220kV cable as per IEC 62067,220kV cable
RFP_4287,FRLS 500V 4C 95 sqmm Cu XLPE armoured cable as per IS 694,500V XLPE armoured cable as per IS 694,XLPE cable as per IS 694,cable as per IS 694
RFP_4288,ZH 11kV 1C 185 sqmm Cu XLPE armoured cable as per IS 7098-1,ZH 11kV 1C Cu cable,11kV 1C cable,1C cable
RFP_4289,FR 1.1kV 10C 0.75 sqmm Cu XLPE armoured cable as per IEC 60502-1,FR 10C armoured cable as per IEC 60502-1,armoured cable as per IEC 60502-1,cable as per IEC 60502-1
RFP_4290,LSZH 500V 30C 6 sqmm Cu PVC armoured cable as per IEC 60502-1,LSZH 500V armoured cable as per IEC 60502-1,LSZH armoured cable,LSZH cable
RFP_4291,FRLS 33kV 1C 300 sqmm Al XLPE armoured cable as per IEC 60502-2,1C Al armoured cable as per IEC 60502-2,armoured cable as per IEC 60502-2,armoured cable
RFP_4292,FRLS 1.1kV 3C 1.5 sqmm Cu PVC armoured cable as per IS 1554,3C 1.5 sqmm Cu armoured cable,1.5 sqmm armoured cable,1.5 sqmm cable
RFP_4293,440V 1C 2.5 sqmm Cu XLPE armoured cable as per IEC 60245,440V 1C 2.5 sqmm Cu cable,440V 2.5 sqmm cable,440V cable
RFP_4294,FRLS 300V 24C 1 sqmm Cu PVC armoured cable as per IEC 60502-1,FRLS 300V PVC cable as per IEC 60502-1,FRLS cable as per IEC 60502-1,cable as per IEC 60502-1
RFP_4295,FRLS 1.1kV 7C 6 sqmm Cu XLPE armoured cable as per IS 1554,1.1kV 6 sqmm XLPE armoured cable,6 sqmm XLPE cable,XLPE cable
RFP_4296,FRLS 500V 2C 4 sqmm Cu XLPE armoured cable as per IS 1554,FRLS 500V 4 sqmm cable as per IS 1554,500V 4 sqmm cable,4 sqmm cable
RFP_4297,LSZH 1.1kV 10C 6 sqmm Cu PVC armoured cable as per BS 5308,6 sqmm PVC armoured cable as per BS 5308,PVC armoured cable,armoured cable
RFP_4298,LSZH 440V 24C 1.5 sqmm Cu XLPE armoured cable as per IS 1554,1.5 sqmm Cu XLPE armoured cable,XLPE armoured cable,armoured cable
RFP_4299,500V 3C 1.5 sqmm Cu XLPE armoured cable as per IEC 60502-1,500V 3C Cu XLPE cable,3C Cu cable,Cu cable
RFP_4300,Fire Survival 440V 2C 35 sqmm Cu XLPE armoured cable as per IEC 60331,2C 35 sqmm XLPE cable as per IEC 60331,35 sqmm cable as per IEC 60331,cable as per IEC 60331
RFP_4301,FR 220kV 1C 400 sqmm Al XLPE armoured cable as per IEC 62067,1C Al XLPE armoured cable,1C armoured cable,1C cable
RFP_4302,Fire Survival 1.1kV 3C 1.5 sqmm Cu XLPE armoured cable as per BS 6387,Fire Survival 1.1kV XLPE cable as per BS 6387,1.1kV XLPE cable,XLPE cable
RFP_4303,Fire Survival 440V 4C 95 sqmm Cu XLPE armoured cable as per IEC 60331,Fire Survival 95 sqmm Cu armoured cable,Fire Survival 95 sqmm cable,Fire Survival cable
RFP_4304,FRLS 1.1kV 1C 0.75 sqmm Cu XLPE armoured cable as per IEC 60502-1,1.1kV 0.75 sqmm XLPE cable as per IEC 60502-1,XLPE cable as per IEC 60502-1,XLPE cable
RFP_4305,FR 440V 8C 6 sqmm Cu PVC armoured cable as per IS 694,FR 440V 6 sqmm cable as per IS 694,440V cable as per IS 694,440V cable
RFP_4306,ZH 11kV 1C 120 sqmm Cu XLPE armoured cable as per IEC 60502-1,120 sqmm XLPE armoured cable as per IEC 60502-1,XLPE cable as per IEC 60502-1,XLPE cable
RFP_4307,FR 440V 5C 2.5 sqmm Cu PVC armoured cable as per IS 1554,FR 440V armoured cable as per IS 1554,armoured cable as per IS 1554,cable as per IS 1554
RFP_4308,FRLS 1.1kV 6C 0.75 sqmm Cu XLPE armoured cable as per BS 5308-1,1.1kV 6C Cu XLPE cable,Cu XLPE cable,XLPE cable
RFP_4309,FRLS 22kV 1C 50 sqmm Al XLPE armoured cable as per IEC 60502-2,FRLS 50 sqmm Al armoured cable,FRLS armoured cable,FRLS cable
RFP_4310,FRLS 500V 7C 6 sqmm Cu PVC armoured cable as per IS 1554,FRLS 500V PVC armoured cable,FRLS 500V cable,FRLS cable
RFP_4311,1.1kV 24C 1.5 sqmm Cu PVC armoured cable as per BS 5308,1.1kV Cu PVC armoured cable,PVC armoured cable,armoured cable
RFP_4312,500V 8C 1.5 sqmm Cu PVC armoured cable as per IEC 60502-1,8C 1.5 sqmm Cu cable as per IEC 60502-1,1.5 sqmm cable as per IEC 60502-1,1.5 sqmm cable
RFP_4313,LSZH 300V 24C 1.5 sqmm Cu PVC armoured cable as per IEC 60502-1,300V Cu armoured cable as per IEC 60502-1,300V armoured cable,armoured cable
RFP_4314,LSZH 132kV 1C 300 sqmm Al XLPE armoured cable as per IEC 60840,132kV 1C 300 sqmm cable as per IEC 60840,300 sqmm cable as per IEC 60840,300 sqmm cable
RFP_4315,Fire Survival 1.1kV 3C 4 sqmm Cu XLPE armoured cable as per BS 6387,Fire Survival 1.1kV XLPE armoured cable,1.1kV armoured cable,1.1kV cable
RFP_4316,66kV 1C 185 sqmm Al XLPE armoured cable as per IEC 60840,66kV Al armoured cable as per IEC 60840,Al cable as per IEC 60840,cable as per IEC 60840
RFP_4317,FRLS 66kV 1C 240 sqmm Cu XLPE armoured cable as per IEC 60840,FRLS XLPE armoured cable as per IEC 60840,XLPE cable as per IEC 60840,XLPE cable
RFP_4318,FR 1.1kV 6C 0.75 sqmm Cu PVC armoured cable as per IS 1554,6C PVC armoured cable as per IS 1554,PVC armoured cable,armoured cable
RFP_4319,1.1kV 8C 1 sqmm Cu XLPE armoured cable as per IS 1554,1.1kV 8C armoured cable as per IS 1554,1.1kV cable as per IS 1554,1.1kV cable
RFP_4320,Fire Survival 1.1kV 4C 70 sqmm Cu XLPE armoured cable as per BS 6387,Fire Survival 70 sqmm Cu XLPE cable,Fire Survival 70 sqmm cable,Fire Survival cable
RFP_4321,LSZH 1.1kV 14C 6 sqmm Cu PVC armoured cable as per BS 5308,LSZH 6 sqmm Cu armoured cable,6 sqmm armoured cable,6 sqmm cable
RFP_4322,1.1kV 19C 1.5 sqmm Cu PVC armoured cable as per IS 1554,1.1kV 19C PVC cable as per IS 1554,1.1kV 19C cable,1.1kV cable
RFP_4323,FRLS 1.1kV 2C 6 sqmm Cu PVC armoured cable as per BS 5308,1.1kV 2C Cu PVC cable,2C Cu cable,2C cable
RFP_4324,LSZH 500V 3C 1 sqmm Cu PVC armoured cable as per IEC 60245,500V Cu PVC armoured cable,500V PVC cable,PVC cable
RFP_4325,FRLS 1.1kV 4C 4 sqmm Cu XLPE armoured cable as per IEC 60502-1,4 sqmm Cu XLPE armoured cable,XLPE armoured cable,XLPE cable
RFP_4326,1.1kV 7C 1 sqmm Cu PVC armoured cable as per BS 5308,1 sqmm PVC armoured cable as per BS 5308,1 sqmm armoured cable,armoured cable
RFP_4327,FR 500V 2C 1.5 sqmm Cu PVC armoured cable as per IEC 60502-1,FR 500V Cu PVC cable,Cu PVC cable,PVC cable
RFP_4328,500V 16C 1.5 sqmm Cu PVC armoured cable as per BS 5308-1,1.5 sqmm Cu armoured cable as per BS 5308-1,Cu cable as per BS 5308-1,cable as per BS 5308-1
RFP_4329,Fire Survival 440V 1C 25 sqmm Cu XLPE armoured cable as per IEC 60331,Fire Survival 25 sqmm Cu armoured cable,25 sqmm armoured cable,armoured cable
RFP_4330,LSZH 440V 27C 4 sqmm Cu XLPE armoured cable as per IS 694,LSZH 27C 4 sqmm armoured cable,27C armoured cable,armoured cable
RFP_4331,LSZH 500V 16C 6 sqmm Cu XLPE armoured cable as per IS 1554,500V 16C XLPE cable as per IS 1554,500V cable as per IS 1554,cable as per IS 1554
RFP_4332,1.1kV 12C 1 sqmm Cu XLPE armoured cable as per IS 1554,1.1kV 12C 1 sqmm armoured cable,12C armoured cable,12C cable
RFP_4333,FR 500V 10C 2.5 sqmm Cu XLPE armoured cable as per IEC 60502-1,10C Cu armoured cable as per IEC 60502-1,10C Cu cable,10C cable
RFP_4334,1.1kV 8C 6 sqmm Cu XLPE armoured cable as per IEC 60502-1,8C Cu armoured cable as per IEC 60502-1,8C cable as per IEC 60502-1,cable as per IEC 60502-1
RFP_4335,FR 1.1kV 8C 2.5 sqmm Cu PVC armoured cable as per IS 1554,FR PVC armoured cable as per IS 1554,FR PVC cable,PVC cable
RFP_4336,FR 11kV 1C 185 sqmm Al EPR armoured cable as per IS 7098-1,11kV 1C 185 sqmm armoured cable,11kV 1C cable,1C cable
RFP_4337,FRLS 1.1kV 20C 2.5 sqmm Cu XLPE armoured cable as per BS 5308-1,FRLS Cu XLPE cable as per BS 5308-1,XLPE cable as per BS 5308-1,XLPE cable
RFP_4338,Fire Survival 440V 1C 1.5 sqmm Cu XLPE armoured cable as per BS 6387,Fire Survival 1C Cu cable as per BS 6387,1C cable as per BS 6387,cable as per BS 6387
RFP_4339,400kV 1C 300 sqmm Cu XLPE armoured cable as per IEC 62067,1C Cu XLPE cable as per IEC 62067,XLPE cable as per IEC 62067,XLPE cable
RFP_4340,FRLS 132kV 1C 400 sqmm Al XLPE armoured cable as per IEC 60840,FRLS 400 sqmm XLPE armoured cable,FRLS armoured cable,armoured cable
RFP_4341,FR 22kV 1C 70 sqmm Cu XLPE armoured cable as per IS 7098-2,70 sqmm Cu XLPE armoured cable,XLPE armoured cable,armoured cable
RFP_4342,300V 10C 1 sqmm Cu PVC armoured cable as per BS 5308-1,10C 1 sqmm armoured cable as per BS 5308-1,10C cable as per BS 5308-1,cable as per BS 5308-1
RFP_4343,LSZH 66kV 1C 240 sqmm Cu XLPE armoured cable as per IEC 60840,LSZH 1C 240 sqmm armoured cable,240 sqmm armoured cable,240 sqmm cable
RFP_4344,440V 14C 4 sqmm Cu PVC armoured cable as per IS 694,440V Cu PVC armoured cable,Cu PVC cable,PVC cable
RFP_4345,FR 500V 3C 4 sqmm Cu XLPE armoured cable as per IS 1554,FR Cu XLPE cable as per IS 1554,XLPE cable as per IS 1554,cable as per IS 1554
RFP_4346,ZH 500V 5C 35 sqmm Cu PVC armoured cable as per IEC 60245,ZH 5C 35 sqmm cable as per IEC 60245,ZH 35 sqmm cable,35 sqmm cable
RFP_4347,Fire Survival 1.1kV 2C 50 sqmm Cu XLPE armoured cable as per BS 6387,Fire Survival 2C 50 sqmm Cu cable,Fire Survival 50 sqmm cable,50 sqmm cable
RFP_4348,500V 8C 1 sqmm Cu PVC armoured cable as per IEC 60502-1,500V 1 sqmm Cu PVC cable,Cu PVC cable,Cu cable
RFP_4349,LSZH 500V 4C 6 sqmm Cu PVC armoured cable as per IS 1554,4C 6 sqmm armoured cable as per IS 1554,4C armoured cable,4C cable
RFP_4350,FRLS 440V 2C 1.5 sqmm Cu PVC armoured cable as per IS 1554,FRLS 2C 1.5 sqmm armoured cable,1.5 sqmm armoured cable,1.5 sqmm cable
RFP_4351,FRLS 500V 20C 1.5 sqmm Cu XLPE armoured cable as per IEC 60502-1,20C 1.5 sqmm Cu armoured cable,1.5 sqmm Cu cable,Cu cable
RFP_4352,Fire Survival 440V 4C 50 sqmm Cu Mineral (MI) armoured cable as per IEC 60331,Fire Survival 50 sqmm Mineral (MI) armoured cable as per IEC 60331,Mineral (MI) armoured cable as per IEC 60331,Mineral (MI) cable as per IEC 60331
RFP_4353,LSZH 132kV 1C 400 sqmm Al XLPE armoured cable as per IEC 60840,132kV 1C 400 sqmm cable as per IEC 60840,132kV cable as per IEC 60840,132kV cable
RFP_4354,Fire Survival 440V 2C 95 sqmm Cu XLPE armoured cable as per BS 6387,440V 95 sqmm XLPE armoured cable,440V XLPE cable,440V cable
RFP_4355,440V 10C 1.5 sqmm Cu XLPE armoured cable as per IS 694,440V 10C Cu cable as per IS 694,440V 10C cable,10C cable
RFP_4356,ZH 600V 4C 95 sqmm Al XLPE armoured cable as per IEC 60502-1,600V 4C Al armoured cable,600V Al cable,600V cable
RFP_4357,ZH 1.1kV 3C 6 sqmm Cu XLPE armoured cable as per IS 9968,3C 6 sqmm Cu armoured cable,Cu armoured cable,armoured cable
RFP_4358,500V 10C 2.5 sqmm Cu PVC armoured cable as per IS 1554,10C 2.5 sqmm PVC cable as per IS 1554,PVC cable as per IS 1554,PVC cable
RFP_4359,1.1kV 3C 4 sqmm Cu XLPE armoured cable as per IEC 60502-1,1.1kV 4 sqmm XLPE armoured cable,1.1kV XLPE cable,1.1kV cable
RFP_4360,FRLS 500V 3.5C 400 sqmm Al PVC armoured cable as per IEC 60502-1,500V 3. 400 sqmm armoured cable as per IEC 60502-1,3. armoured cable as per IEC 60502-1,3. cable as per IEC 60502-1
RFP_4361,LSZH 220kV 1C 400 sqmm Al XLPE armoured cable as per IEC 62067,LSZH 1C 400 sqmm cable as per IEC 62067,1C 400 sqmm cable,1C cable
RFP_4362,ZH 440V 3C 25 sqmm Cu PVC armoured cable as per IS 9968,ZH PVC armoured cable as per IS 9968,ZH PVC cable,ZH cable
RFP_4363,FRLS 220kV 1C 300 sqmm Cu XLPE armoured cable as per IEC 62067,220kV Cu armoured cable as per IEC 62067,armoured cable as per IEC 62067,cable as per IEC 62067
RFP_4364,LSZH 33kV 1C 300 sqmm Cu XLPE armoured cable as per IS 7098-2,LSZH 33kV XLPE armoured cable,33kV XLPE cable,33kV cable
RFP_4365,FR 500V 12C 2.5 sqmm Cu XLPE armoured cable as per IEC 60502-1,FR 2.5 sqmm armoured cable as per IEC 60502-1,2.5 sqmm armoured cable,2.5 sqmm cable
RFP_4366,FRLS 6.6kV 1C 70 sqmm Cu XLPE armoured cable as per IS 7098-1,FRLS Cu XLPE cable as per IS 7098-1,FRLS XLPE cable,XLPE cable
RFP_4367,FR 1.1kV 7C 1 sqmm Cu PVC armoured cable as per IS 1554,FR 1.1kV armoured cable as per IS 1554,1.1kV armoured cable,armoured cable
RFP_4368,LSZH 132kV 1C 185 sqmm Cu XLPE armoured cable as per IEC 60840,LSZH 1C XLPE cable as per IEC 60840,LSZH 1C cable,1C cable
RFP_4369,FR 440V 5C 16 sqmm Cu PVC armoured cable as per IS 9968,FR 5C armoured cable as per IS 9968,FR 5C cable,5C cable
RFP_4370,LSZH 500V 19C 1 sqmm Cu XLPE armoured cable as per IEC 60502-1,LSZH 19C XLPE cable as per IEC 60502-1,19C XLPE cable,19C cable
RFP_4371,LSZH 1.1kV 19C 1.5 sqmm Cu XLPE armoured cable as per IS 1554,LSZH XLPE armoured cable as per IS 1554,XLPE armoured cable,XLPE cable
RFP_4372,Fire Survival 440V 4C 2.5 sqmm Cu Mineral (MI) armoured cable as per BS 6387,Fire Survival 4C 2.5 sqmm Mineral (MI) armoured cable,4C 2.5 sqmm Mineral (MI) cable,4C Mineral (MI) cable
RFP_4373,LSZH 440V 27C 6 sqmm Cu XLPE armoured cable as per IS 694,27C Cu XLPE armoured cable,27C XLPE cable,27C cable
RFP_4374,LSZH 440V 2C 4 sqmm Cu PVC armoured cable as per IS 9968,LSZH 440V PVC armoured cable,PVC armoured cable,armoured cable
RFP_4375,FR 440V 5C 6 sqmm Cu PVC armoured cable as per IS 694,FR 6 sqmm Cu cable as per IS 694,6 sqmm cable as per IS 694,cable as per IS 694
RFP_4376,FRLS 500V 10C 0.5 sqmm Cu PVC armoured cable as per IEC 60502-1,FRLS 10C 0.5 sqmm armoured cable,FRLS 10C cable,10C cable
RFP_4377,Fire Survival 440V 1C 120 sqmm Cu Mineral (MI) armoured cable as per IEC 60331,440V 1C Cu Mineral (MI) armoured cable,440V Mineral (MI) armoured cable,Mineral (MI) armoured cable
RFP_4378,ZH 440V 2C 35 sqmm Cu XLPE armoured cable as per IS 9968,ZH Cu XLPE cable as per IS 9968,ZH XLPE cable,XLPE cable
RFP_4379,500V 14C 4 sqmm Cu PVC armoured cable as per IS 1554,14C 4 sqmm PVC cable as per IS 1554,14C cable as per IS 1554,14C cable
RFP_4380,LSZH 6.6kV 3C 185 sqmm Al XLPE armoured cable as per IS 7098-1,LSZH 185 sqmm armoured cable as per IS 7098-1,armoured cable as per IS 7098-1,cable as per IS 7098-1
RFP_4381,LSZH 1.1kV 2C 4 sqmm Cu PVC armoured cable as per IS 1554,1.1kV 2C armoured cable as per IS 1554,2C cable as per IS 1554,2C cable
RFP_4382,1.1kV 4C 35 sqmm Cu EPR armoured cable as per BS 5467,1.1kV 4C 35 sqmm Cu cable,1.1kV Cu cable,1.1kV cable
RFP_4383,FR 500V 16C 0.5 sqmm Cu PVC armoured cable as per IEC 60502-1,FR 500V 16C 0.5 sqmm cable,500V 16C cable,16C cable
RFP_4384,ZH 440V 2C 4 sqmm Al PVC armoured cable as per IS 1554,440V 2C Al cable as per IS 1554,Al cable as per IS 1554,Al cable
RFP_4385,LSZH 11kV 3C 185 sqmm Al XLPE armoured cable as per IEC 60502-1,LSZH 11kV Al armoured cable,11kV Al cable,11kV cable
RFP_4386,440V 7C 6 sqmm Cu XLPE armoured cable as per IS 1554,7C 6 sqmm Cu XLPE cable,7C XLPE cable,7C cable
RFP_4387,1.1kV 10C 1 sqmm Cu PVC armoured cable as per BS 5308,1.1kV 10C armoured cable as per BS 5308,10C armoured cable,armoured cable
RFP_4388,22kV 1C 240 sqmm Cu XLPE armoured cable as per IS 7098-2,240 sqmm XLPE armoured cable as per IS 7098-2,240 sqmm cable as per IS 7098-2,cable as per IS 7098-2
RFP_4389,ZH 110kV 1C 630 sqmm Al XLPE armoured cable as per IEC 60840,ZH 1C Al XLPE cable,1C Al cable,1C cable
RFP_4390,LSZH 66kV 1C 300 sqmm Cu XLPE armoured cable as per IS 7098-3,LSZH 1C Cu armoured cable,Cu armoured cable,Cu cable
RFP_4391,FR 220kV 1C 630 sqmm Al XLPE armoured cable as per IEC 62067,FR 220kV XLPE cable as per IEC 62067,220kV XLPE cable,220kV cable
RFP_4392,FR 1.1kV 5C 6 sqmm Cu XLPE armoured cable as per BS 5308,5C Cu XLPE armoured cable,XLPE armoured cable,XLPE cable
RFP_4393,FRLS 500V 6C 2.5 sqmm Cu XLPE armoured cable as per BS 5308-1,FRLS 500V Cu armoured cable,500V armoured cable,armoured cable
RFP_4394,LSZH 500V 2C 1 sqmm Cu XLPE armoured cable as per IS 1554,1 sqmm XLPE armoured cable as per IS 1554,XLPE cable as per IS 1554,cable as per IS 1554
RFP_4395,FRLS 500V 24C 4 sqmm Cu XLPE armoured cable as per IEC 60502-1,FRLS Cu XLPE cable as per IEC 60502-1,FRLS XLPE cable,FRLS cable
RFP_4396,FR 1.1kV 1C 0.5 sqmm Cu XLPE armoured cable as per IEC 60502-1,FR 1.1kV 1C 0.5 sqmm cable,FR 1.1kV cable,1.1kV cable
RFP_4397,FR 400kV 1C 240 sqmm Cu XLPE armoured cable as per IEC 62067,400kV 1C 240 sqmm armoured cable,1C armoured cable,armoured cable
RFP_4398,LSZH 300V 16C 1.5 sqmm Cu XLPE armoured cable as per IEC 60502-1,300V 16C Cu armoured cable,300V 16C cable,300V cable
RFP_4399,FR 500V 4C 120 sqmm Cu PVC armoured cable as per IS 1554,500V 120 sqmm PVC cable as per IS 1554,120 sqmm PVC cable,120 sqmm cable
RFP_4400,FRLS 1.1kV 4C 25 sqmm Cu XLPE armoured cable as per IEC 60502-1,FRLS XLPE armoured cable as per IEC 60502-1,armoured cable as per IEC 60502-1,cable as per IEC 60502-1
RFP_4401,ZH 33kV 1C 240 sqmm Al XLPE armoured cable as per IEC 60502-2,33kV 240 sqmm XLPE cable as per IEC 60502-2,33kV 240 sqmm cable,33kV cable
RFP_4402,FR 440V 27C 6 sqmm Cu PVC armoured cable as per IS 694,440V 27C 6 sqmm armoured cable,440V 27C cable,440V cable
RFP_4403,LSZH 500V 10C 6 sqmm Cu XLPE armoured cable as per IEC 60502-1,10C 6 sqmm armoured cable as per IEC 60502-1,armoured cable as per IEC 60502-1,armoured cable
RFP_4404,300V 10C 1.5 sqmm Cu XLPE armoured cable as per IEC 60502-1,300V 10C Cu XLPE cable,300V Cu cable,300V cable
RFP_4405,FR 1.1kV 3C 240 sqmm Al EPR armoured cable as per IS 1554,1.1kV 3C 240 sqmm EPR cable,1.1kV EPR cable,EPR cable
RFP_4406,FRLS 500V 27C 2.5 sqmm Cu PVC armoured cable as per IEC 60502-1,500V 2.5 sqmm Cu cable as per IEC 60502-1,500V cable as per IEC 60502-1,cable as per IEC 60502-1
RFP_4407,ZH 1.1kV 3.5C 400 sqmm Al XLPE armoured cable as per IS 1554,3.5C 400 sqmm XLPE armoured cable,3. 400 sqmm armoured cable,3. 400 sqmm cable
RFP_4408,FRLS 1.1kV 12C 1.5 sqmm Cu PVC armoured cable as per IS 1554,FRLS 12C PVC cable as per IS 1554,12C PVC cable,12C cable
RFP_4409,FRLS 440V 4C 4 sqmm Cu PVC armoured cable as per IS 1554,440V PVC armoured cable as per IS 1554,armoured cable as per IS 1554,armoured cable
RFP_4410,ZH 400kV 1C 185 sqmm Al XLPE armoured cable as per IEC 62067,ZH 400kV Al cable as per IEC 62067,ZH Al cable,ZH cable
RFP_4411,33kV 1C 150 sqmm Cu XLPE armoured cable as per IEC 60502-2,33kV 1C 150 sqmm cable as per IEC 60502-2,33kV cable as per IEC 60502-2,33kV cable
RFP_4412,FR 600V 1C 50 sqmm Cu PVC armoured cable as per IEC 60502-1,FR 600V 1C 50 sqmm cable,FR 50 sqmm cable,50 sqmm cable
RFP_4413,FRLS 500V 3C 1 sqmm Cu XLPE armoured cable as per IEC 60502-1,500V 1 sqmm XLPE cable as per IEC 60502-1,500V 1 sqmm cable,500V cable
RFP_4414,FR 300V 2C 1.5 sqmm Cu XLPE armoured cable as per IEC 60502-1,2C Cu XLPE armoured cable,2C armoured cable,2C cable
RFP_4415,Fire Survival 440V 2C 1.5 sqmm Cu Mineral (MI) armoured cable as per BS 6387,Fire Survival 2C 1.5 sqmm Mineral (MI) armoured cable,Fire Survival 2C Mineral (MI) cable,Fire Survival Mineral (MI) cable
RFP_4416,500V 3C 4 sqmm Al PVC armoured cable as per IEC 60502-1,4 sqmm Al armoured cable as per IEC 60502-1,4 sqmm armoured cable,4 sqmm cable
RFP_4417,ZH 500V 3C 10 sqmm Cu PVC armoured cable as per IS 694,3C 10 sqmm Cu PVC cable,10 sqmm Cu cable,10 sqmm cable
RFP_4418,500V 12C 2.5 sqmm Cu XLPE armoured cable as per IEC 60502-1,500V 2.5 sqmm Cu XLPE cable,500V XLPE cable,XLPE cable
RFP_4419,Fire Survival 440V 3C 4 sqmm Cu Mineral (MI) armoured cable as per BS 6387,Fire Survival 440V 3C Mineral (MI) armoured cable,3C Mineral (MI) armoured cable,3C Mineral (MI) cable
RFP_4420,LSZH 3.3kV 3C 240 sqmm Al EPR armoured cable as per IS 7098-1,LSZH 3.3kV 240 sqmm armoured cable,3.3kV armoured cable,3.3kV cable
RFP_4421,220kV 1C 500 sqmm Al XLPE armoured cable as per IEC 62067,1C 500 sqmm Al armoured cable,500 sqmm armoured cable,500 sqmm cable
RFP_4422,LSZH 3.3kV 3C 400 sqmm Cu XLPE armoured cable as per IEC 60502-1,LSZH XLPE armoured cable as per IEC 60502-1,LSZH armoured cable,armoured cable
RFP_4423,FRLS 500V 16C 0.75 sqmm Cu XLPE armoured cable as per IEC 60502-1,FRLS 16C 0.75 sqmm Cu cable,FRLS 16C cable,16C cable
RFP_4424,FR 500V 1C 1.5 sqmm Cu XLPE armoured cable as per BS 5308-1,FR Cu XLPE cable as per BS 5308-1,Cu cable as per BS 5308-1,cable as per BS 5308-1
RFP_4425,Fire Survival 1.1kV 2C 6 sqmm Cu XLPE armoured cable as per IEC 60331,Fire Survival 2C armoured cable as per IEC 60331,2C cable as per IEC 60331,cable as per IEC 60331
RFP_4426,ZH 500V 1C 1 sqmm Cu PVC armoured cable as per IEC 60245,ZH 500V 1 sqmm PVC cable,ZH 1 sqmm cable,ZH cable
RFP_4427,FRLS 1.1kV 4C 1.5 sqmm Cu XLPE armoured cable as per IEC 60502-1,FRLS 1.5 sqmm Cu cable as per IEC 60502-1,FRLS 1.5 sqmm cable,1.5 sqmm cable
RFP_4428,FRLS 500V 10C 4 sqmm Cu XLPE armoured cable as per IS 1554,4 sqmm Cu armoured cable as per IS 1554,armoured cable as per IS 1554,cable as per IS 1554
RFP_4429,FR 400kV 1C 630 sqmm Cu XLPE armoured cable as per IEC 62067,FR XLPE armoured cable as per IEC 62067,XLPE armoured cable,XLPE cable
RFP_4430,LSZH 1.1kV 19C 1.5 sqmm Cu XLPE armoured cable as per BS 5308,LSZH 1.1kV armoured cable as per BS 5308,LSZH armoured cable,armoured cable
RFP_4431,Fire Survival 1.1kV 4C 10 sqmm Cu XLPE armoured cable as per IEC 60331,Fire Survival 1.1kV XLPE armoured cable,Fire Survival 1.1kV cable,Fire Survival cable
RFP_4432,500V 4C 2.5 sqmm Cu PVC armoured cable as per BS 5308-1,500V 4C armoured cable as per BS 5308-1,4C cable as per BS 5308-1,4C cable
RFP_4433,FR 440V 4C 1.5 sqmm Cu XLPE armoured cable as per IS 694,FR 440V 1.5 sqmm XLPE cable,440V 1.5 sqmm cable,1.5 sqmm cable
RFP_4434,ZH 440V 4C 2.5 sqmm Cu XLPE armoured cable as per IEC 60245,440V 2.5 sqmm XLPE cable as per IEC 60245,440V XLPE cable,XLPE cable
RFP_4435,600V 4C 120 sqmm Al PVC armoured cable as per IEC 60502-1,4C 120 sqmm Al armoured cable,120 sqmm Al cable,120 sqmm cable
RFP_4436,LSZH 3.3kV 3C 300 sqmm Al XLPE armoured cable as per IS 7098-1,LSZH 3.3kV 3C armoured cable,3.3kV 3C cable,3.3kV cable
RFP_4437,FR 440V 27C 2.5 sqmm Cu PVC armoured cable as per IS 694,FR 27C 2.5 sqmm Cu cable,27C 2.5 sqmm cable,27C cable
RFP_4438,FR 300V 8C 1 sqmm Cu PVC armoured cable as per BS 5308-1,300V 8C 1 sqmm armoured cable,8C armoured cable,armoured cable
RFP_4439,FRLS 500V 24C 2.5 sqmm Cu XLPE armoured cable as per IS 1554,2.5 sqmm Cu XLPE armoured cable,Cu armoured cable,armoured cable
RFP_4440,500V 24C 1 sqmm Cu PVC armoured cable as per IEC 60502-1,Cu PVC armoured cable as per IEC 60502-1,Cu cable as per IEC 60502-1,cable as per IEC 60502-1
RFP_4441,FRLS 600V 4C 185 sqmm Al XLPE armoured cable as per IS 694,FRLS 4C 185 sqmm XLPE cable,FRLS 185 sqmm cable,FRLS cable
RFP_4442,FR 22kV 1C 50 sqmm Cu XLPE armoured cable as per IS 7098-2,22kV 50 sqmm Cu XLPE cable,22kV Cu cable,22kV cable
RFP_4443,300V 10C 0.75 sqmm Cu PVC armoured cable as per IEC 60502-1,300V 10C Cu armoured cable,10C armoured cable,armoured cable
RFP_4444,FRLS 500V 10C 0.75 sqmm Cu XLPE armoured cable as per IEC 60502-1,FRLS 500V 10C armoured cable,FRLS armoured cable,FRLS cable
RFP_4445,FR 1.1kV 24C 6 sqmm Cu XLPE armoured cable as per IEC 60502-1,FR 1.1kV Cu armoured cable,FR Cu cable,FR cable
RFP_4446,LSZH 400kV 1C 185 sqmm Cu XLPE armoured cable as per IEC 62067,1C 185 sqmm XLPE armoured cable,XLPE armoured cable,XLPE cable
RFP_4447,LSZH 1.1kV 1C 1 sqmm Cu PVC armoured cable as per IEC 60502-1,1.1kV 1 sqmm Cu PVC cable,1 sqmm Cu cable,Cu cable
RFP_4448,FR 110kV 1C 630 sqmm Cu XLPE armoured cable as per IEC 60840,FR 110kV 1C 630 sqmm cable,FR 1C cable,FR cable
RFP_4449,FRLS 500V 2C 0.5 sqmm Cu PVC armoured cable as per BS 5308-1,FRLS 2C Cu armoured cable,FRLS Cu cable,Cu cable
RFP_4450,FRLS 33kV 3C 95 sqmm Al XLPE armoured cable as per IS 7098-2,3C 95 sqmm XLPE cable as per IS 7098-2,95 sqmm XLPE cable,XLPE cable
RFP_4451,500V 16C 2.5 sqmm Cu XLPE armoured cable as per IEC 60502-1,16C 2.5 sqmm Cu cable as per IEC 60502-1,16C cable as per IEC 60502-1,16C cable
RFP_4452,300V 24C 0.5 sqmm Cu PVC armoured cable as per BS 5308-1,24C 0.5 sqmm Cu PVC cable,Cu PVC cable,PVC cable
RFP_4453,FR 1.1kV 2C 6 sqmm Cu XLPE armoured cable as per IS 9968,FR 1.1kV XLPE cable as per IS 9968,FR 1.1kV cable,FR cable
RFP_4454,FRLS 500V 1C 1 sqmm Cu XLPE armoured cable as per IEC 60502-1,FRLS 500V 1C cable as per IEC 60502-1,500V 1C cable,1C cable
RFP_4455,LSZH 500V 3.5C 500 sqmm Cu PVC armoured cable as per IEC 60502-1,LSZH 3.5C Cu cable as per IEC 60502-1,3. Cu cable as per IEC 60502-1,3. Cu cable
RFP_4456,ZH 500V 3C 800 sqmm Al XLPE armoured cable as per IEC 60502-1,ZH 800 sqmm armoured cable as per IEC 60502-1,800 sqmm armoured cable,800 sqmm cable
RFP_4457,FR 110kV 1C 240 sqmm Al XLPE armoured cable as per IEC 60840,FR 240 sqmm armoured cable as per IEC 60840,240 sqmm armoured cable,240 sqmm cable
RFP_4458,Fire Survival 1.1kV 1C 50 sqmm Cu Mineral (MI) armoured cable as per IS 17048,1.1kV 50 sqmm Mineral (MI) armoured cable as per IS 17048,50 sqmm Mineral (MI) armoured cable,Mineral (MI) armoured cable
RFP_4459,LSZH 1.1kV 4C 1.5 sqmm Cu XLPE armoured cable as per IEC 60502-1,1.1kV 4C 1.5 sqmm cable as per IEC 60502-1,4C cable as per IEC 60502-1,cable as per IEC 60502-1
RFP_4460,FRLS 440V 10C 1 sqmm Cu XLPE armoured cable as per IS 694,FRLS 10C 1 sqmm armoured cable,FRLS 10C cable,10C cable
RFP_4461,FR 500V 5C 25 sqmm Cu PVC armoured cable as per IEC 60245,25 sqmm Cu PVC armoured cable,Cu armoured cable,armoured cable
RFP_4462,ZH 500V 3C 630 sqmm Al XLPE armoured cable as per IS 694,500V 3C 630 sqmm cable as per IS 694,500V 3C cable,500V cable
RFP_4463,1.1kV 16C 1.5 sqmm Cu XLPE armoured cable as per IEC 60502-1,1.1kV XLPE armoured cable as per IEC 60502-1,armoured cable as per IEC 60502-1,cable as per IEC 60502-1
RFP_4464,LSZH 6.6kV 1C 50 sqmm Al XLPE armoured cable as per IEC 60502-1,LSZH 1C Al cable as per IEC 60502-1,1C cable as per IEC 60502-1,1C cable
RFP_4465,ZH 66kV 1C 185 sqmm Cu XLPE armoured cable as per IS 7098-3,ZH 1C 185 sqmm cable as per IS 7098-3,ZH 185 sqmm cable,ZH cable
RFP_4466,ZH 132kV 1C 630 sqmm Al XLPE armoured cable as per IEC 60840,132kV 630 sqmm Al armoured cable,630 sqmm Al cable,630 sqmm cable
RFP_4467,ZH 1.1kV 3C 6 sqmm Cu PVC armoured cable as per IEC 60502-1,ZH 3C PVC armoured cable,3C PVC cable,PVC cable
RFP_4468,FR 500V 20C 1.5 sqmm Cu XLPE armoured cable as per IEC 60502-1,FR 20C 1.5 sqmm cable as per IEC 60502-1,20C cable as per IEC 60502-1,20C cable
RFP_4469,FRLS 440V 16C 4 sqmm Cu PVC armoured cable as per IS 1554,FRLS 4 sqmm Cu PVC cable,FRLS PVC cable,FRLS cable
RFP_4470,FRLS 1.1kV 5C 50 sqmm Cu XLPE armoured cable as per IS 9968,FRLS 5C 50 sqmm XLPE cable,FRLS 5C cable,5C cable
RFP_4471,500V 6C 1.5 sqmm Cu XLPE armoured cable as per IEC 60502-1,6C XLPE armoured cable as per IEC 60502-1,6C cable as per IEC 60502-1,cable as per IEC 60502-1
RFP_4472,440V 4C 16 sqmm Cu XLPE armoured cable as per IEC 60245,4C 16 sqmm Cu cable as per IEC 60245,16 sqmm cable as per IEC 60245,cable as per IEC 60245
RFP_4473,ZH 400kV 1C 630 sqmm Al XLPE armoured cable as per IEC 62067,Al XLPE armoured cable as per IEC 62067,Al armoured cable,Al cable
RFP_4474,FRLS 1.1kV 3C 50 sqmm Cu XLPE armoured cable as per IS 9968,FRLS 1.1kV 3C armoured cable,FRLS 3C cable,3C cable
RFP_4475,FR 440V 8C 1 sqmm Cu XLPE armoured cable as per IS 1554,440V 8C Cu cable as per IS 1554,440V 8C cable,8C cable
RFP_4476,FRLS 500V 8C 1 sqmm Cu PVC armoured cable as per IEC 60502-1,FRLS 8C armoured cable as per IEC 60502-1,FRLS armoured cable,FRLS cable
RFP_4477,FRLS 500V 24C 2.5 sqmm Cu PVC armoured cable as per IEC 60502-1,500V 24C 2.5 sqmm armoured cable,2.5 sqmm armoured cable,armoured cable
RFP_4478,500V 10C 0.75 sqmm Cu XLPE armoured cable as per BS 5308-1,500V 0.75 sqmm Cu cable as per BS 5308-1,500V Cu cable,Cu cable
RFP_4479,ZH 600V 2C 185 sqmm Al PVC armoured cable as per IS 694,ZH 600V 185 sqmm armoured cable,ZH 600V cable,600V cable
RFP_4480,FR 22kV 3C 185 sqmm Al XLPE armoured cable as per IS 7098-2,FR 185 sqmm Al XLPE cable,FR XLPE cable,FR cable
RFP_4481,Fire Survival 440V 2C 95 sqmm Cu Mineral (MI) armoured cable as per IEC 60331,Fire Survival 2C 95 sqmm Cu Mineral (MI) cable,Fire Survival 2C Mineral (MI) cable,Fire Survival Mineral (MI) cable
RFP_4482,110kV 1C 800 sqmm Al XLPE armoured cable as per IEC 60840,110kV 1C XLPE armoured cable,110kV XLPE cable,110kV cable
RFP_4483,LSZH 500V 2C 400 sqmm Al PVC armoured cable as per IS 1554,LSZH Al PVC armoured cable,PVC armoured cable,PVC cable
RFP_4484,FRLS 400kV 1C 500 sqmm Al XLPE armoured cable as per IEC 62067,FRLS 400kV 500 sqmm cable as per IEC 62067,FRLS 400kV cable,400kV cable
RFP_4485,FR 440V 8C 4 sqmm Cu XLPE armoured cable as per IS 1554,8C Cu XLPE armoured cable,Cu armoured cable,Cu cable
RFP_4486,11kV 1C 70 sqmm Cu XLPE armoured cable as per IEC 60502-1,11kV 1C 70 sqmm armoured cable,1C 70 sqmm cable,1C cable
RFP_4487,LSZH 500V 1C 70 sqmm Cu XLPE armoured cable as per IEC 60502-1,500V 1C XLPE armoured cable,500V 1C cable,500V cable
RFP_4488,ZH 132kV 1C 800 sqmm Al XLPE armoured cable as per IEC 60840,ZH 800 sqmm XLPE armoured cable,ZH XLPE cable,ZH cable
RFP_4489,FRLS 1.1kV 19C 1 sqmm Cu PVC armoured cable as per IEC 60502-1,FRLS 1.1kV 1 sqmm PVC cable,1.1kV 1 sqmm cable,1.1kV cable
RFP_4490,FR 500V 24C 1 sqmm Cu PVC armoured cable as per BS 5308-1,FR 24C 1 sqmm cable as per BS 5308-1,FR cable as per BS 5308-1,cable as per BS 5308-1
RFP_4491,600V 3.5C 4 sqmm Al XLPE armoured cable as per IS 694,600V 3. 4 sqmm Al armoured cable,3. Al armoured cable,3. armoured cable
RFP_4492,FRLS 1.1kV 1C 1 sqmm Cu PVC armoured cable as per IS 9968,FRLS 1.1kV 1 sqmm armoured cable,1.1kV 1 sqmm cable,1.1kV cable
RFP_4493,1.1kV 12C 0.5 sqmm Cu XLPE armoured cable as per BS 5308-1,12C XLPE armoured cable as per BS 5308-1,XLPE armoured cable,armoured cable
RFP_4494,FRLS 500V 2C 0.5 sqmm Cu XLPE armoured cable as per IEC 60502-1,500V 2C armoured cable as per IEC 60502-1,2C armoured cable,2C cable
RFP_4495,440V 3.5C 150 sqmm Al PVC armoured cable as per IEC 60502-1,440V 3.5C PVC cable as per IEC 60502-1,440V 3.5C cable,440V 3. cable
RFP_4496,FR 500V 2C 50 sqmm Cu PVC armoured cable as per IEC 60245,2C 50 sqmm PVC armoured cable,50 sqmm PVC cable,50 sqmm cable
RFP_4497,FRLS 1.1kV 8C 0.75 sqmm Cu PVC armoured cable as per IEC 60502-1,FRLS 1.1kV 8C PVC cable,FRLS 1.1kV cable,1.1kV cable
RFP_4498,FRLS 500V 10C 2.5 sqmm Cu PVC armoured cable as per IEC 60502-1,FRLS 2.5 sqmm PVC cable as per IEC 60502-1,2.5 sqmm cable as per IEC 60502-1,cable as per IEC 60502-1
RFP_4499,FRLS 500V 8C 1.5 sqmm Cu XLPE armoured cable as per BS 5308-1,500V 8C 1.5 sqmm XLPE cable,500V XLPE cable,XLPE cable
RFP_4500,LSZH 500V 4C 0.75 sqmm Cu XLPE armoured cable as per IEC 60502-1,500V 0.75 sqmm XLPE cable as per IEC 60502-1,XLPE cable as per IEC 60502-1,XLPE cable
RFP_4501,LSZH 300V 10C 2.5 sqmm Cu PVC armoured cable as per BS 5308-1,LSZH 10C Cu PVC cable,LSZH PVC cable,PVC cable
RFP_4502,FRLS 500V 4C 1 sqmm Cu XLPE armoured cable as per IEC 60502-1,1 sqmm Cu XLPE cable as per IEC 60502-1,Cu XLPE cable,Cu cable
RFP_4503,1.1kV 4C 2.5 sqmm Cu PVC armoured cable as per IEC 60502-1,1.1kV 4C armoured cable as per IEC 60502-1,4C armoured cable,4C cable
RFP_4504,FRLS 500V 19C 2.5 sqmm Cu XLPE armoured cable as per IS 1554,500V 2.5 sqmm Cu XLPE cable,500V XLPE cable,500V cable
RFP_4505,FRLS 440V 16C 6 sqmm Cu PVC armoured cable as per IS 1554,FRLS 440V PVC cable as per IS 1554,440V PVC cable,PVC cable
RFP_4506,FRLS 1.1kV 14C 1.5 sqmm Cu XLPE armoured cable as per IEC 60502-1,1.1kV 14C 1.5 sqmm Cu cable,14C 1.5 sqmm cable,1.5 sqmm cable
RFP_4507,Fire Survival 1.1kV 1C 16 sqmm Cu Mineral (MI) armoured cable as per IS 17048,1.1kV 16 sqmm Cu Mineral (MI) cable as per IS 17048,1.1kV Cu Mineral (MI) cable,Cu Mineral (MI) cable
RFP_4508,LSZH 500V 16C 1 sqmm Cu PVC armoured cable as per IEC 60502-1,500V 1 sqmm PVC armoured cable,500V 1 sqmm cable,500V cable
RFP_4509,440V 10C 1 sqmm Cu XLPE armoured cable as per IS 1554,440V 10C XLPE cable as per IS 1554,440V XLPE cable,440V cable
RFP_4510,FRLS 500V 3C 10 sqmm Cu PVC armoured cable as per IEC 60245,FRLS 10 sqmm Cu cable as per IEC 60245,FRLS Cu cable,Cu cable
RFP_4511,132kV 1C 630 sqmm Al XLPE armoured cable as per IEC 60840,132kV 1C armoured cable as per IEC 60840,armoured cable as per IEC 60840,cable as per IEC 60840
RFP_4512,FRLS 1.1kV 20C 2.5 sqmm Cu XLPE armoured cable as per BS 5308-1,1.1kV 20C 2.5 sqmm XLPE cable,20C 2.5 sqmm cable,20C cable
RFP_4513,Fire Survival 1.1kV 2C 70 sqmm Cu Mineral (MI) armoured cable as per IS 17048,1.1kV 2C 70 sqmm Cu Mineral (MI) cable,1.1kV 2C Mineral (MI) cable,2C Mineral (MI) cable
RFP_4514,FRLS 500V 12C 1.5 sqmm Cu XLPE armoured cable as per BS 5308-1,FRLS 12C Cu XLPE cable,FRLS XLPE cable,XLPE cable
RFP_4515,FRLS 500V 16C 1 sqmm Cu XLPE armoured cable as per IEC 60502-1,16C 1 sqmm armoured cable as per IEC 60502-1,16C 1 sqmm cable,16C cable
RFP_4516,FRLS 500V 7C 6 sqmm Cu PVC armoured cable as per IEC 60502-1,FRLS 500V 7C 6 sqmm cable,FRLS 500V cable,FRLS cable
RFP_4517,6.6kV 3C 95 sqmm Cu XLPE armoured cable as per IS 7098-1,3C XLPE armoured cable as per IS 7098-1,3C XLPE cable,3C cable
RFP_4518,LSZH 1.1kV 10C 4 sqmm Cu XLPE armoured cable as per IS 1554,LSZH 10C 4 sqmm cable as per IS 1554,LSZH 10C cable,LSZH cable
RFP_4519,LSZH 33kV 3C 70 sqmm Cu XLPE armoured cable as per IS 7098-2,3C 70 sqmm XLPE cable as per IS 7098-2,70 sqmm XLPE cable,70 sqmm cable
RFP_4520,1.1kV 4C 1000 sqmm Al XLPE armoured cable as per IS 1554,Al XLPE armoured cable as per IS 1554,Al armoured cable,armoured cable
RFP_4521,ZH 1.1kV 3C 0.75 sqmm Cu PVC armoured cable as per IEC 60502-1,3C PVC armoured cable as per IEC 60502-1,PVC cable as per IEC 60502-1,PVC cable
RFP_4522,440V 16C 6 sqmm Cu PVC armoured cable as per IS 1554,16C 6 sqmm PVC armoured cable,6 sqmm armoured cable,6 sqmm cable
RFP_4523,LSZH 440V 7C 6 sqmm Cu XLPE armoured cable as per IS 1554,440V 7C armoured cable as per IS 1554,7C cable as per IS 1554,cable as per IS 1554
RFP_4524,FR 300V 2C 1 sqmm Cu PVC armoured cable as per IEC 60502-1,2C 1 sqmm Cu PVC cable,2C 1 sqmm cable,2C cable
RFP_4525,LSZH 1.1kV 1C 1 sqmm Cu XLPE armoured cable as per BS 5308-1,Cu XLPE armoured cable as per BS 5308-1,Cu armoured cable,armoured cable
RFP_4526,FRLS 1.1kV 7C 6 sqmm Cu PVC armoured cable as per IEC 60502-1,7C PVC armoured cable as per IEC 60502-1,PVC armoured cable,armoured cable
RFP_4527,FRLS 400kV 1C 185 sqmm Al XLPE armoured cable as per IEC 62067,400kV Al XLPE armoured cable,400kV armoured cable,400kV cable
RFP_4528,FRLS 1.1kV 3C 35 sqmm Cu PVC armoured cable as per IEC 60502-1,1.1kV Cu PVC armoured cable,1.1kV PVC cable,1.1kV cable
RFP_4529,Fire Survival 1.1kV 1C 70 sqmm Cu XLPE armoured cable as per IS 17048,Fire Survival 1.1kV 70 sqmm Cu cable,Fire Survival 1.1kV cable,Fire Survival cable
RFP_4530,FRLS 1.1kV 8C 2.5 sqmm Cu XLPE armoured cable as per BS 5308-1,FRLS 2.5 sqmm XLPE cable as per BS 5308-1,FRLS XLPE cable,FRLS cable
RFP_4531,Fire Survival 1.1kV 4C 35 sqmm Cu XLPE armoured cable as per IEC 60331,Fire Survival 1.1kV 4C armoured cable,1.1kV armoured cable,1.1kV cable
RFP_4532,500V 20C 1.5 sqmm Cu PVC armoured cable as per BS 5308-1,20C 1.5 sqmm Cu cable as per BS 5308-1,1.5 sqmm Cu cable,Cu cable
RFP_4533,FR 132kV 1C 630 sqmm Al XLPE armoured cable as per IEC 60840,1C 630 sqmm Al armoured cable,Al armoured cable,Al cable
RFP_4534,500V 4C 6 sqmm Cu XLPE armoured cable as per IEC 60502-1,4C 6 sqmm Cu cable as per IEC 60502-1,4C Cu cable,4C cable
RFP_4535,FRLS 440V 4C 16 sqmm Cu XLPE armoured cable as per IS 694,440V 16 sqmm armoured cable as per IS 694,armoured cable as per IS 694,armoured cable
RFP_4536,LSZH 500V 3.5C 1000 sqmm Cu XLPE armoured cable as per IS 694,LSZH 3.5C XLPE armoured cable,3.5C XLPE cable,3. XLPE cable
RFP_4537,FRLS 500V 5C 1.5 sqmm Cu PVC armoured cable as per IEC 60502-1,FRLS 500V 5C PVC cable,FRLS 5C cable,5C cable
RFP_4538,LSZH 132kV 1C 185 sqmm Al XLPE armoured cable as per IEC 60840,LSZH 132kV 185 sqmm XLPE cable,132kV XLPE cable,XLPE cable
RFP_4539,LSZH 500V 8C 1.5 sqmm Cu PVC armoured cable as per IEC 60502-1,LSZH 500V PVC cable as per IEC 60502-1,500V PVC cable,500V cable
RFP_4540,Fire Survival 440V 3C 95 sqmm Cu Mineral (MI) armoured cable as per BS 6387,3C 95 sqmm Mineral (MI) armoured cable as per BS 6387,3C Mineral (MI) armoured cable,Mineral (MI) armoured cable
RFP_4541,ZH 22kV 3C 70 sqmm Cu XLPE armoured cable as per IS 7098-2,ZH Cu XLPE cable as per IS 7098-2,Cu cable as per IS 7098-2,Cu cable
RFP_4542,ZH 1.1kV 4C 2.5 sqmm Al EPR armoured cable as per IEC 60502-1,ZH 1.1kV 4C armoured cable,4C armoured cable,armoured cable
RFP_4543,LSZH 500V 20C 0.75 sqmm Cu PVC armoured cable as per IEC 60502-1,500V Cu PVC armoured cable,500V armoured cable,500V cable
RFP_4544,FRLS 1.1kV 14C 2.5 sqmm Cu XLPE armoured cable as per BS 5308,1.1kV 14C XLPE cable as per BS 5308,14C cable as per BS 5308,14C cable
RFP_4545,FR 1.1kV 16C 4 sqmm Cu XLPE armoured cable as per IS 1554,FR 16C Cu cable as per IS 1554,FR cable as per IS 1554,FR cable
RFP_4546,FRLS 440V 2C 25 sqmm Cu PVC armoured cable as per IEC 60245,2C 25 sqmm Cu PVC cable,2C PVC cable,2C cable
RFP_4547,FR 1.1kV 19C 4 sqmm Cu XLPE armoured cable as per BS 5308,FR 1.1kV 19C cable as per BS 5308,FR cable as per BS 5308,FR cable
RFP_4548,LSZH 600V 2C 6 sqmm Cu XLPE armoured cable as per IS 694,LSZH 600V 2C 6 sqmm cable,600V 6 sqmm cable,600V cable
RFP_4549,FR 440V 2C 1.5 sqmm Cu PVC armoured cable as per IEC 60245,440V Cu armoured cable as per IEC 60245,440V cable as per IEC 60245,440V cable
RFP_4550,500V 4C 500 sqmm Cu PVC armoured cable as per IS 694,4C Cu PVC armoured cable,4C Cu cable,4C cable
RFP_4551,1.1kV 8C 2.5 sqmm Cu XLPE armoured cable as per IEC 60502-1,1.1kV 8C 2.5 sqmm Cu cable,8C Cu cable,Cu cable
RFP_4552,LSZH 1.1kV 10C 1.5 sqmm Cu PVC armoured cable as per IS 1554,1.1kV 10C 1.5 sqmm armoured cable,10C armoured cable,10C cable
RFP_4553,FRLS 500V 4C 0.75 sqmm Cu PVC armoured cable as per BS 5308-1,500V 4C 0.75 sqmm armoured cable,500V 0.75 sqmm cable,0.75 sqmm cable
RFP_4554,FR 1.1kV 2C 4 sqmm Cu PVC armoured cable as per IEC 60502-1,1.1kV 2C 4 sqmm cable as per IEC 60502-1,1.1kV cable as per IEC 60502-1,1.1kV cable
RFP_4555,FR 500V 27C 4 sqmm Cu PVC armoured cable as per IS 1554,27C 4 sqmm armoured cable as per IS 1554,27C cable as per IS 1554,27C cable
RFP_4556,300V 16C 1.5 sqmm Cu XLPE armoured cable as per IEC 60502-1,16C 1.5 sqmm armoured cable as per IEC 60502-1,1.5 sqmm armoured cable,1.5 sqmm cable
RFP_4557,FR 500V 27C 4 sqmm Cu PVC armoured cable as per IEC 60502-1,27C PVC armoured cable as per IEC 60502-1,armoured cable as per IEC 60502-1,armoured cable
RFP_4558,FRLS 300V 20C 0.75 sqmm Cu XLPE armoured cable as per IEC 60502-1,300V 20C 0.75 sqmm cable as per IEC 60502-1,0.75 sqmm cable as per IEC 60502-1,0.75 sqmm cable
RFP_4559,Fire Survival 1.1kV 1C 50 sqmm Cu XLPE armoured cable as per IS 17048,Fire Survival XLPE armoured cable as per IS 17048,Fire Survival XLPE cable,XLPE cable
RFP_4560,LSZH 66kV 1C 500 sqmm Cu XLPE armoured cable as per IEC 60840,LSZH 1C 500 sqmm XLPE cable,1C 500 sqmm cable,1C cable
RFP_4561,22kV 3C 300 sqmm Cu XLPE armoured cable as per IS 7098-2,22kV 300 sqmm XLPE armoured cable,XLPE armoured cable,XLPE cable
RFP_4562,LSZH 1.1kV 27C 2.5 sqmm Cu XLPE armoured cable as per IEC 60502-1,LSZH 1.1kV Cu XLPE cable,1.1kV Cu cable,1.1kV cable
RFP_4563,LSZH 500V 1C 0.75 sqmm Cu PVC armoured cable as per IEC 60502-1,500V 1C Cu PVC cable,500V 1C cable,500V cable
RFP_4564,LSZH 1.1kV 10C 6 sqmm Cu XLPE armoured cable as per IS 1554,1.1kV 10C 6 sqmm Cu cable,6 sqmm Cu cable,Cu cable
RFP_4565,FRLS 1.1kV 8C 1 sqmm Cu XLPE armoured cable as per IEC 60502-1,1.1kV 1 sqmm Cu XLPE cable,1.1kV Cu cable,Cu cable
RFP_4566,FRLS 440V 30C 6 sqmm Cu PVC armoured cable as per IS 694,6 sqmm Cu PVC armoured cable,PVC armoured cable,PVC cable
RFP_4567,ZH 66kV 1C 300 sqmm Cu XLPE armoured cable as per IS 7098-3,ZH 1C Cu cable as per IS 7098-3,Cu cable as per IS 7098-3,cable as per IS 7098-3
RFP_4568,FR 600V 4C 240 sqmm Al XLPE armoured cable as per IEC 60502-1,4C 240 sqmm armoured cable as per IEC 60502-1,4C 240 sqmm cable,240 sqmm cable
RFP_4569,440V 2C 4 sqmm Cu XLPE armoured cable as per IS 694,4 sqmm Cu armoured cable as per IS 694,Cu armoured cable,Cu cable
RFP_4570,LSZH 6.6kV 3C 185 sqmm Cu XLPE armoured cable as per IS 7098-1,6.6kV Cu armoured cable as per IS 7098-1,6.6kV Cu cable,Cu cable
RFP_4571,FR 300V 10C 0.75 sqmm Cu XLPE armoured cable as per BS 5308-1,FR 300V 0.75 sqmm XLPE cable,FR 300V cable,FR cable
RFP_4572,LSZH 500V 4C 1 sqmm Cu XLPE armoured cable as per BS 5308-1,LSZH 500V 4C Cu cable,500V 4C cable,500V cable
RFP_4573,FR 1.1kV 12C 1.5 sqmm Cu PVC armoured cable as per IEC 60502-1,12C Cu armoured cable as per IEC 60502-1,12C armoured cable,armoured cable
RFP_4574,LSZH 1.1kV 7C 1 sqmm Cu XLPE armoured cable as per IEC 60502-1,LSZH 1.1kV 7C armoured cable,LSZH 7C cable,LSZH cable
RFP_4575,440V 8C 6 sqmm Cu PVC armoured cable as per IS 694,440V Cu armoured cable as per IS 694,Cu armoured cable,Cu cable
RFP_4576,LSZH 500V 24C 4 sqmm Cu XLPE armoured cable as per IS 1554,LSZH Cu XLPE armoured cable,Cu armoured cable,armoured cable
RFP_4577,FRLS 440V 4C 300 sqmm Al XLPE armoured cable as per IS 694,4C 300 sqmm Al armoured cable,300 sqmm armoured cable,300 sqmm cable
RFP_4578,FR 1.1kV 6C 0.5 sqmm Cu PVC armoured cable as per BS 5308-1,Cu PVC armoured cable as per BS 5308-1,PVC cable as per BS 5308-1,PVC cable
RFP_4579,LSZH 1.1kV 8C 1.5 sqmm Cu XLPE armoured cable as per IEC 60502-1,1.1kV 8C Cu XLPE cable,8C Cu cable,8C cable
RFP_4580,500V 24C 2.5 sqmm Cu PVC armoured cable as per IEC 60502-1,2.5 sqmm PVC armoured cable as per IEC 60502-1,2.5 sqmm cable as per IEC 60502-1,cable as per IEC 60502-1
RFP_4581,FRLS 440V 16C 1 sqmm Cu XLPE armoured cable as per IS 1554,16C 1 sqmm Cu armoured cable,1 sqmm Cu cable,1 sqmm cable
RFP_4582,FRLS 440V 27C 6 sqmm Cu PVC armoured cable as per IS 694,440V 27C 6 sqmm Cu cable,440V 27C cable,27C cable
RFP_4583,ZH 500V 2C 150 sqmm Cu XLPE armoured cable as per IS 694,500V 2C Cu XLPE cable,500V Cu cable,Cu cable
RFP_4584,11kV 1C 70 sqmm Al XLPE armoured cable as per IS 7098-1,Al XLPE armoured cable as per IS 7098-1,Al XLPE cable,XLPE cable
RFP_4585,FR 110kV 1C 185 sqmm Al XLPE armoured cable as per IEC 60840,1C 185 sqmm Al cable as per IEC 60840,Al cable as per IEC 60840,Al cable
RFP_4586,440V 1C 400 sqmm Cu XLPE armoured cable as per IEC 60502-1,1C XLPE armoured cable as per IEC 60502-1,XLPE armoured cable,XLPE cable
RFP_4587,LSZH 500V 4C 2.5 sqmm Al PVC armoured cable as per IS 694,LSZH 4C 2.5 sqmm PVC cable,4C 2.5 sqmm cable,2.5 sqmm cable
RFP_4588,FRLS 440V 19C 2.5 sqmm Cu XLPE armoured cable as per IS 1554,19C XLPE armoured cable as per IS 1554,XLPE cable as per IS 1554,XLPE cable
RFP_4589,FRLS 600V 2C 120 sqmm Al XLPE armoured cable as per IEC 60502-1,600V 120 sqmm XLPE armoured cable,600V armoured cable,600V cable
RFP_4590,FRLS 110kV 1C 185 sqmm Al XLPE armoured cable as per IEC 60840,FRLS Al XLPE armoured cable,FRLS XLPE cable,FRLS cable
RFP_4591,LSZH 1.1kV 3C 1.5 sqmm Cu PVC armoured cable as per IS 9968,1.1kV 1.5 sqmm armoured cable as per IS 9968,1.1kV cable as per IS 9968,cable as per IS 9968
RFP_4592,1.1kV 3.5C 16 sqmm Cu EPR armoured cable as per IS 1554,1.1kV 3. 16 sqmm EPR cable as per IS 1554,1.1kV 3. cable as per IS 1554,1.1kV 3. cable
RFP_4593,110kV 1C 300 sqmm Al XLPE armoured cable as per IEC 60840,300 sqmm Al armoured cable as per IEC 60840,300 sqmm cable as per IEC 60840,300 sqmm cable
RFP_4594,500V 7C 4 sqmm Cu PVC armoured cable as per IS 1554,Cu PVC armoured cable as per IS 1554,armoured cable as per IS 1554,armoured cable
RFP_4595,FR 220kV 1C 185 sqmm Cu XLPE armoured cable as per IEC 62067,FR 185 sqmm XLPE cable as per IEC 62067,FR cable as per IEC 62067,cable as per IEC 62067
RFP_4596,LSZH 440V 3C 4 sqmm Cu PVC armoured cable as per IS 1554,3C Cu armoured cable as per IS 1554,Cu armoured cable,armoured cable
RFP_4597,LSZH 500V 6C 6 sqmm Cu PVC armoured cable as per IEC 60502-1,LSZH 500V Cu cable as per IEC 60502-1,500V Cu cable,500V cable
RFP_4598,FRLS 6.6kV 1C 95 sqmm Cu EPR armoured cable as per IS 7098-1,FRLS 95 sqmm EPR cable as per IS 7098-1,EPR cable as per IS 7098-1,EPR cable
RFP_4599,FRLS 300V 8C 2.5 sqmm Cu XLPE armoured cable as per BS 5308-1,300V 8C 2.5 sqmm Cu cable,300V 2.5 sqmm cable,2.5 sqmm cable
RFP_4600,LSZH 132kV 1C 400 sqmm Al XLPE armoured cable as per IEC 60840,132kV 400 sqmm armoured cable as per IEC 60840,132kV armoured cable,132kV cable
RFP_4601,FR 110kV 1C 800 sqmm Al XLPE armoured cable as per IEC 60840,FR 110kV 800 sqmm XLPE cable,FR 110kV cable,110kV cable
RFP_4602,Fire Survival 440V 4C 70 sqmm Cu Mineral (MI) armoured cable as per BS 6387,440V 70 sqmm Cu Mineral (MI) cable as per BS 6387,70 sqmm Mineral (MI) cable as per BS 6387,70 sqmm Mineral (MI) cable
RFP_4603,FRLS 33kV 1C 300 sqmm Al XLPE armoured cable as per IEC 60502-2,33kV 1C Al XLPE cable,Al XLPE cable,XLPE cable
RFP_4604,ZH 22kV 3C 50 sqmm Al XLPE armoured cable as per IS 7098-2,ZH 22kV 50 sqmm armoured cable,50 sqmm armoured cable,50 sqmm cable
RFP_4605,500V 3C 16 sqmm Cu PVC armoured cable as per IS 694,500V 3C Cu cable as per IS 694,500V 3C cable,3C cable
RFP_4606,LSZH 500V 30C 1 sqmm Cu XLPE armoured cable as per IS 1554,LSZH 1 sqmm Cu XLPE cable,LSZH 1 sqmm cable,1 sqmm cable
RFP_4607,FR 1.1kV 10C 1.5 sqmm Cu PVC armoured cable as per IEC 60502-1,FR 1.1kV PVC armoured cable,FR 1.1kV cable,FR cable
RFP_4608,LSZH 1.1kV 1C 185 sqmm Al XLPE armoured cable as per IEC 60502-1,1C Al XLPE cable as per IEC 60502-1,1C Al cable,Al cable
RFP_4609,FRLS 500V 5C 1.5 sqmm Cu PVC armoured cable as per IS 1554,FRLS 5C 1.5 sqmm cable as per IS 1554,FRLS 5C cable,FRLS cable
RFP_4610,440V 30C 1 sqmm Cu PVC armoured cable as per IS 1554,1 sqmm Cu PVC armoured cable,1 sqmm armoured cable,armoured cable
RFP_4611,FR 440V 2C 6 sqmm Cu PVC armoured cable as per IS 1554,440V 6 sqmm Cu cable as per IS 1554,6 sqmm Cu cable,Cu cable
RFP_4612,ZH 600V 3.5C 4 sqmm Al PVC armoured cable as per IEC 60502-1,600V 3. Al PVC cable as per IEC 60502-1,3. Al PVC cable,3. Al cable
RFP_4613,Fire Survival 440V 2C 1.5 sqmm Cu XLPE armoured cable as per BS 6387,Fire Survival 2C armoured cable as per BS 6387,Fire Survival armoured cable,armoured cable
RFP_4614,FR 1.1kV 3C 2.5 sqmm Cu XLPE armoured cable as per IEC 60502-1,FR 1.1kV XLPE cable as per IEC 60502-1,FR cable as per IEC 60502-1,FR cable
RFP_4615,Fire Survival 440V 4C 2.5 sqmm Cu XLPE armoured cable as per BS 6387,Fire Survival Cu armoured cable as per BS 6387,Fire Survival cable as per BS 6387,Fire Survival cable
RFP_4616,1.1kV 3C 1 sqmm Cu PVC armoured cable as per IEC 60502-1,3C 1 sqmm PVC armoured cable,1 sqmm armoured cable,armoured cable
RFP_4617,Fire Survival 440V 3C 35 sqmm Cu XLPE armoured cable as per IEC 60331,440V 35 sqmm Cu armoured cable,35 sqmm Cu cable,35 sqmm cable
RFP_4618,FR 400kV 1C 1000 sqmm Al XLPE armoured cable as per IEC 62067,400kV 1C 1000 sqmm cable as per IEC 62067,1C cable as per IEC 62067,1C cable
RFP_4619,LSZH 6.6kV 3C 240 sqmm Cu XLPE armoured cable as per IEC 60502-1,3C Cu XLPE cable as per IEC 60502-1,Cu cable as per IEC 60502-1,Cu cable
RFP_4620,FRLS 440V 4C 25 sqmm Cu PVC armoured cable as per IS 9968,4C 25 sqmm Cu PVC cable,Cu PVC cable,PVC cable
RFP_4621,FRLS 500V 3C 1.5 sqmm Cu PVC armoured cable as per IS 1554,1.5 sqmm Cu armoured cable as per IS 1554,1.5 sqmm cable as per IS 1554,1.5 sqmm cable
RFP_4622,LSZH 1.1kV 8C 6 sqmm Cu PVC armoured cable as per IS 1554,1.1kV 8C 6 sqmm Cu cable,6 sqmm Cu cable,Cu cable
RFP_4623,FRLS 300V 4C 1 sqmm Cu XLPE armoured cable as per BS 5308-1,1 sqmm Cu XLPE cable as per BS 5308-1,Cu cable as per BS 5308-1,cable as per BS 5308-1
RFP_4624,500V 5C 1 sqmm Cu PVC armoured cable as per IEC 60502-1,500V 5C Cu cable as per IEC 60502-1,5C cable as per IEC 60502-1,5C cable
RFP_4625,LSZH 440V 5C 10 sqmm Cu PVC armoured cable as per IS 9968,440V 10 sqmm PVC cable as per IS 9968,440V cable as per IS 9968,440V cable
RFP_4626,LSZH 440V 4C 2.5 sqmm Cu XLPE armoured cable as per IS 694,LSZH 440V 4C cable as per IS 694,440V cable as per IS 694,440V cable
RFP_4627,FRLS 300V 2C 1 sqmm Cu PVC armoured cable as per BS 5308-1,FRLS 2C 1 sqmm PVC cable,2C 1 sqmm cable,1 sqmm cable
RFP_4628,FRLS 300V 1C 2.5 sqmm Cu XLPE armoured cable as per BS 5308-1,FRLS 300V 1C 2.5 sqmm cable,300V 1C cable,300V cable
RFP_4629,FR 220kV 1C 1000 sqmm Cu XLPE armoured cable as per IEC 62067,220kV Cu armoured cable as per IEC 62067,Cu armoured cable,armoured cable
RFP_4630,FR 1.1kV 2C 150 sqmm Al EPR armoured cable as per IS 1554,1.1kV 150 sqmm Al EPR cable,150 sqmm Al cable,150 sqmm cable
RFP_4631,FR 500V 4C 1.5 sqmm Cu PVC armoured cable as per IS 694,500V 4C PVC armoured cable,500V armoured cable,armoured cable
RFP_4632,FRLS 500V 27C 1.5 sqmm Cu PVC armoured cable as per IS 1554,27C Cu PVC armoured cable,Cu PVC cable,PVC cable
RFP_4633,FR 440V 4C 4 sqmm Al PVC armoured cable as per IEC 60502-1,FR PVC armoured cable as per IEC 60502-1,FR cable as per IEC 60502-1,cable as per IEC 60502-1
RFP_4634,FR 440V 2C 4 sqmm Cu PVC armoured cable as per IS 9968,FR 440V 4 sqmm PVC cable,FR PVC cable,FR cable
RFP_4635,FRLS 1.1kV 27C 6 sqmm Cu XLPE armoured cable as per IS 1554,1.1kV 6 sqmm armoured cable as per IS 1554,1.1kV armoured cable,armoured cable
RFP_4636,500V 7C 1.5 sqmm Cu XLPE armoured cable as per IS 1554,500V 1.5 sqmm XLPE cable as per IS 1554,XLPE cable as per IS 1554,cable as per IS 1554
RFP_4637,500V 4C 2.5 sqmm Cu PVC armoured cable as per IEC 60502-1,4C Cu armoured cable as per IEC 60502-1,4C cable as per IEC 60502-1,cable as per IEC 60502-1
RFP_4638,ZH 220kV 1C 1000 sqmm Al XLPE armoured cable as per IEC 62067,ZH 1C 1000 sqmm Al cable,ZH 1000 sqmm cable,ZH cable
RFP_4639,LSZH 1.1kV 12C 1.5 sqmm Cu XLPE armoured cable as per IS 1554,LSZH 1.1kV 1.5 sqmm XLPE cable,LSZH 1.1kV cable,LSZH cable
RFP_4640,FR 300V 16C 1.5 sqmm Cu XLPE armoured cable as per BS 5308-1,FR 1.5 sqmm Cu XLPE cable,1.5 sqmm Cu cable,1.5 sqmm cable
RFP_4641,FRLS 440V 4C 4 sqmm Cu XLPE armoured cable as per IS 1554,FRLS 440V 4C armoured cable,440V 4C cable,440V cable
RFP_4642,FR 440V 16C 4 sqmm Cu XLPE armoured cable as per IS 694,FR 440V 4 sqmm Cu cable,FR 4 sqmm cable,FR cable
RFP_4643,FRLS 500V 27C 4 sqmm Cu XLPE armoured cable as per IEC 60502-1,500V 27C 4 sqmm XLPE cable,500V 4 sqmm cable,4 sqmm cable
RFP_4644,500V 4C 1 sqmm Cu XLPE armoured cable as per BS 5308-1,1 sqmm Cu XLPE armoured cable,Cu armoured cable,Cu cable
RFP_4645,FRLS 11kV 3C 185 sqmm Al XLPE armoured cable as per IS 7098-1,3C 185 sqmm armoured cable as per IS 7098-1,185 sqmm cable as per IS 7098-1,cable as per IS 7098-1
RFP_4646,FRLS 440V 7C 1 sqmm Cu XLPE armoured cable as per IS 1554,FRLS 7C XLPE armoured cable,XLPE armoured cable,XLPE cable
RFP_4647,FR 1.1kV 30C 1.5 sqmm Cu PVC armoured cable as per BS 5308,FR 1.1kV 1.5 sqmm cable as per BS 5308,FR 1.1kV cable,1.1kV cable
RFP_4648,400kV 1C 800 sqmm Cu XLPE armoured cable as per IEC 62067,400kV 1C XLPE armoured cable,1C armoured cable,1C cable
RFP_4649,LSZH 500V 8C 1 sqmm Cu PVC armoured cable as per IEC 60502-1,LSZH 500V Cu PVC cable,500V PVC cable,500V cable
RFP_4650,1.1kV 6C 0.75 sqmm Cu XLPE armoured cable as per BS 5308-1,6C 0.75 sqmm Cu armoured cable,Cu armoured cable,Cu cable
RFP_4651,FR 1.1kV 7C 4 sqmm Cu PVC armoured cable as per IEC 60502-1,FR 4 sqmm PVC armoured cable,FR PVC cable,PVC cable
RFP_4652,FR 1.1kV 3C 10 sqmm Cu XLPE armoured cable as per IEC 60502-1,FR 3C 10 sqmm armoured cable,3C 10 sqmm cable,10 sqmm cable
RFP_4653,FRLS 11kV 3C 400 sqmm Cu XLPE armoured cable as per IS 7098-1,FRLS 11kV 3C cable as per IS 7098-1,11kV 3C cable,11kV cable
RFP_4654,LSZH 1.1kV 6C 2.5 sqmm Cu XLPE armoured cable as per IS 1554,LSZH 6C Cu armoured cable,6C armoured cable,armoured cable
RFP_4655,FR 500V 1C 240 sqmm Al XLPE armoured cable as per IS 1554,500V XLPE armoured cable as per IS 1554,XLPE cable as per IS 1554,XLPE cable
RFP_4656,LSZH 1.1kV 16C 0.5 sqmm Cu PVC armoured cable as per IS 1554,LSZH 16C 0.5 sqmm armoured cable,16C 0.5 sqmm cable,16C cable
RFP_4657,FRLS 1.1kV 12C 4 sqmm Cu XLPE armoured cable as per IS 1554,FRLS 1.1kV 4 sqmm Cu cable,FRLS Cu cable,FRLS cable
RFP_4658,LSZH 440V 1C 50 sqmm Cu XLPE armoured cable as per IEC 60245,LSZH Cu XLPE cable as per IEC 60245,XLPE cable as per IEC 60245,cable as per IEC 60245
RFP_4659,1.1kV 5C 6 sqmm Cu PVC armoured cable as per IEC 60502-1,1.1kV 5C 6 sqmm Cu cable,1.1kV 5C cable,1.1kV cable
RFP_4660,500V 20C 0.5 sqmm Cu XLPE armoured cable as per IEC 60502-1,20C Cu XLPE armoured cable,20C Cu cable,Cu cable
RFP_4661,ZH 132kV 1C 630 sqmm Al XLPE armoured cable as per IEC 60840,132kV Al XLPE armoured cable,132kV armoured cable,armoured cable
RFP_4662,400kV 1C 800 sqmm Cu XLPE armoured cable as per IEC 62067,1C Cu XLPE armoured cable,XLPE armoured cable,armoured cable
RFP_4663,LSZH 300V 16C 1 sqmm Cu PVC armoured cable as per IEC 60502-1,300V 16C 1 sqmm armoured cable,300V armoured cable,armoured cable
RFP_4664,FR 3.3kV 3C 400 sqmm Al EPR armoured cable as per IS 7098-1,FR EPR armoured cable as per IS 7098-1,FR EPR cable,EPR cable
RFP_4665,Fire Survival 1.1kV 4C 10 sqmm Cu XLPE armoured cable as per BS 6387,4C 10 sqmm armoured cable as per BS 6387,armoured cable as per BS 6387,armoured cable
RFP_4666,LSZH 440V 5C 6 sqmm Cu XLPE armoured cable as per IS 694,440V 6 sqmm armoured cable as per IS 694,440V 6 sqmm cable,440V cable
RFP_4667,FRLS 1.1kV 3C 0.75 sqmm Cu XLPE armoured cable as per IS 9968,FRLS Cu XLPE armoured cable,FRLS Cu cable,FRLS cable
RFP_4668,110kV 1C 630 sqmm Al XLPE armoured cable as per IEC 60840,110kV 630 sqmm armoured cable as per IEC 60840,110kV armoured cable,110kV cable
RFP_4669,LSZH 132kV 1C 800 sqmm Cu XLPE armoured cable as per IEC 60840,132kV Cu XLPE armoured cable,132kV armoured cable,132kV cable
RFP_4670,LSZH 440V 14C 6 sqmm Cu XLPE armoured cable as per IS 1554,14C Cu XLPE armoured cable,14C armoured cable,14C cable
RFP_4671,500V 6C 1 sqmm Cu PVC armoured cable as per BS 5308-1,500V 6C Cu armoured cable,Cu armoured cable,Cu cable
RFP_4672,ZH 440V 5C 25 sqmm Cu PVC armoured cable as per IS 694,ZH 5C 25 sqmm PVC cable,ZH 5C cable,5C cable
RFP_4673,FRLS 1.1kV 24C 6 sqmm Cu XLPE armoured cable as per IS 1554,FRLS 1.1kV 6 sqmm Cu cable,1.1kV Cu cable,1.1kV cable
RFP_4674,ZH 66kV 1C 630 sqmm Cu XLPE armoured cable as per IS 7098-3,ZH 1C 630 sqmm armoured cable,630 sqmm armoured cable,630 sqmm cable
RFP_4675,Fire Survival 440V 4C 35 sqmm Cu XLPE armoured cable as per BS 6387,Fire Survival 35 sqmm XLPE cable as per BS 6387,XLPE cable as per BS 6387,XLPE cable
RFP_4676,LSZH 300V 10C 1.5 sqmm Cu PVC armoured cable as per IEC 60502-1,LSZH 10C PVC cable as per IEC 60502-1,LSZH cable as per IEC 60502-1,cable as per IEC 60502-1
RFP_4677,Fire Survival 440V 3C 6 sqmm Cu Mineral (MI) armoured cable as per IEC 60331,Fire Survival 440V 6 sqmm Mineral (MI) armoured cable,440V Mineral (MI) armoured cable,440V Mineral (MI) cable
RFP_4678,FRLS 1.1kV 16C 1 sqmm Cu XLPE armoured cable as per BS 5308-1,FRLS 1.1kV XLPE armoured cable,1.1kV XLPE cable,XLPE cable
RFP_4679,LSZH 3.3kV 1C 150 sqmm Al XLPE armoured cable as per IS 7098-1,LSZH 3.3kV armoured cable as per IS 7098-1,3.3kV cable as per IS 7098-1,3.3kV cable
RFP_4680,66kV 1C 1000 sqmm Cu XLPE armoured cable as per IS 7098-3,1C 1000 sqmm XLPE cable as per IS 7098-3,1C XLPE cable,1C cable
RFP_4681,132kV 1C 1000 sqmm Al XLPE armoured cable as per IEC 60840,132kV XLPE armoured cable as per IEC 60840,132kV XLPE cable,132kV cable
RFP_4682,LSZH 440V 14C 4 sqmm Cu PVC armoured cable as per IS 1554,LSZH 14C Cu PVC cable,Cu PVC cable,PVC cable
RFP_4683,ZH 132kV 1C 630 sqmm Cu XLPE armoured cable as per IEC 60840,ZH 1C Cu armoured cable,1C Cu cable,Cu cable
RFP_4684,440V 27C 1 sqmm Cu XLPE armoured cable as per IS 694,27C 1 sqmm XLPE cable as per IS 694,27C cable as per IS 694,cable as per IS 694
RFP_4685,FR 22kV 1C 185 sqmm Al XLPE armoured cable as per IS 7098-2,22kV 185 sqmm XLPE cable as per IS 7098-2,XLPE cable as per IS 7098-2,XLPE cable
RFP_4686,FR 1.1kV 16C 4 sqmm Cu PVC armoured cable as per IEC 60502-1,FR Cu armoured cable as per IEC 60502-1,armoured cable as per IEC 60502-1,armoured cable
RFP_4687,FR 400kV 1C 185 sqmm Al XLPE armoured cable as per IEC 62067,FR 1C 185 sqmm XLPE cable,1C 185 sqmm cable,1C cable
RFP_4688,FRLS 1.1kV 1C 1 sqmm Cu XLPE armoured cable as per BS 5308-1,1.1kV 1 sqmm Cu XLPE cable,1.1kV 1 sqmm cable,1 sqmm cable
RFP_4689,LSZH 300V 1C 2.5 sqmm Cu PVC armoured cable as per BS 5308-1,1C 2.5 sqmm PVC armoured cable,1C PVC cable,PVC cable
RFP_4690,LSZH 110kV 1C 500 sqmm Al XLPE armoured cable as per IEC 60840,LSZH 110kV XLPE cable as per IEC 60840,110kV cable as per IEC 60840,cable as per IEC 60840
RFP_4691,LSZH 1.1kV 3C 2.5 sqmm Al PVC armoured cable as per BS 5467,LSZH 1.1kV 2.5 sqmm Al cable,2.5 sqmm Al cable,2.5 sqmm cable
RFP_4692,FRLS 3.3kV 1C 70 sqmm Cu XLPE armoured cable as per IEC 60502-1,3.3kV 1C XLPE cable as per IEC 60502-1,3.3kV cable as per IEC 60502-1,3.3kV cable
RFP_4693,ZH 1.1kV 3C 6 sqmm Cu PVC armoured cable as per IEC 60502-1,Cu PVC armoured cable as per IEC 60502-1,armoured cable as per IEC 60502-1,cable as per IEC 60502-1
RFP_4694,LSZH 500V 14C 4 sqmm Cu PVC armoured cable as per IEC 60502-1,LSZH 500V PVC armoured cable,500V PVC cable,PVC cable
RFP_4695,1.1kV 10C 2.5 sqmm Cu PVC armoured cable as per IS 1554,1.1kV PVC armoured cable as per IS 1554,1.1kV PVC cable,PVC cable
RFP_4696,500V 5C 1 sqmm Cu PVC armoured cable as per IS 1554,5C 1 sqmm Cu PVC cable,5C 1 sqmm cable,5C cable
RFP_4697,FR 220kV 1C 1000 sqmm Al XLPE armoured cable as per IEC 62067,FR 1C armoured cable as per IEC 62067,FR armoured cable,FR cable
RFP_4698,1.1kV 4C 4 sqmm Al PVC armoured cable as per IS 1554,4C 4 sqmm Al cable as per IS 1554,4C 4 sqmm cable,4 sqmm cable
RFP_4699,Fire Survival 1.1kV 4C 10 sqmm Cu Mineral (MI) armoured cable as per IEC 60331,Fire Survival 10 sqmm Cu Mineral (MI) armoured cable,10 sqmm Mineral (MI) armoured cable,10 sqmm Mineral (MI) cable
RFP_4700,ZH 11kV 1C 400 sqmm Cu XLPE armoured cable as per IEC 60502-1,11kV 1C 400 sqmm cable as per IEC 60502-1,11kV 400 sqmm cable,11kV cable
RFP_4701,ZH 440V 4C 2.5 sqmm Cu PVC armoured cable as per IS 694,440V 2.5 sqmm PVC cable as per IS 694,440V PVC cable,440V cable
RFP_4702,FR 440V 30C 1 sqmm Cu PVC armoured cable as per IS 694,FR 1 sqmm armoured cable as per IS 694,armoured cable as per IS 694,armoured cable
RFP_4703,LSZH 440V 19C 4 sqmm Cu PVC armoured cable as per IS 694,440V 19C Cu cable as per IS 694,19C cable as per IS 694,19C cable
RFP_4704,FR 300V 2C 0.5 sqmm Cu XLPE armoured cable as per IEC 60502-1,300V 2C XLPE armoured cable,XLPE armoured cable,armoured cable
RFP_4705,500V 4C 0.75 sqmm Cu PVC armoured cable as per IEC 60245,500V Cu PVC armoured cable,PVC armoured cable,PVC cable
RFP_4706,ZH 600V 4C 70 sqmm Al XLPE armoured cable as per IEC 60502-1,ZH 4C Al cable as per IEC 60502-1,4C Al cable,4C cable
RFP_4707,FR 440V 3.5C 35 sqmm Cu XLPE armoured cable as per IS 694,FR 440V 3. Cu armoured cable,440V 3. Cu cable,3. Cu cable
RFP_4708,FRLS 1.1kV 2C 1.5 sqmm Cu PVC armoured cable as per IS 1554,1.1kV 2C 1.5 sqmm cable as per IS 1554,1.1kV cable as per IS 1554,cable as per IS 1554
RFP_4709,FR 440V 4C 6 sqmm Cu XLPE armoured cable as per IS 1554,FR 4C 6 sqmm cable as per IS 1554,4C 6 sqmm cable,4C cable
RFP_4710,FR 500V 3.5C 1.5 sqmm Cu XLPE armoured cable as per IEC 60502-1,500V 3.5C 1.5 sqmm cable as per IEC 60502-1,500V 3. cable as per IEC 60502-1,3. cable as per IEC 60502-1
RFP_4711,LSZH 1.1kV 30C 6 sqmm Cu PVC armoured cable as per IS 1554,LSZH 1.1kV PVC armoured cable,LSZH armoured cable,LSZH cable
RFP_4712,LSZH 220kV 1C 630 sqmm Cu XLPE armoured cable as per IEC 62067,LSZH 630 sqmm XLPE armoured cable,XLPE armoured cable,XLPE cable
RFP_4713,FRLS 1.1kV 4C 16 sqmm Cu PVC armoured cable as per IEC 60502-1,FRLS 1.1kV 16 sqmm PVC cable,FRLS 1.1kV cable,FRLS cable
RFP_4714,1.1kV 2C 2.5 sqmm Cu XLPE armoured cable as per IEC 60502-1,2C 2.5 sqmm armoured cable as per IEC 60502-1,2.5 sqmm cable as per IEC 60502-1,2.5 sqmm cable
RFP_4715,FRLS 300V 8C 0.75 sqmm Cu PVC armoured cable as per IEC 60502-1,0.75 sqmm Cu PVC cable as per IEC 60502-1,Cu cable as per IEC 60502-1,cable as per IEC 60502-1
RFP_4716,FR 66kV 1C 185 sqmm Cu XLPE armoured cable as per IEC 60840,66kV Cu armoured cable as per IEC 60840,66kV Cu cable,Cu cable
RFP_4717,FR 300V 12C 1.5 sqmm Cu PVC armoured cable as per IEC 60502-1,1.5 sqmm Cu PVC armoured cable,Cu PVC cable,PVC cable
RFP_4718,FRLS 440V 19C 1 sqmm Cu PVC armoured cable as per IS 1554,440V 19C 1 sqmm Cu cable,1 sqmm Cu cable,1 sqmm cable
RFP_4719,Fire Survival 440V 4C 1.5 sqmm Cu Mineral (MI) armoured cable as per IEC 60331,440V 4C Mineral (MI) armoured cable as per IEC 60331,440V Mineral (MI) armoured cable,Mineral (MI) armoured cable
RFP_4720,FRLS 500V 30C 1.5 sqmm Cu PVC armoured cable as per IEC 60502-1,FRLS 1.5 sqmm Cu cable as per IEC 60502-1,FRLS Cu cable,Cu cable
RFP_4721,FRLS 66kV 1C 500 sqmm Cu XLPE armoured cable as per IS 7098-3,FRLS 66kV 1C cable as per IS 7098-3,FRLS cable as per IS 7098-3,cable as per IS 7098-3
RFP_4722,LSZH 500V 5C 0.75 sqmm Cu PVC armoured cable as per IS 694,LSZH 500V 0.75 sqmm PVC cable,0.75 sqmm PVC cable,0.75 sqmm cable
RFP_4723,FR 132kV 1C 400 sqmm Cu XLPE armoured cable as per IEC 60840,FR 132kV Cu XLPE cable,132kV Cu cable,132kV cable
RFP_4724,Fire Survival 1.1kV 4C 120 sqmm Cu Mineral (MI) armoured cable as per BS 6387,Fire Survival 1.1kV Cu Mineral (MI) cable as per BS 6387,Fire Survival Cu Mineral (MI) cable,Cu Mineral (MI) cable
RFP_4725,LSZH 1.1kV 4C 4 sqmm Cu XLPE armoured cable as per IS 1554,LSZH 1.1kV 4C 4 sqmm cable,4C 4 sqmm cable,4C cable
RFP_4726,FRLS 1.1kV 4C 25 sqmm Cu XLPE armoured cable as per IS 9968,FRLS 1.1kV 4C armoured cable,FRLS 4C cable,4C cable
RFP_4727,6.6kV 1C 70 sqmm Al EPR armoured cable as per IS 7098-1,1C Al armoured cable as per IS 7098-1,1C cable as per IS 7098-1,cable as per IS 7098-1
RFP_4728,FRLS 1.1kV 1C 50 sqmm Cu XLPE armoured cable as per IS 1554,FRLS 50 sqmm XLPE cable as per IS 1554,50 sqmm XLPE cable,50 sqmm cable
RFP_4729,FR 500V 12C 0.5 sqmm Cu XLPE armoured cable as per BS 5308-1,FR 12C XLPE armoured cable,FR 12C cable,12C cable
RFP_4730,FRLS 500V 2C 25 sqmm Al PVC armoured cable as per IS 694,25 sqmm Al PVC cable as per IS 694,PVC cable as per IS 694,PVC cable
RFP_4731,FRLS 500V 3C 25 sqmm Cu PVC armoured cable as per IEC 60245,FRLS 25 sqmm Cu armoured cable,25 sqmm armoured cable,25 sqmm cable
RFP_4732,FR 440V 30C 6 sqmm Cu XLPE armoured cable as per IS 694,440V 30C armoured cable as per IS 694,440V cable as per IS 694,440V cable
RFP_4733,FRLS 6.6kV 3C 70 sqmm Al XLPE armoured cable as per IS 7098-1,FRLS 6.6kV Al XLPE cable,FRLS 6.6kV cable,6.6kV cable
RFP_4734,LSZH 132kV 1C 185 sqmm Al XLPE armoured cable as per IEC 60840,1C 185 sqmm Al armoured cable,1C Al cable,1C cable
RFP_4735,132kV 1C 1000 sqmm Cu XLPE armoured cable as per IEC 60840,1C 1000 sqmm XLPE cable as per IEC 60840,1C 1000 sqmm cable,1C cable
RFP_4736,440V 5C 2.5 sqmm Cu PVC armoured cable as per IS 694,440V Cu PVC armoured cable,440V armoured cable,armoured cable
RFP_4737,FR 300V 1C 0.5 sqmm Cu XLPE armoured cable as per BS 5308-1,0.5 sqmm XLPE armoured cable as per BS 5308-1,XLPE cable as per BS 5308-1,XLPE cable
RFP_4738,1.1kV 2C 16 sqmm Cu PVC armoured cable as per IS 1554,1.1kV 2C 16 sqmm PVC cable,1.1kV 2C cable,2C cable
RFP_4739,500V 4C 1.5 sqmm Cu PVC armoured cable as per IS 694,4C 1.5 sqmm Cu PVC cable,1.5 sqmm Cu cable,Cu cable
RFP_4740,LSZH 33kV 3C 120 sqmm Al XLPE armoured cable as per IS 7098-2,3C Al XLPE cable as per IS 7098-2,Al cable as per IS 7098-2,Al cable
RFP_4741,FRLS 300V 10C 0.5 sqmm Cu XLPE armoured cable as per IEC 60502-1,300V 10C Cu XLPE cable,Cu XLPE cable,XLPE cable
RFP_4742,ZH 132kV 1C 400 sqmm Al XLPE armoured cable as per IEC 60840,ZH 132kV 1C cable as per IEC 60840,ZH 1C cable,1C cable
RFP_4743,LSZH 440V 10C 6 sqmm Cu PVC armoured cable as per IS 694,LSZH Cu PVC cable as per IS 694,PVC cable as per IS 694,cable as per IS 694
RFP_4744,Fire Survival 1.1kV 2C 1.5 sqmm Cu Mineral (MI) armoured cable as per IS 17048,Fire Survival 1.5 sqmm Mineral (MI) armoured cable as per IS 17048,Mineral (MI) armoured cable as per IS 17048,Mineral (MI) cable as per IS 17048
RFP_4745,LSZH 1.1kV 1C 1 sqmm Cu XLPE armoured cable as per BS 5308-1,LSZH Cu XLPE armoured cable,LSZH armoured cable,LSZH cable
RFP_4746,500V 1C 2.5 sqmm Cu PVC armoured cable as per IEC 60245,500V 1C PVC armoured cable,500V PVC cable,500V cable
RFP_4747,FRLS 33kV 1C 400 sqmm Cu XLPE armoured cable as per IS 7098-2,FRLS 1C Cu XLPE cable,1C Cu cable,1C cable
RFP_4748,LSZH 1.1kV 12C 1 sqmm Cu PVC armoured cable as per IEC 60502-1,LSZH 1.1kV 12C cable as per IEC 60502-1,1.1kV cable as per IEC 60502-1,1.1kV cable
RFP_4749,FR 500V 1C 1.5 sqmm Cu PVC armoured cable as per IEC 60245,FR 500V 1C cable as per IEC 60245,FR 1C cable,1C cable
RFP_4750,FR 500V 8C 2.5 sqmm Cu XLPE armoured cable as per BS 5308-1,Cu XLPE armoured cable as per BS 5308-1,XLPE cable as per BS 5308-1,XLPE cable
RFP_4751,FR 6.6kV 1C 400 sqmm Al XLPE armoured cable as per IEC 60502-1,FR 6.6kV 1C cable as per IEC 60502-1,1C cable as per IEC 60502-1,cable as per IEC 60502-1
RFP_4752,ZH 6.6kV 3C 70 sqmm Al EPR armoured cable as per IS 7098-1,ZH 70 sqmm Al armoured cable,70 sqmm armoured cable,70 sqmm cable
RFP_4753,FRLS 500V 16C 1 sqmm Cu XLPE armoured cable as per BS 5308-1,FRLS 500V armoured cable as per BS 5308-1,FRLS 500V cable,500V cable
RFP_4754,LSZH 1.1kV 5C 1 sqmm Cu XLPE armoured cable as per IEC 60502-1,5C Cu XLPE armoured cable,5C Cu cable,5C cable
RFP_4755,500V 2C 10 sqmm Cu PVC armoured cable as per IEC 60245,500V PVC armoured cable as per IEC 60245,PVC cable as per IEC 60245,PVC cable
RFP_4756,FR 300V 24C 1 sqmm Cu XLPE armoured cable as per BS 5308-1,300V 1 sqmm armoured cable as per BS 5308-1,1 sqmm cable as per BS 5308-1,1 sqmm cable
RFP_4757,FRLS 440V 3C 2.5 sqmm Cu XLPE armoured cable as per IS 1554,3C 2.5 sqmm Cu XLPE cable,2.5 sqmm XLPE cable,XLPE cable
RFP_4758,LSZH 500V 24C 1 sqmm Cu PVC armoured cable as per BS 5308-1,24C 1 sqmm armoured cable as per BS 5308-1,1 sqmm cable as per BS 5308-1,cable as per BS 5308-1
RFP_4759,FRLS 500V 6C 1 sqmm Cu PVC armoured cable as per IEC 60502-1,FRLS 6C 1 sqmm cable as per IEC 60502-1,1 sqmm cable as per IEC 60502-1,cable as per IEC 60502-1
RFP_4760,22kV 1C 400 sqmm Al XLPE armoured cable as per IS 7098-2,22kV 1C XLPE cable as per IS 7098-2,1C cable as per IS 7098-2,1C cable
RFP_4761,ZH 6.6kV 3C 300 sqmm Al EPR armoured cable as per IEC 60502-1,6.6kV 300 sqmm Al EPR cable,6.6kV EPR cable,6.6kV cable
RFP_4762,440V 4C 16 sqmm Cu XLPE armoured cable as per IS 1554,4C Cu XLPE cable as per IS 1554,Cu cable as per IS 1554,cable as per IS 1554
RFP_4763,FR 1.1kV 5C 16 sqmm Cu PVC armoured cable as per IEC 60502-1,FR 16 sqmm Cu cable as per IEC 60502-1,16 sqmm Cu cable,16 sqmm cable
RFP_4764,LSZH 500V 2C 185 sqmm Cu PVC armoured cable as per IS 1554,500V 2C 185 sqmm armoured cable,185 sqmm armoured cable,185 sqmm cable
RFP_4765,FR 11kV 3C 240 sqmm Al XLPE armoured cable as per IS 7098-1,3C XLPE armoured cable as per IS 7098-1,3C armoured cable,armoured cable
RFP_4766,500V 8C 0.5 sqmm Cu PVC armoured cable as per BS 5308-1,0.5 sqmm Cu PVC cable as per BS 5308-1,0.5 sqmm Cu cable,0.5 sqmm cable
RFP_4767,LSZH 1.1kV 3.5C 630 sqmm Al PVC armoured cable as per BS 5467,1.1kV 3.5C 630 sqmm cable as per BS 5467,1.1kV 3. cable as per BS 5467,3. cable as per BS 5467
RFP_4768,FR 1.1kV 2C 1 sqmm Cu XLPE armoured cable as per IS 1554,1.1kV 2C XLPE cable as per IS 1554,XLPE cable as per IS 1554,XLPE cable
RFP_4769,FRLS 1.1kV 14C 1.5 sqmm Cu XLPE armoured cable as per IEC 60502-1,FRLS 14C XLPE cable as per IEC 60502-1,FRLS XLPE cable,XLPE cable
RFP_4770,FRLS 300V 10C 0.75 sqmm Cu PVC armoured cable as per BS 5308-1,FRLS 10C Cu armoured cable,Cu armoured cable,armoured cable
RFP_4771,LSZH 1.1kV 10C 2.5 sqmm Cu PVC armoured cable as per BS 5308,1.1kV Cu PVC cable as per BS 5308,1.1kV cable as per BS 5308,1.1kV cable
RFP_4772,FRLS 440V 27C 4 sqmm Cu PVC armoured cable as per IS 694,FRLS 27C PVC armoured cable,FRLS armoured cable,FRLS cable
RFP_4773,ZH 220kV 1C 800 sqmm Al XLPE armoured cable as per IEC 62067,ZH 800 sqmm Al cable as per IEC 62067,Al cable as per IEC 62067,Al cable
RFP_4774,FRLS 1.1kV 2C 2.5 sqmm Cu XLPE armoured cable as per IEC 60502-1,FRLS Cu XLPE cable as per IEC 60502-1,XLPE cable as per IEC 60502-1,cable as per IEC 60502-1
RFP_4775,FR 1.1kV 30C 2.5 sqmm Cu PVC armoured cable as per IEC 60502-1,FR Cu PVC armoured cable,PVC armoured cable,PVC cable
RFP_4776,1.1kV 2C 25 sqmm Cu PVC armoured cable as per IS 9968,1.1kV 25 sqmm armoured cable as per IS 9968,1.1kV 25 sqmm cable,1.1kV cable
RFP_4777,600V 2C 10 sqmm Cu XLPE armoured cable as per IS 694,600V 2C XLPE cable as per IS 694,2C XLPE cable,2C cable
RFP_4778,LSZH 500V 4C 4 sqmm Cu XLPE armoured cable as per IEC 60502-1,LSZH 500V 4 sqmm cable as per IEC 60502-1,LSZH 500V cable,LSZH cable
RFP_4779,LSZH 440V 4C 6 sqmm Cu PVC armoured cable as per IS 1554,LSZH 440V 4C 6 sqmm cable,LSZH 6 sqmm cable,6 sqmm cable
RFP_4780,ZH 440V 5C 4 sqmm Cu XLPE armoured cable as per IS 9968,440V 5C Cu cable as per IS 9968,Cu cable as per IS 9968,cable as per IS 9968
RFP_4781,FRLS 1.1kV 4C 50 sqmm Cu PVC armoured cable as per IS 9968,1.1kV 50 sqmm armoured cable as per IS 9968,1.1kV cable as per IS 9968,cable as per IS 9968
RFP_4782,LSZH 3.3kV 3C 240 sqmm Cu EPR armoured cable as per IEC 60502-1,3.3kV 240 sqmm EPR cable as per IEC 60502-1,240 sqmm EPR cable,240 sqmm cable
RFP_4783,500V 2C 1 sqmm Cu PVC armoured cable as per IS 1554,2C 1 sqmm Cu cable as per IS 1554,2C Cu cable,Cu cable
RFP_4784,FR 600V 3C 185 sqmm Cu XLPE armoured cable as per IS 694,600V Cu armoured cable as per IS 694,armoured cable as per IS 694,cable as per IS 694
RFP_4785,LSZH 600V 3C 16 sqmm Cu XLPE armoured cable as per IEC 60502-1,LSZH 16 sqmm armoured cable as per IEC 60502-1,LSZH 16 sqmm cable,LSZH cable
RFP_4786,ZH 440V 1C 4 sqmm Cu PVC armoured cable as per IS 9968,ZH 440V 4 sqmm armoured cable,440V 4 sqmm cable,440V cable
RFP_4787,LSZH 500V 4C 2.5 sqmm Cu XLPE armoured cable as per IEC 60502-1,LSZH 4C 2.5 sqmm cable as per IEC 60502-1,LSZH cable as per IEC 60502-1,cable as per IEC 60502-1
RFP_4788,FR 500V 27C 1 sqmm Cu XLPE armoured cable as per IEC 60502-1,500V 1 sqmm armoured cable as per IEC 60502-1,500V 1 sqmm cable,500V cable
RFP_4789,FR 500V 2C 0.75 sqmm Cu XLPE armoured cable as per IEC 60502-1,500V 2C 0.75 sqmm XLPE cable,500V 0.75 sqmm cable,0.75 sqmm cable
RFP_4790,FRLS 500V 14C 1 sqmm Cu XLPE armoured cable as per IEC 60502-1,500V 14C 1 sqmm cable as per IEC 60502-1,14C 1 sqmm cable,14C cable
RFP_4791,ZH 220kV 1C 500 sqmm Cu XLPE armoured cable as per IEC 62067,220kV 500 sqmm XLPE cable as per IEC 62067,500 sqmm XLPE cable,500 sqmm cable
RFP_4792,FR 33kV 3C 400 sqmm Al XLPE armoured cable as per IEC 60502-2,33kV 3C XLPE armoured cable,XLPE armoured cable,armoured cable
RFP_4793,LSZH 500V 5C 2.5 sqmm Cu PVC armoured cable as per IEC 60245,LSZH 5C Cu armoured cable,5C armoured cable,armoured cable
RFP_4794,LSZH 500V 5C 1.5 sqmm Cu PVC armoured cable as per IEC 60245,500V PVC armoured cable as per IEC 60245,armoured cable as per IEC 60245,armoured cable
RFP_4795,LSZH 500V 1C 2.5 sqmm Cu XLPE armoured cable as per IEC 60502-1,LSZH 1C 2.5 sqmm cable as per IEC 60502-1,LSZH 2.5 sqmm cable,LSZH cable
RFP_4796,FR 300V 1C 0.5 sqmm Cu PVC armoured cable as per BS 5308-1,300V 1C PVC armoured cable,300V 1C cable,1C cable
RFP_4797,FR 1.1kV 4C 25 sqmm Cu PVC armoured cable as per IEC 60502-1,1.1kV 25 sqmm PVC cable as per IEC 60502-1,PVC cable as per IEC 60502-1,cable as per IEC 60502-1
RFP_4798,FRLS 440V 30C 1.5 sqmm Cu PVC armoured cable as per IS 694,440V 30C 1.5 sqmm Cu cable,30C Cu cable,30C cable
RFP_4799,LSZH 132kV 1C 240 sqmm Al XLPE armoured cable as per IEC 60840,132kV 1C armoured cable as per IEC 60840,1C armoured cable,armoured cable
RFP_4800,FRLS 132kV 1C 1000 sqmm Al XLPE armoured cable as per IEC 60840,FRLS 1000 sqmm Al armoured cable,FRLS 1000 sqmm cable,1000 sqmm cable
RFP_4801,FRLS 300V 12C 1 sqmm Cu XLPE armoured cable as per IEC 60502-1,300V 1 sqmm Cu XLPE cable,300V Cu cable,300V cable
RFP_4802,FR 66kV 1C 240 sqmm Al XLPE armoured cable as per IS 7098-3,FR 66kV 1C cable as per IS 7098-3,66kV 1C cable,66kV cable
RFP_4803,Fire Survival 1.1kV 2C 50 sqmm Cu Mineral (MI) armoured cable as per IS 17048,Fire Survival 2C 50 sqmm Mineral (MI) cable as per IS 17048,Fire Survival 50 sqmm Mineral (MI) cable,50 sqmm Mineral (MI) cable
RFP_4804,FR 440V 1C 6 sqmm Cu XLPE armoured cable as per IEC 60245,FR 1C 6 sqmm armoured cable,FR 6 sqmm cable,FR cable
RFP_4805,FR 1.1kV 20C 0.75 sqmm Cu XLPE armoured cable as per IS 1554,FR 20C Cu cable as per IS 1554,Cu cable as per IS 1554,cable as per IS 1554
RFP_4806,300V 20C 1 sqmm Cu XLPE armoured cable as per BS 5308-1,20C 1 sqmm Cu armoured cable,20C 1 sqmm cable,20C cable
RFP_4807,1.1kV 6C 1.5 sqmm Cu PVC armoured cable as per BS 5308-1,6C Cu PVC cable as per BS 5308-1,Cu PVC cable,PVC cable
RFP_4808,FRLS 500V 1C 1.5 sqmm Cu PVC armoured cable as per IEC 60245,FRLS 1C Cu cable as per IEC 60245,Cu cable as per IEC 60245,Cu cable
RFP_4809,FR 220kV 1C 1000 sqmm Al XLPE armoured cable as per IEC 62067,FR 220kV 1000 sqmm Al cable,220kV 1000 sqmm cable,220kV cable
RFP_4810,LSZH 300V 4C 1 sqmm Cu XLPE armoured cable as per IEC 60502-1,LSZH 1 sqmm Cu XLPE cable,LSZH XLPE cable,LSZH cable
RFP_4811,LSZH 440V 2C 2.5 sqmm Cu XLPE armoured cable as per IS 694,2C 2.5 sqmm armoured cable as per IS 694,2.5 sqmm armoured cable,2.5 sqmm cable
RFP_4812,FR 440V 2C 6 sqmm Cu PVC armoured cable as per IS 694,440V 6 sqmm PVC armoured cable,6 sqmm PVC cable,PVC cable
RFP_4813,FR 500V 1C 10 sqmm Cu PVC armoured cable as per IS 694,500V PVC armoured cable as per IS 694,PVC armoured cable,PVC cable
RFP_4814,FRLS 500V 3C 1.5 sqmm Cu PVC armoured cable as per IEC 60502-1,FRLS 3C PVC armoured cable,3C PVC cable,3C cable
RFP_4815,FR 1.1kV 2C 1.5 sqmm Cu PVC armoured cable as per IEC 60502-1,1.5 sqmm Cu PVC cable as per IEC 60502-1,Cu PVC cable,PVC cable
RFP_4816,FRLS 600V 4C 35 sqmm Al PVC armoured cable as per IS 694,600V Al armoured cable as per IS 694,600V Al cable,Al cable
RFP_4817,FRLS 1.1kV 4C 400 sqmm Al XLPE armoured cable as per IS 1554,1.1kV 4C 400 sqmm Al cable,4C Al cable,Al cable
RFP_4818,FRLS 1.1kV 16C 1.5 sqmm Cu PVC armoured cable as per IS 1554,1.1kV 16C armoured cable as per IS 1554,1.1kV 16C cable,1.1kV cable
RFP_4819,Fire Survival 440V 3C 95 sqmm Cu Mineral (MI) armoured cable as per IEC 60331,Fire Survival Cu Mineral (MI) armoured cable as per IEC 60331,Cu Mineral (MI) cable as per IEC 60331,Cu Mineral (MI) cable
RFP_4820,LSZH 440V 2C 1 sqmm Cu PVC armoured cable as per IS 9968,1 sqmm Cu PVC cable as per IS 9968,1 sqmm cable as per IS 9968,cable as per IS 9968
RFP_4821,FR 220kV 1C 400 sqmm Al XLPE armoured cable as per IEC 62067,FR 220kV armoured cable as per IEC 62067,FR 220kV cable,220kV cable
RFP_4822,FRLS 1.1kV 2C 0.5 sqmm Cu PVC armoured cable as per IS 1554,FRLS 2C PVC cable as per IS 1554,FRLS cable as per IS 1554,cable as per IS 1554
RFP_4823,FRLS 500V 3C 1 sqmm Cu XLPE armoured cable as per IEC 60502-1,500V 3C Cu XLPE cable,500V Cu cable,500V cable
RFP_4824,Fire Survival 440V 3C 35 sqmm Cu XLPE armoured cable as per BS 6387,Fire Survival 440V XLPE cable as per BS 6387,440V cable as per BS 6387,440V cable
RFP_4825,FR 600V 4C 185 sqmm Cu XLPE armoured cable as per IEC 60502-1,FR Cu armoured cable as per IEC 60502-1,Cu armoured cable,Cu cable
RFP_4826,Fire Survival 1.1kV 1C 25 sqmm Cu Mineral (MI) armoured cable as per BS 6387,Fire Survival 1C 25 sqmm Cu Mineral (MI) cable,Fire Survival 1C Mineral (MI) cable,Fire Survival Mineral (MI) cable
RFP_4827,LSZH 220kV 1C 240 sqmm Cu XLPE armoured cable as per IEC 62067,LSZH 1C 240 sqmm Cu cable,LSZH 1C cable,1C cable
RFP_4828,FR 1.1kV 3C 1.5 sqmm Cu XLPE armoured cable as per IS 9968,3C 1.5 sqmm XLPE cable as per IS 9968,3C 1.5 sqmm cable,1.5 sqmm cable
RFP_4829,FR 600V 1C 1000 sqmm Cu PVC armoured cable as per IS 694,600V 1000 sqmm PVC armoured cable,PVC armoured cable,PVC cable
RFP_4830,FR 440V 7C 1 sqmm Cu XLPE armoured cable as per IS 694,FR 7C Cu armoured cable,Cu armoured cable,armoured cable
RFP_4831,FRLS 300V 2C 1.5 sqmm Cu PVC armoured cable as per IEC 60502-1,300V PVC armoured cable as per IEC 60502-1,300V PVC cable,PVC cable
RFP_4832,FRLS 300V 12C 1 sqmm Cu XLPE armoured cable as per IEC 60502-1,300V 1 sqmm XLPE cable as per IEC 60502-1,XLPE cable as per IEC 60502-1,XLPE cable
RFP_4833,FR 1.1kV 2C 1 sqmm Cu PVC armoured cable as per IEC 60502-1,1 sqmm Cu armoured cable as per IEC 60502-1,1 sqmm cable as per IEC 60502-1,1 sqmm cable
RFP_4834,FRLS 440V 2C 4 sqmm Cu XLPE armoured cable as per IS 9968,440V Cu armoured cable as per IS 9968,Cu cable as per IS 9968,cable as per IS 9968
RFP_4835,Fire Survival 1.1kV 1C 6 sqmm Cu XLPE armoured cable as per IS 17048,1.1kV XLPE armoured cable as per IS 17048,1.1kV cable as per IS 17048,cable as per IS 17048
RFP_4836,FR 440V 19C 4 sqmm Cu PVC armoured cable as per IS 694,440V 4 sqmm Cu PVC cable,Cu PVC cable,Cu cable
RFP_4837,440V 16C 6 sqmm Cu PVC armoured cable as per IS 1554,440V 16C Cu armoured cable,16C Cu cable,Cu cable
RFP_4838,Fire Survival 1.1kV 4C 70 sqmm Cu XLPE armoured cable as per IS 17048,Fire Survival 1.1kV Cu cable as per IS 17048,1.1kV cable as per IS 17048,cable as per IS 17048
RFP_4839,1.1kV 2C 2.5 sqmm Cu PVC armoured cable as per BS 5308-1,2.5 sqmm Cu PVC armoured cable,PVC armoured cable,PVC cable
RFP_4840,LSZH 1.1kV 30C 6 sqmm Cu PVC armoured cable as per IEC 60502-1,1.1kV Cu armoured cable as per IEC 60502-1,1.1kV cable as per IEC 60502-1,1.1kV cable
RFP_4841,LSZH 500V 3C 10 sqmm Cu PVC armoured cable as per IS 694,10 sqmm Cu armoured cable as per IS 694,10 sqmm armoured cable,armoured cable
RFP_4842,LSZH 6.6kV 3C 400 sqmm Al XLPE armoured cable as per IS 7098-1,400 sqmm XLPE armoured cable as per IS 7098-1,XLPE cable as per IS 7098-1,cable as per IS 7098-1
RFP_4843,Fire Survival 440V 2C 120 sqmm Cu Mineral (MI) armoured cable as per IEC 60331,440V 2C 120 sqmm Cu Mineral (MI) cable,440V 2C Mineral (MI) cable,440V Mineral (MI) cable
RFP_4844,300V 20C 1.5 sqmm Cu XLPE armoured cable as per IEC 60502-1,20C 1.5 sqmm armoured cable as per IEC 60502-1,1.5 sqmm armoured cable,1.5 sqmm cable
RFP_4845,500V 1C 35 sqmm Cu PVC armoured cable as per IS 694,1C Cu PVC armoured cable,1C PVC cable,PVC cable
RFP_4846,Fire Survival 1.1kV 1C 16 sqmm Cu XLPE armoured cable as per IEC 60331,1C 16 sqmm armoured cable as per IEC 60331,1C cable as per IEC 60331,cable as per IEC 60331
RFP_4847,LSZH 500V 12C 6 sqmm Cu PVC armoured cable as per IEC 60502-1,LSZH 500V 12C cable as per IEC 60502-1,LSZH 12C cable,LSZH cable
RFP_4848,FR 300V 20C 2.5 sqmm Cu XLPE armoured cable as per BS 5308-1,300V 2.5 sqmm Cu armoured cable,2.5 sqmm Cu cable,Cu cable
RFP_4849,33kV 1C 95 sqmm Cu XLPE armoured cable as per IEC 60502-2,33kV 1C 95 sqmm Cu cable,33kV 1C cable,1C cable
RFP_4850,1.1kV 19C 6 sqmm Cu XLPE armoured cable as per IEC 60502-1,19C 6 sqmm XLPE cable as per IEC 60502-1,XLPE cable as per IEC 60502-1,XLPE cable
RFP_4851,FR 1.1kV 6C 2.5 sqmm Cu XLPE armoured cable as per IEC 60502-1,FR 1.1kV XLPE cable as per IEC 60502-1,1.1kV XLPE cable,XLPE cable
RFP_4852,FRLS 500V 12C 1 sqmm Cu PVC armoured cable as per BS 5308-1,FRLS 500V 12C PVC cable,FRLS 12C cable,12C cable
RFP_4853,Fire Survival 440V 4C 16 sqmm Cu XLPE armoured cable as per IEC 60331,Fire Survival 440V Cu XLPE cable,Fire Survival Cu cable,Cu cable
RFP_4854,FRLS 300V 16C 1 sqmm Cu PVC armoured cable as per IEC 60502-1,FRLS 16C PVC armoured cable,FRLS PVC cable,PVC cable
RFP_4855,440V 2C 1.5 sqmm Cu PVC armoured cable as per IS 694,440V 2C armoured cable as per IS 694,2C armoured cable,armoured cable
RFP_4856,LSZH 500V 14C 6 sqmm Cu XLPE armoured cable as per IEC 60502-1,6 sqmm Cu XLPE cable as per IEC 60502-1,6 sqmm cable as per IEC 60502-1,cable as per IEC 60502-1
RFP_4857,LSZH 1.1kV 2C 1 sqmm Cu PVC armoured cable as per BS 5308-1,1.1kV PVC armoured cable as per BS 5308-1,1.1kV cable as per BS 5308-1,cable as per BS 5308-1
RFP_4858,LSZH 500V 5C 35 sqmm Cu PVC armoured cable as per IEC 60245,LSZH 500V 35 sqmm armoured cable,LSZH armoured cable,armoured cable
RFP_4859,LSZH 110kV 1C 300 sqmm Cu XLPE armoured cable as per IEC 60840,LSZH 1C XLPE cable as per IEC 60840,1C XLPE cable,XLPE cable
RFP_4860,300V 24C 0.75 sqmm Cu PVC armoured cable as per BS 5308-1,24C Cu PVC armoured cable,Cu armoured cable,armoured cable
RFP_4861,FRLS 220kV 1C 400 sqmm Al XLPE armoured cable as per IEC 62067,FRLS 400 sqmm Al cable as per IEC 62067,400 sqmm Al cable,400 sqmm cable
RFP_4862,300V 16C 0.5 sqmm Cu PVC armoured cable as per IEC 60502-1,300V 0.5 sqmm armoured cable as per IEC 60502-1,armoured cable as per IEC 60502-1,cable as per IEC 60502-1
RFP_4863,ZH 440V 4C 185 sqmm Cu XLPE armoured cable as per IS 1554,ZH 440V Cu XLPE cable,ZH 440V cable,ZH cable
RFP_4864,FRLS 440V 2C 16 sqmm Cu XLPE armoured cable as per IS 694,FRLS 440V 16 sqmm armoured cable,440V armoured cable,440V cable
RFP_4865,1.1kV 8C 1 sqmm Cu PVC armoured cable as per IS 1554,1.1kV 8C 1 sqmm PVC cable,8C 1 sqmm cable,1 sqmm cable
RFP_4866,3.3kV 1C 95 sqmm Cu EPR armoured cable as per IS 7098-1,3.3kV 1C EPR armoured cable,3.3kV armoured cable,armoured cable
RFP_4867,500V 2C 1 sqmm Cu PVC armoured cable as per IEC 60502-1,500V 1 sqmm PVC cable as per IEC 60502-1,1 sqmm cable as per IEC 60502-1,cable as per IEC 60502-1
RFP_4868,ZH 3.3kV 3C 400 sqmm Al EPR armoured cable as per IEC 60502-1,ZH Al EPR armoured cable,ZH armoured cable,ZH cable
RFP_4869,Fire Survival 1.1kV 4C 120 sqmm Cu XLPE armoured cable as per BS 6387,4C 120 sqmm Cu armoured cable,120 sqmm armoured cable,120 sqmm cable
RFP_4870,FRLS 440V 3C 25 sqmm Cu XLPE armoured cable as per IEC 60502-1,FRLS 440V armoured cable as per IEC 60502-1,armoured cable as per IEC 60502-1,cable as per IEC 60502-1
RFP_4871,LSZH 400kV 1C 185 sqmm Al XLPE armoured cable as per IEC 62067,400kV 185 sqmm Al cable as per IEC 62067,185 sqmm Al cable,185 sqmm cable
RFP_4872,LSZH 1.1kV 8C 2.5 sqmm Cu PVC armoured cable as per IS 1554,LSZH Cu armoured cable as per IS 1554,armoured cable as per IS 1554,cable as per IS 1554
RFP_4873,FR 1.1kV 10C 1.5 sqmm Cu XLPE armoured cable as per IS 1554,1.1kV 10C Cu XLPE cable,1.1kV 10C cable,10C cable
RFP_4874,LSZH 1.1kV 5C 1 sqmm Cu PVC armoured cable as per IS 1554,Cu PVC armoured cable as per IS 1554,PVC armoured cable,PVC cable
RFP_4875,ZH 1.1kV 1C 10 sqmm Cu XLPE armoured cable as per IEC 60502-1,ZH 1.1kV 10 sqmm cable as per IEC 60502-1,1.1kV cable as per IEC 60502-1,cable as per IEC 60502-1
RFP_4876,FRLS 440V 6C 2.5 sqmm Cu XLPE armoured cable as per IS 1554,6C XLPE armoured cable as per IS 1554,6C armoured cable,armoured cable
RFP_4877,FR 66kV 1C 400 sqmm Cu XLPE armoured cable as per IEC 60840,FR 400 sqmm XLPE cable as per IEC 60840,400 sqmm cable as per IEC 60840,cable as per IEC 60840
RFP_4878,ZH 220kV 1C 800 sqmm Cu XLPE armoured cable as per IEC 62067,220kV 800 sqmm armoured cable as per IEC 62067,220kV cable as per IEC 62067,220kV cable
RFP_4879,ZH 500V 2C 35 sqmm Cu PVC armoured cable as per IS 694,500V 2C 35 sqmm cable as per IS 694,2C cable as per IS 694,2C cable
RFP_4880,ZH 110kV 1C 300 sqmm Al XLPE armoured cable as per IEC 60840,ZH Al armoured cable as per IEC 60840,ZH armoured cable,ZH cable
RFP_4881,LSZH 1.1kV 24C 1 sqmm Cu XLPE armoured cable as per BS 5308-1,1.1kV Cu XLPE cable as per BS 5308-1,1.1kV XLPE cable,XLPE cable
RFP_4882,FR 500V 30C 4 sqmm Cu XLPE armoured cable as per IEC 60502-1,FR Cu XLPE armoured cable,Cu armoured cable,Cu cable
RFP_4883,FRLS 500V 6C 6 sqmm Cu PVC armoured cable as per IS 1554,6 sqmm PVC armoured cable as per IS 1554,6 sqmm armoured cable,6 sqmm cable
RFP_4884,FRLS 600V 3.5C 1.5 sqmm Al PVC armoured cable as per IEC 60502-1,FRLS 600V 3. PVC cable as per IEC 60502-1,FRLS 600V 3. cable,600V 3. cable
RFP_4885,FRLS 500V 4C 25 sqmm Cu PVC armoured cable as per IEC 60245,Cu PVC armoured cable as per IEC 60245,Cu armoured cable,armoured cable
RFP_4886,500V 24C 1 sqmm Cu PVC armoured cable as per IS 1554,500V 1 sqmm PVC cable as per IS 1554,500V PVC cable,500V cable
RFP_4887,ZH 600V 3.5C 6 sqmm Al XLPE armoured cable as per IS 694,ZH 3. 6 sqmm armoured cable as per IS 694,3. 6 sqmm cable as per IS 694,3. cable as per IS 694
RFP_4888,FRLS 33kV 3C 95 sqmm Cu XLPE armoured cable as per IEC 60502-2,33kV 3C 95 sqmm XLPE cable,3C 95 sqmm cable,3C cable
RFP_4889,FR 500V 2C 4 sqmm Cu PVC armoured cable as per IEC 60502-1,2C PVC armoured cable as per IEC 60502-1,2C cable as per IEC 60502-1,2C cable
RFP_4890,LSZH 11kV 1C 95 sqmm Al XLPE armoured cable as per IS 7098-1,1C Al armoured cable as per IS 7098-1,1C cable as per IS 7098-1,cable as per IS 7098-1
RFP_4891,FR 500V 2C 4 sqmm Cu XLPE armoured cable as per IS 1554,FR 500V armoured cable as per IS 1554,FR armoured cable,armoured cable
RFP_4892,440V 1C 16 sqmm Cu XLPE armoured cable as per IS 694,1C Cu armoured cable as per IS 694,Cu cable as per IS 694,Cu cable
RFP_4893,FRLS 500V 1C 2.5 sqmm Cu PVC armoured cable as per IEC 60245,2.5 sqmm PVC armoured cable as per IEC 60245,2.5 sqmm cable as per IEC 60245,cable as per IEC 60245
RFP_4894,LSZH 66kV 1C 300 sqmm Al XLPE armoured cable as per IEC 60840,LSZH 300 sqmm Al armoured cable,LSZH Al cable,Al cable
RFP_4895,ZH 1.1kV 1C 25 sqmm Cu PVC armoured cable as per IEC 60502-1,1C Cu PVC armoured cable,Cu armoured cable,armoured cable
RFP_4896,FRLS 300V 16C 0.75 sqmm Cu PVC armoured cable as per BS 5308-1,300V 16C 0.75 sqmm PVC cable,16C 0.75 sqmm cable,0.75 sqmm cable
RFP_4897,1.1kV 3C 25 sqmm Cu XLPE armoured cable as per IS 9968,3C 25 sqmm Cu armoured cable,3C 25 sqmm cable,3C cable
RFP_4898,LSZH 500V 10C 2.5 sqmm Cu PVC armoured cable as per IEC 60502-1,500V PVC armoured cable as per IEC 60502-1,500V armoured cable,500V cable
RFP_4899,LSZH 6.6kV 1C 50 sqmm Cu EPR armoured cable as per IEC 60502-1,6.6kV 1C Cu EPR cable,6.6kV EPR cable,EPR cable
RFP_4900,440V 7C 1 sqmm Cu XLPE armoured cable as per IS 1554,440V 1 sqmm Cu armoured cable,440V armoured cable,440V cable
RFP_4901,500V 4C 16 sqmm Cu PVC armoured cable as per IEC 60245,500V 4C 16 sqmm PVC cable,500V 4C cable,500V cable
RFP_4902,FRLS 500V 10C 2.5 sqmm Cu PVC armoured cable as per IS 1554,500V 10C 2.5 sqmm Cu cable,2.5 sqmm Cu cable,Cu cable
RFP_4903,Fire Survival 440V 4C 70 sqmm Cu Mineral (MI) armoured cable as per IEC 60331,Fire Survival 4C Cu Mineral (MI) armoured cable,Cu Mineral (MI) armoured cable,Mineral (MI) armoured cable
RFP_4904,FRLS 300V 8C 1.5 sqmm Cu PVC armoured cable as per IEC 60502-1,1.5 sqmm Cu PVC cable as per IEC 60502-1,Cu cable as per IEC 60502-1,cable as per IEC 60502-1
RFP_4905,LSZH 66kV 1C 400 sqmm Cu XLPE armoured cable as per IS 7098-3,66kV 1C 400 sqmm XLPE cable,400 sqmm XLPE cable,XLPE cable
RFP_4906,110kV 1C 630 sqmm Cu XLPE armoured cable as per IEC 60840,110kV 1C Cu cable as per IEC 60840,Cu cable as per IEC 60840,cable as per IEC 60840
RFP_4907,FRLS 1.1kV 5C 2.5 sqmm Cu PVC armoured cable as per IEC 60502-1,FRLS 5C Cu cable as per IEC 60502-1,5C Cu cable,5C cable
RFP_4908,FR 1.1kV 10C 2.5 sqmm Cu PVC armoured cable as per BS 5308-1,FR 1.1kV 10C Cu cable,FR Cu cable,FR cable
RFP_4909,500V 4C 1.5 sqmm Cu PVC armoured cable as per IS 1554,1.5 sqmm Cu PVC cable as per IS 1554,1.5 sqmm Cu cable,1.5 sqmm cable
RFP_4910,FRLS 500V 10C 4 sqmm Cu PVC armoured cable as per IEC 60502-1,FRLS 500V PVC armoured cable,FRLS armoured cable,armoured cable
RFP_4911,440V 27C 4 sqmm Cu XLPE armoured cable as per IS 1554,440V Cu XLPE armoured cable,Cu XLPE cable,Cu cable
RFP_4912,300V 6C 0.5 sqmm Cu XLPE armoured cable as per BS 5308-1,6C Cu XLPE cable as per BS 5308-1,6C Cu cable,Cu cable
RFP_4913,LSZH 11kV 1C 120 sqmm Al EPR armoured cable as per IS 7098-1,1C Al armoured cable as per IS 7098-1,1C cable as per IS 7098-1,cable as per IS 7098-1
RFP_4914,FRLS 110kV 1C 400 sqmm Cu XLPE armoured cable as per IEC 60840,FRLS 110kV 400 sqmm armoured cable,FRLS 110kV cable,110kV cable
RFP_4915,Fire Survival 440V 2C 95 sqmm Cu XLPE armoured cable as per IEC 60331,440V 95 sqmm XLPE armoured cable,95 sqmm armoured cable,armoured cable
RFP_4916,ZH 400kV 1C 185 sqmm Al XLPE armoured cable as per IEC 62067,ZH 400kV Al armoured cable,ZH armoured cable,ZH cable
RFP_4917,LSZH 1.1kV 4C 4 sqmm Cu PVC armoured cable as per IS 9968,LSZH 1.1kV 4 sqmm Cu cable,LSZH 4 sqmm cable,4 sqmm cable
RFP_4918,FR 500V 12C 0.5 sqmm Cu PVC armoured cable as per BS 5308-1,FR 0.5 sqmm Cu armoured cable,FR 0.5 sqmm cable,FR cable
RFP_4919,FRLS 440V 7C 1.5 sqmm Cu PVC armoured cable as per IS 1554,7C 1.5 sqmm armoured cable as per IS 1554,1.5 sqmm armoured cable,armoured cable
RFP_4920,FR 33kV 1C 185 sqmm Cu XLPE armoured cable as per IS 7098-2,FR 33kV armoured cable as per IS 7098-2,33kV armoured cable,armoured cable
RFP_4921,440V 27C 4 sqmm Cu PVC armoured cable as per IS 694,4 sqmm Cu PVC armoured cable,Cu armoured cable,Cu cable
RFP_4922,LSZH 1.1kV 4C 240 sqmm Al XLPE armoured cable as per BS 5467,1.1kV 240 sqmm Al cable as per BS 5467,240 sqmm Al cable,Al cable
RFP_4923,500V 7C 6 sqmm Cu XLPE armoured cable as per IS 1554,500V 6 sqmm Cu XLPE cable,500V 6 sqmm cable,500V cable
RFP_4924,FR 440V 3.5C 150 sqmm Cu PVC armoured cable as per IS 1554,FR 440V 3. 150 sqmm armoured cable,FR 3. armoured cable,FR 3. cable
RFP_4925,FRLS 1.1kV 2C 2.5 sqmm Cu XLPE armoured cable as per IEC 60502-1,1.1kV 2.5 sqmm Cu cable as per IEC 60502-1,1.1kV cable as per IEC 60502-1,cable as per IEC 60502-1
RFP_4926,1.1kV 3C 6 sqmm Cu PVC armoured cable as per IEC 60502-1,3C 6 sqmm Cu cable as per IEC 60502-1,3C Cu cable,3C cable
RFP_4927,LSZH 500V 10C 1 sqmm Cu PVC armoured cable as per IEC 60502-1,10C 1 sqmm Cu armoured cable,1 sqmm armoured cable,armoured cable
RFP_4928,LSZH 1.1kV 6C 1 sqmm Cu PVC armoured cable as per IEC 60502-1,1.1kV 6C PVC cable as per IEC 60502-1,6C cable as per IEC 60502-1,6C cable
RFP_4929,FRLS 300V 12C 1.5 sqmm Cu PVC armoured cable as per BS 5308-1,FRLS 1.5 sqmm armoured cable as per BS 5308-1,FRLS cable as per BS 5308-1,FRLS cable
RFP_4930,FRLS 440V 3C 6 sqmm Cu PVC armoured cable as per IS 694,440V 3C PVC cable as per IS 694,PVC cable as per IS 694,cable as per IS 694
RFP_4931,LSZH 500V 20C 1 sqmm Cu XLPE armoured cable as per IEC 60502-1,20C Cu XLPE cable as per IEC 60502-1,Cu cable as per IEC 60502-1,Cu cable
RFP_4932,500V 27C 6 sqmm Cu XLPE armoured cable as per IEC 60502-1,500V 6 sqmm Cu XLPE cable,500V XLPE cable,XLPE cable
RFP_4933,ZH 3.3kV 1C 185 sqmm Cu XLPE armoured cable as per IS 7098-1,ZH 185 sqmm armoured cable as per IS 7098-1,ZH cable as per IS 7098-1,ZH cable
RFP_4934,FRLS 1.1kV 3C 1 sqmm Cu XLPE armoured cable as per IS 1554,FRLS 1.1kV 3C 1 sqmm cable,1.1kV 1 sqmm cable,1 sqmm cable
RFP_4935,FRLS 3.3kV 1C 400 sqmm Cu XLPE armoured cable as per IS 7098-1,1C XLPE armoured cable as per IS 7098-1,1C XLPE cable,XLPE cable
RFP_4936,LSZH 110kV 1C 400 sqmm Cu XLPE armoured cable as per IEC 60840,LSZH 110kV 400 sqmm XLPE cable,400 sqmm XLPE cable,XLPE cable
RFP_4937,LSZH 300V 24C 1 sqmm Cu PVC armoured cable as per BS 5308-1,300V 24C 1 sqmm PVC cable,24C PVC cable,24C cable
RFP_4938,FRLS 500V 3C 6 sqmm Cu PVC armoured cable as per IS 694,FRLS 3C Cu cable as per IS 694,3C cable as per IS 694,cable as per IS 694
RFP_4939,FRLS 22kV 3C 50 sqmm Cu XLPE armoured cable as per IEC 60502-2,Cu XLPE armoured cable as per IEC 60502-2,armoured cable as per IEC 60502-2,cable as per IEC 60502-2
RFP_4940,132kV 1C 400 sqmm Cu XLPE armoured cable as per IEC 60840,132kV 1C armoured cable as per IEC 60840,1C cable as per IEC 60840,cable as per IEC 60840
RFP_4941,Fire Survival 1.1kV 3C 6 sqmm Cu Mineral (MI) armoured cable as per BS 6387,Fire Survival 3C Cu Mineral (MI) armoured cable,Fire Survival Mineral (MI) armoured cable,Fire Survival Mineral (MI) cable
RFP_4942,LSZH 1.1kV 16C 0.75 sqmm Cu PVC armoured cable as per IS 1554,1.1kV 16C 0.75 sqmm cable as per IS 1554,16C cable as per IS 1554,cable as per IS 1554
RFP_4943,FR 500V 27C 1 sqmm Cu PVC armoured cable as per IEC 60502-1,FR Cu armoured cable as per IEC 60502-1,Cu cable as per IEC 60502-1,Cu cable
RFP_4944,FR 440V 30C 1 sqmm Cu XLPE armoured cable as per IS 1554,440V 1 sqmm armoured cable as per IS 1554,1 sqmm cable as per IS 1554,cable as per IS 1554
RFP_4945,FRLS 500V 4C 1 sqmm Cu PVC armoured cable as per IEC 60502-1,FRLS 4C PVC cable as per IEC 60502-1,4C cable as per IEC 60502-1,cable as per IEC 60502-1
RFP_4946,FR 300V 12C 0.5 sqmm Cu PVC armoured cable as per BS 5308-1,FR 12C PVC armoured cable,PVC armoured cable,PVC cable
RFP_4947,LSZH 440V 4C 1 sqmm Cu XLPE armoured cable as per IEC 60245,LSZH XLPE armoured cable as per IEC 60245,armoured cable as per IEC 60245,armoured cable
RFP_4948,1.1kV 3C 6 sqmm Cu XLPE armoured cable as per IEC 60502-1,3C 6 sqmm XLPE armoured cable,XLPE armoured cable,armoured cable
RFP_4949,Fire Survival 1.1kV 1C 4 sqmm Cu Mineral (MI) armoured cable as per IS 17048,Fire Survival 1.1kV 1C Cu Mineral (MI) cable,Fire Survival 1.1kV Mineral (MI) cable,Fire Survival Mineral (MI) cable
RFP_4950,500V 10C 1 sqmm Cu PVC armoured cable as per IS 1554,10C 1 sqmm Cu PVC cable,1 sqmm PVC cable,1 sqmm cable
RFP_4951,LSZH 500V 8C 4 sqmm Cu PVC armoured cable as per IEC 60502-1,LSZH 8C 4 sqmm Cu cable,LSZH Cu cable,Cu cable
RFP_4952,33kV 3C 95 sqmm Cu XLPE armoured cable as per IS 7098-2,Cu XLPE armoured cable as per IS 7098-2,XLPE armoured cable,XLPE cable
RFP_4953,FR 3.3kV 3C 240 sqmm Al XLPE armoured cable as per IS 7098-1,3.3kV 240 sqmm Al XLPE cable,3.3kV 240 sqmm cable,240 sqmm cable
RFP_4954,ZH 6.6kV 3C 120 sqmm Al XLPE armoured cable as per IS 7098-1,ZH 3C Al armoured cable,Al armoured cable,Al cable
RFP_4955,LSZH 1.1kV 4C 6 sqmm Cu XLPE armoured cable as per IS 1554,LSZH XLPE armoured cable as per IS 1554,XLPE cable as per IS 1554,XLPE cable
RFP_4956,FRLS 440V 2C 2.5 sqmm Cu XLPE armoured cable as per IS 694,FRLS 440V 2C Cu cable,440V 2C cable,2C cable
RFP_4957,Fire Survival 1.1kV 4C 25 sqmm Cu XLPE armoured cable as per IEC 60331,Fire Survival 1.1kV 25 sqmm XLPE cable,1.1kV 25 sqmm cable,25 sqmm cable
RFP_4958,FRLS 1.1kV 2C 0.5 sqmm Cu PVC armoured cable as per BS 5308-1,FRLS 1.1kV 2C 0.5 sqmm cable,2C 0.5 sqmm cable,2C cable
RFP_4959,6.6kV 3C 240 sqmm Al EPR armoured cable as per IEC 60502-1,3C 240 sqmm Al EPR cable,3C 240 sqmm cable,240 sqmm cable
RFP_4960,LSZH 1.1kV 16C 0.75 sqmm Cu XLPE armoured cable as per IS 1554,LSZH Cu XLPE cable as per IS 1554,LSZH XLPE cable,XLPE cable
RFP_4961,FRLS 3.3kV 1C 50 sqmm Cu XLPE armoured cable as per IEC 60502-1,FRLS 3.3kV XLPE armoured cable,XLPE armoured cable,XLPE cable
RFP_4962,LSZH 500V 30C 4 sqmm Cu PVC armoured cable as per IEC 60502-1,LSZH 30C Cu armoured cable,30C armoured cable,30C cable
RFP_4963,FRLS 500V 3C 400 sqmm Al XLPE armoured cable as per IEC 60502-1,FRLS 3C XLPE armoured cable,FRLS 3C cable,FRLS cable
RFP_4964,FR 132kV 1C 1000 sqmm Al XLPE armoured cable as per IEC 60840,132kV 1000 sqmm Al armoured cable,1000 sqmm Al cable,Al cable
RFP_4965,FR 500V 27C 4 sqmm Cu PVC armoured cable as per IS 1554,FR 27C 4 sqmm armoured cable,27C armoured cable,27C cable
RFP_4966,FR 500V 2C 2.5 sqmm Cu PVC armoured cable as per IEC 60245,FR 2C PVC cable as per IEC 60245,2C cable as per IEC 60245,2C cable
RFP_4967,1.1kV 1C 16 sqmm Cu PVC armoured cable as per IS 9968,1.1kV 1C 16 sqmm PVC cable,1.1kV PVC cable,1.1kV cable
RFP_4968,Fire Survival 440V 3C 25 sqmm Cu Mineral (MI) armoured cable as per BS 6387,Fire Survival 3C 25 sqmm Mineral (MI) armoured cable,Fire Survival 3C Mineral (MI) cable,Fire Survival Mineral (MI) cable
RFP_4969,220kV 1C 240 sqmm Cu XLPE armoured cable as per IEC 62067,220kV 1C 240 sqmm Cu cable,220kV 1C cable,1C cable
RFP_4970,FR 440V 12C 1 sqmm Cu XLPE armoured cable as per IS 694,FR 1 sqmm Cu XLPE cable,FR Cu cable,Cu cable
RFP_4971,ZH 110kV 1C 630 sqmm Cu XLPE armoured cable as per IEC 60840,ZH 110kV 1C 630 sqmm cable,ZH 630 sqmm cable,630 sqmm cable
RFP_4972,FR 440V 24C 1 sqmm Cu PVC armoured cable as per IS 1554,Cu PVC armoured cable as per IS 1554,PVC cable as per IS 1554,PVC cable
RFP_4973,500V 2C 16 sqmm Al PVC armoured cable as per IS 694,2C 16 sqmm Al cable as per IS 694,16 sqmm cable as per IS 694,16 sqmm cable
RFP_4974,22kV 3C 70 sqmm Cu XLPE armoured cable as per IS 7098-2,22kV 3C Cu armoured cable,3C Cu cable,3C cable
RFP_4975,Fire Survival 440V 3C 25 sqmm Cu Mineral (MI) armoured cable as per BS 6387,Fire Survival 3C 25 sqmm Mineral (MI) cable as per BS 6387,Fire Survival Mineral (MI) cable as per BS 6387,Mineral (MI) cable as per BS 6387
RFP_4976,LSZH 1.1kV 1C 300 sqmm Cu PVC armoured cable as per IS 1554,LSZH 1.1kV 300 sqmm Cu cable,LSZH 300 sqmm cable,LSZH cable
RFP_4977,500V 3.5C 4 sqmm Al PVC armoured cable as per IEC 60502-1,500V 3.5C 4 sqmm armoured cable,500V 3. armoured cable,500V 3. cable
RFP_4978,FRLS 440V 5C 2.5 sqmm Cu XLPE armoured cable as per IEC 60245,440V Cu XLPE cable as per IEC 60245,Cu XLPE cable,Cu cable
RFP_4979,1.1kV 10C 6 sqmm Cu PVC armoured cable as per BS 5308,10C Cu PVC cable as per BS 5308,Cu cable as per BS 5308,cable as per BS 5308
RFP_4980,ZH 22kV 3C 185 sqmm Cu XLPE armoured cable as per IEC 60502-2,ZH 22kV armoured cable as per IEC 60502-2,ZH armoured cable,ZH cable
RFP_4981,LSZH 6.6kV 3C 400 sqmm Cu EPR armoured cable as per IEC 60502-1,LSZH 6.6kV 3C Cu cable,LSZH Cu cable,Cu cable
RFP_4982,FRLS 33kV 3C 300 sqmm Al XLPE armoured cable as per IS 7098-2,3C Al XLPE cable as per IS 7098-2,3C cable as per IS 7098-2,cable as per IS 7098-2
RFP_4983,FRLS 440V 12C 1 sqmm Cu XLPE armoured cable as per IS 1554,440V Cu armoured cable as per IS 1554,Cu cable as per IS 1554,cable as per IS 1554
RFP_4984,1.1kV 14C 2.5 sqmm Cu XLPE armoured cable as per IS 1554,1.1kV 14C 2.5 sqmm Cu cable,1.1kV 14C cable,14C cable
RFP_4985,LSZH 440V 3C 25 sqmm Cu XLPE armoured cable as per IS 694,LSZH 3C XLPE armoured cable,3C armoured cable,3C cable
RFP_4986,FRLS 500V 10C 2.5 sqmm Cu XLPE armoured cable as per IEC 60502-1,500V 10C armoured cable as per IEC 60502-1,10C cable as per IEC 60502-1,10C cable
RFP_4987,Fire Survival 440V 3C 4 sqmm Cu Mineral (MI) armoured cable as per IEC 60331,440V 3C 4 sqmm Mineral (MI) cable as per IEC 60331,440V 3C Mineral (MI) cable,440V Mineral (MI) cable
RFP_4988,1.1kV 2C 2.5 sqmm Cu XLPE armoured cable as per IEC 60502-1,2C 2.5 sqmm Cu armoured cable,2.5 sqmm Cu cable,2.5 sqmm cable
RFP_4989,FR 440V 30C 1.5 sqmm Cu PVC armoured cable as per IS 694,1.5 sqmm PVC armoured cable as per IS 694,PVC cable as per IS 694,PVC cable
RFP_4990,FR 1.1kV 12C 6 sqmm Cu PVC armoured cable as per BS 5308,1.1kV 12C Cu armoured cable,1.1kV armoured cable,armoured cable
RFP_4991,LSZH 500V 16C 6 sqmm Cu XLPE armoured cable as per IEC 60502-1,Cu XLPE armoured cable as per IEC 60502-1,Cu armoured cable,Cu cable
RFP_4992,FRLS 500V 20C 0.5 sqmm Cu PVC armoured cable as per BS 5308-1,FRLS 20C PVC cable as per BS 5308-1,FRLS cable as per BS 5308-1,FRLS cable
RFP_4993,FR 440V 4C 10 sqmm Cu XLPE armoured cable as per IEC 60245,440V Cu armoured cable as per IEC 60245,armoured cable as per IEC 60245,cable as per IEC 60245
RFP_4994,Fire Survival 440V 1C 120 sqmm Cu Mineral (MI) armoured cable as per BS 6387,440V 1C Cu Mineral (MI) cable as per BS 6387,440V 1C Mineral (MI) cable,440V Mineral (MI) cable
RFP_4995,440V 10C 6 sqmm Cu PVC armoured cable as per IS 1554,440V 6 sqmm armoured cable as per IS 1554,440V armoured cable,armoured cable
RFP_4996,FRLS 132kV 1C 500 sqmm Al XLPE armoured cable as per IEC 60840,1C 500 sqmm Al armoured cable,1C armoured cable,1C cable
RFP_4997,1.1kV 1C 2.5 sqmm Al PVC armoured cable as per IEC 60502-1,1.1kV PVC armoured cable as per IEC 60502-1,armoured cable as per IEC 60502-1,cable as per IEC 60502-1
RFP_4998,FR 1.1kV 5C 1 sqmm Cu PVC armoured cable as per BS 5308,FR 1.1kV 1 sqmm armoured cable,1 sqmm armoured cable,1 sqmm cable
RFP_4999,LSZH 500V 4C 2.5 sqmm Cu PVC armoured cable as per IEC 60502-1,500V 4C Cu cable as per IEC 60502-1,500V Cu cable,500V cable
RFP_5000,FR 33kV 1C 150 sqmm Al XLPE armoured cable as per IEC 60502-2,Al XLPE armoured cable as per IEC 60502-2,XLPE armoured cable,XLPE cable
RFP_5001,LSZH 500V 4C 2.5 sqmm Cu PVC armoured cable as per IEC 60502-1,LSZH Cu PVC armoured cable,Cu armoured cable,Cu cable
RFP_5002,LSZH 500V 1C 1 sqmm Cu PVC armoured cable as per IS 694,LSZH 500V Cu PVC cable,LSZH Cu cable,LSZH cable
RFP_5003,LSZH 400kV 1C 800 sqmm Cu XLPE armoured cable as per IEC 62067,LSZH Cu armoured cable as per IEC 62067,Cu armoured cable,Cu cable
RFP_5004,Fire Survival 440V 2C 120 sqmm Cu Mineral (MI) armoured cable as per BS 6387,440V 120 sqmm Cu Mineral (MI) cable as per BS 6387,440V 120 sqmm Mineral (MI) cable,120 sqmm Mineral (MI) cable
RFP_5005,1.1kV 4C 2.5 sqmm Cu XLPE armoured cable as per IEC 60502-1,1.1kV 2.5 sqmm Cu armoured cable,1.1kV 2.5 sqmm cable,1.1kV cable
RFP_5006,LSZH 500V 5C 10 sqmm Cu PVC armoured cable as per IEC 60245,LSZH 5C Cu PVC cable,Cu PVC cable,Cu cable
RFP_5007,FRLS 22kV 3C 95 sqmm Al XLPE armoured cable as per IEC 60502-2,FRLS 22kV XLPE armoured cable,FRLS XLPE cable,FRLS cable
RFP_5008,LSZH 1.1kV 30C 2.5 sqmm Cu PVC armoured cable as per IEC 60502-1,1.1kV 30C 2.5 sqmm Cu cable,1.1kV 30C cable,1.1kV cable
RFP_5009,FR 11kV 1C 95 sqmm Al EPR armoured cable as per IS 7098-1,11kV 95 sqmm Al EPR cable,11kV 95 sqmm cable,95 sqmm cable
RFP_5010,LSZH 440V 16C 4 sqmm Cu PVC armoured cable as per IS 1554,LSZH 16C 4 sqmm armoured cable,16C 4 sqmm cable,16C cable
RFP_5011,33kV 1C 300 sqmm Cu XLPE armoured cable as per IEC 60502-2,300 sqmm Cu armoured cable as per IEC 60502-2,Cu cable as per IEC 60502-2,Cu cable
RFP_5012,LSZH 1.1kV 3C 1.5 sqmm Cu XLPE armoured cable as per IS 9968,LSZH 3C Cu XLPE cable,3C XLPE cable,3C cable
RFP_5013,1.1kV 1C 4 sqmm Cu PVC armoured cable as per IS 9968,1C 4 sqmm Cu cable as per IS 9968,4 sqmm cable as per IS 9968,cable as per IS 9968
RFP_5014,FRLS 440V 1C 25 sqmm Cu XLPE armoured cable as per IS 694,FRLS 440V XLPE cable as per IS 694,FRLS 440V cable,FRLS cable
RFP_5015,LSZH 22kV 3C 300 sqmm Al XLPE armoured cable as per IEC 60502-2,22kV XLPE armoured cable as per IEC 60502-2,XLPE cable as per IEC 60502-2,cable as per IEC 60502-2
RFP_5016,FRLS 500V 6C 1.5 sqmm Cu XLPE armoured cable as per IS 1554,FRLS 6C XLPE cable as per IS 1554,FRLS cable as per IS 1554,cable as per IS 1554
RFP_5017,FR 1.1kV 10C 1 sqmm Cu XLPE armoured cable as per IS 1554,FR 1 sqmm XLPE armoured cable,XLPE armoured cable,XLPE cable
RFP_5018,LSZH 1.1kV 12C 6 sqmm Cu PVC armoured cable as per IEC 60502-1,LSZH 12C PVC cable as per IEC 60502-1,LSZH PVC cable,PVC cable
RFP_5019,440V 1C 6 sqmm Cu PVC armoured cable as per IS 9968,1C 6 sqmm Cu armoured cable,1C 6 sqmm cable,6 sqmm cable
RFP_5020,300V 10C 1.5 sqmm Cu XLPE armoured cable as per BS 5308-1,300V 1.5 sqmm Cu XLPE cable,1.5 sqmm Cu cable,Cu cable
RFP_5021,FRLS 440V 2C 1 sqmm Cu PVC armoured cable as per IS 694,FRLS Cu armoured cable as per IS 694,armoured cable as per IS 694,cable as per IS 694
RFP_5022,Fire Survival 1.1kV 1C 16 sqmm Cu XLPE armoured cable as per BS 6387,Fire Survival 1C 16 sqmm Cu cable,Fire Survival 16 sqmm cable,16 sqmm cable
RFP_5023,Fire Survival 1.1kV 3C 95 sqmm Cu Mineral (MI) armoured cable as per IS 17048,1.1kV 3C 95 sqmm Cu Mineral (MI) cable,1.1kV Cu Mineral (MI) cable,Cu Mineral (MI) cable
RFP_5024,500V 5C 35 sqmm Cu PVC armoured cable as per IEC 60245,500V 5C PVC cable as per IEC 60245,500V 5C cable,5C cable
RFP_5025,FRLS 500V 3C 1 sqmm Cu PVC armoured cable as per IEC 60502-1,500V 1 sqmm PVC armoured cable,500V PVC cable,500V cable
RFP_5026,FRLS 1.1kV 6C 2.5 sqmm Cu PVC armoured cable as per IEC 60502-1,FRLS Cu PVC cable as per IEC 60502-1,FRLS Cu cable,Cu cable
RFP_5027,FRLS 500V 4C 70 sqmm Cu PVC armoured cable as per IS 1554,FRLS 4C armoured cable as per IS 1554,4C armoured cable,armoured cable
RFP_5028,FRLS 1.1kV 2C 4 sqmm Cu XLPE armoured cable as per IS 1554,FRLS 2C 4 sqmm armoured cable,FRLS 4 sqmm cable,4 sqmm cable
RFP_5029,FR 1.1kV 2C 240 sqmm Al PVC armoured cable as per IEC 60502-1,FR 1.1kV 2C Al cable,FR 2C cable,FR cable
RFP_5030,LSZH 400kV 1C 400 sqmm Al XLPE armoured cable as per IEC 62067,Al XLPE armoured cable as per IEC 62067,XLPE cable as per IEC 62067,XLPE cable
RFP_5031,Fire Survival 1.1kV 3C 70 sqmm Cu XLPE armoured cable as per IEC 60331,70 sqmm Cu XLPE armoured cable,Cu XLPE cable,Cu cable
RFP_5032,600V 4C 800 sqmm Al XLPE armoured cable as per IEC 60502-1,600V 4C Al XLPE cable,600V 4C cable,600V cable
RFP_5033,FR 3.3kV 1C 185 sqmm Cu XLPE armoured cable as per IS 7098-1,3.3kV Cu XLPE cable as per IS 7098-1,Cu cable as per IS 7098-1,cable as per IS 7098-1
RFP_5034,FR 440V 8C 2.5 sqmm Cu PVC armoured cable as per IS 694,FR 8C Cu cable as per IS 694,FR 8C cable,8C cable
RFP_5035,LSZH 440V 5C 1.5 sqmm Cu XLPE armoured cable as per IS 1554,LSZH 440V Cu cable as per IS 1554,LSZH Cu cable,LSZH cable
RFP_5036,440V 5C 1.5 sqmm Cu PVC armoured cable as per IS 9968,440V 1.5 sqmm PVC cable as per IS 9968,1.5 sqmm PVC cable,PVC cable
RFP_5037,FR 1.1kV 4C 16 sqmm Al EPR armoured cable as per BS 5467,4C EPR armoured cable as per BS 5467,armoured cable as per BS 5467,cable as per BS 5467
RFP_5038,FR 1.1kV 10C 0.75 sqmm Cu XLPE armoured cable as per IS 1554,1.1kV 0.75 sqmm Cu cable as per IS 1554,1.1kV 0.75 sqmm cable,1.1kV cable
RFP_5039,ZH 440V 3C 10 sqmm Cu PVC armoured cable as per IS 9968,440V 10 sqmm Cu PVC cable,10 sqmm Cu cable,10 sqmm cable
RFP_5040,FRLS 110kV 1C 1000 sqmm Al XLPE armoured cable as per IEC 60840,FRLS 1C 1000 sqmm Al cable,FRLS Al cable,Al cable
RFP_5041,33kV 1C 150 sqmm Al XLPE armoured cable as per IS 7098-2,33kV Al armoured cable as per IS 7098-2,Al cable as per IS 7098-2,Al cable
RFP_5042,LSZH 220kV 1C 800 sqmm Cu XLPE armoured cable as per IEC 62067,220kV 800 sqmm Cu cable as per IEC 62067,800 sqmm cable as per IEC 62067,cable as per IEC 62067
RFP_5043,LSZH 3.3kV 3C 185 sqmm Al EPR armoured cable as per IEC 60502-1,3.3kV 3C Al armoured cable,3.3kV 3C cable,3.3kV cable
RFP_5044,ZH 110kV 1C 300 sqmm Al XLPE armoured cable as per IEC 60840,110kV Al armoured cable as per IEC 60840,Al cable as per IEC 60840,cable as per IEC 60840
RFP_5045,500V 4C 2.5 sqmm Cu PVC armoured cable as per BS 5308-1,500V 4C 2.5 sqmm armoured cable,4C 2.5 sqmm cable,4C cable
RFP_5046,500V 8C 1.5 sqmm Cu XLPE armoured cable as per IEC 60502-1,8C Cu XLPE armoured cable,Cu armoured cable,Cu cable
RFP_5047,500V 24C 1 sqmm Cu XLPE armoured cable as per IS 1554,Cu XLPE armoured cable as per IS 1554,armoured cable as per IS 1554,cable as per IS 1554
RFP_5048,Fire Survival 1.1kV 2C 35 sqmm Cu XLPE armoured cable as per IEC 60331,2C 35 sqmm Cu cable as per IEC 60331,2C cable as per IEC 60331,2C cable
RFP_5049,FR 300V 10C 1 sqmm Cu XLPE armoured cable as per BS 5308-1,FR 300V Cu cable as per BS 5308-1,FR Cu cable,FR cable
RFP_5050,LSZH 500V 3C 16 sqmm Cu PVC armoured cable as per IEC 60245,LSZH 500V PVC armoured cable,LSZH 500V cable,LSZH cable
RFP_5051,22kV 1C 300 sqmm Cu XLPE armoured cable as per IS 7098-2,22kV 1C 300 sqmm XLPE cable,300 sqmm XLPE cable,300 sqmm cable
RFP_5052,ZH 1.1kV 4C 35 sqmm Cu PVC armoured cable as per BS 5467,ZH 35 sqmm armoured cable as per BS 5467,armoured cable as per BS 5467,armoured cable
RFP_5053,FR 600V 4C 120 sqmm Al PVC armoured cable as per IS 694,600V Al PVC armoured cable,Al PVC cable,Al cable
RFP_5054,ZH 600V 2C 2.5 sqmm Al XLPE armoured cable as per IEC 60502-1,600V Al XLPE armoured cable,600V Al cable,600V cable
RFP_5055,ZH 440V 3C 6 sqmm Cu PVC armoured cable as per IS 694,3C Cu armoured cable as per IS 694,Cu cable as per IS 694,cable as per IS 694
RFP_5056,FR 300V 6C 0.75 sqmm Cu PVC armoured cable as per BS 5308-1,6C 0.75 sqmm PVC cable as per BS 5308-1,6C cable as per BS 5308-1,cable as per BS 5308-1
RFP_5057,1.1kV 1C 240 sqmm Cu XLPE armoured cable as per IS 1554,1.1kV 240 sqmm armoured cable as per IS 1554,armoured cable as per IS 1554,cable as per IS 1554
RFP_5058,500V 19C 2.5 sqmm Cu PVC armoured cable as per IS 1554,2.5 sqmm Cu armoured cable as per IS 1554,Cu armoured cable,Cu cable
RFP_5059,ZH 110kV 1C 800 sqmm Al XLPE armoured cable as per IEC 60840,ZH 1C Al cable as per IEC 60840,Al cable as per IEC 60840,Al cable
RFP_5060,FRLS 500V 20C 1 sqmm Cu XLPE armoured cable as per BS 5308-1,FRLS 20C 1 sqmm Cu cable,FRLS 20C cable,FRLS cable
RFP_5061,500V 12C 1.5 sqmm Cu XLPE armoured cable as per IS 1554,500V 12C armoured cable as per IS 1554,500V armoured cable,500V cable
RFP_5062,FRLS 500V 30C 1.5 sqmm Cu PVC armoured cable as per IS 1554,1.5 sqmm Cu PVC armoured cable,1.5 sqmm armoured cable,armoured cable
RFP_5063,LSZH 1.1kV 3C 4 sqmm Cu XLPE armoured cable as per IS 1554,1.1kV 3C Cu cable as per IS 1554,3C cable as per IS 1554,cable as per IS 1554
RFP_5064,FRLS 1.1kV 1C 1 sqmm Cu PVC armoured cable as per IS 1554,FRLS Cu PVC armoured cable,FRLS Cu cable,Cu cable
RFP_5065,Fire Survival 1.1kV 3C 16 sqmm Cu Mineral (MI) armoured cable as per BS 6387,1.1kV 3C 16 sqmm Cu Mineral (MI) cable,3C Cu Mineral (MI) cable,Cu Mineral (MI) cable
RFP_5066,FRLS 440V 7C 1 sqmm Cu PVC armoured cable as per IS 1554,440V 1 sqmm PVC armoured cable,1 sqmm armoured cable,armoured cable
RFP_5067,LSZH 1.1kV 1C 1 sqmm Cu PVC armoured cable as per IS 9968,1.1kV 1C 1 sqmm cable as per IS 9968,1.1kV 1C cable,1C cable
RFP_5068,FRLS 220kV 1C 185 sqmm Al XLPE armoured cable as per IEC 62067,FRLS 1C armoured cable as per IEC 62067,FRLS armoured cable,armoured cable
RFP_5069,FRLS 500V 5C 0.75 sqmm Cu PVC armoured cable as per IEC 60245,5C PVC armoured cable as per IEC 60245,PVC armoured cable,PVC cable
RFP_5070,Fire Survival 1.1kV 3C 1.5 sqmm Cu XLPE armoured cable as per BS 6387,1.1kV 3C armoured cable as per BS 6387,1.1kV 3C cable,3C cable
RFP_5071,ZH 400kV 1C 185 sqmm Al XLPE armoured cable as per IEC 62067,400kV 1C Al armoured cable,400kV 1C cable,1C cable
RFP_5072,22kV 1C 240 sqmm Al XLPE armoured cable as per IS 7098-2,240 sqmm Al XLPE cable as per IS 7098-2,Al XLPE cable,Al cable
RFP_5073,LSZH 3.3kV 3C 95 sqmm Cu XLPE armoured cable as per IEC 60502-1,95 sqmm Cu XLPE cable as per IEC 60502-1,Cu XLPE cable,Cu cable
RFP_5074,LSZH 1.1kV 4C 400 sqmm Al EPR armoured cable as per BS 5467,LSZH 1.1kV armoured cable as per BS 5467,1.1kV armoured cable,1.1kV cable
RFP_5075,FRLS 500V 27C 6 sqmm Cu XLPE armoured cable as per IS 1554,27C 6 sqmm Cu cable as per IS 1554,Cu cable as per IS 1554,Cu cable
RFP_5076,FRLS 110kV 1C 500 sqmm Al XLPE armoured cable as per IEC 60840,500 sqmm Al XLPE armoured cable,XLPE armoured cable,armoured cable
RFP_5077,440V 2C 1.5 sqmm Cu PVC armoured cable as per IS 1554,2C 1.5 sqmm armoured cable as per IS 1554,2C armoured cable,2C cable
RFP_5078,Fire Survival 1.1kV 1C 2.5 sqmm Cu XLPE armoured cable as per IEC 60331,1.1kV Cu armoured cable as per IEC 60331,Cu armoured cable,armoured cable
RFP_5079,FRLS 300V 20C 1.5 sqmm Cu XLPE armoured cable as per IEC 60502-1,FRLS 20C 1.5 sqmm cable as per IEC 60502-1,FRLS 1.5 sqmm cable,FRLS cable
RFP_5080,FR 110kV 1C 500 sqmm Al XLPE armoured cable as per IEC 60840,FR 110kV XLPE cable as per IEC 60840,FR 110kV cable,110kV cable
RFP_5081,Fire Survival 1.1kV 1C 2.5 sqmm Cu XLPE armoured cable as per IEC 60331,Fire Survival 1.1kV 1C Cu cable,Fire Survival Cu cable,Fire Survival cable
RFP_5082,LSZH 1.1kV 10C 1 sqmm Cu XLPE armoured cable as per IS 1554,1.1kV 10C Cu cable as per IS 1554,1.1kV Cu cable,Cu cable
RFP_5083,LSZH 440V 19C 2.5 sqmm Cu XLPE armoured cable as per IS 694,LSZH 19C Cu armoured cable,19C Cu cable,19C cable
RFP_5084,LSZH 500V 14C 2.5 sqmm Cu PVC armoured cable as per IS 1554,14C 2.5 sqmm Cu cable as per IS 1554,2.5 sqmm Cu cable,Cu cable
RFP_5085,Fire Survival 1.1kV 1C 25 sqmm Cu Mineral (MI) armoured cable as per BS 6387,1C 25 sqmm Cu Mineral (MI) cable as per BS 6387,25 sqmm Mineral (MI) cable as per BS 6387,25 sqmm Mineral (MI) cable
RFP_5086,FR 600V 4C 95 sqmm Al PVC armoured cable as per IS 694,4C PVC armoured cable as per IS 694,4C PVC cable,PVC cable
RFP_5087,FR 3.3kV 3C 150 sqmm Al XLPE armoured cable as per IS 7098-1,FR 150 sqmm Al XLPE cable,FR Al cable,Al cable
RFP_5088,Fire Survival 1.1kV 4C 1.5 sqmm Cu Mineral (MI) armoured cable as per IS 17048,Fire Survival 1.1kV 4C Mineral (MI) cable as per IS 17048,Fire Survival Mineral (MI) cable as per IS 17048,Mineral (MI) cable as per IS 17048
RFP_5089,FR 300V 4C 1 sqmm Cu PVC armoured cable as per IEC 60502-1,300V 1 sqmm Cu armoured cable,300V armoured cable,300V cable
RFP_5090,LSZH 400kV 1C 800 sqmm Al XLPE armoured cable as per IEC 62067,LSZH 400kV 1C 800 sqmm cable,LSZH 1C cable,LSZH cable
RFP_5091,Fire Survival 440V 1C 50 sqmm Cu Mineral (MI) armoured cable as per IEC 60331,Fire Survival 50 sqmm Cu Mineral (MI) armoured cable,Cu Mineral (MI) armoured cable,Cu Mineral (MI) cable
RFP_5092,440V 8C 6 sqmm Cu XLPE armoured cable as per IS 1554,8C 6 sqmm Cu cable as per IS 1554,8C Cu cable,Cu cable
RFP_5093,66kV 1C 800 sqmm Cu XLPE armoured cable as per IS 7098-3,1C 800 sqmm armoured cable as per IS 7098-3,1C 800 sqmm cable,800 sqmm cable
RFP_5094,FR 1.1kV 2C 2.5 sqmm Cu XLPE armoured cable as per IEC 60502-1,2C 2.5 sqmm XLPE cable as per IEC 60502-1,2.5 sqmm XLPE cable,XLPE cable
RFP_5095,22kV 3C 400 sqmm Al XLPE armoured cable as per IS 7098-2,3C Al XLPE cable as per IS 7098-2,3C cable as per IS 7098-2,3C cable
RFP_5096,500V 30C 2.5 sqmm Cu PVC armoured cable as per IEC 60502-1,2.5 sqmm Cu armoured cable as per IEC 60502-1,armoured cable as per IEC 60502-1,cable as per IEC 60502-1
RFP_5097,FRLS 300V 16C 0.5 sqmm Cu PVC armoured cable as per BS 5308-1,300V 0.5 sqmm Cu armoured cable,300V Cu cable,300V cable
RFP_5098,FRLS 400kV 1C 240 sqmm Cu XLPE armoured cable as per IEC 62067,FRLS 1C 240 sqmm XLPE cable,1C 240 sqmm cable,1C cable
RFP_5099,500V 24C 2.5 sqmm Cu XLPE armoured cable as per IEC 60502-1,500V XLPE armoured cable as per IEC 60502-1,XLPE cable as per IEC 60502-1,XLPE cable
RFP_5100,LSZH 440V 4C 1.5 sqmm Cu PVC armoured cable as per IS 1554,440V 1.5 sqmm Cu PVC cable,440V PVC cable,440V cable
RFP_5101,Fire Survival 1.1kV 4C 16 sqmm Cu XLPE armoured cable as per IS 17048,Fire Survival 1.1kV 4C Cu cable,1.1kV Cu cable,Cu cable
RFP_5102,LSZH 3.3kV 1C 185 sqmm Al XLPE armoured cable as per IEC 60502-1,1C 185 sqmm XLPE cable as per IEC 60502-1,1C XLPE cable,XLPE cable
RFP_5103,FRLS 66kV 1C 240 sqmm Al XLPE armoured cable as per IEC 60840,1C Al XLPE armoured cable,1C XLPE cable,XLPE cable
RFP_5104,LSZH 500V 12C 0.5 sqmm Cu XLPE armoured cable as per IEC 60502-1,LSZH Cu armoured cable as per IEC 60502-1,LSZH Cu cable,LSZH cable
RFP_5105,FRLS 500V 1C 500 sqmm Al PVC armoured cable as per IS 694,FRLS 500V 1C Al cable,1C Al cable,1C cable
RFP_5106,FRLS 500V 24C 0.75 sqmm Cu XLPE armoured cable as per BS 5308-1,FRLS 24C 0.75 sqmm cable as per BS 5308-1,24C cable as per BS 5308-1,cable as per BS 5308-1
RFP_5107,FRLS 1.1kV 12C 1 sqmm Cu PVC armoured cable as per IEC 60502-1,12C Cu armoured cable as per IEC 60502-1,12C Cu cable,12C cable
RFP_5108,Fire Survival 1.1kV 1C 50 sqmm Cu XLPE armoured cable as per IS 17048,Fire Survival 1.1kV XLPE cable as per IS 17048,Fire Survival cable as per IS 17048,cable as per IS 17048
RFP_5109,ZH 11kV 1C 185 sqmm Al EPR armoured cable as per IS 7098-1,ZH 11kV armoured cable as per IS 7098-1,ZH armoured cable,armoured cable
RFP_5110,FRLS 132kV 1C 300 sqmm Cu XLPE armoured cable as per IEC 60840,FRLS 132kV 300 sqmm Cu cable,FRLS Cu cable,FRLS cable
RFP_5111,Fire Survival 1.1kV 3C 2.5 sqmm Cu Mineral (MI) armoured cable as per BS 6387,1.1kV 3C 2.5 sqmm Mineral (MI) cable as per BS 6387,3C Mineral (MI) cable as per BS 6387,Mineral (MI) cable as per BS 6387
RFP_5112,FR 1.1kV 2C 4 sqmm Cu PVC armoured cable as per IS 1554,2C PVC armoured cable as per IS 1554,armoured cable as per IS 1554,cable as per IS 1554
RFP_5113,LSZH 500V 2C 1 sqmm Cu PVC armoured cable as per BS 5308-1,2C PVC armoured cable as per BS 5308-1,2C armoured cable,armoured cable
RFP_5114,Fire Survival 440V 4C 6 sqmm Cu XLPE armoured cable as per IEC 60331,440V 6 sqmm XLPE armoured cable,XLPE armoured cable,armoured cable
RFP_5115,Fire Survival 440V 2C 4 sqmm Cu XLPE armoured cable as per BS 6387,Fire Survival 2C 4 sqmm armoured cable,Fire Survival 4 sqmm cable,Fire Survival cable
RFP_5116,FR 1.1kV 24C 1.5 sqmm Cu XLPE armoured cable as per IS 1554,1.1kV 24C Cu XLPE cable,1.1kV XLPE cable,XLPE cable
RFP_5117,FRLS 132kV 1C 630 sqmm Cu XLPE armoured cable as per IEC 60840,FRLS 132kV 630 sqmm cable as per IEC 60840,132kV cable as per IEC 60840,cable as per IEC 60840
RFP_5118,300V 6C 0.75 sqmm Cu XLPE armoured cable as per BS 5308-1,300V 0.75 sqmm XLPE cable as per BS 5308-1,300V 0.75 sqmm cable,0.75 sqmm cable
RFP_5119,FRLS 1.1kV 4C 1 sqmm Cu XLPE armoured cable as per BS 5308-1,1 sqmm Cu XLPE cable as per BS 5308-1,XLPE cable as per BS 5308-1,cable as per BS 5308-1
RFP_5120,FR 440V 10C 6 sqmm Cu PVC armoured cable as per IS 1554,10C PVC armoured cable as per IS 1554,PVC armoured cable,PVC cable
RFP_5121,FR 440V 4C 1 sqmm Cu PVC armoured cable as per IS 694,FR 440V 1 sqmm cable as per IS 694,FR 1 sqmm cable,FR cable
RFP_5122,ZH 6.6kV 1C 185 sqmm Cu EPR armoured cable as per IS 7098-1,ZH 1C armoured cable as per IS 7098-1,1C armoured cable,armoured cable
RFP_5123,LSZH 440V 6C 2.5 sqmm Cu PVC armoured cable as per IS 1554,LSZH 440V PVC armoured cable,LSZH armoured cable,LSZH cable
RFP_5124,FR 440V 6C 6 sqmm Cu XLPE armoured cable as per IS 694,FR 6C Cu XLPE cable,FR XLPE cable,FR cable
RFP_5125,ZH 500V 3C 50 sqmm Cu PVC armoured cable as per IS 694,500V Cu armoured cable as per IS 694,500V cable as per IS 694,cable as per IS 694
RFP_5126,FRLS 440V 16C 1.5 sqmm Cu PVC armoured cable as per IS 694,FRLS 16C 1.5 sqmm Cu cable,1.5 sqmm Cu cable,Cu cable
RFP_5127,LSZH 1.1kV 27C 1.5 sqmm Cu XLPE armoured cable as per IS 1554,LSZH 27C Cu armoured cable,LSZH Cu cable,Cu cable
RFP_5128,LSZH 1.1kV 5C 1.5 sqmm Cu PVC armoured cable as per IEC 60502-1,LSZH PVC armoured cable as per IEC 60502-1,LSZH PVC cable,LSZH cable
RFP_5129,LSZH 440V 19C 1 sqmm Cu XLPE armoured cable as per IS 694,LSZH 19C 1 sqmm XLPE cable,LSZH XLPE cable,XLPE cable
RFP_5130,FRLS 440V 2C 1 sqmm Cu XLPE armoured cable as per IS 694,FRLS 2C XLPE armoured cable,FRLS XLPE cable,XLPE cable
RFP_5131,ZH 440V 3C 2.5 sqmm Cu PVC armoured cable as per IEC 60245,3C 2.5 sqmm armoured cable as per IEC 60245,2.5 sqmm armoured cable,armoured cable
RFP_5132,FRLS 500V 24C 6 sqmm Cu PVC armoured cable as per IS 1554,FRLS 24C Cu armoured cable,FRLS 24C cable,24C cable
RFP_5133,FRLS 500V 5C 1 sqmm Cu PVC armoured cable as per IEC 60245,5C PVC armoured cable as per IEC 60245,armoured cable as per IEC 60245,cable as per IEC 60245
RFP_5134,FRLS 1.1kV 24C 1.5 sqmm Cu XLPE armoured cable as per BS 5308,FRLS 24C 1.5 sqmm Cu cable,24C Cu cable,24C cable
RFP_5135,1.1kV 10C 1.5 sqmm Cu XLPE armoured cable as per IEC 60502-1,1.1kV 1.5 sqmm armoured cable as per IEC 60502-1,1.5 sqmm cable as per IEC 60502-1,1.5 sqmm cable
RFP_5136,FRLS 440V 3C 95 sqmm Al PVC armoured cable as per IS 694,95 sqmm Al PVC armoured cable,95 sqmm PVC cable,PVC cable
RFP_5137,440V 4C 1.5 sqmm Cu PVC armoured cable as per IS 9968,4C Cu armoured cable as per IS 9968,Cu armoured cable,Cu cable
RFP_5138,FRLS 440V 8C 1.5 sqmm Cu XLPE armoured cable as per IS 1554,FRLS 440V 1.5 sqmm armoured cable,440V armoured cable,armoured cable
RFP_5139,LSZH 600V 4C 240 sqmm Cu XLPE armoured cable as per IS 694,600V 4C 240 sqmm XLPE cable,600V 4C cable,600V cable
RFP_5140,ZH 440V 1C 1 sqmm Cu PVC armoured cable as per IEC 60245,1C 1 sqmm Cu cable as per IEC 60245,1C 1 sqmm cable,1C cable
RFP_5141,3.3kV 3C 150 sqmm Cu XLPE armoured cable as per IS 7098-1,3.3kV 3C Cu armoured cable,3.3kV Cu cable,3.3kV cable
RFP_5142,FRLS 500V 2C 1 sqmm Cu PVC armoured cable as per IEC 60245,FRLS 1 sqmm armoured cable as per IEC 60245,FRLS 1 sqmm cable,1 sqmm cable
RFP_5143,LSZH 440V 24C 1.5 sqmm Cu PVC armoured cable as per IS 694,440V 1.5 sqmm Cu cable as per IS 694,440V 1.5 sqmm cable,1.5 sqmm cable
RFP_5144,FR 220kV 1C 500 sqmm Al XLPE armoured cable as per IEC 62067,FR 220kV XLPE cable as per IEC 62067,FR cable as per IEC 62067,FR cable
RFP_5145,ZH 500V 4C 4 sqmm Cu PVC armoured cable as per IEC 60245,ZH 4C Cu PVC cable,4C Cu cable,Cu cable
RFP_5146,FR 500V 3.5C 185 sqmm Cu XLPE armoured cable as per IS 694,3. 185 sqmm Cu armoured cable as per IS 694,3. 185 sqmm armoured cable,3. 185 sqmm cable
RFP_5147,LSZH 220kV 1C 400 sqmm Al XLPE armoured cable as per IEC 62067,220kV 1C 400 sqmm XLPE cable,400 sqmm XLPE cable,XLPE cable
RFP_5148,FR 500V 6C 4 sqmm Cu PVC armoured cable as per IS 1554,FR PVC armoured cable as per IS 1554,FR PVC cable,PVC cable
RFP_5149,FRLS 33kV 3C 185 sqmm Al XLPE armoured cable as per IEC 60502-2,FRLS 33kV 185 sqmm Al cable,185 sqmm Al cable,Al cable
RFP_5150,FRLS 500V 19C 4 sqmm Cu XLPE armoured cable as per IEC 60502-1,FRLS 19C Cu XLPE cable,FRLS 19C cable,FRLS cable
RFP_5151,LSZH 1.1kV 2C 25 sqmm Cu XLPE armoured cable as per IEC 60502-1,LSZH 25 sqmm Cu XLPE cable,25 sqmm Cu cable,25 sqmm cable
RFP_5152,FR 440V 16C 4 sqmm Cu PVC armoured cable as per IS 1554,FR Cu PVC armoured cable,PVC armoured cable,PVC cable
RFP_5153,ZH 220kV 1C 500 sqmm Cu XLPE armoured cable as per IEC 62067,1C Cu armoured cable as per IEC 62067,1C cable as per IEC 62067,1C cable
RFP_5154,LSZH 1.1kV 16C 1.5 sqmm Cu PVC armoured cable as per IS 1554,1.5 sqmm Cu PVC armoured cable,1.5 sqmm armoured cable,1.5 sqmm cable
RFP_5155,6.6kV 3C 400 sqmm Al EPR armoured cable as per IEC 60502-1,Al EPR armoured cable as per IEC 60502-1,armoured cable as per IEC 60502-1,armoured cable
RFP_5156,600V 3.5C 35 sqmm Al XLPE armoured cable as per IS 694,3.5C Al XLPE cable as per IS 694,3. XLPE cable as per IS 694,3. XLPE cable
RFP_5157,FRLS 132kV 1C 300 sqmm Al XLPE armoured cable as per IEC 60840,1C Al XLPE armoured cable,1C armoured cable,1C cable
RFP_5158,FR 440V 2C 1 sqmm Cu XLPE armoured cable as per IS 9968,2C 1 sqmm XLPE cable as per IS 9968,1 sqmm XLPE cable,1 sqmm cable
RFP_5159,FR 300V 1C 1.5 sqmm Cu XLPE armoured cable as per BS 5308-1,300V 1.5 sqmm Cu cable as per BS 5308-1,300V cable as per BS 5308-1,cable as per BS 5308-1
RFP_5160,FRLS 300V 16C 0.75 sqmm Cu XLPE armoured cable as per IEC 60502-1,16C Cu XLPE cable as per IEC 60502-1,XLPE cable as per IEC 60502-1,XLPE cable
RFP_5161,FR 1.1kV 2C 2.5 sqmm Cu XLPE armoured cable as per IEC 60502-1,1.1kV 2C 2.5 sqmm armoured cable,2C armoured cable,armoured cable
RFP_5162,FR 300V 8C 1 sqmm Cu XLPE armoured cable as per IEC 60502-1,8C Cu XLPE armoured cable,Cu XLPE cable,Cu cable
RFP_5163,LSZH 440V 2C 35 sqmm Cu XLPE armoured cable as per IS 694,2C 35 sqmm XLPE armoured cable,2C 35 sqmm cable,35 sqmm cable
RFP_5164,Fire Survival 440V 2C 50 sqmm Cu Mineral (MI) armoured cable as per IEC 60331,Fire Survival 440V 50 sqmm Mineral (MI) armoured cable,Fire Survival 440V Mineral (MI) cable,Fire Survival Mineral (MI) cable
RFP_5165,FR 500V 4C 0.5 sqmm Cu XLPE armoured cable as per IEC 60502-1,500V 4C Cu XLPE cable,500V 4C cable,500V cable
RFP_5166,LSZH 440V 30C 6 sqmm Cu PVC armoured cable as per IS 694,30C 6 sqmm PVC cable as per IS 694,6 sqmm cable as per IS 694,6 sqmm cable
RFP_5167,FR 3.3kV 1C 50 sqmm Cu XLPE armoured cable as per IEC 60502-1,1C 50 sqmm armoured cable as per IEC 60502-1,50 sqmm armoured cable,50 sqmm cable
RFP_5168,FR 300V 2C 2.5 sqmm Cu PVC armoured cable as per IEC 60502-1,300V Cu PVC armoured cable,300V PVC cable,PVC cable
RFP_5169,FRLS 500V 2C 10 sqmm Cu PVC armoured cable as per IEC 60245,FRLS 2C 10 sqmm cable as per IEC 60245,FRLS cable as per IEC 60245,FRLS cable
RFP_5170,1.1kV 1C 240 sqmm Al EPR armoured cable as per IS 1554,1.1kV Al armoured cable as per IS 1554,1.1kV armoured cable,1.1kV cable
RFP_5171,Fire Survival 1.1kV 3C 10 sqmm Cu Mineral (MI) armoured cable as per BS 6387,Fire Survival 3C Cu Mineral (MI) armoured cable,Fire Survival Mineral (MI) armoured cable,Fire Survival Mineral (MI) cable
RFP_5172,FR 440V 8C 1.5 sqmm Cu PVC armoured cable as per IS 694,FR 8C 1.5 sqmm Cu cable,8C 1.5 sqmm cable,1.5 sqmm cable
RFP_5173,440V 8C 2.5 sqmm Cu PVC armoured cable as per IS 1554,8C 2.5 sqmm PVC cable as per IS 1554,8C cable as per IS 1554,cable as per IS 1554
RFP_5174,FRLS 440V 3C 4 sqmm Cu XLPE armoured cable as per IEC 60245,440V 3C 4 sqmm armoured cable,3C 4 sqmm cable,4 sqmm cable
RFP_5175,500V 6C 1.5 sqmm Cu PVC armoured cable as per IS 1554,500V 6C Cu cable as per IS 1554,500V cable as per IS 1554,500V cable
RFP_5176,FR 1.1kV 5C 1 sqmm Cu PVC armoured cable as per IEC 60502-1,FR 5C Cu PVC cable,FR Cu cable,FR cable
RFP_5177,LSZH 440V 1C 150 sqmm Cu PVC armoured cable as per IS 694,LSZH 440V PVC cable as per IS 694,LSZH cable as per IS 694,LSZH cable
RFP_5178,FRLS 300V 20C 1 sqmm Cu XLPE armoured cable as per IEC 60502-1,20C XLPE armoured cable as per IEC 60502-1,20C armoured cable,armoured cable
RFP_5179,FRLS 400kV 1C 500 sqmm Cu XLPE armoured cable as per IEC 62067,FRLS 400kV 500 sqmm Cu cable,FRLS 400kV cable,FRLS cable
RFP_5180,500V 2C 95 sqmm Cu XLPE armoured cable as per IS 1554,500V 2C Cu armoured cable,Cu armoured cable,armoured cable
RFP_5181,ZH 440V 4C 35 sqmm Cu PVC armoured cable as per IS 9968,ZH 4C 35 sqmm armoured cable,4C armoured cable,armoured cable
RFP_5182,LSZH 220kV 1C 185 sqmm Cu XLPE armoured cable as per IEC 62067,220kV 1C XLPE armoured cable,220kV 1C cable,1C cable
RFP_5183,FRLS 440V 3C 185 sqmm Al PVC armoured cable as per IEC 60502-1,3C Al PVC armoured cable,PVC armoured cable,armoured cable
RFP_5184,Fire Survival 440V 1C 95 sqmm Cu XLPE armoured cable as per IEC 60331,Fire Survival 1C 95 sqmm armoured cable,1C armoured cable,1C cable
RFP_5185,LSZH 1.1kV 24C 1.5 sqmm Cu XLPE armoured cable as per IEC 60502-1,LSZH 1.1kV Cu armoured cable,Cu armoured cable,Cu cable
RFP_5186,ZH 110kV 1C 300 sqmm Al XLPE armoured cable as per IEC 60840,300 sqmm Al armoured cable as per IEC 60840,armoured cable as per IEC 60840,armoured cable
RFP_5187,LSZH 1.1kV 3C 35 sqmm Cu PVC armoured cable as per IS 9968,LSZH 3C 35 sqmm cable as per IS 9968,3C cable as per IS 9968,cable as per IS 9968
RFP_5188,FR 1.1kV 19C 2.5 sqmm Cu PVC armoured cable as per IS 1554,1.1kV 19C armoured cable as per IS 1554,19C cable as per IS 1554,19C cable
RFP_5189,LSZH 33kV 1C 120 sqmm Cu XLPE armoured cable as per IEC 60502-2,LSZH 33kV 120 sqmm cable as per IEC 60502-2,120 sqmm cable as per IEC 60502-2,cable as per IEC 60502-2
RFP_5190,FR 1.1kV 27C 2.5 sqmm Cu PVC armoured cable as per IS 1554,27C PVC armoured cable as per IS 1554,PVC armoured cable,PVC cable
RFP_5191,500V 27C 2.5 sqmm Cu PVC armoured cable as per IEC 60502-1,27C Cu armoured cable as per IEC 60502-1,27C cable as per IEC 60502-1,cable as per IEC 60502-1
RFP_5192,FR 440V 5C 1.5 sqmm Cu XLPE armoured cable as per IEC 60245,1.5 sqmm Cu armoured cable as per IEC 60245,1.5 sqmm cable as per IEC 60245,cable as per IEC 60245
RFP_5193,500V 3.5C 120 sqmm Al PVC armoured cable as per IS 694,3.5C Al PVC cable as per IS 694,3.5C cable as per IS 694,3. cable as per IS 694
RFP_5194,FRLS 500V 3C 4 sqmm Cu XLPE armoured cable as per IS 1554,FRLS 500V 4 sqmm armoured cable,FRLS armoured cable,armoured cable
RFP_5195,FR 66kV 1C 500 sqmm Cu XLPE armoured cable as per IEC 60840,500 sqmm Cu XLPE cable as per IEC 60840,500 sqmm XLPE cable,500 sqmm cable
RFP_5196,FRLS 600V 3.5C 240 sqmm Al XLPE armoured cable as per IEC 60502-1,3.5C Al XLPE cable as per IEC 60502-1,3.5C Al cable,3. Al cable
RFP_5197,1.1kV 20C 1.5 sqmm Cu XLPE armoured cable as per IEC 60502-1,1.1kV 20C Cu cable as per IEC 60502-1,20C cable as per IEC 60502-1,20C cable
RFP_5198,6.6kV 1C 400 sqmm Al XLPE armoured cable as per IS 7098-1,1C 400 sqmm Al cable as per IS 7098-1,Al cable as per IS 7098-1,cable as per IS 7098-1
RFP_5199,500V 24C 6 sqmm Cu XLPE armoured cable as per IEC 60502-1,500V 6 sqmm Cu armoured cable,500V armoured cable,500V cable
RFP_5200,FR 1.1kV 4C 0.75 sqmm Cu XLPE armoured cable as per IS 1554,FR 1.1kV 0.75 sqmm cable as per IS 1554,1.1kV cable as per IS 1554,cable as per IS 1554
RFP_5201,LSZH 1.1kV 2C 16 sqmm Cu XLPE armoured cable as per IS 9968,2C 16 sqmm Cu XLPE cable,16 sqmm XLPE cable,XLPE cable
RFP_5202,Fire Survival 1.1kV 4C 1.5 sqmm Cu XLPE armoured cable as per IS 17048,Fire Survival 1.1kV Cu XLPE cable,Fire Survival 1.1kV cable,Fire Survival cable
RFP_5203,1.1kV 8C 4 sqmm Cu XLPE armoured cable as per IEC 60502-1,8C 4 sqmm Cu cable as per IEC 60502-1,8C cable as per IEC 60502-1,cable as per IEC 60502-1
RFP_5204,ZH 600V 2C 10 sqmm Cu XLPE armoured cable as per IEC 60502-1,2C 10 sqmm Cu XLPE cable,10 sqmm XLPE cable,XLPE cable
RFP_5205,300V 8C 1.5 sqmm Cu XLPE armoured cable as per BS 5308-1,300V 8C Cu cable as per BS 5308-1,Cu cable as per BS 5308-1,cable as per BS 5308-1
RFP_5206,FRLS 500V 5C 6 sqmm Cu XLPE armoured cable as per IS 1554,FRLS 5C 6 sqmm XLPE cable,FRLS 6 sqmm cable,FRLS cable
RFP_5207,FR 500V 1C 300 sqmm Al PVC armoured cable as per IS 1554,300 sqmm Al PVC armoured cable,300 sqmm PVC cable,PVC cable
RFP_5208,33kV 3C 240 sqmm Cu XLPE armoured cable as per IEC 60502-2,33kV 3C XLPE armoured cable,XLPE armoured cable,XLPE cable
RFP_5209,FR 440V 4C 25 sqmm Cu XLPE armoured cable as per IS 9968,4C 25 sqmm armoured cable as per IS 9968,25 sqmm armoured cable,armoured cable
RFP_5210,Fire Survival 1.1kV 1C 95 sqmm Cu XLPE armoured cable as per BS 6387,Fire Survival 1.1kV 1C 95 sqmm cable,1C 95 sqmm cable,95 sqmm cable
RFP_5211,11kV 1C 400 sqmm Al XLPE armoured cable as per IS 7098-1,11kV 1C 400 sqmm Al cable,11kV Al cable,Al cable
RFP_5212,500V 24C 1 sqmm Cu XLPE armoured cable as per IEC 60502-1,Cu XLPE armoured cable as per IEC 60502-1,Cu cable as per IEC 60502-1,Cu cable
RFP_5213,LSZH 1.1kV 24C 2.5 sqmm Cu XLPE armoured cable as per BS 5308,1.1kV 24C armoured cable as per BS 5308,1.1kV cable as per BS 5308,cable as per BS 5308
RFP_5214,LSZH 1.1kV 19C 6 sqmm Cu PVC armoured cable as per IS 1554,Cu PVC armoured cable as per IS 1554,PVC armoured cable,PVC cable
RFP_5215,440V 19C 2.5 sqmm Cu PVC armoured cable as per IS 694,2.5 sqmm Cu PVC armoured cable,PVC armoured cable,PVC cable
RFP_5216,1.1kV 27C 1.5 sqmm Cu PVC armoured cable as per IEC 60502-1,1.1kV 27C 1.5 sqmm cable as per IEC 60502-1,27C cable as per IEC 60502-1,27C cable
RFP_5217,ZH 1.1kV 2C 500 sqmm Al EPR armoured cable as per IEC 60502-1,1.1kV 2C EPR armoured cable,1.1kV 2C cable,1.1kV cable
RFP_5218,ZH 440V 3.5C 6 sqmm Cu XLPE armoured cable as per IS 1554,ZH 440V 3.5C XLPE cable,ZH 3. XLPE cable,3. XLPE cable
RFP_5219,FR 1.1kV 3.5C 120 sqmm Cu PVC armoured cable as per IS 1554,1.1kV 3. 120 sqmm PVC cable as per IS 1554,3. 120 sqmm cable as per IS 1554,3. 120 sqmm cable
RFP_5220,FR 33kV 1C 400 sqmm Al XLPE armoured cable as per IS 7098-2,FR 400 sqmm Al cable as per IS 7098-2,FR 400 sqmm cable,400 sqmm cable
RFP_5221,LSZH 132kV 1C 185 sqmm Cu XLPE armoured cable as per IEC 60840,LSZH 1C 185 sqmm armoured cable,LSZH 185 sqmm cable,185 sqmm cable
RFP_5222,FR 500V 16C 1.5 sqmm Cu XLPE armoured cable as per IEC 60502-1,500V 16C Cu armoured cable,16C Cu cable,16C cable
RFP_5223,500V 12C 0.75 sqmm Cu PVC armoured cable as per IEC 60502-1,500V 12C 0.75 sqmm Cu cable,500V Cu cable,Cu cable
RFP_5224,FRLS 1.1kV 4C 0.5 sqmm Cu XLPE armoured cable as per IEC 60502-1,FRLS 1.1kV 4C Cu cable,FRLS 4C cable,FRLS cable
RFP_5225,LSZH 1.1kV 2C 6 sqmm Cu PVC armoured cable as per IEC 60502-1,LSZH 1.1kV PVC cable as per IEC 60502-1,LSZH cable as per IEC 60502-1,cable as per IEC 60502-1
RFP_5226,LSZH 440V 4C 2.5 sqmm Cu XLPE armoured cable as per IS 1554,440V 4C 2.5 sqmm cable as per IS 1554,2.5 sqmm cable as per IS 1554,2.5 sqmm cable
RFP_5227,FR 300V 2C 0.5 sqmm Cu XLPE armoured cable as per IEC 60502-1,FR 300V 0.5 sqmm XLPE cable,FR 300V cable,300V cable
RFP_5228,LSZH 220kV 1C 1000 sqmm Al XLPE armoured cable as per IEC 62067,1000 sqmm Al armoured cable as per IEC 62067,1000 sqmm armoured cable,armoured cable
RFP_5229,LSZH 500V 10C 6 sqmm Cu PVC armoured cable as per IS 1554,LSZH 10C 6 sqmm Cu cable,10C Cu cable,Cu cable
RFP_5230,LSZH 1.1kV 2C 4 sqmm Cu XLPE armoured cable as per BS 5308,2C 4 sqmm XLPE cable as per BS 5308,2C 4 sqmm cable,4 sqmm cable
RFP_5231,ZH 110kV 1C 240 sqmm Cu XLPE armoured cable as per IEC 60840,240 sqmm XLPE armoured cable as per IEC 60840,240 sqmm armoured cable,armoured cable
RFP_5232,FRLS 300V 24C 2.5 sqmm Cu PVC armoured cable as per BS 5308-1,FRLS 24C Cu PVC cable,Cu PVC cable,Cu cable
RFP_5233,440V 12C 6 sqmm Cu PVC armoured cable as per IS 1554,440V 12C Cu armoured cable,440V Cu cable,440V cable
RFP_5234,FR 33kV 3C 150 sqmm Al XLPE armoured cable as per IEC 60502-2,FR 3C Al armoured cable,Al armoured cable,armoured cable
RFP_5235,Fire Survival 440V 1C 35 sqmm Cu Mineral (MI) armoured cable as per BS 6387,Fire Survival 440V Cu Mineral (MI) cable as per BS 6387,Fire Survival Cu Mineral (MI) cable,Fire Survival Mineral (MI) cable
RFP_5236,FR 300V 8C 1 sqmm Cu XLPE armoured cable as per BS 5308-1,FR 300V 8C XLPE cable,FR XLPE cable,XLPE cable
RFP_5237,Fire Survival 1.1kV 4C 1.5 sqmm Cu XLPE armoured cable as per IS 17048,Fire Survival 1.1kV Cu cable as per IS 17048,1.1kV Cu cable,Cu cable
RFP_5238,ZH 220kV 1C 800 sqmm Al XLPE armoured cable as per IEC 62067,1C 800 sqmm XLPE cable as per IEC 62067,XLPE cable as per IEC 62067,cable as per IEC 62067
RFP_5239,440V 3C 2.5 sqmm Cu XLPE armoured cable as per IS 1554,440V 3C 2.5 sqmm cable as per IS 1554,3C 2.5 sqmm cable,3C cable
RFP_5240,FRLS 1.1kV 8C 2.5 sqmm Cu XLPE armoured cable as per IS 1554,1.1kV 2.5 sqmm armoured cable as per IS 1554,armoured cable as per IS 1554,armoured cable
RFP_5241,LSZH 500V 4C 10 sqmm Cu PVC armoured cable as per IEC 60245,10 sqmm Cu PVC cable as per IEC 60245,10 sqmm PVC cable,10 sqmm cable
RFP_5242,110kV 1C 800 sqmm Al XLPE armoured cable as per IEC 60840,1C Al armoured cable as per IEC 60840,Al armoured cable,Al cable
RFP_5243,FR 300V 24C 2.5 sqmm Cu PVC armoured cable as per IEC 60502-1,300V 24C 2.5 sqmm cable as per IEC 60502-1,2.5 sqmm cable as per IEC 60502-1,2.5 sqmm cable
RFP_5244,FRLS 300V 16C 0.75 sqmm Cu XLPE armoured cable as per IEC 60502-1,300V XLPE armoured cable as per IEC 60502-1,300V XLPE cable,300V cable
RFP_5245,FR 1.1kV 4C 0.75 sqmm Cu PVC armoured cable as per IS 1554,FR 1.1kV Cu armoured cable,FR armoured cable,FR cable
RFP_5246,300V 4C 1.5 sqmm Cu XLPE armoured cable as per IEC 60502-1,300V XLPE armoured cable as per IEC 60502-1,armoured cable as per IEC 60502-1,cable as per IEC 60502-1
RFP_5247,22kV 1C 240 sqmm Cu XLPE armoured cable as per IEC 60502-2,1C Cu armoured cable as per IEC 60502-2,armoured cable as per IEC 60502-2,armoured cable
RFP_5248,FRLS 1.1kV 2C 1.5 sqmm Cu PVC armoured cable as per BS 5308-1,1.1kV 2C Cu armoured cable,1.1kV armoured cable,armoured cable
RFP_5249,FR 300V 12C 0.75 sqmm Cu PVC armoured cable as per IEC 60502-1,300V 12C 0.75 sqmm PVC cable,12C 0.75 sqmm cable,12C cable
RFP_5250,ZH 220kV 1C 185 sqmm Cu XLPE armoured cable as per IEC 62067,ZH 185 sqmm armoured cable as per IEC 62067,ZH cable as per IEC 62067,ZH cable
RFP_5251,Fire Survival 440V 2C 16 sqmm Cu XLPE armoured cable as per BS 6387,Fire Survival 440V Cu XLPE cable,Fire Survival XLPE cable,XLPE cable
RFP_5252,Fire Survival 1.1kV 1C 10 sqmm Cu Mineral (MI) armoured cable as per IS 17048,Fire Survival 1.1kV Mineral (MI) armoured cable as per IS 17048,Fire Survival Mineral (MI) armoured cable,Mineral (MI) armoured cable
RFP_5253,FR 440V 3C 70 sqmm Al XLPE armoured cable as per IEC 60502-1,70 sqmm Al XLPE armoured cable,70 sqmm XLPE cable,70 sqmm cable
RFP_5254,LSZH 1.1kV 16C 1 sqmm Cu XLPE armoured cable as per IEC 60502-1,1.1kV 16C 1 sqmm cable as per IEC 60502-1,1.1kV cable as per IEC 60502-1,1.1kV cable
RFP_5255,LSZH 440V 5C 50 sqmm Cu XLPE armoured cable as per IS 694,LSZH 5C 50 sqmm Cu cable,LSZH Cu cable,Cu cable
RFP_5256,FR 600V 1C 10 sqmm Al PVC armoured cable as per IEC 60502-1,FR 600V 1C armoured cable,600V 1C cable,600V cable
RFP_5257,LSZH 1.1kV 8C 1 sqmm Cu PVC armoured cable as per BS 5308,1.1kV 1 sqmm Cu PVC cable,1.1kV PVC cable,1.1kV cable
RFP_5258,Fire Survival 440V 1C 1.5 sqmm Cu Mineral (MI) armoured cable as per BS 6387,Fire Survival 1C Cu Mineral (MI) armoured cable,Fire Survival Mineral (MI) armoured cable,Fire Survival Mineral (MI) cable
RFP_5259,1.1kV 5C 16 sqmm Cu XLPE armoured cable as per IEC 60502-1,1.1kV 5C Cu XLPE cable,1.1kV XLPE cable,1.1kV cable
RFP_5260,FRLS 1.1kV 1C 35 sqmm Cu PVC armoured cable as per IEC 60502-1,FRLS 1.1kV Cu cable as per IEC 60502-1,FRLS cable as per IEC 60502-1,cable as per IEC 60502-1
RFP_5261,500V 14C 6 sqmm Cu PVC armoured cable as per IEC 60502-1,Cu PVC armoured cable as per IEC 60502-1,PVC cable as per IEC 60502-1,PVC cable
RFP_5262,FRLS 1.1kV 7C 6 sqmm Cu XLPE armoured cable as per IS 1554,FRLS 1.1kV 7C Cu cable,FRLS Cu cable,FRLS cable
RFP_5263,ZH 22kV 3C 240 sqmm Cu XLPE armoured cable as per IEC 60502-2,ZH 22kV Cu armoured cable,22kV Cu cable,22kV cable
RFP_5264,FR 440V 4C 4 sqmm Cu XLPE armoured cable as per IS 694,4C 4 sqmm armoured cable as per IS 694,4C armoured cable,armoured cable
RFP_5265,1.1kV 6C 2.5 sqmm Cu XLPE armoured cable as per IS 1554,1.1kV 6C XLPE cable as per IS 1554,1.1kV cable as per IS 1554,1.1kV cable
RFP_5266,ZH 500V 3.5C 120 sqmm Cu XLPE armoured cable as per IS 1554,ZH 3.5C 120 sqmm Cu cable,ZH 3.5C cable,ZH 3. cable
RFP_5267,LSZH 500V 3C 6 sqmm Cu XLPE armoured cable as per IS 1554,3C 6 sqmm Cu XLPE cable,6 sqmm XLPE cable,6 sqmm cable
RFP_5268,FR 500V 12C 1 sqmm Cu PVC armoured cable as per IS 1554,12C Cu PVC armoured cable,12C PVC cable,PVC cable
RFP_5269,FR 1.1kV 16C 1.5 sqmm Cu XLPE armoured cable as per BS 5308,FR 1.1kV XLPE armoured cable,1.1kV armoured cable,armoured cable
RFP_5270,ZH 66kV 1C 400 sqmm Cu XLPE armoured cable as per IS 7098-3,66kV 400 sqmm Cu armoured cable,400 sqmm Cu cable,400 sqmm cable
RFP_5271,FRLS 220kV 1C 630 sqmm Al XLPE armoured cable as per IEC 62067,FRLS 220kV 1C 630 sqmm cable,1C 630 sqmm cable,1C cable
RFP_5272,6.6kV 1C 185 sqmm Al EPR armoured cable as per IEC 60502-1,Al EPR armoured cable as per IEC 60502-1,Al cable as per IEC 60502-1,cable as per IEC 60502-1
RFP_5273,FRLS 400kV 1C 500 sqmm Cu XLPE armoured cable as per IEC 62067,FRLS Cu armoured cable as per IEC 62067,Cu cable as per IEC 62067,Cu cable
RFP_5274,440V 19C 2.5 sqmm Cu XLPE armoured cable as per IS 694,440V Cu armoured cable as per IS 694,Cu cable as per IS 694,cable as per IS 694
RFP_5275,500V 8C 2.5 sqmm Cu PVC armoured cable as per BS 5308-1,500V 2.5 sqmm Cu PVC cable,500V Cu cable,Cu cable
RFP_5276,11kV 3C 95 sqmm Al EPR armoured cable as per IS 7098-1,11kV EPR armoured cable as per IS 7098-1,11kV EPR cable,EPR cable
RFP_5277,FRLS 500V 4C 185 sqmm Cu PVC armoured cable as per IEC 60502-1,FRLS 500V PVC armoured cable,500V armoured cable,500V cable
RFP_5278,300V 1C 1 sqmm Cu PVC armoured cable as per IEC 60502-1,300V 1C Cu armoured cable,Cu armoured cable,Cu cable
RFP_5279,Fire Survival 440V 4C 6 sqmm Cu Mineral (MI) armoured cable as per IEC 60331,Fire Survival 440V 4C 6 sqmm Mineral (MI) cable,Fire Survival 440V Mineral (MI) cable,Fire Survival Mineral (MI) cable
RFP_5280,FRLS 500V 1C 10 sqmm Cu PVC armoured cable as per IEC 60245,1C Cu PVC armoured cable,PVC armoured cable,PVC cable
RFP_5281,FRLS 3.3kV 1C 185 sqmm Cu EPR armoured cable as per IEC 60502-1,FRLS 3.3kV EPR armoured cable,3.3kV EPR cable,3.3kV cable
RFP_5282,FRLS 6.6kV 3C 50 sqmm Al EPR armoured cable as per IS 7098-1,3C 50 sqmm Al armoured cable,3C Al cable,3C cable
RFP_5283,ZH 1.1kV 2C 16 sqmm Cu PVC armoured cable as per IS 9968,ZH 2C armoured cable as per IS 9968,armoured cable as per IS 9968,cable as per IS 9968
RFP_5284,FRLS 500V 16C 2.5 sqmm Cu XLPE armoured cable as per IEC 60502-1,FRLS 500V XLPE cable as per IEC 60502-1,FRLS XLPE cable,XLPE cable
RFP_5285,FR 500V 2C 4 sqmm Cu PVC armoured cable as per IEC 60245,FR Cu armoured cable as per IEC 60245,FR armoured cable,FR cable
RFP_5286,22kV 1C 400 sqmm Al XLPE armoured cable as per IS 7098-2,22kV 1C Al XLPE cable,1C XLPE cable,1C cable
RFP_5287,Fire Survival 440V 4C 1.5 sqmm Cu Mineral (MI) armoured cable as per IEC 60331,440V 1.5 sqmm Cu Mineral (MI) armoured cable,440V Mineral (MI) armoured cable,Mineral (MI) armoured cable
RFP_5288,ZH 500V 1C 0.75 sqmm Cu PVC armoured cable as per IS 694,ZH 500V Cu PVC cable,Cu PVC cable,PVC cable
RFP_5289,LSZH 600V 2C 300 sqmm Al XLPE armoured cable as per IEC 60502-1,2C 300 sqmm Al cable as per IEC 60502-1,300 sqmm Al cable,Al cable
RFP_5290,FR 300V 20C 0.75 sqmm Cu XLPE armoured cable as per BS 5308-1,20C XLPE armoured cable as per BS 5308-1,20C armoured cable,armoured cable
RFP_5291,LSZH 500V 4C 95 sqmm Al XLPE armoured cable as per IS 694,95 sqmm Al armoured cable as per IS 694,Al armoured cable,Al cable
RFP_5292,FR 1.1kV 12C 4 sqmm Cu XLPE armoured cable as per IS 1554,FR 1.1kV 12C 4 sqmm cable,12C 4 sqmm cable,4 sqmm cable
RFP_5293,FRLS 400kV 1C 185 sqmm Al XLPE armoured cable as per IEC 62067,400kV XLPE armoured cable as per IEC 62067,400kV XLPE cable,400kV cable
RFP_5294,FR 500V 2C 1 sqmm Cu PVC armoured cable as per IS 694,FR 500V 1 sqmm PVC cable,FR PVC cable,PVC cable
RFP_5295,FRLS 300V 2C 0.75 sqmm Cu PVC armoured cable as per BS 5308-1,300V 2C PVC cable as per BS 5308-1,2C PVC cable,PVC cable
RFP_5296,FRLS 300V 24C 2.5 sqmm Cu XLPE armoured cable as per IEC 60502-1,FRLS 24C 2.5 sqmm Cu cable,2.5 sqmm Cu cable,2.5 sqmm cable
RFP_5297,FR 1.1kV 8C 0.5 sqmm Cu XLPE armoured cable as per IS 1554,FR 8C 0.5 sqmm cable as per IS 1554,FR cable as per IS 1554,FR cable
RFP_5298,LSZH 500V 2C 25 sqmm Cu PVC armoured cable as per IS 694,500V 2C armoured cable as per IS 694,armoured cable as per IS 694,cable as per IS 694
RFP_5299,LSZH 22kV 3C 70 sqmm Al XLPE armoured cable as per IS 7098-2,70 sqmm Al XLPE cable as per IS 7098-2,70 sqmm Al cable,70 sqmm cable
RFP_5300,FRLS 500V 19C 4 sqmm Cu PVC armoured cable as per IEC 60502-1,FRLS 19C 4 sqmm cable as per IEC 60502-1,19C 4 sqmm cable,4 sqmm cable
RFP_5301,FR 1.1kV 4C 95 sqmm Cu PVC armoured cable as per BS 5467,4C Cu armoured cable as per BS 5467,4C armoured cable,armoured cable
RFP_5302,Fire Survival 440V 2C 4 sqmm Cu Mineral (MI) armoured cable as per BS 6387,Fire Survival 440V 4 sqmm Cu Mineral (MI) cable,Fire Survival Cu Mineral (MI) cable,Fire Survival Mineral (MI) cable
RFP_5303,132kV 1C 500 sqmm Al XLPE armoured cable as per IEC 60840,132kV 1C 500 sqmm Al cable,132kV 500 sqmm cable,500 sqmm cable
RFP_5304,500V 2C 4 sqmm Cu XLPE armoured cable as per IS 1554,2C Cu XLPE armoured cable,2C armoured cable,2C cable
RFP_5305,FRLS 220kV 1C 500 sqmm Cu XLPE armoured cable as per IEC 62067,FRLS 1C 500 sqmm Cu cable,1C 500 sqmm cable,1C cable
RFP_5306,Fire Survival 440V 2C 50 sqmm Cu Mineral (MI) armoured cable as per BS 6387,440V Cu Mineral (MI) armoured cable as per BS 6387,Cu Mineral (MI) armoured cable,Cu Mineral (MI) cable
RFP_5307,Fire Survival 440V 1C 70 sqmm Cu Mineral (MI) armoured cable as per BS 6387,440V 1C Cu Mineral (MI) armoured cable,Cu Mineral (MI) armoured cable,Cu Mineral (MI) cable
RFP_5308,132kV 1C 500 sqmm Cu XLPE armoured cable as per IEC 60840,1C Cu XLPE armoured cable,1C Cu cable,Cu cable
RFP_5309,FRLS 500V 14C 1 sqmm Cu PVC armoured cable as per IEC 60502-1,FRLS 14C Cu armoured cable,FRLS armoured cable,FRLS cable
RFP_5310,ZH 132kV 1C 630 sqmm Al XLPE armoured cable as per IEC 60840,1C XLPE armoured cable as per IEC 60840,1C armoured cable,armoured cable
RFP_5311,FRLS 440V 2C 4 sqmm Cu XLPE armoured cable as per IS 1554,FRLS 440V armoured cable as per IS 1554,FRLS armoured cable,armoured cable
RFP_5312,LSZH 1.1kV 5C 1 sqmm Cu PVC armoured cable as per IEC 60502-1,5C Cu PVC cable as per IEC 60502-1,PVC cable as per IEC 60502-1,cable as per IEC 60502-1
RFP_5313,FRLS 500V 12C 2.5 sqmm Cu XLPE armoured cable as per IS 1554,FRLS 500V Cu armoured cable,Cu armoured cable,Cu cable
RFP_5314,LSZH 1.1kV 12C 1.5 sqmm Cu PVC armoured cable as per IS 1554,LSZH 12C armoured cable as per IS 1554,armoured cable as per IS 1554,armoured cable
RFP_5315,FRLS 300V 16C 0.75 sqmm Cu XLPE armoured cable as per BS 5308-1,FRLS 16C 0.75 sqmm armoured cable,16C 0.75 sqmm cable,16C cable
RFP_5316,1.1kV 16C 4 sqmm Cu XLPE armoured cable as per IS 1554,1.1kV 16C XLPE cable as per IS 1554,1.1kV cable as per IS 1554,cable as per IS 1554
RFP_5317,FR 1.1kV 10C 0.5 sqmm Cu XLPE armoured cable as per BS 5308-1,1.1kV 10C 0.5 sqmm cable as per BS 5308-1,10C 0.5 sqmm cable,10C cable
RFP_5318,ZH 400kV 1C 185 sqmm Al XLPE armoured cable as per IEC 62067,400kV 1C Al XLPE cable,1C XLPE cable,XLPE cable
RFP_5319,22kV 3C 70 sqmm Al XLPE armoured cable as per IEC 60502-2,22kV 3C 70 sqmm Al cable,22kV 70 sqmm cable,22kV cable
RFP_5320,Fire Survival 1.1kV 2C 10 sqmm Cu Mineral (MI) armoured cable as per BS 6387,2C 10 sqmm Cu Mineral (MI) cable as per BS 6387,10 sqmm Mineral (MI) cable as per BS 6387,10 sqmm Mineral (MI) cable
RFP_5321,FRLS 132kV 1C 800 sqmm Cu XLPE armoured cable as per IEC 60840,FRLS 132kV Cu XLPE cable,132kV XLPE cable,132kV cable
RFP_5322,FRLS 440V 7C 1.5 sqmm Cu XLPE armoured cable as per IS 694,FRLS Cu XLPE armoured cable,Cu XLPE cable,XLPE cable
RFP_5323,LSZH 440V 3C 1.5 sqmm Cu XLPE armoured cable as per IS 1554,440V 3C XLPE cable as per IS 1554,440V cable as per IS 1554,440V cable
RFP_5324,FRLS 500V 7C 1.5 sqmm Cu PVC armoured cable as per IS 1554,FRLS 1.5 sqmm Cu PVC cable,FRLS PVC cable,PVC cable
RFP_5325,220kV 1C 1000 sqmm Cu XLPE armoured cable as per IEC 62067,220kV 1000 sqmm Cu cable as per IEC 62067,Cu cable as per IEC 62067,cable as per IEC 62067
RFP_5326,FRLS 440V 7C 1.5 sqmm Cu XLPE armoured cable as per IS 1554,FRLS 440V 1.5 sqmm cable as per IS 1554,1.5 sqmm cable as per IS 1554,cable as per IS 1554
RFP_5327,ZH 110kV 1C 500 sqmm Al XLPE armoured cable as per IEC 60840,110kV 500 sqmm Al armoured cable,110kV armoured cable,110kV cable
RFP_5328,FRLS 33kV 3C 50 sqmm Cu XLPE armoured cable as per IEC 60502-2,FRLS 33kV XLPE armoured cable,FRLS 33kV cable,FRLS cable
RFP_5329,1.1kV 3C 6 sqmm Cu PVC armoured cable as per BS 5308,1.1kV Cu PVC armoured cable,Cu PVC cable,PVC cable
RFP_5330,FR 440V 30C 2.5 sqmm Cu PVC armoured cable as per IS 694,2.5 sqmm Cu PVC armoured cable,Cu armoured cable,armoured cable
RFP_5331,LSZH 11kV 3C 95 sqmm Cu XLPE armoured cable as per IEC 60502-1,LSZH 3C Cu XLPE cable,LSZH 3C cable,3C cable
RFP_5332,FRLS 440V 5C 1 sqmm Cu XLPE armoured cable as per IS 1554,FRLS 1 sqmm Cu XLPE cable,1 sqmm Cu cable,1 sqmm cable
RFP_5333,LSZH 500V 2C 25 sqmm Cu PVC armoured cable as per IS 694,LSZH 500V Cu cable as per IS 694,LSZH cable as per IS 694,cable as per IS 694
RFP_5334,500V 12C 1.5 sqmm Cu PVC armoured cable as per BS 5308-1,500V 12C 1.5 sqmm PVC cable,500V 12C cable,12C cable
RFP_5335,300V 16C 0.75 sqmm Cu XLPE armoured cable as per IEC 60502-1,300V Cu XLPE armoured cable,300V XLPE cable,XLPE cable
RFP_5336,500V 3C 185 sqmm Al XLPE armoured cable as per IS 1554,500V 185 sqmm XLPE cable as per IS 1554,500V 185 sqmm cable,185 sqmm cable
RFP_5337,Fire Survival 1.1kV 2C 25 sqmm Cu Mineral (MI) armoured cable as per IS 17048,Fire Survival 1.1kV Cu Mineral (MI) armoured cable,Cu Mineral (MI) armoured cable,Mineral (MI) armoured cable
RFP_5338,FRLS 1.1kV 24C 4 sqmm Cu PVC armoured cable as per IS 1554,FRLS 1.1kV armoured cable as per IS 1554,armoured cable as per IS 1554,armoured cable
RFP_5339,FR 440V 4C 6 sqmm Cu XLPE armoured cable as per IS 694,440V 6 sqmm Cu armoured cable,440V Cu cable,440V cable
RFP_5340,ZH 3.3kV 3C 185 sqmm Cu EPR armoured cable as per IEC 60502-1,3.3kV 3C 185 sqmm armoured cable,3C armoured cable,armoured cable
RFP_5341,500V 3C 6 sqmm Cu PVC armoured cable as per IS 1554,500V 3C Cu PVC cable,500V 3C cable,3C cable
RFP_5342,FRLS 33kV 3C 95 sqmm Cu XLPE armoured cable as per IEC 60502-2,FRLS 33kV XLPE armoured cable,33kV armoured cable,33kV cable
RFP_5343,FR 500V 1C 0.5 sqmm Cu XLPE armoured cable as per IEC 60502-1,FR 1C Cu armoured cable,FR 1C cable,1C cable
RFP_5344,FR 600V 3.5C 150 sqmm Al XLPE armoured cable as per IEC 60502-1,FR 3.5C 150 sqmm cable as per IEC 60502-1,3.5C cable as per IEC 60502-1,3.5C cable
RFP_5345,FRLS 500V 12C 6 sqmm Cu PVC armoured cable as per IEC 60502-1,FRLS 12C 6 sqmm armoured cable,FRLS 6 sqmm cable,FRLS cable
RFP_5346,FRLS 1.1kV 5C 25 sqmm Cu XLPE armoured cable as per IS 9968,5C Cu XLPE armoured cable,Cu XLPE cable,Cu cable
RFP_5347,FR 500V 3C 500 sqmm Cu PVC armoured cable as per IEC 60502-1,FR Cu PVC armoured cable,Cu PVC cable,Cu cable
RFP_5348,LSZH 500V 3C 1.5 sqmm Cu PVC armoured cable as per IEC 60502-1,LSZH Cu armoured cable as per IEC 60502-1,LSZH cable as per IEC 60502-1,cable as per IEC 60502-1
RFP_5349,LSZH 500V 8C 2.5 sqmm Cu PVC armoured cable as per IEC 60502-1,500V 8C PVC cable as per IEC 60502-1,500V 8C cable,8C cable
RFP_5350,600V 3.5C 4 sqmm Cu PVC armoured cable as per IS 694,600V 3.5C 4 sqmm cable as per IS 694,600V 3. cable as per IS 694,3. cable as per IS 694
RFP_5351,FRLS 500V 10C 4 sqmm Cu PVC armoured cable as per IS 1554,FRLS 10C 4 sqmm Cu cable,10C Cu cable,Cu cable
RFP_5352,Fire Survival 1.1kV 2C 2.5 sqmm Cu Mineral (MI) armoured cable as per IS 17048,Fire Survival 1.1kV 2C 2.5 sqmm Mineral (MI) cable,1.1kV 2C Mineral (MI) cable,2C Mineral (MI) cable
RFP_5353,FR 110kV 1C 500 sqmm Al XLPE armoured cable as per IEC 60840,FR 1C 500 sqmm armoured cable,FR 1C cable,1C cable
RFP_5354,LSZH 1.1kV 2C 2.5 sqmm Al EPR armoured cable as per IEC 60502-1,LSZH 1.1kV 2.5 sqmm cable as per IEC 60502-1,2.5 sqmm cable as per IEC 60502-1,2.5 sqmm cable
RFP_5355,LSZH 500V 2C 1.5 sqmm Cu PVC armoured cable as per IS 694,2C 1.5 sqmm armoured cable as per IS 694,1.5 sqmm cable as per IS 694,cable as per IS 694
RFP_5356,FR 132kV 1C 185 sqmm Al XLPE armoured cable as per IEC 60840,FR XLPE armoured cable as per IEC 60840,XLPE armoured cable,XLPE cable
RFP_5357,LSZH 110kV 1C 500 sqmm Al XLPE armoured cable as per IEC 60840,500 sqmm Al XLPE armoured cable,Al XLPE cable,Al cable
RFP_5358,1.1kV 2C 35 sqmm Cu XLPE armoured cable as per IS 9968,35 sqmm Cu XLPE armoured cable,Cu armoured cable,Cu cable
RFP_5359,FR 440V 4C 1.5 sqmm Cu XLPE armoured cable as per IS 694,1.5 sqmm Cu armoured cable as per IS 694,1.5 sqmm armoured cable,armoured cable
RFP_5360,FR 500V 4C 6 sqmm Cu PVC armoured cable as per IS 1554,FR Cu PVC cable as per IS 1554,Cu cable as per IS 1554,Cu cable
RFP_5361,FR 6.6kV 3C 150 sqmm Al EPR armoured cable as per IEC 60502-1,FR 3C Al cable as per IEC 60502-1,FR cable as per IEC 60502-1,FR cable
RFP_5362,LSZH 220kV 1C 400 sqmm Al XLPE armoured cable as per IEC 62067,LSZH 400 sqmm XLPE cable as per IEC 62067,LSZH cable as per IEC 62067,cable as per IEC 62067
RFP_5363,FR 1.1kV 3.5C 6 sqmm Cu EPR armoured cable as per IS 1554,FR 1.1kV 3.5C 6 sqmm cable,1.1kV 3. 6 sqmm cable,3. 6 sqmm cable
RFP_5364,Fire Survival 440V 1C 35 sqmm Cu XLPE armoured cable as per BS 6387,1C 35 sqmm Cu XLPE cable,35 sqmm XLPE cable,XLPE cable
RFP_5365,FR 440V 24C 1.5 sqmm Cu PVC armoured cable as per IS 1554,440V Cu PVC armoured cable,Cu PVC cable,Cu cable
RFP_5366,FRLS 220kV 1C 400 sqmm Cu XLPE armoured cable as per IEC 62067,FRLS 220kV 1C XLPE cable,FRLS 1C cable,1C cable
RFP_5367,FR 110kV 1C 240 sqmm Cu XLPE armoured cable as per IEC 60840,1C 240 sqmm Cu XLPE cable,240 sqmm XLPE cable,XLPE cable
RFP_5368,FRLS 440V 2C 1.5 sqmm Cu XLPE armoured cable as per IS 694,FRLS 1.5 sqmm Cu cable as per IS 694,FRLS cable as per IS 694,cable as per IS 694
RFP_5369,Fire Survival 440V 1C 50 sqmm Cu XLPE armoured cable as per BS 6387,1C 50 sqmm Cu cable as per BS 6387,50 sqmm Cu cable,Cu cable
RFP_5370,FR 33kV 1C 185 sqmm Cu XLPE armoured cable as per IS 7098-2,33kV 1C Cu armoured cable,33kV 1C cable,33kV cable
RFP_5371,FRLS 33kV 1C 50 sqmm Cu XLPE armoured cable as per IS 7098-2,FRLS 33kV XLPE armoured cable,FRLS armoured cable,FRLS cable
RFP_5372,LSZH 500V 12C 2.5 sqmm Cu XLPE armoured cable as per IEC 60502-1,LSZH 12C 2.5 sqmm XLPE cable,2.5 sqmm XLPE cable,2.5 sqmm cable
RFP_5373,ZH 132kV 1C 800 sqmm Al XLPE armoured cable as per IEC 60840,800 sqmm XLPE armoured cable as per IEC 60840,800 sqmm armoured cable,800 sqmm cable
RFP_5374,Fire Survival 440V 1C 70 sqmm Cu Mineral (MI) armoured cable as per BS 6387,440V 1C 70 sqmm Cu Mineral (MI) cable,1C 70 sqmm Mineral (MI) cable,70 sqmm Mineral (MI) cable
RFP_5375,FR 600V 4C 1.5 sqmm Cu XLPE armoured cable as per IEC 60502-1,600V 4C Cu cable as per IEC 60502-1,Cu cable as per IEC 60502-1,cable as per IEC 60502-1
RFP_5376,Fire Survival 440V 3C 1.5 sqmm Cu Mineral (MI) armoured cable as per IEC 60331,440V 3C Mineral (MI) armoured cable as per IEC 60331,Mineral (MI) armoured cable as per IEC 60331,Mineral (MI) armoured cable
RFP_5377,500V 4C 2.5 sqmm Cu PVC armoured cable as per IEC 60502-1,500V PVC armoured cable as per IEC 60502-1,500V PVC cable,500V cable
RFP_5378,FRLS 440V 2C 25 sqmm Cu PVC armoured cable as per IEC 60245,FRLS 440V 25 sqmm PVC cable,440V PVC cable,440V cable
RFP_5379,Fire Survival 1.1kV 4C 1.5 sqmm Cu Mineral (MI) armoured cable as per BS 6387,4C 1.5 sqmm Mineral (MI) armoured cable as per BS 6387,4C Mineral (MI) armoured cable,Mineral (MI) armoured cable
RFP_5380,FR 300V 12C 1.5 sqmm Cu XLPE armoured cable as per BS 5308-1,12C 1.5 sqmm Cu armoured cable,1.5 sqmm Cu cable,Cu cable
RFP_5381,Fire Survival 440V 3C 70 sqmm Cu Mineral (MI) armoured cable as per IEC 60331,Fire Survival 440V 70 sqmm Mineral (MI) armoured cable,Fire Survival 70 sqmm Mineral (MI) cable,Fire Survival Mineral (MI) cable
RFP_5382,FR 440V 4C 4 sqmm Cu XLPE armoured cable as per IS 694,FR 440V Cu armoured cable,440V Cu cable,440V cable
RFP_5383,FRLS 440V 3C 16 sqmm Cu PVC armoured cable as per IS 694,FRLS 3C Cu armoured cable,FRLS armoured cable,armoured cable
RFP_5384,440V 2C 4 sqmm Cu XLPE armoured cable as per IS 1554,440V 4 sqmm armoured cable as per IS 1554,440V armoured cable,440V cable
RFP_5385,22kV 3C 95 sqmm Cu XLPE armoured cable as per IEC 60502-2,22kV 95 sqmm Cu cable as per IEC 60502-2,95 sqmm Cu cable,95 sqmm cable
RFP_5386,FRLS 500V 24C 1.5 sqmm Cu PVC armoured cable as per IS 1554,500V 1.5 sqmm Cu armoured cable,1.5 sqmm Cu cable,Cu cable
RFP_5387,LSZH 1.1kV 30C 1.5 sqmm Cu PVC armoured cable as per BS 5308,30C 1.5 sqmm Cu cable as per BS 5308,Cu cable as per BS 5308,Cu cable
RFP_5388,FRLS 1.1kV 12C 0.75 sqmm Cu PVC armoured cable as per IEC 60502-1,12C Cu PVC armoured cable,12C PVC cable,PVC cable
RFP_5389,LSZH 220kV 1C 630 sqmm Cu XLPE armoured cable as per IEC 62067,LSZH 1C Cu cable as per IEC 62067,LSZH Cu cable,LSZH cable
RFP_5390,FR 110kV 1C 1000 sqmm Cu XLPE armoured cable as per IEC 60840,1C 1000 sqmm Cu cable as per IEC 60840,1000 sqmm cable as per IEC 60840,cable as per IEC 60840
RFP_5391,ZH 66kV 1C 240 sqmm Cu XLPE armoured cable as per IEC 60840,ZH 1C XLPE armoured cable,1C armoured cable,1C cable
RFP_5392,FRLS 500V 3C 25 sqmm Cu PVC armoured cable as per IEC 60245,500V 25 sqmm Cu armoured cable,500V Cu cable,Cu cable
RFP_5393,440V 10C 6 sqmm Cu XLPE armoured cable as per IS 694,440V 6 sqmm Cu cable as per IS 694,440V Cu cable,440V cable
RFP_5394,300V 4C 2.5 sqmm Cu XLPE armoured cable as per IEC 60502-1,Cu XLPE armoured cable as per IEC 60502-1,Cu XLPE cable,XLPE cable
RFP_5395,500V 8C 0.75 sqmm Cu PVC armoured cable as per BS 5308-1,500V Cu armoured cable as per BS 5308-1,Cu armoured cable,Cu cable
RFP_5396,FR 110kV 1C 300 sqmm Al XLPE armoured cable as per IEC 60840,300 sqmm Al armoured cable as per IEC 60840,300 sqmm Al cable,300 sqmm cable
RFP_5397,Fire Survival 440V 2C 16 sqmm Cu XLPE armoured cable as per IEC 60331,Fire Survival 2C 16 sqmm XLPE cable,Fire Survival 16 sqmm cable,16 sqmm cable
RFP_5398,FR 220kV 1C 185 sqmm Cu XLPE armoured cable as per IEC 62067,FR 1C XLPE cable as per IEC 62067,FR XLPE cable,FR cable
RFP_5399,FR 220kV 1C 185 sqmm Cu XLPE armoured cable as per IEC 62067,FR 220kV 185 sqmm armoured cable,FR 185 sqmm cable,185 sqmm cable
RFP_5400,FR 1.1kV 2C 2.5 sqmm Cu XLPE armoured cable as per IEC 60502-1,1.1kV Cu XLPE armoured cable,XLPE armoured cable,armoured cable
RFP_5401,LSZH 1.1kV 3C 70 sqmm Al XLPE armoured cable as per BS 5467,LSZH 3C 70 sqmm cable as per BS 5467,LSZH 70 sqmm cable,70 sqmm cable
RFP_5402,LSZH 300V 2C 1 sqmm Cu XLPE armoured cable as per BS 5308-1,300V 2C 1 sqmm XLPE cable,300V XLPE cable,300V cable
RFP_5403,FRLS 440V 2C 4 sqmm Cu XLPE armoured cable as per IS 694,440V 4 sqmm XLPE armoured cable,440V armoured cable,440V cable
RFP_5404,22kV 1C 50 sqmm Cu XLPE armoured cable as per IEC 60502-2,1C Cu XLPE armoured cable,Cu XLPE cable,Cu cable
RFP_5405,FRLS 500V 16C 1.5 sqmm Cu XLPE armoured cable as per IEC 60502-1,500V 16C 1.5 sqmm Cu cable,16C 1.5 sqmm cable,16C cable
RFP_5406,Fire Survival 1.1kV 2C 25 sqmm Cu XLPE armoured cable as per IEC 60331,25 sqmm Cu armoured cable as per IEC 60331,25 sqmm Cu cable,Cu cable
RFP_5407,1.1kV 6C 1.5 sqmm Cu PVC armoured cable as per IEC 60502-1,6C 1.5 sqmm Cu cable as per IEC 60502-1,1.5 sqmm cable as per IEC 60502-1,1.5 sqmm cable
RFP_5408,FRLS 440V 10C 1 sqmm Cu XLPE armoured cable as per IS 694,440V Cu XLPE armoured cable,440V armoured cable,armoured cable
RFP_5409,FR 1.1kV 6C 6 sqmm Cu PVC armoured cable as per BS 5308,6C 6 sqmm Cu PVC cable,6C Cu cable,Cu cable
RFP_5410,FR 1.1kV 14C 4 sqmm Cu PVC armoured cable as per BS 5308,14C Cu PVC cable as per BS 5308,PVC cable as per BS 5308,cable as per BS 5308
RFP_5411,500V 3C 35 sqmm Cu PVC armoured cable as per IS 694,500V 35 sqmm Cu PVC cable,35 sqmm PVC cable,PVC cable
RFP_5412,LSZH 11kV 3C 70 sqmm Cu XLPE armoured cable as per IEC 60502-1,3C 70 sqmm armoured cable as per IEC 60502-1,70 sqmm armoured cable,armoured cable
RFP_5413,FR 1.1kV 1C 500 sqmm Cu PVC armoured cable as per IEC 60502-1,1C Cu armoured cable as per IEC 60502-1,1C Cu cable,1C cable
RFP_5414,6.6kV 3C 150 sqmm Al XLPE armoured cable as per IEC 60502-1,150 sqmm Al XLPE cable as per IEC 60502-1,XLPE cable as per IEC 60502-1,XLPE cable
RFP_5415,LSZH 500V 19C 4 sqmm Cu XLPE armoured cable as per IS 1554,LSZH 500V 4 sqmm cable as per IS 1554,LSZH 500V cable,LSZH cable
RFP_5416,FR 300V 20C 0.5 sqmm Cu XLPE armoured cable as per BS 5308-1,FR 300V 20C Cu cable,300V Cu cable,Cu cable
RFP_5417,FRLS 300V 20C 1 sqmm Cu XLPE armoured cable as per IEC 60502-1,300V 20C armoured cable as per IEC 60502-1,armoured cable as per IEC 60502-1,armoured cable
RFP_5418,500V 4C 1 sqmm Cu PVC armoured cable as per IS 1554,1 sqmm Cu PVC armoured cable,1 sqmm PVC cable,1 sqmm cable
RFP_5419,FRLS 33kV 3C 240 sqmm Cu XLPE armoured cable as per IS 7098-2,FRLS 3C XLPE armoured cable,FRLS 3C cable,3C cable
RFP_5420,FRLS 440V 27C 1.5 sqmm Cu XLPE armoured cable as per IS 1554,27C 1.5 sqmm XLPE armoured cable,1.5 sqmm armoured cable,1.5 sqmm cable
RFP_5421,LSZH 1.1kV 27C 1.5 sqmm Cu XLPE armoured cable as per IS 1554,LSZH 1.1kV 1.5 sqmm XLPE cable,1.1kV 1.5 sqmm cable,1.1kV cable
RFP_5422,FR 33kV 3C 150 sqmm Cu XLPE armoured cable as per IEC 60502-2,FR 150 sqmm XLPE armoured cable,150 sqmm XLPE cable,150 sqmm cable
RFP_5423,FRLS 1.1kV 2C 2.5 sqmm Cu PVC armoured cable as per IEC 60502-1,2.5 sqmm Cu PVC cable as per IEC 60502-1,Cu PVC cable,Cu cable
RFP_5424,LSZH 600V 4C 4 sqmm Al XLPE armoured cable as per IEC 60502-1,LSZH 600V 4 sqmm XLPE cable,LSZH 4 sqmm cable,4 sqmm cable
RFP_5425,FRLS 300V 1C 1.5 sqmm Cu PVC armoured cable as per BS 5308-1,FRLS 1C Cu armoured cable,FRLS armoured cable,armoured cable
RFP_5426,ZH 66kV 1C 300 sqmm Cu XLPE armoured cable as per IS 7098-3,ZH 1C armoured cable as per IS 7098-3,1C cable as per IS 7098-3,1C cable
RFP_5427,Fire Survival 1.1kV 3C 16 sqmm Cu Mineral (MI) armoured cable as per IEC 60331,Fire Survival 3C 16 sqmm Mineral (MI) cable as per IEC 60331,3C Mineral (MI) cable as per IEC 60331,3C Mineral (MI) cable
RFP_5428,FRLS 300V 1C 0.75 sqmm Cu XLPE armoured cable as per IEC 60502-1,300V Cu armoured cable as per IEC 60502-1,300V armoured cable,armoured cable
RFP_5429,ZH 132kV 1C 240 sqmm Al XLPE armoured cable as per IEC 60840,ZH 132kV XLPE cable as per IEC 60840,ZH 132kV cable,132kV cable
RFP_5430,LSZH 3.3kV 3C 240 sqmm Al XLPE armoured cable as per IEC 60502-1,3.3kV Al XLPE armoured cable,3.3kV Al cable,Al cable
RFP_5431,FR 400kV 1C 800 sqmm Cu XLPE armoured cable as per IEC 62067,FR 1C Cu armoured cable,FR Cu cable,Cu cable
RFP_5432,FR 33kV 1C 400 sqmm Al XLPE armoured cable as per IS 7098-2,FR 33kV Al XLPE cable,FR 33kV cable,33kV cable
RFP_5433,FRLS 1.1kV 2C 16 sqmm Cu XLPE armoured cable as per IEC 60502-1,FRLS 2C XLPE cable as per IEC 60502-1,2C cable as per IEC 60502-1,cable as per IEC 60502-1
RFP_5434,500V 2C 1 sqmm Cu PVC armoured cable as per IEC 60502-1,2C PVC armoured cable as per IEC 60502-1,2C PVC cable,2C cable
RFP_5435,ZH 500V 5C 50 sqmm Cu PVC armoured cable as per IS 694,ZH 500V PVC cable as per IS 694,ZH 500V cable,500V cable
RFP_5436,FRLS 1.1kV 2C 4 sqmm Cu PVC armoured cable as per IS 9968,1.1kV 2C Cu armoured cable,1.1kV Cu cable,1.1kV cable
RFP_5437,Fire Survival 440V 3C 4 sqmm Cu XLPE armoured cable as per IEC 60331,Fire Survival 440V 3C 4 sqmm cable,440V 3C cable,3C cable
RFP_5438,FRLS 6.6kV 1C 70 sqmm Cu EPR armoured cable as per IS 7098-1,FRLS 6.6kV EPR armoured cable,FRLS EPR cable,FRLS cable
RFP_5439,LSZH 500V 14C 1 sqmm Cu XLPE armoured cable as per IEC 60502-1,14C 1 sqmm XLPE armoured cable,14C 1 sqmm cable,1 sqmm cable
RFP_5440,LSZH 110kV 1C 240 sqmm Al XLPE armoured cable as per IEC 60840,LSZH 240 sqmm Al cable as per IEC 60840,LSZH cable as per IEC 60840,LSZH cable
RFP_5441,FRLS 400kV 1C 630 sqmm Cu XLPE armoured cable as per IEC 62067,1C Cu XLPE cable as per IEC 62067,XLPE cable as per IEC 62067,cable as per IEC 62067
RFP_5442,FR 1.1kV 24C 2.5 sqmm Cu XLPE armoured cable as per BS 5308-1,FR 24C 2.5 sqmm cable as per BS 5308-1,FR cable as per BS 5308-1,FR cable
RFP_5443,ZH 110kV 1C 400 sqmm Cu XLPE armoured cable as per IEC 60840,1C Cu XLPE armoured cable,1C XLPE cable,1C cable
RFP_5444,ZH 110kV 1C 1000 sqmm Cu XLPE armoured cable as per IEC 60840,110kV 1C armoured cable as per IEC 60840,110kV cable as per IEC 60840,110kV cable
RFP_5445,FR 132kV 1C 800 sqmm Cu XLPE armoured cable as per IEC 60840,FR 800 sqmm XLPE cable as per IEC 60840,800 sqmm XLPE cable,800 sqmm cable
RFP_5446,LSZH 440V 3C 16 sqmm Cu XLPE armoured cable as per IS 694,440V 16 sqmm Cu XLPE cable,Cu XLPE cable,Cu cable
RFP_5447,FR 300V 20C 1.5 sqmm Cu XLPE armoured cable as per BS 5308-1,20C 1.5 sqmm Cu cable as per BS 5308-1,1.5 sqmm cable as per BS 5308-1,1.5 sqmm cable
RFP_5448,300V 10C 1 sqmm Cu PVC armoured cable as per BS 5308-1,300V 1 sqmm PVC cable as per BS 5308-1,1 sqmm cable as per BS 5308-1,cable as per BS 5308-1
RFP_5449,Fire Survival 440V 2C 10 sqmm Cu XLPE armoured cable as per BS 6387,440V Cu XLPE armoured cable,Cu XLPE cable,Cu cable
RFP_5450,ZH 66kV 1C 400 sqmm Al XLPE armoured cable as per IS 7098-3,66kV 1C armoured cable as per IS 7098-3,66kV 1C cable,66kV cable
RFP_5451,FR 300V 20C 1.5 sqmm Cu PVC armoured cable as per BS 5308-1,300V Cu armoured cable as per BS 5308-1,300V Cu cable,300V cable
RFP_5452,FRLS 440V 3C 1.5 sqmm Cu PVC armoured cable as per IEC 60245,440V 3C 1.5 sqmm Cu cable,3C 1.5 sqmm cable,1.5 sqmm cable
RFP_5453,LSZH 440V 30C 1.5 sqmm Cu PVC armoured cable as per IS 1554,LSZH 30C Cu armoured cable,30C Cu cable,Cu cable
RFP_5454,ZH 110kV 1C 500 sqmm Cu XLPE armoured cable as per IEC 60840,ZH 500 sqmm Cu cable as per IEC 60840,ZH 500 sqmm cable,500 sqmm cable
RFP_5455,22kV 1C 95 sqmm Cu XLPE armoured cable as per IEC 60502-2,22kV 1C 95 sqmm Cu cable,1C 95 sqmm cable,1C cable
RFP_5456,FRLS 300V 8C 0.75 sqmm Cu PVC armoured cable as per IEC 60502-1,FRLS 8C Cu cable as per IEC 60502-1,FRLS cable as per IEC 60502-1,cable as per IEC 60502-1
RFP_5457,LSZH 500V 14C 1.5 sqmm Cu XLPE armoured cable as per IEC 60502-1,14C 1.5 sqmm XLPE cable as per IEC 60502-1,14C XLPE cable,14C cable
RFP_5458,ZH 220kV 1C 300 sqmm Cu XLPE armoured cable as per IEC 62067,300 sqmm Cu XLPE cable as per IEC 62067,Cu XLPE cable,Cu cable
RFP_5459,FR 500V 12C 1.5 sqmm Cu XLPE armoured cable as per IEC 60502-1,1.5 sqmm Cu XLPE armoured cable,Cu armoured cable,Cu cable
RFP_5460,Fire Survival 440V 1C 2.5 sqmm Cu Mineral (MI) armoured cable as per IEC 60331,Fire Survival 1C 2.5 sqmm Cu Mineral (MI) cable,1C 2.5 sqmm Mineral (MI) cable,1C Mineral (MI) cable
RFP_5461,FRLS 500V 6C 2.5 sqmm Cu XLPE armoured cable as per IEC 60502-1,6C 2.5 sqmm Cu XLPE cable,2.5 sqmm Cu cable,Cu cable
RFP_5462,FR 500V 12C 4 sqmm Cu PVC armoured cable as per IS 1554,FR 500V 12C armoured cable,500V 12C cable,12C cable
RFP_5463,LSZH 11kV 3C 300 sqmm Al XLPE armoured cable as per IEC 60502-1,LSZH 11kV 300 sqmm cable as per IEC 60502-1,300 sqmm cable as per IEC 60502-1,300 sqmm cable
RFP_5464,FRLS 440V 30C 4 sqmm Cu XLPE armoured cable as per IS 1554,440V Cu armoured cable as per IS 1554,Cu cable as per IS 1554,cable as per IS 1554
RFP_5465,Fire Survival 440V 3C 2.5 sqmm Cu XLPE armoured cable as per IEC 60331,440V 2.5 sqmm XLPE cable as per IEC 60331,440V XLPE cable,440V cable
RFP_5466,LSZH 400kV 1C 500 sqmm Cu XLPE armoured cable as per IEC 62067,1C 500 sqmm XLPE armoured cable,500 sqmm armoured cable,500 sqmm cable
RFP_5467,FRLS 33kV 1C 70 sqmm Cu XLPE armoured cable as per IEC 60502-2,33kV 1C armoured cable as per IEC 60502-2,33kV 1C cable,1C cable
RFP_5468,300V 24C 0.5 sqmm Cu PVC armoured cable as per BS 5308-1,0.5 sqmm Cu armoured cable as per BS 5308-1,Cu armoured cable,Cu cable
RFP_5469,FR 1.1kV 24C 4 sqmm Cu XLPE armoured cable as per IS 1554,FR Cu XLPE armoured cable,Cu XLPE cable,XLPE cable
RFP_5470,FR 1.1kV 3C 4 sqmm Cu PVC armoured cable as per IS 1554,1.1kV 3C armoured cable as per IS 1554,1.1kV cable as per IS 1554,1.1kV cable
RFP_5471,LSZH 440V 4C 1 sqmm Cu XLPE armoured cable as per IS 694,LSZH XLPE armoured cable as per IS 694,LSZH cable as per IS 694,cable as per IS 694
RFP_5472,FRLS 440V 12C 4 sqmm Cu XLPE armoured cable as per IS 1554,FRLS Cu armoured cable as per IS 1554,FRLS Cu cable,FRLS cable
RFP_5473,LSZH 500V 3.5C 400 sqmm Al XLPE armoured cable as per IEC 60502-1,3.5C Al armoured cable as per IEC 60502-1,3. armoured cable as per IEC 60502-1,3. armoured cable
RFP_5474,300V 10C 0.5 sqmm Cu PVC armoured cable as per BS 5308-1,0.5 sqmm Cu PVC cable as per BS 5308-1,0.5 sqmm PVC cable,0.5 sqmm cable
RFP_5475,FRLS 440V 16C 6 sqmm Cu PVC armoured cable as per IS 1554,FRLS 440V Cu PVC cable,440V Cu cable,440V cable
RFP_5476,FRLS 500V 1C 6 sqmm Cu PVC armoured cable as per IS 694,500V Cu PVC cable as per IS 694,Cu cable as per IS 694,cable as per IS 694
RFP_5477,LSZH 1.1kV 8C 2.5 sqmm Cu XLPE armoured cable as per IEC 60502-1,1.1kV 8C XLPE armoured cable,1.1kV armoured cable,armoured cable
RFP_5478,500V 8C 1.5 sqmm Cu XLPE armoured cable as per IEC 60502-1,500V 8C 1.5 sqmm cable as per IEC 60502-1,1.5 sqmm cable as per IEC 60502-1,cable as per IEC 60502-1
RFP_5479,FR 600V 4C 300 sqmm Cu XLPE armoured cable as per IEC 60502-1,600V 300 sqmm XLPE cable as per IEC 60502-1,600V XLPE cable,600V cable
RFP_5480,LSZH 300V 12C 1.5 sqmm Cu PVC armoured cable as per IEC 60502-1,300V PVC armoured cable as per IEC 60502-1,PVC armoured cable,armoured cable
RFP_5481,LSZH 3.3kV 3C 50 sqmm Cu XLPE armoured cable as per IS 7098-1,3C 50 sqmm XLPE cable as per IS 7098-1,3C cable as per IS 7098-1,cable as per IS 7098-1
RFP_5482,FRLS 500V 12C 1 sqmm Cu XLPE armoured cable as per IEC 60502-1,FRLS 1 sqmm XLPE armoured cable,1 sqmm XLPE cable,XLPE cable
RFP_5483,FR 11kV 3C 120 sqmm Cu EPR armoured cable as per IEC 60502-1,3C Cu EPR armoured cable,3C armoured cable,armoured cable
RFP_5484,FRLS 132kV 1C 300 sqmm Cu XLPE armoured cable as per IEC 60840,FRLS 300 sqmm Cu XLPE cable,Cu XLPE cable,XLPE cable
RFP_5485,440V 3C 240 sqmm Cu PVC armoured cable as per IEC 60502-1,440V 3C 240 sqmm cable as per IEC 60502-1,440V cable as per IEC 60502-1,440V cable
RFP_5486,FRLS 1.1kV 8C 2.5 sqmm Cu PVC armoured cable as per BS 5308,8C Cu armoured cable as per BS 5308,armoured cable as per BS 5308,armoured cable
RFP_5487,Fire Survival 1.1kV 4C 25 sqmm Cu XLPE armoured cable as per IS 17048,Fire Survival 25 sqmm armoured cable as per IS 17048,25 sqmm armoured cable,25 sqmm cable
RFP_5488,LSZH 500V 3.5C 1.5 sqmm Al PVC armoured cable as per IEC 60502-1,500V 3. 1.5 sqmm Al PVC cable,500V 3. Al cable,3. Al cable
RFP_5489,3.3kV 3C 95 sqmm Al XLPE armoured cable as per IEC 60502-1,3.3kV 95 sqmm Al armoured cable,95 sqmm armoured cable,95 sqmm cable
RFP_5490,Fire Survival 440V 2C 95 sqmm Cu Mineral (MI) armoured cable as per IEC 60331,Fire Survival 440V 2C Cu Mineral (MI) cable,Fire Survival 440V Mineral (MI) cable,Fire Survival Mineral (MI) cable
RFP_5491,ZH 11kV 1C 150 sqmm Cu XLPE armoured cable as per IEC 60502-1,11kV 1C Cu cable as per IEC 60502-1,11kV 1C cable,1C cable
RFP_5492,LSZH 1.1kV 12C 2.5 sqmm Cu PVC armoured cable as per IS 1554,1.1kV 2.5 sqmm PVC cable as per IS 1554,PVC cable as per IS 1554,PVC cable
RFP_5493,FRLS 110kV 1C 1000 sqmm Al XLPE armoured cable as per IEC 60840,FRLS 110kV XLPE cable as per IEC 60840,110kV cable as per IEC 60840,110kV cable
RFP_5494,FRLS 440V 30C 2.5 sqmm Cu XLPE armoured cable as per IS 694,FRLS 440V 2.5 sqmm armoured cable,440V 2.5 sqmm cable,440V cable
RFP_5495,440V 4C 10 sqmm Al XLPE armoured cable as per IEC 60502-1,440V XLPE armoured cable as per IEC 60502-1,XLPE armoured cable,armoured cable
RFP_5496,FR 440V 3C 6 sqmm Cu PVC armoured cable as per IS 1554,FR 440V 6 sqmm PVC cable,440V PVC cable,PVC cable
RFP_5497,LSZH 300V 6C 1 sqmm Cu PVC armoured cable as per IEC 60502-1,LSZH 300V PVC armoured cable,PVC armoured cable,armoured cable
RFP_5498,300V 10C 2.5 sqmm Cu XLPE armoured cable as per BS 5308-1,10C XLPE armoured cable as per BS 5308-1,10C armoured cable,armoured cable
RFP_5499,FR 500V 19C 1 sqmm Cu PVC armoured cable as per IS 1554,500V 1 sqmm armoured cable as per IS 1554,500V cable as per IS 1554,cable as per IS 1554
RFP_5500,LSZH 11kV 1C 150 sqmm Al XLPE armoured cable as per IEC 60502-1,LSZH 1C 150 sqmm XLPE cable,LSZH 150 sqmm cable,150 sqmm cable
RFP_5501,LSZH 500V 5C 25 sqmm Cu PVC armoured cable as per IS 694,5C Cu PVC cable as per IS 694,Cu cable as per IS 694,Cu cable
RFP_5502,110kV 1C 800 sqmm Cu XLPE armoured cable as per IEC 60840,800 sqmm Cu armoured cable as per IEC 60840,800 sqmm cable as per IEC 60840,800 sqmm cable
RFP_5503,FR 500V 2C 1 sqmm Cu PVC armoured cable as per IS 694,500V 2C Cu cable as per IS 694,2C cable as per IS 694,2C cable
RFP_5504,FR 500V 12C 4 sqmm Cu PVC armoured cable as per IEC 60502-1,FR 500V Cu armoured cable,FR Cu cable,FR cable
RFP_5505,300V 12C 0.75 sqmm Cu PVC armoured cable as per BS 5308-1,300V 0.75 sqmm Cu PVC cable,Cu PVC cable,Cu cable
RFP_5506,ZH 132kV 1C 300 sqmm Cu XLPE armoured cable as per IEC 60840,1C XLPE armoured cable as per IEC 60840,1C armoured cable,armoured cable
RFP_5507,300V 6C 2.5 sqmm Cu PVC armoured cable as per IEC 60502-1,300V 6C Cu cable as per IEC 60502-1,Cu cable as per IEC 60502-1,Cu cable
RFP_5508,FRLS 1.1kV 8C 1.5 sqmm Cu XLPE armoured cable as per IEC 60502-1,FRLS 1.1kV 8C armoured cable,1.1kV armoured cable,armoured cable
RFP_5509,Fire Survival 440V 4C 120 sqmm Cu Mineral (MI) armoured cable as per IEC 60331,Fire Survival 120 sqmm Mineral (MI) armoured cable as per IEC 60331,120 sqmm Mineral (MI) armoured cable,Mineral (MI) armoured cable
RFP_5510,440V 8C 4 sqmm Cu PVC armoured cable as per IS 694,8C 4 sqmm Cu PVC cable,8C 4 sqmm cable,8C cable
RFP_5511,FRLS 500V 14C 1 sqmm Cu PVC armoured cable as per IEC 60502-1,FRLS 14C PVC armoured cable,FRLS armoured cable,FRLS cable
RFP_5512,FRLS 1.1kV 3C 10 sqmm Al XLPE armoured cable as per IEC 60502-1,FRLS 10 sqmm Al cable as per IEC 60502-1,10 sqmm Al cable,10 sqmm cable
RFP_5513,LSZH 22kV 1C 50 sqmm Cu XLPE armoured cable as per IS 7098-2,LSZH 22kV 1C XLPE cable,LSZH 1C cable,1C cable
RFP_5514,FRLS 500V 2C 6 sqmm Cu PVC armoured cable as per IS 1554,500V 6 sqmm armoured cable as per IS 1554,500V armoured cable,armoured cable
RFP_5515,FR 33kV 3C 185 sqmm Cu XLPE armoured cable as per IEC 60502-2,3C 185 sqmm Cu armoured cable,3C 185 sqmm cable,3C cable
RFP_5516,LSZH 440V 3C 2.5 sqmm Cu PVC armoured cable as per IS 694,440V 3C armoured cable as per IS 694,440V cable as per IS 694,cable as per IS 694
RFP_5517,LSZH 300V 8C 1.5 sqmm Cu PVC armoured cable as per IEC 60502-1,LSZH 1.5 sqmm Cu armoured cable,LSZH 1.5 sqmm cable,LSZH cable
RFP_5518,LSZH 300V 12C 0.75 sqmm Cu XLPE armoured cable as per BS 5308-1,LSZH 300V 12C Cu cable,300V Cu cable,300V cable
RFP_5519,11kV 1C 185 sqmm Al EPR armoured cable as per IS 7098-1,1C 185 sqmm Al cable as per IS 7098-1,185 sqmm cable as per IS 7098-1,cable as per IS 7098-1
RFP_5520,ZH 132kV 1C 240 sqmm Al XLPE armoured cable as per IEC 60840,ZH 132kV XLPE cable as per IEC 60840,ZH XLPE cable,ZH cable
RFP_5521,FR 1.1kV 14C 1 sqmm Cu PVC armoured cable as per IS 1554,1.1kV Cu armoured cable as per IS 1554,armoured cable as per IS 1554,cable as per IS 1554
RFP_5522,FR 1.1kV 8C 1.5 sqmm Cu XLPE armoured cable as per IEC 60502-1,1.1kV 1.5 sqmm Cu XLPE cable,1.5 sqmm Cu cable,1.5 sqmm cable
RFP_5523,ZH 220kV 1C 800 sqmm Cu XLPE armoured cable as per IEC 62067,220kV Cu XLPE armoured cable,220kV armoured cable,220kV cable
RFP_5524,FRLS 1.1kV 2C 1 sqmm Cu PVC armoured cable as per IEC 60502-1,FRLS 1.1kV 2C armoured cable,2C armoured cable,2C cable
RFP_5525,FRLS 300V 24C 1 sqmm Cu PVC armoured cable as per IEC 60502-1,300V 1 sqmm PVC cable as per IEC 60502-1,300V cable as per IEC 60502-1,300V cable
RFP_5526,500V 10C 1.5 sqmm Cu XLPE armoured cable as per IEC 60502-1,10C XLPE armoured cable as per IEC 60502-1,10C XLPE cable,XLPE cable
RFP_5527,FRLS 220kV 1C 185 sqmm Al XLPE armoured cable as per IEC 62067,FRLS 220kV 1C XLPE cable,FRLS 220kV cable,220kV cable
RFP_5528,FR 600V 3C 95 sqmm Al XLPE armoured cable as per IS 694,FR 95 sqmm XLPE armoured cable,XLPE armoured cable,XLPE cable
RFP_5529,ZH 600V 3.5C 10 sqmm Cu PVC armoured cable as per IEC 60502-1,ZH 600V 3. Cu armoured cable,600V 3. armoured cable,3. armoured cable
RFP_5530,ZH 110kV 1C 300 sqmm Al XLPE armoured cable as per IEC 60840,ZH Al armoured cable as per IEC 60840,armoured cable as per IEC 60840,cable as per IEC 60840
RFP_5531,FRLS 500V 3.5C 1000 sqmm Cu XLPE armoured cable as per IEC 60502-1,500V 3.5C XLPE cable as per IEC 60502-1,3.5C cable as per IEC 60502-1,3. cable as per IEC 60502-1
RFP_5532,FRLS 440V 19C 6 sqmm Cu PVC armoured cable as per IS 694,FRLS 440V 6 sqmm armoured cable,FRLS 6 sqmm cable,FRLS cable
RFP_5533,FRLS 500V 24C 2.5 sqmm Cu XLPE armoured cable as per IEC 60502-1,2.5 sqmm XLPE armoured cable as per IEC 60502-1,XLPE cable as per IEC 60502-1,cable as per IEC 60502-1
RFP_5534,FR 600V 2C 35 sqmm Cu PVC armoured cable as per IEC 60502-1,600V 2C Cu cable as per IEC 60502-1,600V 2C cable,600V cable
RFP_5535,LSZH 1.1kV 16C 4 sqmm Cu XLPE armoured cable as per IEC 60502-1,1.1kV 16C Cu XLPE cable,16C Cu cable,Cu cable
RFP_5536,FRLS 500V 12C 0.75 sqmm Cu PVC armoured cable as per IEC 60502-1,12C PVC armoured cable as per IEC 60502-1,armoured cable as per IEC 60502-1,cable as per IEC 60502-1
RFP_5537,6.6kV 1C 240 sqmm Cu EPR armoured cable as per IEC 60502-1,6.6kV 1C 240 sqmm EPR cable,6.6kV 240 sqmm cable,6.6kV cable
RFP_5538,LSZH 440V 10C 2.5 sqmm Cu PVC armoured cable as per IS 1554,LSZH Cu PVC armoured cable,Cu PVC cable,Cu cable
RFP_5539,FR 1.1kV 1C 0.75 sqmm Cu XLPE armoured cable as per IEC 60502-1,FR 1C armoured cable as per IEC 60502-1,FR 1C cable,FR cable
RFP_5540,500V 2C 10 sqmm Cu PVC armoured cable as per IEC 60245,2C 10 sqmm Cu PVC cable,2C Cu cable,2C cable
RFP_5541,LSZH 300V 4C 0.5 sqmm Cu XLPE armoured cable as per IEC 60502-1,LSZH 300V 4C armoured cable,LSZH armoured cable,LSZH cable
RFP_5542,500V 3C 0.75 sqmm Cu PVC armoured cable as per IS 694,500V 0.75 sqmm armoured cable as per IS 694,0.75 sqmm cable as per IS 694,cable as per IS 694
RFP_5543,LSZH 1.1kV 4C 25 sqmm Cu XLPE armoured cable as per IS 9968,LSZH 4C Cu armoured cable,4C armoured cable,armoured cable
RFP_5544,500V 6C 0.75 sqmm Cu XLPE armoured cable as per IEC 60502-1,500V 6C Cu XLPE cable,500V Cu cable,500V cable
RFP_5545,LSZH 6.6kV 3C 150 sqmm Al XLPE armoured cable as per IS 7098-1,6.6kV 3C 150 sqmm cable as per IS 7098-1,6.6kV cable as per IS 7098-1,cable as per IS 7098-1
RFP_5546,600V 3.5C 16 sqmm Al XLPE armoured cable as per IEC 60502-1,600V 3.5C 16 sqmm armoured cable,600V 3. armoured cable,600V 3. cable
RFP_5547,FRLS 500V 4C 1.5 sqmm Cu PVC armoured cable as per IEC 60502-1,FRLS 1.5 sqmm PVC armoured cable,FRLS 1.5 sqmm cable,FRLS cable
RFP_5548,FR 1.1kV 10C 1.5 sqmm Cu PVC armoured cable as per IEC 60502-1,FR 10C 1.5 sqmm armoured cable,10C armoured cable,10C cable
RFP_5549,FR 500V 3.5C 400 sqmm Al PVC armoured cable as per IEC 60502-1,500V 3.5C 400 sqmm cable as per IEC 60502-1,3.5C 400 sqmm cable,3.5C cable
RFP_5550,FR 500V 30C 4 sqmm Cu XLPE armoured cable as per IEC 60502-1,4 sqmm Cu armoured cable as per IEC 60502-1,armoured cable as per IEC 60502-1,cable as per IEC 60502-1
RFP_5551,FRLS 1.1kV 4C 10 sqmm Cu XLPE armoured cable as per IS 9968,FRLS 4C 10 sqmm Cu cable,FRLS 10 sqmm cable,FRLS cable
RFP_5552,Fire Survival 440V 3C 6 sqmm Cu Mineral (MI) armoured cable as per IEC 60331,Fire Survival 440V 6 sqmm Cu Mineral (MI) cable,Fire Survival 6 sqmm Mineral (MI) cable,6 sqmm Mineral (MI) cable
RFP_5553,600V 3C 70 sqmm Al PVC armoured cable as per IS 694,Al PVC armoured cable as per IS 694,armoured cable as per IS 694,cable as per IS 694
RFP_5554,FRLS 500V 20C 1.5 sqmm Cu XLPE armoured cable as per IEC 60502-1,500V 1.5 sqmm armoured cable as per IEC 60502-1,500V cable as per IEC 60502-1,cable as per IEC 60502-1
RFP_5555,LSZH 500V 27C 4 sqmm Cu XLPE armoured cable as per IS 1554,500V 27C Cu armoured cable,27C armoured cable,armoured cable
RFP_5556,LSZH 6.6kV 3C 50 sqmm Cu XLPE armoured cable as per IS 7098-1,3C Cu XLPE armoured cable,3C XLPE cable,XLPE cable
RFP_5557,Fire Survival 440V 2C 6 sqmm Cu Mineral (MI) armoured cable as per IEC 60331,Fire Survival 2C 6 sqmm Mineral (MI) cable as per IEC 60331,2C Mineral (MI) cable as per IEC 60331,Mineral (MI) cable as per IEC 60331
RFP_5558,FR 400kV 1C 1000 sqmm Al XLPE armoured cable as per IEC 62067,FR XLPE armoured cable as per IEC 62067,FR armoured cable,FR cable
RFP_5559,300V 4C 1.5 sqmm Cu XLPE armoured cable as per IEC 60502-1,300V Cu XLPE armoured cable,Cu armoured cable,armoured cable
RFP_5560,FRLS 440V 24C 6 sqmm Cu XLPE armoured cable as per IS 1554,24C Cu XLPE cable as per IS 1554,Cu XLPE cable,Cu cable
RFP_5561,LSZH 500V 2C 240 sqmm Al PVC armoured cable as per IS 694,LSZH 500V 2C 240 sqmm cable,500V 240 sqmm cable,500V cable
RFP_5562,LSZH 400kV 1C 240 sqmm Al XLPE armoured cable as per IEC 62067,LSZH 240 sqmm Al cable as per IEC 62067,240 sqmm cable as per IEC 62067,cable as per IEC 62067
RFP_5563,FR 400kV 1C 240 sqmm Cu XLPE armoured cable as per IEC 62067,1C Cu XLPE armoured cable,1C Cu cable,Cu cable
RFP_5564,FR 110kV 1C 300 sqmm Al XLPE armoured cable as per IEC 60840,FR 110kV 300 sqmm XLPE cable,FR 300 sqmm cable,300 sqmm cable
RFP_5565,FRLS 440V 3C 10 sqmm Al XLPE armoured cable as per IS 694,FRLS 3C 10 sqmm cable as per IS 694,FRLS cable as per IS 694,cable as per IS 694
RFP_5566,3.3kV 1C 50 sqmm Cu EPR armoured cable as per IEC 60502-1,1C Cu armoured cable as per IEC 60502-1,1C armoured cable,armoured cable
RFP_5567,FR 1.1kV 4C 0.75 sqmm Cu XLPE armoured cable as per BS 5308-1,FR Cu XLPE armoured cable,XLPE armoured cable,armoured cable
RFP_5568,FR 1.1kV 24C 4 sqmm Cu XLPE armoured cable as per IS 1554,FR 24C armoured cable as per IS 1554,FR 24C cable,24C cable
RFP_5569,FR 1.1kV 2C 1.5 sqmm Cu PVC armoured cable as per IS 9968,FR 2C 1.5 sqmm cable as per IS 9968,2C 1.5 sqmm cable,2C cable
RFP_5570,LSZH 1.1kV 2C 0.75 sqmm Cu PVC armoured cable as per IS 1554,LSZH 0.75 sqmm PVC armoured cable,LSZH 0.75 sqmm cable,LSZH cable
RFP_5571,Fire Survival 1.1kV 4C 4 sqmm Cu XLPE armoured cable as per IEC 60331,1.1kV 4 sqmm Cu XLPE cable,4 sqmm Cu cable,Cu cable
RFP_5572,Fire Survival 1.1kV 3C 6 sqmm Cu Mineral (MI) armoured cable as per IEC 60331,Fire Survival 1.1kV 3C Mineral (MI) armoured cable,1.1kV 3C Mineral (MI) cable,3C Mineral (MI) cable
RFP_5573,FR 300V 2C 2.5 sqmm Cu PVC armoured cable as per BS 5308-1,2.5 sqmm Cu PVC cable as per BS 5308-1,2.5 sqmm cable as per BS 5308-1,2.5 sqmm cable
RFP_5574,FRLS 500V 12C 1.5 sqmm Cu PVC armoured cable as per IEC 60502-1,500V 12C 1.5 sqmm armoured cable,1.5 sqmm armoured cable,armoured cable
RFP_5575,FRLS 600V 1C 4 sqmm Cu XLPE armoured cable as per IEC 60502-1,600V Cu armoured cable as per IEC 60502-1,Cu armoured cable,Cu cable
RFP_5576,33kV 1C 150 sqmm Cu XLPE armoured cable as per IS 7098-2,33kV 1C 150 sqmm cable as per IS 7098-2,150 sqmm cable as per IS 7098-2,150 sqmm cable
RFP_5577,ZH 11kV 1C 50 sqmm Al EPR armoured cable as per IS 7098-1,ZH 50 sqmm Al cable as per IS 7098-1,ZH 50 sqmm cable,ZH cable
RFP_5578,FRLS 1.1kV 16C 1.5 sqmm Cu XLPE armoured cable as per BS 5308-1,16C Cu XLPE armoured cable,Cu armoured cable,armoured cable
RFP_5579,FRLS 1.1kV 6C 0.5 sqmm Cu PVC armoured cable as per IEC 60502-1,FRLS 1.1kV PVC armoured cable,FRLS PVC cable,PVC cable
RFP_5580,Fire Survival 440V 2C 50 sqmm Cu Mineral (MI) armoured cable as per BS 6387,440V 2C Mineral (MI) armoured cable as per BS 6387,2C Mineral (MI) cable as per BS 6387,2C Mineral (MI) cable
RFP_5581,FR 500V 2C 1 sqmm Cu XLPE armoured cable as per IEC 60502-1,500V 2C 1 sqmm Cu cable,2C Cu cable,Cu cable
RFP_5582,FR 440V 2C 1 sqmm Cu PVC armoured cable as per IS 694,2C 1 sqmm Cu PVC cable,2C PVC cable,2C cable
RFP_5583,FRLS 500V 14C 2.5 sqmm Cu PVC armoured cable as per IS 1554,FRLS 2.5 sqmm Cu PVC cable,2.5 sqmm PVC cable,PVC cable
RFP_5584,1.1kV 4C 6 sqmm Cu XLPE armoured cable as per IEC 60502-1,6 sqmm Cu XLPE cable as per IEC 60502-1,Cu XLPE cable,Cu cable
RFP_5585,1.1kV 6C 4 sqmm Cu XLPE armoured cable as per IEC 60502-1,6C Cu XLPE cable as per IEC 60502-1,6C Cu cable,Cu cable
RFP_5586,ZH 11kV 1C 400 sqmm Cu EPR armoured cable as per IS 7098-1,11kV 1C Cu EPR cable,1C Cu cable,Cu cable
RFP_5587,440V 3C 1.5 sqmm Cu XLPE armoured cable as per IS 1554,440V 3C Cu cable as per IS 1554,Cu cable as per IS 1554,Cu cable
RFP_5588,FR 220kV 1C 240 sqmm Cu XLPE armoured cable as per IEC 62067,FR 240 sqmm armoured cable as per IEC 62067,armoured cable as per IEC 62067,cable as per IEC 62067
RFP_5589,FR 600V 4C 35 sqmm Al PVC armoured cable as per IEC 60502-1,600V 35 sqmm PVC armoured cable,PVC armoured cable,PVC cable
RFP_5590,FR 33kV 1C 300 sqmm Cu XLPE armoured cable as per IEC 60502-2,FR 1C Cu cable as per IEC 60502-2,1C Cu cable,Cu cable
RFP_5591,300V 24C 1.5 sqmm Cu XLPE armoured cable as per BS 5308-1,300V 1.5 sqmm Cu XLPE cable,1.5 sqmm XLPE cable,1.5 sqmm cable
RFP_5592,LSZH 1.1kV 1C 1.5 sqmm Cu XLPE armoured cable as per BS 5308-1,LSZH 1.5 sqmm Cu cable as per BS 5308-1,1.5 sqmm cable as per BS 5308-1,cable as per BS 5308-1
RFP_5593,FR 500V 6C 1 sqmm Cu XLPE armoured cable as per BS 5308-1,FR 6C 1 sqmm cable as per BS 5308-1,6C cable as per BS 5308-1,6C cable
RFP_5594,LSZH 500V 27C 1.5 sqmm Cu XLPE armoured cable as per IS 1554,500V 1.5 sqmm XLPE cable as per IS 1554,500V XLPE cable,XLPE cable
RFP_5595,FR 300V 1C 1.5 sqmm Cu XLPE armoured cable as per IEC 60502-1,1C XLPE armoured cable as per IEC 60502-1,1C XLPE cable,XLPE cable
RFP_5596,500V 27C 1 sqmm Cu XLPE armoured cable as per IEC 60502-1,500V Cu armoured cable as per IEC 60502-1,500V Cu cable,500V cable
RFP_5597,LSZH 1.1kV 8C 1.5 sqmm Cu PVC armoured cable as per IEC 60502-1,1.1kV Cu armoured cable as per IEC 60502-1,1.1kV Cu cable,1.1kV cable
RFP_5598,FRLS 440V 27C 1.5 sqmm Cu PVC armoured cable as per IS 1554,FRLS 1.5 sqmm armoured cable as per IS 1554,armoured cable as per IS 1554,armoured cable
RFP_5599,500V 6C 1 sqmm Cu XLPE armoured cable as per BS 5308-1,6C Cu XLPE cable as per BS 5308-1,XLPE cable as per BS 5308-1,XLPE cable
RFP_5600,ZH 6.6kV 3C 120 sqmm Cu XLPE armoured cable as per IEC 60502-1,6.6kV Cu XLPE cable as per IEC 60502-1,6.6kV cable as per IEC 60502-1,cable as per IEC 60502-1
RFP_5601,LSZH 132kV 1C 800 sqmm Cu XLPE armoured cable as per IEC 60840,800 sqmm Cu XLPE cable as per IEC 60840,800 sqmm cable as per IEC 60840,800 sqmm cable
RFP_5602,LSZH 440V 16C 6 sqmm Cu PVC armoured cable as per IS 1554,LSZH Cu PVC cable as per IS 1554,Cu PVC cable,Cu cable
RFP_5603,LSZH 1.1kV 1C 1 sqmm Cu XLPE armoured cable as per BS 5308-1,LSZH 1.1kV 1C XLPE cable,1C XLPE cable,XLPE cable
RFP_5604,FR 66kV 1C 1000 sqmm Cu XLPE armoured cable as per IEC 60840,66kV 1000 sqmm Cu XLPE cable,66kV 1000 sqmm cable,66kV cable
RFP_5605,440V 2C 2.5 sqmm Cu XLPE armoured cable as per IS 694,2C Cu XLPE armoured cable,Cu XLPE cable,XLPE cable
RFP_5606,300V 6C 0.75 sqmm Cu XLPE armoured cable as per IEC 60502-1,6C 0.75 sqmm armoured cable as per IEC 60502-1,armoured cable as per IEC 60502-1,cable as per IEC 60502-1
RFP_5607,400kV 1C 500 sqmm Cu XLPE armoured cable as per IEC 62067,400kV 500 sqmm XLPE cable as per IEC 62067,500 sqmm cable as per IEC 62067,500 sqmm cable
RFP_5608,500V 27C 1.5 sqmm Cu XLPE armoured cable as per IEC 60502-1,27C 1.5 sqmm Cu armoured cable,1.5 sqmm Cu cable,1.5 sqmm cable
RFP_5609,3.3kV 3C 400 sqmm Al EPR armoured cable as per IS 7098-1,3.3kV 400 sqmm Al cable as per IS 7098-1,3.3kV 400 sqmm cable,3.3kV cable
RFP_5610,LSZH 440V 6C 6 sqmm Cu PVC armoured cable as per IS 1554,LSZH 6 sqmm Cu armoured cable,LSZH armoured cable,LSZH cable
RFP_5611,FRLS 1.1kV 24C 4 sqmm Cu PVC armoured cable as per IEC 60502-1,FRLS 4 sqmm Cu armoured cable,FRLS Cu cable,FRLS cable
RFP_5612,1.1kV 14C 1 sqmm Cu XLPE armoured cable as per BS 5308,1.1kV 1 sqmm Cu XLPE cable,1 sqmm Cu cable,1 sqmm cable
RFP_5613,1.1kV 19C 1 sqmm Cu PVC armoured cable as per BS 5308,19C PVC armoured cable as per BS 5308,19C cable as per BS 5308,19C cable
RFP_5614,FRLS 400kV 1C 1000 sqmm Al XLPE armoured cable as per IEC 62067,1C 1000 sqmm XLPE cable as per IEC 62067,XLPE cable as per IEC 62067,cable as per IEC 62067
RFP_5615,LSZH 1.1kV 1C 800 sqmm Al EPR armoured cable as per BS 5467,LSZH 1.1kV 1C EPR cable,LSZH 1C cable,LSZH cable
RFP_5616,22kV 3C 240 sqmm Cu XLPE armoured cable as per IEC 60502-2,22kV 240 sqmm Cu XLPE cable,22kV XLPE cable,22kV cable
RFP_5617,440V 3C 1.5 sqmm Al PVC armoured cable as per IS 694,3C 1.5 sqmm PVC cable as per IS 694,1.5 sqmm cable as per IS 694,1.5 sqmm cable
RFP_5618,LSZH 1.1kV 24C 2.5 sqmm Cu XLPE armoured cable as per IS 1554,2.5 sqmm XLPE armoured cable as per IS 1554,2.5 sqmm XLPE cable,XLPE cable
RFP_5619,FR 22kV 3C 150 sqmm Al XLPE armoured cable as per IEC 60502-2,FR 22kV 3C armoured cable,FR 22kV cable,FR cable
RFP_5620,FR 1.1kV 3C 1 sqmm Cu XLPE armoured cable as per IEC 60502-1,FR 1 sqmm XLPE armoured cable,FR 1 sqmm cable,FR cable
RFP_5621,LSZH 440V 1C 16 sqmm Cu XLPE armoured cable as per IS 694,LSZH 440V 1C armoured cable,440V armoured cable,440V cable
RFP_5622,LSZH 500V 4C 2.5 sqmm Cu PVC armoured cable as per IS 1554,LSZH 4C Cu PVC cable,LSZH PVC cable,LSZH cable
RFP_5623,FR 500V 24C 1 sqmm Cu XLPE armoured cable as per IS 1554,FR 500V armoured cable as per IS 1554,500V armoured cable,500V cable
RFP_5624,Fire Survival 440V 4C 16 sqmm Cu Mineral (MI) armoured cable as per IEC 60331,Fire Survival 440V Mineral (MI) armoured cable as per IEC 60331,Fire Survival Mineral (MI) armoured cable,Mineral (MI) armoured cable
RFP_5625,LSZH 132kV 1C 1000 sqmm Cu XLPE armoured cable as per IEC 60840,LSZH 132kV 1000 sqmm Cu cable,LSZH 132kV cable,LSZH cable
RFP_5626,FR 110kV 1C 800 sqmm Al XLPE armoured cable as per IEC 60840,FR 1C 800 sqmm Al cable,FR 1C cable,1C cable
RFP_5627,LSZH 1.1kV 3C 1.5 sqmm Cu PVC armoured cable as per IS 9968,1.1kV Cu PVC armoured cable,Cu armoured cable,armoured cable
RFP_5628,Fire Survival 1.1kV 4C 25 sqmm Cu Mineral (MI) armoured cable as per IEC 60331,Fire Survival 1.1kV Mineral (MI) armoured cable as per IEC 60331,Fire Survival 1.1kV Mineral (MI) cable,Fire Survival Mineral (MI) cable
RFP_5629,FR 1.1kV 16C 2.5 sqmm Cu PVC armoured cable as per BS 5308-1,1.1kV 2.5 sqmm PVC armoured cable,2.5 sqmm PVC cable,PVC cable
RFP_5630,FR 110kV 1C 240 sqmm Cu XLPE armoured cable as per IEC 60840,FR Cu armoured cable as per IEC 60840,armoured cable as per IEC 60840,armoured cable
RFP_5631,300V 2C 1.5 sqmm Cu XLPE armoured cable as per BS 5308-1,2C Cu armoured cable as per BS 5308-1,2C Cu cable,2C cable
RFP_5632,FR 500V 12C 2.5 sqmm Cu XLPE armoured cable as per IS 1554,12C 2.5 sqmm XLPE cable as per IS 1554,2.5 sqmm XLPE cable,2.5 sqmm cable
RFP_5633,LSZH 33kV 1C 185 sqmm Al XLPE armoured cable as per IS 7098-2,LSZH 1C armoured cable as per IS 7098-2,1C cable as per IS 7098-2,1C cable
RFP_5634,LSZH 500V 3.5C 120 sqmm Cu PVC armoured cable as per IEC 60502-1,LSZH 3.5C Cu PVC cable,LSZH 3.5C cable,3.5C cable
RFP_5635,FRLS 440V 1C 400 sqmm Cu XLPE armoured cable as per IEC 60502-1,FRLS 1C Cu armoured cable,Cu armoured cable,armoured cable
RFP_5636,LSZH 400kV 1C 185 sqmm Al XLPE armoured cable as per IEC 62067,400kV 185 sqmm Al cable as per IEC 62067,400kV 185 sqmm cable,400kV cable
RFP_5637,FRLS 400kV 1C 300 sqmm Al XLPE armoured cable as per IEC 62067,400kV Al XLPE cable as per IEC 62067,400kV Al cable,Al cable
RFP_5638,FR 600V 2C 150 sqmm Al XLPE armoured cable as per IS 694,FR 600V XLPE armoured cable,FR XLPE cable,XLPE cable
RFP_5639,FR 1.1kV 3.5C 70 sqmm Al EPR armoured cable as per IS 1554,1.1kV 3. 70 sqmm Al cable as per IS 1554,3. 70 sqmm Al cable,3. 70 sqmm cable
RFP_5640,500V 2C 25 sqmm Cu PVC armoured cable as per IS 694,500V 2C 25 sqmm PVC cable,2C 25 sqmm cable,2C cable
RFP_5641,ZH 500V 2C 2.5 sqmm Cu PVC armoured cable as per IEC 60245,500V 2C armoured cable as per IEC 60245,2C armoured cable,armoured cable
RFP_5642,Fire Survival 1.1kV 4C 95 sqmm Cu Mineral (MI) armoured cable as per IEC 60331,1.1kV 4C Mineral (MI) armoured cable as per IEC 60331,4C Mineral (MI) cable as per IEC 60331,4C Mineral (MI) cable
RFP_5643,Fire Survival 440V 4C 95 sqmm Cu Mineral (MI) armoured cable as per IEC 60331,Fire Survival 95 sqmm Mineral (MI) armoured cable as per IEC 60331,Mineral (MI) armoured cable as per IEC 60331,Mineral (MI) cable as per IEC 60331
RFP_5644,LSZH 400kV 1C 800 sqmm Cu XLPE armoured cable as per IEC 62067,400kV Cu armoured cable as per IEC 62067,400kV cable as per IEC 62067,400kV cable
RFP_5645,LSZH 440V 30C 1.5 sqmm Cu XLPE armoured cable as per IS 694,440V Cu armoured cable as per IS 694,Cu cable as per IS 694,cable as per IS 694
RFP_5646,FR 400kV 1C 185 sqmm Cu XLPE armoured cable as per IEC 62067,FR 185 sqmm XLPE cable as per IEC 62067,FR cable as per IEC 62067,FR cable
RFP_5647,ZH 400kV 1C 800 sqmm Cu XLPE armoured cable as per IEC 62067,ZH 400kV 800 sqmm XLPE cable,ZH XLPE cable,XLPE cable
RFP_5648,FR 22kV 3C 95 sqmm Al XLPE armoured cable as per IEC 60502-2,FR 22kV Al cable as per IEC 60502-2,FR 22kV cable,FR cable
RFP_5649,Fire Survival 1.1kV 2C 6 sqmm Cu Mineral (MI) armoured cable as per IS 17048,Fire Survival 2C Cu Mineral (MI) cable as per IS 17048,Fire Survival 2C Mineral (MI) cable,2C Mineral (MI) cable
RFP_5650,22kV 1C 70 sqmm Cu XLPE armoured cable as per IS 7098-2,22kV Cu XLPE armoured cable,22kV Cu cable,22kV cable
RFP_5651,FR 500V 20C 2.5 sqmm Cu XLPE armoured cable as per BS 5308-1,FR 20C Cu armoured cable,FR 20C cable,FR cable
RFP_5652,500V 3C 1.5 sqmm Al PVC armoured cable as per IS 1554,500V Al armoured cable as per IS 1554,500V Al cable,Al cable
RFP_5653,ZH 400kV 1C 185 sqmm Al XLPE armoured cable as per IEC 62067,ZH 1C XLPE armoured cable,XLPE armoured cable,armoured cable
RFP_5654,LSZH 22kV 1C 120 sqmm Cu XLPE armoured cable as per IEC 60502-2,22kV 1C Cu XLPE cable,1C Cu cable,1C cable
RFP_5655,LSZH 500V 19C 6 sqmm Cu PVC armoured cable as per IS 1554,LSZH 19C 6 sqmm Cu cable,LSZH 19C cable,LSZH cable
RFP_5656,ZH 1.1kV 4C 25 sqmm Al EPR armoured cable as per IEC 60502-1,ZH 4C 25 sqmm armoured cable,ZH 4C cable,4C cable
RFP_5657,FR 300V 4C 1 sqmm Cu XLPE armoured cable as per IEC 60502-1,FR 300V 1 sqmm Cu cable,300V Cu cable,Cu cable
RFP_5658,LSZH 1.1kV 27C 1 sqmm Cu XLPE armoured cable as per IS 1554,27C 1 sqmm armoured cable as per IS 1554,27C cable as per IS 1554,cable as per IS 1554
RFP_5659,1.1kV 16C 2.5 sqmm Cu XLPE armoured cable as per IEC 60502-1,1.1kV 16C 2.5 sqmm Cu cable,2.5 sqmm Cu cable,Cu cable
RFP_5660,LSZH 132kV 1C 1000 sqmm Cu XLPE armoured cable as per IEC 60840,LSZH 132kV 1000 sqmm XLPE cable,LSZH XLPE cable,LSZH cable
RFP_5661,FR 600V 3.5C 50 sqmm Cu XLPE armoured cable as per IS 694,FR 600V 3.5C cable as per IS 694,FR 600V 3. cable,600V 3. cable
RFP_5662,FRLS 500V 7C 4 sqmm Cu XLPE armoured cable as per IEC 60502-1,500V 4 sqmm Cu cable as per IEC 60502-1,4 sqmm Cu cable,4 sqmm cable
RFP_5663,500V 6C 0.75 sqmm Cu PVC armoured cable as per BS 5308-1,0.75 sqmm Cu PVC cable as per BS 5308-1,PVC cable as per BS 5308-1,cable as per BS 5308-1
RFP_5664,440V 3.5C 300 sqmm Al PVC armoured cable as per IS 1554,440V 3. 300 sqmm PVC armoured cable,3. 300 sqmm PVC cable,3. 300 sqmm cable
RFP_5665,FRLS 300V 24C 0.5 sqmm Cu XLPE armoured cable as per BS 5308-1,0.5 sqmm Cu armoured cable as per BS 5308-1,0.5 sqmm cable as per BS 5308-1,cable as per BS 5308-1
RFP_5666,500V 2C 10 sqmm Cu PVC armoured cable as per IS 694,2C 10 sqmm PVC cable as per IS 694,10 sqmm PVC cable,PVC cable
RFP_5667,ZH 1.1kV 2C 2.5 sqmm Al EPR armoured cable as per IS 1554,1.1kV 2C Al EPR cable,2C EPR cable,EPR cable
RFP_5668,FR 500V 1C 6 sqmm Cu PVC armoured cable as per IS 694,500V 1C 6 sqmm Cu cable,6 sqmm Cu cable,Cu cable
RFP_5669,FR 500V 3.5C 150 sqmm Cu XLPE armoured cable as per IEC 60502-1,FR 500V 3. XLPE cable as per IEC 60502-1,3. XLPE cable as per IEC 60502-1,3. cable as per IEC 60502-1
RFP_5670,Fire Survival 440V 3C 2.5 sqmm Cu XLPE armoured cable as per IEC 60331,Fire Survival 440V 2.5 sqmm Cu cable,440V Cu cable,Cu cable
RFP_5671,LSZH 1.1kV 3C 1.5 sqmm Cu PVC armoured cable as per IEC 60502-1,1.1kV 3C PVC cable as per IEC 60502-1,3C PVC cable,PVC cable
RFP_5672,FR 1.1kV 10C 1 sqmm Cu PVC armoured cable as per IS 1554,FR 1.1kV 10C Cu cable,FR Cu cable,FR cable
RFP_5673,FR 220kV 1C 800 sqmm Al XLPE armoured cable as per IEC 62067,FR 800 sqmm XLPE armoured cable,XLPE armoured cable,XLPE cable
RFP_5674,LSZH 440V 14C 1.5 sqmm Cu XLPE armoured cable as per IS 1554,Cu XLPE armoured cable as per IS 1554,armoured cable as per IS 1554,armoured cable
RFP_5675,FRLS 500V 16C 0.75 sqmm Cu PVC armoured cable as per IEC 60502-1,500V Cu PVC armoured cable,PVC armoured cable,PVC cable
RFP_5676,FRLS 440V 3.5C 70 sqmm Al PVC armoured cable as per IS 1554,3.5C 70 sqmm Al PVC cable,3. Al PVC cable,3. Al cable
RFP_5677,ZH 440V 1C 25 sqmm Cu PVC armoured cable as per IEC 60245,ZH 25 sqmm Cu PVC cable,25 sqmm PVC cable,PVC cable
RFP_5678,FRLS 500V 1C 4 sqmm Al PVC armoured cable as per IS 694,FRLS 500V 1C 4 sqmm cable,500V 1C cable,500V cable
RFP_5679,LSZH 220kV 1C 185 sqmm Cu XLPE armoured cable as per IEC 62067,LSZH 220kV Cu cable as per IEC 62067,Cu cable as per IEC 62067,cable as per IEC 62067
RFP_5680,Fire Survival 1.1kV 3C 70 sqmm Cu XLPE armoured cable as per IEC 60331,3C Cu armoured cable as per IEC 60331,Cu cable as per IEC 60331,Cu cable
RFP_5681,FR 1.1kV 24C 1 sqmm Cu PVC armoured cable as per BS 5308,FR 1.1kV PVC cable as per BS 5308,FR cable as per BS 5308,cable as per BS 5308
RFP_5682,LSZH 1.1kV 4C 4 sqmm Cu PVC armoured cable as per IEC 60502-1,1.1kV 4C Cu cable as per IEC 60502-1,Cu cable as per IEC 60502-1,Cu cable
RFP_5683,ZH 110kV 1C 630 sqmm Al XLPE armoured cable as per IEC 60840,630 sqmm Al armoured cable as per IEC 60840,630 sqmm armoured cable,armoured cable
RFP_5684,LSZH 300V 20C 2.5 sqmm Cu PVC armoured cable as per BS 5308-1,300V Cu armoured cable as per BS 5308-1,300V cable as per BS 5308-1,cable as per BS 5308-1
RFP_5685,LSZH 440V 5C 16 sqmm Cu XLPE armoured cable as per IEC 60245,LSZH 16 sqmm Cu XLPE cable,16 sqmm Cu cable,Cu cable
RFP_5686,FRLS 500V 3.5C 10 sqmm Al XLPE armoured cable as per IEC 60502-1,FRLS 500V 3. XLPE armoured cable,500V 3. armoured cable,3. armoured cable
RFP_5687,ZH 440V 3C 2.5 sqmm Cu XLPE armoured cable as per IEC 60245,440V Cu XLPE cable as per IEC 60245,440V Cu cable,440V cable
RFP_5688,LSZH 600V 4C 35 sqmm Al PVC armoured cable as per IS 694,LSZH 600V 35 sqmm PVC cable,600V PVC cable,PVC cable
RFP_5689,1.1kV 1C 1 sqmm Cu PVC armoured cable as per IEC 60502-1,1 sqmm Cu armoured cable as per IEC 60502-1,1 sqmm Cu cable,1 sqmm cable
RFP_5690,FR 300V 1C 1.5 sqmm Cu XLPE armoured cable as per BS 5308-1,FR 300V 1C XLPE cable,1C XLPE cable,1C cable
RFP_5691,ZH 22kV 1C 150 sqmm Al XLPE armoured cable as per IEC 60502-2,22kV 150 sqmm armoured cable as per IEC 60502-2,150 sqmm cable as per IEC 60502-2,150 sqmm cable
RFP_5692,LSZH 132kV 1C 300 sqmm Cu XLPE armoured cable as per IEC 60840,LSZH 132kV 1C 300 sqmm cable,LSZH 300 sqmm cable,LSZH cable
RFP_5693,300V 24C 2.5 sqmm Cu XLPE armoured cable as per IEC 60502-1,24C XLPE armoured cable as per IEC 60502-1,XLPE cable as per IEC 60502-1,cable as per IEC 60502-1
RFP_5694,FR 300V 8C 1 sqmm Cu PVC armoured cable as per IEC 60502-1,FR 8C 1 sqmm armoured cable,8C armoured cable,armoured cable
RFP_5695,66kV 1C 185 sqmm Cu XLPE armoured cable as per IS 7098-3,66kV 1C XLPE cable as per IS 7098-3,66kV cable as per IS 7098-3,cable as per IS 7098-3
RFP_5696,FR 1.1kV 1C 0.5 sqmm Cu XLPE armoured cable as per BS 5308-1,FR 1.1kV 1C XLPE cable,1.1kV 1C cable,1C cable
RFP_5697,FR 3.3kV 3C 120 sqmm Cu XLPE armoured cable as per IEC 60502-1,3.3kV 3C XLPE armoured cable,3C XLPE cable,XLPE cable
RFP_5698,LSZH 500V 30C 6 sqmm Cu XLPE armoured cable as per IEC 60502-1,6 sqmm Cu XLPE cable as per IEC 60502-1,6 sqmm XLPE cable,6 sqmm cable
RFP_5699,FRLS 1.1kV 10C 4 sqmm Cu XLPE armoured cable as per IS 1554,FRLS 1.1kV 4 sqmm Cu cable,1.1kV Cu cable,1.1kV cable
RFP_5700,FR 1.1kV 1C 2.5 sqmm Cu XLPE armoured cable as per IS 9968,2.5 sqmm Cu XLPE armoured cable,2.5 sqmm armoured cable,armoured cable
RFP_5701,FR 500V 10C 2.5 sqmm Cu XLPE armoured cable as per IEC 60502-1,500V Cu XLPE armoured cable,500V XLPE cable,500V cable
RFP_5702,ZH 440V 1C 25 sqmm Cu PVC armoured cable as per IS 694,ZH Cu PVC armoured cable,Cu PVC cable,PVC cable
RFP_5703,1.1kV 1C 0.5 sqmm Cu XLPE armoured cable as per BS 5308-1,1.1kV 1C 0.5 sqmm armoured cable,1C armoured cable,armoured cable
RFP_5704,440V 8C 1 sqmm Cu PVC armoured cable as per IS 694,8C 1 sqmm PVC armoured cable,1 sqmm PVC cable,1 sqmm cable
RFP_5705,500V 6C 1.5 sqmm Cu XLPE armoured cable as per IS 1554,500V 1.5 sqmm armoured cable as per IS 1554,1.5 sqmm armoured cable,1.5 sqmm cable
RFP_5706,Fire Survival 1.1kV 4C 50 sqmm Cu XLPE armoured cable as per BS 6387,Fire Survival 4C XLPE cable as per BS 6387,Fire Survival 4C cable,Fire Survival cable
RFP_5707,FR 1.1kV 30C 4 sqmm Cu PVC armoured cable as per IS 1554,FR 4 sqmm PVC cable as per IS 1554,FR PVC cable,FR cable
RFP_5708,LSZH 110kV 1C 800 sqmm Al XLPE armoured cable as per IEC 60840,110kV 1C XLPE armoured cable,110kV armoured cable,armoured cable
RFP_5709,Fire Survival 440V 2C 16 sqmm Cu Mineral (MI) armoured cable as per IEC 60331,440V 2C 16 sqmm Mineral (MI) armoured cable,440V Mineral (MI) armoured cable,Mineral (MI) armoured cable
RFP_5710,FRLS 440V 2C 1 sqmm Cu PVC armoured cable as per IS 694,440V 1 sqmm Cu armoured cable,Cu armoured cable,armoured cable
RFP_5711,LSZH 500V 8C 1 sqmm Cu PVC armoured cable as per IEC 60502-1,500V 8C PVC cable as per IEC 60502-1,500V cable as per IEC 60502-1,cable as per IEC 60502-1
RFP_5712,FR 220kV 1C 630 sqmm Cu XLPE armoured cable as per IEC 62067,FR 1C armoured cable as per IEC 62067,armoured cable as per IEC 62067,cable as per IEC 62067
RFP_5713,Fire Survival 1.1kV 1C 70 sqmm Cu XLPE armoured cable as per IS 17048,Fire Survival 1C 70 sqmm cable as per IS 17048,Fire Survival 1C cable,1C cable
RFP_5714,FRLS 500V 30C 1.5 sqmm Cu XLPE armoured cable as per IEC 60502-1,FRLS 30C 1.5 sqmm XLPE cable,FRLS 1.5 sqmm cable,FRLS cable
RFP_5715,FRLS 300V 24C 2.5 sqmm Cu PVC armoured cable as per BS 5308-1,FRLS 2.5 sqmm Cu cable as per BS 5308-1,FRLS 2.5 sqmm cable,2.5 sqmm cable
RFP_5716,FRLS 440V 4C 6 sqmm Cu PVC armoured cable as per IS 1554,4C Cu PVC armoured cable,Cu armoured cable,armoured cable
RFP_5717,ZH 440V 2C 70 sqmm Cu XLPE armoured cable as per IEC 60502-1,ZH 2C 70 sqmm XLPE cable,ZH 70 sqmm cable,70 sqmm cable
RFP_5718,FRLS 500V 10C 4 sqmm Cu PVC armoured cable as per IEC 60502-1,FRLS 10C Cu PVC cable,FRLS 10C cable,FRLS cable
RFP_5719,LSZH 500V 3.5C 6 sqmm Cu XLPE armoured cable as per IS 694,500V 3.5C armoured cable as per IS 694,3.5C cable as per IS 694,3.5C cable
RFP_5720,LSZH 500V 6C 0.75 sqmm Cu PVC armoured cable as per IEC 60502-1,LSZH 0.75 sqmm armoured cable as per IEC 60502-1,LSZH armoured cable,armoured cable
RFP_5721,FRLS 500V 27C 4 sqmm Cu XLPE armoured cable as per IEC 60502-1,500V 27C Cu cable as per IEC 60502-1,27C Cu cable,27C cable
RFP_5722,Fire Survival 440V 4C 6 sqmm Cu Mineral (MI) armoured cable as per BS 6387,Fire Survival 4C Cu Mineral (MI) armoured cable,Fire Survival Mineral (MI) armoured cable,Mineral (MI) armoured cable
RFP_5723,FRLS 440V 5C 50 sqmm Cu PVC armoured cable as per IS 694,5C 50 sqmm Cu PVC cable,Cu PVC cable,Cu cable
RFP_5724,FRLS 440V 4C 1.5 sqmm Cu PVC armoured cable as per IS 9968,FRLS 440V 4C cable as per IS 9968,4C cable as per IS 9968,cable as per IS 9968
RFP_5725,Fire Survival 1.1kV 1C 1.5 sqmm Cu XLPE armoured cable as per BS 6387,Fire Survival 1.5 sqmm Cu cable as per BS 6387,Fire Survival 1.5 sqmm cable,1.5 sqmm cable
RFP_5726,ZH 500V 5C 1.5 sqmm Cu PVC armoured cable as per IEC 60245,1.5 sqmm Cu PVC cable as per IEC 60245,PVC cable as per IEC 60245,PVC cable
RFP_5727,ZH 500V 3C 50 sqmm Cu PVC armoured cable as per IS 694,ZH 500V 50 sqmm cable as per IS 694,500V 50 sqmm cable,500V cable
RFP_5728,ZH 33kV 3C 120 sqmm Cu XLPE armoured cable as per IS 7098-2,3C Cu XLPE armoured cable,3C XLPE cable,3C cable
RFP_5729,FRLS 1.1kV 2C 2.5 sqmm Cu XLPE armoured cable as per BS 5308-1,FRLS 1.1kV Cu cable as per BS 5308-1,1.1kV Cu cable,1.1kV cable
RFP_5730,440V 16C 2.5 sqmm Cu PVC armoured cable as per IS 1554,16C 2.5 sqmm Cu armoured cable,Cu armoured cable,Cu cable
RFP_5731,110kV 1C 400 sqmm Cu XLPE armoured cable as per IEC 60840,110kV 1C XLPE armoured cable,110kV armoured cable,armoured cable
RFP_5732,Fire Survival 1.1kV 1C 25 sqmm Cu Mineral (MI) armoured cable as per IS 17048,Fire Survival 1.1kV 1C Mineral (MI) cable as per IS 17048,Fire Survival Mineral (MI) cable as per IS 17048,Mineral (MI) cable as per IS 17048
RFP_5733,1.1kV 10C 1 sqmm Cu PVC armoured cable as per IEC 60502-1,10C 1 sqmm Cu armoured cable,10C 1 sqmm cable,1 sqmm cable
RFP_5734,1.1kV 8C 1.5 sqmm Cu PVC armoured cable as per BS 5308,1.5 sqmm Cu PVC cable as per BS 5308,PVC cable as per BS 5308,cable as per BS 5308
RFP_5735,LSZH 500V 14C 1 sqmm Cu XLPE armoured cable as per IEC 60502-1,LSZH 14C XLPE cable as per IEC 60502-1,XLPE cable as per IEC 60502-1,XLPE cable
RFP_5736,FRLS 66kV 1C 240 sqmm Al XLPE armoured cable as per IS 7098-3,66kV 1C armoured cable as per IS 7098-3,1C armoured cable,armoured cable
RFP_5737,Fire Survival 1.1kV 4C 4 sqmm Cu Mineral (MI) armoured cable as per IEC 60331,Fire Survival Cu Mineral (MI) armoured cable as per IEC 60331,Mineral (MI) armoured cable as per IEC 60331,Mineral (MI) armoured cable
RFP_5738,FRLS 33kV 1C 120 sqmm Al XLPE armoured cable as per IEC 60502-2,33kV 1C Al cable as per IEC 60502-2,Al cable as per IEC 60502-2,Al cable
RFP_5739,FRLS 1.1kV 4C 1.5 sqmm Cu XLPE armoured cable as per IEC 60502-1,FRLS Cu armoured cable as per IEC 60502-1,FRLS cable as per IEC 60502-1,cable as per IEC 60502-1
RFP_5740,FR 500V 20C 1.5 sqmm Cu XLPE armoured cable as per IEC 60502-1,500V XLPE armoured cable as per IEC 60502-1,500V cable as per IEC 60502-1,500V cable
RFP_5741,FR 1.1kV 16C 4 sqmm Cu PVC armoured cable as per IEC 60502-1,FR PVC armoured cable as per IEC 60502-1,armoured cable as per IEC 60502-1,armoured cable
RFP_5742,1.1kV 20C 0.75 sqmm Cu PVC armoured cable as per IEC 60502-1,1.1kV 0.75 sqmm PVC armoured cable,1.1kV 0.75 sqmm cable,1.1kV cable
RFP_5743,440V 6C 2.5 sqmm Cu XLPE armoured cable as per IS 1554,440V Cu XLPE cable as per IS 1554,440V XLPE cable,XLPE cable
RFP_5744,ZH 440V 2C 2.5 sqmm Cu PVC armoured cable as per IS 9968,440V 2C 2.5 sqmm cable as per IS 9968,2.5 sqmm cable as per IS 9968,cable as per IS 9968
RFP_5745,LSZH 22kV 3C 300 sqmm Cu XLPE armoured cable as per IEC 60502-2,LSZH XLPE armoured cable as per IEC 60502-2,XLPE cable as per IEC 60502-2,XLPE cable
RFP_5746,LSZH 1.1kV 7C 4 sqmm Cu XLPE armoured cable as per IS 1554,1.1kV 7C XLPE armoured cable,7C armoured cable,armoured cable
RFP_5747,LSZH 1.1kV 2C 4 sqmm Cu XLPE armoured cable as per IEC 60502-1,1.1kV 4 sqmm XLPE armoured cable,1.1kV armoured cable,1.1kV cable
RFP_5748,300V 8C 2.5 sqmm Cu XLPE armoured cable as per IEC 60502-1,2.5 sqmm Cu armoured cable as per IEC 60502-1,2.5 sqmm cable as per IEC 60502-1,cable as per IEC 60502-1
RFP_5749,FRLS 22kV 1C 95 sqmm Cu XLPE armoured cable as per IS 7098-2,1C 95 sqmm XLPE armoured cable,95 sqmm XLPE cable,95 sqmm cable
RFP_5750,FR 440V 10C 4 sqmm Cu PVC armoured cable as per IS 1554,10C PVC armoured cable as per IS 1554,10C armoured cable,armoured cable
RFP_5751,FR 500V 16C 6 sqmm Cu PVC armoured cable as per IS 1554,FR 16C armoured cable as per IS 1554,16C cable as per IS 1554,16C cable
RFP_5752,FR 440V 10C 2.5 sqmm Cu XLPE armoured cable as per IS 694,FR 10C XLPE cable as per IS 694,XLPE cable as per IS 694,XLPE cable
RFP_5753,1.1kV 2C 4 sqmm Cu PVC armoured cable as per IS 1554,4 sqmm Cu armoured cable as per IS 1554,Cu armoured cable,armoured cable
RFP_5754,Fire Survival 440V 1C 35 sqmm Cu Mineral (MI) armoured cable as per BS 6387,Fire Survival 440V 35 sqmm Mineral (MI) armoured cable,440V 35 sqmm Mineral (MI) cable,440V Mineral (MI) cable
RFP_5755,11kV 1C 95 sqmm Cu XLPE armoured cable as per IEC 60502-1,11kV 1C Cu cable as per IEC 60502-1,11kV Cu cable,Cu cable
RFP_5756,1.1kV 12C 1.5 sqmm Cu PVC armoured cable as per BS 5308,12C 1.5 sqmm PVC armoured cable,1.5 sqmm armoured cable,1.5 sqmm cable
RFP_5757,1.1kV 4C 50 sqmm Cu PVC armoured cable as per IS 9968,1.1kV 4C Cu armoured cable,1.1kV 4C cable,1.1kV cable
RFP_5758,FRLS 300V 4C 0.5 sqmm Cu XLPE armoured cable as per IEC 60502-1,FRLS 300V Cu armoured cable,FRLS armoured cable,armoured cable
RFP_5759,FR 500V 30C 2.5 sqmm Cu PVC armoured cable as per IS 1554,2.5 sqmm Cu PVC cable as per IS 1554,Cu cable as per IS 1554,Cu cable
RFP_5760,FR 500V 4C 35 sqmm Cu PVC armoured cable as per IEC 60245,FR Cu armoured cable as per IEC 60245,FR cable as per IEC 60245,FR cable
RFP_5761,LSZH 500V 8C 1 sqmm Cu PVC armoured cable as per IS 1554,500V 1 sqmm armoured cable as per IS 1554,1 sqmm armoured cable,armoured cable
RFP_5762,FRLS 500V 6C 1 sqmm Cu PVC armoured cable as per IEC 60502-1,500V 1 sqmm Cu cable as per IEC 60502-1,1 sqmm Cu cable,Cu cable
RFP_5763,FR 440V 3.5C 6 sqmm Cu PVC armoured cable as per IEC 60502-1,440V 3.5C armoured cable as per IEC 60502-1,440V 3. cable as per IEC 60502-1,440V 3. cable
RFP_5764,LSZH 300V 20C 0.5 sqmm Cu PVC armoured cable as per BS 5308-1,300V 20C 0.5 sqmm PVC cable,0.5 sqmm PVC cable,PVC cable
RFP_5765,3.3kV 3C 240 sqmm Al XLPE armoured cable as per IS 7098-1,3.3kV 3C Al XLPE cable,3.3kV 3C cable,3.3kV cable
RFP_5766,FR 300V 12C 1.5 sqmm Cu PVC armoured cable as per BS 5308-1,FR 12C 1.5 sqmm PVC cable,FR 1.5 sqmm cable,1.5 sqmm cable
RFP_5767,440V 4C 16 sqmm Cu XLPE armoured cable as per IEC 60245,440V 4C 16 sqmm armoured cable,16 sqmm armoured cable,armoured cable
RFP_5768,ZH 110kV 1C 185 sqmm Cu XLPE armoured cable as per IEC 60840,1C 185 sqmm XLPE armoured cable,1C 185 sqmm cable,185 sqmm cable
RFP_5769,ZH 1.1kV 1C 10 sqmm Cu PVC armoured cable as per IS 9968,1.1kV Cu PVC cable as per IS 9968,1.1kV PVC cable,PVC cable
RFP_5770,FR 1.1kV 10C 6 sqmm Cu XLPE armoured cable as per BS 5308,FR 1.1kV 6 sqmm armoured cable,FR armoured cable,FR cable
RFP_5771,FRLS 11kV 1C 400 sqmm Al EPR armoured cable as per IEC 60502-1,FRLS 11kV 1C Al cable,11kV 1C cable,11kV cable
RFP_5772,500V 6C 1.5 sqmm Cu PVC armoured cable as per IEC 60502-1,500V 1.5 sqmm Cu PVC cable,500V PVC cable,500V cable
RFP_5773,FR 66kV 1C 300 sqmm Al XLPE armoured cable as per IS 7098-3,FR 66kV 1C Al cable,FR Al cable,Al cable
RFP_5774,FRLS 300V 4C 1.5 sqmm Cu PVC armoured cable as per BS 5308-1,FRLS 300V Cu armoured cable,Cu armoured cable,armoured cable
RFP_5775,FRLS 500V 30C 4 sqmm Cu XLPE armoured cable as per IS 1554,4 sqmm Cu armoured cable as per IS 1554,4 sqmm armoured cable,armoured cable
RFP_5776,FR 110kV 1C 800 sqmm Cu XLPE armoured cable as per IEC 60840,FR 1C 800 sqmm Cu cable,1C Cu cable,1C cable
RFP_5777,440V 24C 1.5 sqmm Cu PVC armoured cable as per IS 1554,24C 1.5 sqmm PVC cable as per IS 1554,24C PVC cable,24C cable
RFP_5778,1.1kV 7C 4 sqmm Cu XLPE armoured cable as per IEC 60502-1,1.1kV 7C Cu armoured cable,1.1kV armoured cable,1.1kV cable
RFP_5779,Fire Survival 1.1kV 1C 10 sqmm Cu Mineral (MI) armoured cable as per BS 6387,Fire Survival 1C 10 sqmm Cu Mineral (MI) cable,1C 10 sqmm Mineral (MI) cable,1C Mineral (MI) cable
RFP_5780,LSZH 440V 2C 500 sqmm Cu PVC armoured cable as per IS 694,440V Cu PVC armoured cable,440V Cu cable,440V cable
RFP_5781,Fire Survival 440V 1C 2.5 sqmm Cu Mineral (MI) armoured cable as per BS 6387,1C Cu Mineral (MI) armoured cable as per BS 6387,Mineral (MI) armoured cable as per BS 6387,Mineral (MI) armoured cable
RFP_5782,FR 1.1kV 24C 2.5 sqmm Cu PVC armoured cable as per BS 5308-1,1.1kV PVC armoured cable as per BS 5308-1,PVC armoured cable,armoured cable
RFP_5783,FR 500V 8C 4 sqmm Cu XLPE armoured cable as per IEC 60502-1,FR 500V 8C 4 sqmm cable,8C 4 sqmm cable,4 sqmm cable
RFP_5784,Fire Survival 440V 2C 120 sqmm Cu XLPE armoured cable as per BS 6387,Fire Survival 440V armoured cable as per BS 6387,armoured cable as per BS 6387,armoured cable
RFP_5785,LSZH 600V 2C 630 sqmm Cu PVC armoured cable as per IS 694,LSZH 2C armoured cable as per IS 694,LSZH armoured cable,LSZH cable
RFP_5786,LSZH 1.1kV 2C 0.5 sqmm Cu XLPE armoured cable as per IS 1554,1.1kV 0.5 sqmm armoured cable as per IS 1554,1.1kV cable as per IS 1554,1.1kV cable
RFP_5787,FRLS 33kV 3C 120 sqmm Cu XLPE armoured cable as per IEC 60502-2,33kV 3C 120 sqmm armoured cable,120 sqmm armoured cable,armoured cable
RFP_5788,Fire Survival 440V 3C 6 sqmm Cu XLPE armoured cable as per BS 6387,3C XLPE armoured cable as per BS 6387,XLPE cable as per BS 6387,cable as per BS 6387
RFP_5789,FRLS 400kV 1C 1000 sqmm Cu XLPE armoured cable as per IEC 62067,400kV Cu XLPE armoured cable,400kV Cu cable,400kV cable
RFP_5790,Fire Survival 1.1kV 4C 70 sqmm Cu XLPE armoured cable as per IS 17048,1.1kV 4C 70 sqmm armoured cable,1.1kV armoured cable,1.1kV cable
RFP_5791,400kV 1C 630 sqmm Al XLPE armoured cable as per IEC 62067,1C Al XLPE cable as per IEC 62067,XLPE cable as per IEC 62067,XLPE cable
RFP_5792,FRLS 6.6kV 3C 50 sqmm Cu EPR armoured cable as per IS 7098-1,3C Cu armoured cable as per IS 7098-1,3C Cu cable,Cu cable
RFP_5793,LSZH 11kV 1C 120 sqmm Al XLPE armoured cable as per IS 7098-1,LSZH 120 sqmm Al armoured cable,LSZH Al cable,Al cable
RFP_5794,1.1kV 1C 0.5 sqmm Cu PVC armoured cable as per BS 5308-1,1C Cu armoured cable as per BS 5308-1,1C Cu cable,Cu cable
RFP_5795,FRLS 440V 5C 50 sqmm Cu PVC armoured cable as per IEC 60245,440V 50 sqmm Cu armoured cable,440V armoured cable,440V cable
RFP_5796,FRLS 22kV 3C 120 sqmm Al XLPE armoured cable as per IS 7098-2,FRLS 22kV 120 sqmm armoured cable,FRLS 22kV cable,22kV cable
RFP_5797,500V 1C 0.75 sqmm Cu PVC armoured cable as per IS 694,1C 0.75 sqmm Cu PVC cable,1C PVC cable,PVC cable
RFP_5798,FR 1.1kV 14C 6 sqmm Cu XLPE armoured cable as per IS 1554,1.1kV 14C 6 sqmm armoured cable,1.1kV armoured cable,armoured cable
RFP_5799,FR 220kV 1C 300 sqmm Al XLPE armoured cable as per IEC 62067,300 sqmm Al XLPE armoured cable,XLPE armoured cable,XLPE cable
RFP_5800,FR 33kV 3C 120 sqmm Cu XLPE armoured cable as per IS 7098-2,FR 33kV 3C armoured cable,3C armoured cable,armoured cable
RFP_5801,FR 500V 10C 2.5 sqmm Cu XLPE armoured cable as per IEC 60502-1,FR 2.5 sqmm Cu cable as per IEC 60502-1,FR Cu cable,Cu cable
RFP_5802,LSZH 500V 4C 10 sqmm Cu PVC armoured cable as per IEC 60245,500V 4C 10 sqmm armoured cable,500V 4C cable,4C cable
RFP_5803,FR 300V 20C 1.5 sqmm Cu XLPE armoured cable as per BS 5308-1,FR 20C 1.5 sqmm Cu cable,20C 1.5 sqmm cable,20C cable
RFP_5804,FR 220kV 1C 800 sqmm Cu XLPE armoured cable as per IEC 62067,1C Cu XLPE cable as per IEC 62067,Cu XLPE cable,Cu cable
RFP_5805,FRLS 500V 19C 1.5 sqmm Cu PVC armoured cable as per IS 1554,19C 1.5 sqmm Cu cable as per IS 1554,19C Cu cable,Cu cable
RFP_5806,FRLS 500V 10C 0.75 sqmm Cu XLPE armoured cable as per BS 5308-1,FRLS 0.75 sqmm XLPE armoured cable,XLPE armoured cable,armoured cable
RFP_5807,FR 1.1kV 30C 4 sqmm Cu PVC armoured cable as per IS 1554,FR 1.1kV Cu PVC cable,FR Cu cable,FR cable
RFP_5808,FRLS 66kV 1C 1000 sqmm Cu XLPE armoured cable as per IEC 60840,FRLS 66kV XLPE armoured cable,XLPE armoured cable,XLPE cable
RFP_5809,LSZH 110kV 1C 630 sqmm Al XLPE armoured cable as per IEC 60840,LSZH 110kV 1C Al cable,110kV 1C cable,110kV cable
RFP_5810,FR 440V 3C 500 sqmm Cu XLPE armoured cable as per IS 694,500 sqmm Cu armoured cable as per IS 694,Cu cable as per IS 694,Cu cable
RFP_5811,FRLS 1.1kV 2C 35 sqmm Cu XLPE armoured cable as per IS 1554,1.1kV 2C 35 sqmm Cu cable,2C Cu cable,2C cable
RFP_5812,FRLS 1.1kV 2C 0.75 sqmm Cu PVC armoured cable as per IEC 60502-1,FRLS Cu PVC armoured cable,Cu armoured cable,armoured cable
RFP_5813,LSZH 1.1kV 24C 1 sqmm Cu PVC armoured cable as per IS 1554,LSZH 1.1kV Cu PVC cable,Cu PVC cable,PVC cable
RFP_5814,LSZH 6.6kV 3C 400 sqmm Cu EPR armoured cable as per IS 7098-1,6.6kV 3C 400 sqmm EPR cable,3C EPR cable,EPR cable
RFP_5815,22kV 1C 300 sqmm Cu XLPE armoured cable as per IEC 60502-2,1C 300 sqmm Cu cable as per IEC 60502-2,1C cable as per IEC 60502-2,cable as per IEC 60502-2
RFP_5816,FR 1.1kV 10C 6 sqmm Cu PVC armoured cable as per BS 5308,FR 10C PVC cable as per BS 5308,10C cable as per BS 5308,10C cable
RFP_5817,FR 300V 8C 1.5 sqmm Cu PVC armoured cable as per BS 5308-1,FR 8C 1.5 sqmm cable as per BS 5308-1,FR 8C cable,FR cable
RFP_5818,440V 5C 10 sqmm Cu XLPE armoured cable as per IS 9968,5C 10 sqmm Cu cable as per IS 9968,Cu cable as per IS 9968,cable as per IS 9968
RFP_5819,FR 66kV 1C 630 sqmm Cu XLPE armoured cable as per IS 7098-3,FR 1C 630 sqmm Cu cable,1C 630 sqmm cable,1C cable
RFP_5820,FR 220kV 1C 630 sqmm Cu XLPE armoured cable as per IEC 62067,1C Cu XLPE armoured cable,1C Cu cable,Cu cable
RFP_5821,220kV 1C 240 sqmm Al XLPE armoured cable as per IEC 62067,220kV XLPE armoured cable as per IEC 62067,XLPE cable as per IEC 62067,XLPE cable
RFP_5822,FRLS 500V 5C 1 sqmm Cu XLPE armoured cable as per IEC 60502-1,FRLS 5C 1 sqmm Cu cable,1 sqmm Cu cable,1 sqmm cable
RFP_5823,FRLS 300V 10C 0.75 sqmm Cu PVC armoured cable as per IEC 60502-1,300V 0.75 sqmm Cu PVC cable,0.75 sqmm PVC cable,0.75 sqmm cable
RFP_5824,1.1kV 5C 1 sqmm Cu XLPE armoured cable as per BS 5308,5C 1 sqmm XLPE armoured cable,1 sqmm armoured cable,armoured cable
RFP_5825,LSZH 1.1kV 8C 2.5 sqmm Cu XLPE armoured cable as per IEC 60502-1,2.5 sqmm XLPE armoured cable as per IEC 60502-1,XLPE cable as per IEC 60502-1,cable as per IEC 60502-1
RFP_5826,LSZH 500V 4C 50 sqmm Al PVC armoured cable as per IS 694,50 sqmm Al armoured cable as per IS 694,Al armoured cable,armoured cable
RFP_5827,LSZH 500V 10C 1 sqmm Cu XLPE armoured cable as per IEC 60502-1,LSZH 500V XLPE armoured cable,LSZH 500V cable,LSZH cable
RFP_5828,FRLS 1.1kV 8C 1.5 sqmm Cu PVC armoured cable as per BS 5308-1,1.1kV 8C Cu cable as per BS 5308-1,8C cable as per BS 5308-1,8C cable
RFP_5829,FRLS 500V 2C 1.5 sqmm Cu XLPE armoured cable as per IEC 60502-1,2C 1.5 sqmm XLPE cable as per IEC 60502-1,2C cable as per IEC 60502-1,2C cable
RFP_5830,ZH 6.6kV 1C 400 sqmm Cu EPR armoured cable as per IS 7098-1,6.6kV 1C 400 sqmm Cu cable,400 sqmm Cu cable,400 sqmm cable
RFP_5831,FRLS 1.1kV 4C 0.75 sqmm Cu PVC armoured cable as per BS 5308-1,FRLS 0.75 sqmm PVC cable as per BS 5308-1,0.75 sqmm cable as per BS 5308-1,cable as per BS 5308-1
RFP_5832,FRLS 132kV 1C 630 sqmm Cu XLPE armoured cable as per IEC 60840,132kV 630 sqmm XLPE cable as per IEC 60840,XLPE cable as per IEC 60840,cable as per IEC 60840
RFP_5833,LSZH 500V 8C 4 sqmm Cu XLPE armoured cable as per IEC 60502-1,4 sqmm Cu XLPE armoured cable,Cu XLPE cable,Cu cable
RFP_5834,FRLS 440V 19C 6 sqmm Cu XLPE armoured cable as per IS 694,19C 6 sqmm armoured cable as per IS 694,19C cable as per IS 694,19C cable
RFP_5835,500V 16C 4 sqmm Cu PVC armoured cable as per IS 1554,500V 4 sqmm PVC cable as per IS 1554,4 sqmm cable as per IS 1554,4 sqmm cable
RFP_5836,LSZH 11kV 3C 70 sqmm Al XLPE armoured cable as per IS 7098-1,11kV 3C armoured cable as per IS 7098-1,3C armoured cable,3C cable
RFP_5837,FRLS 1.1kV 4C 6 sqmm Cu PVC armoured cable as per BS 5308,1.1kV 4C 6 sqmm armoured cable,1.1kV 6 sqmm cable,6 sqmm cable
RFP_5838,FRLS 500V 8C 0.75 sqmm Cu XLPE armoured cable as per IEC 60502-1,500V XLPE armoured cable as per IEC 60502-1,XLPE cable as per IEC 60502-1,XLPE cable
RFP_5839,LSZH 1.1kV 10C 0.5 sqmm Cu PVC armoured cable as per IEC 60502-1,0.5 sqmm PVC armoured cable as per IEC 60502-1,0.5 sqmm PVC cable,0.5 sqmm cable
RFP_5840,FRLS 600V 3.5C 400 sqmm Cu PVC armoured cable as per IS 694,600V 3. 400 sqmm Cu armoured cable,3. Cu armoured cable,3. Cu cable
RFP_5841,220kV 1C 300 sqmm Al XLPE armoured cable as per IEC 62067,220kV 300 sqmm XLPE armoured cable,XLPE armoured cable,armoured cable
RFP_5842,LSZH 440V 1C 10 sqmm Cu XLPE armoured cable as per IS 694,1C 10 sqmm Cu armoured cable,10 sqmm Cu cable,10 sqmm cable
RFP_5843,ZH 500V 4C 2.5 sqmm Cu PVC armoured cable as per IS 694,ZH 500V 2.5 sqmm PVC cable,ZH PVC cable,PVC cable
RFP_5844,LSZH 3.3kV 1C 95 sqmm Al XLPE armoured cable as per IEC 60502-1,LSZH 3.3kV XLPE armoured cable,LSZH armoured cable,LSZH cable
RFP_5845,LSZH 400kV 1C 240 sqmm Cu XLPE armoured cable as per IEC 62067,LSZH 400kV 1C armoured cable,LSZH armoured cable,armoured cable
RFP_5846,FRLS 1.1kV 7C 1 sqmm Cu XLPE armoured cable as per IS 1554,1.1kV 7C 1 sqmm armoured cable,7C 1 sqmm cable,7C cable
RFP_5847,LSZH 110kV 1C 800 sqmm Al XLPE armoured cable as per IEC 60840,110kV 1C 800 sqmm cable as per IEC 60840,800 sqmm cable as per IEC 60840,800 sqmm cable
RFP_5848,FR 500V 4C 1.5 sqmm Cu PVC armoured cable as per IEC 60502-1,FR 500V 1.5 sqmm armoured cable,FR 500V cable,FR cable
RFP_5849,Fire Survival 1.1kV 2C 25 sqmm Cu Mineral (MI) armoured cable as per IS 17048,Fire Survival 2C 25 sqmm Mineral (MI) cable as per IS 17048,Fire Survival 25 sqmm Mineral (MI) cable,25 sqmm Mineral (MI) cable
RFP_5850,Fire Survival 1.1kV 1C 35 sqmm Cu Mineral (MI) armoured cable as per IS 17048,Fire Survival 1C 35 sqmm Cu Mineral (MI) cable,Fire Survival Cu Mineral (MI) cable,Fire Survival Mineral (MI) cable
RFP_5851,FRLS 300V 16C 2.5 sqmm Cu XLPE armoured cable as per BS 5308-1,16C 2.5 sqmm Cu armoured cable,16C armoured cable,16C cable
RFP_5852,1.1kV 5C 1 sqmm Cu XLPE armoured cable as per IEC 60502-1,1 sqmm Cu XLPE cable as per IEC 60502-1,1 sqmm Cu cable,Cu cable
RFP_5853,FRLS 500V 14C 1 sqmm Cu XLPE armoured cable as per IEC 60502-1,FRLS 1 sqmm Cu XLPE cable,Cu XLPE cable,XLPE cable
RFP_5854,FRLS 500V 4C 2.5 sqmm Cu XLPE armoured cable as per BS 5308-1,4C 2.5 sqmm Cu armoured cable,4C 2.5 sqmm cable,2.5 sqmm cable
RFP_5855,22kV 3C 70 sqmm Al XLPE armoured cable as per IS 7098-2,22kV 70 sqmm XLPE cable as per IS 7098-2,22kV 70 sqmm cable,22kV cable
RFP_5856,1.1kV 7C 2.5 sqmm Cu PVC armoured cable as per BS 5308,1.1kV PVC armoured cable as per BS 5308,armoured cable as per BS 5308,armoured cable
RFP_5857,FRLS 500V 6C 1 sqmm Cu PVC armoured cable as per IEC 60502-1,500V Cu PVC armoured cable,500V armoured cable,500V cable
RFP_5858,FRLS 500V 2C 1.5 sqmm Cu XLPE armoured cable as per BS 5308-1,500V 2C 1.5 sqmm Cu cable,2C Cu cable,Cu cable
RFP_5859,ZH 500V 2C 2.5 sqmm Cu PVC armoured cable as per IEC 60245,2C 2.5 sqmm Cu cable as per IEC 60245,2.5 sqmm cable as per IEC 60245,cable as per IEC 60245
RFP_5860,FRLS 440V 4C 800 sqmm Al XLPE armoured cable as per IS 694,4C 800 sqmm XLPE armoured cable,4C armoured cable,4C cable
RFP_5861,FR 500V 5C 35 sqmm Cu PVC armoured cable as per IS 694,FR 500V 35 sqmm armoured cable,FR 35 sqmm cable,FR cable
RFP_5862,FR 66kV 1C 400 sqmm Cu XLPE armoured cable as per IEC 60840,FR 66kV 400 sqmm armoured cable,66kV 400 sqmm cable,400 sqmm cable
RFP_5863,ZH 6.6kV 1C 300 sqmm Cu EPR armoured cable as per IEC 60502-1,ZH 1C Cu cable as per IEC 60502-1,1C Cu cable,1C cable
RFP_5864,LSZH 66kV 1C 1000 sqmm Al XLPE armoured cable as per IS 7098-3,1C 1000 sqmm Al cable as per IS 7098-3,1C Al cable,Al cable
RFP_5865,LSZH 33kV 1C 50 sqmm Cu XLPE armoured cable as per IEC 60502-2,Cu XLPE armoured cable as per IEC 60502-2,Cu XLPE cable,Cu cable
RFP_5866,FR 440V 6C 4 sqmm Cu XLPE armoured cable as per IS 694,FR 440V 6C cable as per IS 694,6C cable as per IS 694,6C cable
RFP_5867,ZH 500V 2C 0.75 sqmm Cu PVC armoured cable as per IS 694,2C 0.75 sqmm Cu armoured cable,2C 0.75 sqmm cable,0.75 sqmm cable
RFP_5868,FRLS 1.1kV 7C 1 sqmm Cu XLPE armoured cable as per IS 1554,1.1kV 7C 1 sqmm Cu cable,7C 1 sqmm cable,7C cable
RFP_5869,FRLS 500V 10C 1 sqmm Cu PVC armoured cable as per IEC 60502-1,FRLS 500V 10C armoured cable,FRLS armoured cable,FRLS cable
RFP_5870,FR 400kV 1C 240 sqmm Cu XLPE armoured cable as per IEC 62067,FR 240 sqmm XLPE armoured cable,FR 240 sqmm cable,240 sqmm cable
RFP_5871,440V 6C 1.5 sqmm Cu PVC armoured cable as per IS 694,440V 6C Cu PVC cable,Cu PVC cable,PVC cable
RFP_5872,FRLS 1.1kV 1C 2.5 sqmm Cu PVC armoured cable as per BS 5308-1,Cu PVC armoured cable as per BS 5308-1,armoured cable as per BS 5308-1,armoured cable
RFP_5873,1.1kV 2C 2.5 sqmm Cu XLPE armoured cable as per IEC 60502-1,2.5 sqmm XLPE armoured cable as per IEC 60502-1,2.5 sqmm armoured cable,armoured cable
RFP_5874,LSZH 500V 4C 0.75 sqmm Cu PVC armoured cable as per IEC 60502-1,LSZH 4C 0.75 sqmm PVC cable,LSZH 4C cable,LSZH cable
RFP_5875,Fire Survival 440V 3C 50 sqmm Cu Mineral (MI) armoured cable as per BS 6387,Fire Survival 440V 3C 50 sqmm Mineral (MI) cable,Fire Survival 440V Mineral (MI) cable,440V Mineral (MI) cable
RFP_5876,LSZH 500V 4C 1.5 sqmm Cu PVC armoured cable as per IS 1554,500V 4C armoured cable as per IS 1554,4C cable as per IS 1554,cable as per IS 1554
RFP_5877,FR 1.1kV 4C 0.75 sqmm Cu PVC armoured cable as per BS 5308-1,FR 0.75 sqmm Cu armoured cable,0.75 sqmm Cu cable,Cu cable
RFP_5878,500V 14C 1.5 sqmm Cu XLPE armoured cable as per IEC 60502-1,500V 14C 1.5 sqmm armoured cable,500V 14C cable,14C cable
RFP_5879,FRLS 1.1kV 4C 4 sqmm Cu PVC armoured cable as per BS 5308,4C 4 sqmm PVC cable as per BS 5308,4C PVC cable,4C cable
RFP_5880,LSZH 1.1kV 1C 35 sqmm Cu PVC armoured cable as per IEC 60502-1,LSZH 1.1kV PVC cable as per IEC 60502-1,PVC cable as per IEC 60502-1,cable as per IEC 60502-1
RFP_5881,FR 132kV 1C 400 sqmm Al XLPE armoured cable as per IEC 60840,FR 1C 400 sqmm Al cable,FR 400 sqmm cable,400 sqmm cable
RFP_5882,ZH 22kV 1C 400 sqmm Al XLPE armoured cable as per IEC 60502-2,22kV 1C XLPE armoured cable,22kV 1C cable,22kV cable
RFP_5883,FR 500V 1C 630 sqmm Cu PVC armoured cable as per IS 1554,500V 1C Cu armoured cable,Cu armoured cable,Cu cable
RFP_5884,FR 440V 2C 0.75 sqmm Cu PVC armoured cable as per IS 694,FR 440V Cu PVC cable,440V Cu cable,440V cable
RFP_5885,FRLS 440V 3C 25 sqmm Cu PVC armoured cable as per IEC 60502-1,440V 3C armoured cable as per IEC 60502-1,armoured cable as per IEC 60502-1,armoured cable
RFP_5886,FRLS 132kV 1C 400 sqmm Cu XLPE armoured cable as per IEC 60840,FRLS 1C Cu cable as per IEC 60840,1C cable as per IEC 60840,cable as per IEC 60840
RFP_5887,ZH 132kV 1C 630 sqmm Al XLPE armoured cable as per IEC 60840,ZH 1C Al cable as per IEC 60840,ZH 1C cable,1C cable
RFP_5888,FRLS 500V 10C 0.75 sqmm Cu XLPE armoured cable as per BS 5308-1,FRLS 500V 10C XLPE cable,500V XLPE cable,XLPE cable
RFP_5889,FRLS 300V 8C 0.5 sqmm Cu PVC armoured cable as per BS 5308-1,8C Cu PVC cable as per BS 5308-1,PVC cable as per BS 5308-1,PVC cable
RFP_5890,ZH 22kV 3C 300 sqmm Cu XLPE armoured cable as per IEC 60502-2,ZH 22kV Cu armoured cable,22kV Cu cable,Cu cable
RFP_5891,LSZH 1.1kV 1C 16 sqmm Cu PVC armoured cable as per IEC 60502-1,1.1kV PVC armoured cable as per IEC 60502-1,1.1kV cable as per IEC 60502-1,cable as per IEC 60502-1
RFP_5892,FR 500V 14C 1.5 sqmm Cu PVC armoured cable as per IEC 60502-1,500V 14C PVC armoured cable,14C armoured cable,armoured cable
RFP_5893,ZH 1.1kV 5C 1 sqmm Cu XLPE armoured cable as per IS 9968,ZH 5C 1 sqmm Cu cable,ZH 5C cable,5C cable
RFP_5894,Fire Survival 440V 1C 16 sqmm Cu XLPE armoured cable as per BS 6387,Fire Survival 440V Cu armoured cable,Fire Survival Cu cable,Cu cable
RFP_5895,FRLS 3.3kV 3C 400 sqmm Al XLPE armoured cable as per IEC 60502-1,FRLS 3.3kV 400 sqmm armoured cable,3.3kV 400 sqmm cable,400 sqmm cable
RFP_5896,FRLS 500V 19C 6 sqmm Cu PVC armoured cable as per IS 1554,500V 19C 6 sqmm Cu cable,500V 19C cable,500V cable
RFP_5897,440V 5C 0.75 sqmm Cu XLPE armoured cable as per IS 694,440V 0.75 sqmm Cu armoured cable,440V Cu cable,440V cable
RFP_5898,LSZH 440V 2C 1.5 sqmm Cu XLPE armoured cable as per IS 694,440V 1.5 sqmm Cu cable as per IS 694,1.5 sqmm cable as per IS 694,1.5 sqmm cable
RFP_5899,220kV 1C 240 sqmm Cu XLPE armoured cable as per IEC 62067,220kV XLPE armoured cable as per IEC 62067,220kV XLPE cable,220kV cable
RFP_5900,FRLS 11kV 1C 400 sqmm Cu XLPE armoured cable as per IS 7098-1,FRLS 1C XLPE armoured cable,1C armoured cable,1C cable
RFP_5901,FR 500V 1C 0.75 sqmm Cu PVC armoured cable as per IEC 60502-1,0.75 sqmm Cu PVC cable as per IEC 60502-1,0.75 sqmm PVC cable,0.75 sqmm cable
RFP_5902,LSZH 500V 6C 0.5 sqmm Cu XLPE armoured cable as per BS 5308-1,LSZH 500V 6C Cu cable,LSZH Cu cable,Cu cable
RFP_5903,LSZH 22kV 1C 240 sqmm Cu XLPE armoured cable as per IS 7098-2,LSZH 22kV 1C armoured cable,22kV armoured cable,armoured cable
RFP_5904,ZH 66kV 1C 500 sqmm Al XLPE armoured cable as per IS 7098-3,66kV Al XLPE cable as per IS 7098-3,Al XLPE cable,XLPE cable
RFP_5905,300V 2C 1.5 sqmm Cu PVC armoured cable as per BS 5308-1,1.5 sqmm Cu PVC armoured cable,1.5 sqmm PVC cable,1.5 sqmm cable
RFP_5906,FR 300V 2C 1.5 sqmm Cu XLPE armoured cable as per IEC 60502-1,FR 300V 2C 1.5 sqmm cable,FR 2C cable,2C cable
RFP_5907,FR 500V 3C 1.5 sqmm Cu XLPE armoured cable as per IEC 60502-1,FR 1.5 sqmm XLPE armoured cable,FR XLPE cable,XLPE cable
RFP_5908,Fire Survival 440V 3C 25 sqmm Cu Mineral (MI) armoured cable as per BS 6387,Fire Survival Cu Mineral (MI) armoured cable as per BS 6387,Cu Mineral (MI) armoured cable,Mineral (MI) armoured cable
RFP_5909,FR 300V 2C 1 sqmm Cu PVC armoured cable as per BS 5308-1,300V PVC armoured cable as per BS 5308-1,armoured cable as per BS 5308-1,cable as per BS 5308-1
RFP_5910,LSZH 600V 3.5C 25 sqmm Cu XLPE armoured cable as per IS 694,LSZH 600V 3. Cu cable as per IS 694,600V 3. Cu cable,3. Cu cable
RFP_5911,FR 1.1kV 1C 800 sqmm Cu XLPE armoured cable as per IS 1554,1.1kV 800 sqmm Cu XLPE cable,Cu XLPE cable,XLPE cable
RFP_5912,FRLS 1.1kV 6C 6 sqmm Cu XLPE armoured cable as per IS 1554,FRLS XLPE armoured cable as per IS 1554,FRLS armoured cable,armoured cable
RFP_5913,LSZH 1.1kV 3C 2.5 sqmm Cu PVC armoured cable as per IS 1554,LSZH 2.5 sqmm PVC armoured cable,LSZH PVC cable,LSZH cable
RFP_5914,Fire Survival 1.1kV 4C 6 sqmm Cu Mineral (MI) armoured cable as per IS 17048,Fire Survival 4C Mineral (MI) armoured cable as per IS 17048,Fire Survival Mineral (MI) cable as per IS 17048,Mineral (MI) cable as per IS 17048
RFP_5915,ZH 400kV 1C 300 sqmm Al XLPE armoured cable as per IEC 62067,ZH 1C armoured cable as per IEC 62067,ZH 1C cable,ZH cable
RFP_5916,Fire Survival 1.1kV 1C 50 sqmm Cu XLPE armoured cable as per IEC 60331,Fire Survival 1C Cu XLPE cable,Fire Survival 1C cable,1C cable
RFP_5917,LSZH 500V 8C 0.75 sqmm Cu XLPE armoured cable as per BS 5308-1,8C 0.75 sqmm XLPE armoured cable,0.75 sqmm XLPE cable,0.75 sqmm cable
RFP_5918,FRLS 440V 14C 1.5 sqmm Cu PVC armoured cable as per IS 1554,FRLS 14C PVC cable as per IS 1554,FRLS PVC cable,PVC cable
RFP_5919,LSZH 440V 4C 1 sqmm Cu PVC armoured cable as per IEC 60245,4C 1 sqmm Cu PVC cable,1 sqmm PVC cable,1 sqmm cable
RFP_5920,500V 14C 4 sqmm Cu XLPE armoured cable as per IS 1554,500V Cu XLPE armoured cable,Cu XLPE cable,Cu cable
RFP_5921,500V 3C 50 sqmm Al PVC armoured cable as per IS 1554,500V PVC armoured cable as per IS 1554,PVC cable as per IS 1554,cable as per IS 1554
RFP_5922,FR 500V 1C 25 sqmm Cu PVC armoured cable as per IEC 60245,FR 500V 1C 25 sqmm cable,500V 25 sqmm cable,500V cable
RFP_5923,LSZH 1.1kV 8C 2.5 sqmm Cu PVC armoured cable as per IS 1554,LSZH 1.1kV 8C cable as per IS 1554,8C cable as per IS 1554,cable as per IS 1554
RFP_5924,FRLS 220kV 1C 240 sqmm Al XLPE armoured cable as per IEC 62067,FRLS 1C 240 sqmm Al cable,240 sqmm Al cable,Al cable
RFP_5925,132kV 1C 500 sqmm Al XLPE armoured cable as per IEC 60840,Al XLPE armoured cable as per IEC 60840,Al XLPE cable,XLPE cable
RFP_5926,LSZH 33kV 1C 70 sqmm Al XLPE armoured cable as per IEC 60502-2,LSZH 1C XLPE armoured cable,1C XLPE cable,XLPE cable
RFP_5927,FRLS 440V 3C 1 sqmm Cu PVC armoured cable as per IS 694,440V Cu PVC cable as per IS 694,440V Cu cable,Cu cable
RFP_5928,LSZH 500V 8C 2.5 sqmm Cu XLPE armoured cable as per BS 5308-1,LSZH 500V Cu cable as per BS 5308-1,LSZH 500V cable,500V cable
RFP_5929,LSZH 500V 6C 0.75 sqmm Cu PVC armoured cable as per IEC 60502-1,LSZH 500V 6C armoured cable,LSZH 6C cable,6C cable
RFP_5930,500V 8C 0.75 sqmm Cu PVC armoured cable as per IEC 60502-1,500V 8C armoured cable as per IEC 60502-1,armoured cable as per IEC 60502-1,cable as per IEC 60502-1
RFP_5931,FRLS 1.1kV 16C 4 sqmm Cu XLPE armoured cable as per IS 1554,FRLS 1.1kV 16C armoured cable,1.1kV armoured cable,1.1kV cable
RFP_5932,FR 500V 3C 10 sqmm Cu PVC armoured cable as per IEC 60245,500V Cu PVC armoured cable,PVC armoured cable,armoured cable
RFP_5933,LSZH 500V 4C 6 sqmm Cu XLPE armoured cable as per IEC 60502-1,LSZH 6 sqmm Cu cable as per IEC 60502-1,LSZH Cu cable,LSZH cable
RFP_5934,FRLS 1.1kV 4C 0.5 sqmm Cu PVC armoured cable as per IEC 60502-1,FRLS 1.1kV PVC cable as per IEC 60502-1,FRLS cable as per IEC 60502-1,cable as per IEC 60502-1
RFP_5935,3.3kV 3C 300 sqmm Cu EPR armoured cable as per IEC 60502-1,3.3kV 3C EPR cable as per IEC 60502-1,3.3kV 3C cable,3C cable
RFP_5936,FR 440V 1C 2.5 sqmm Al PVC armoured cable as per IS 694,440V 1C armoured cable as per IS 694,armoured cable as per IS 694,armoured cable
RFP_5937,LSZH 440V 10C 4 sqmm Cu XLPE armoured cable as per IS 694,LSZH 440V 10C XLPE cable,LSZH 10C cable,LSZH cable
RFP_5938,FRLS 33kV 3C 95 sqmm Al XLPE armoured cable as per IEC 60502-2,FRLS 33kV 3C 95 sqmm cable,FRLS 33kV cable,FRLS cable
RFP_5939,LSZH 440V 4C 1 sqmm Cu XLPE armoured cable as per IS 694,LSZH 4C XLPE armoured cable,4C XLPE cable,XLPE cable
RFP_5940,FR 600V 4C 240 sqmm Cu PVC armoured cable as per IEC 60502-1,FR 4C Cu armoured cable,4C armoured cable,armoured cable
RFP_5941,Fire Survival 1.1kV 1C 16 sqmm Cu XLPE armoured cable as per IS 17048,Cu XLPE armoured cable as per IS 17048,XLPE cable as per IS 17048,XLPE cable
RFP_5942,LSZH 300V 1C 0.5 sqmm Cu PVC armoured cable as per BS 5308-1,LSZH PVC armoured cable as per BS 5308-1,armoured cable as per BS 5308-1,armoured cable
RFP_5943,ZH 600V 4C 120 sqmm Cu PVC armoured cable as per IS 694,4C PVC armoured cable as per IS 694,4C PVC cable,4C cable
RFP_5944,FRLS 1.1kV 3C 16 sqmm Al PVC armoured cable as per IS 1554,FRLS 1.1kV 16 sqmm armoured cable,16 sqmm armoured cable,16 sqmm cable
RFP_5945,FRLS 132kV 1C 300 sqmm Al XLPE armoured cable as per IEC 60840,FRLS 1C 300 sqmm armoured cable,1C 300 sqmm cable,300 sqmm cable
RFP_5946,FR 500V 16C 1 sqmm Cu XLPE armoured cable as per BS 5308-1,16C 1 sqmm XLPE cable as per BS 5308-1,XLPE cable as per BS 5308-1,cable as per BS 5308-1
RFP_5947,400kV 1C 300 sqmm Al XLPE armoured cable as per IEC 62067,400kV 300 sqmm armoured cable as per IEC 62067,400kV 300 sqmm cable,300 sqmm cable
RFP_5948,440V 3C 25 sqmm Cu PVC armoured cable as per IS 9968,440V 25 sqmm Cu armoured cable,25 sqmm Cu cable,25 sqmm cable
RFP_5949,500V 8C 1.5 sqmm Cu PVC armoured cable as per IEC 60502-1,500V 8C 1.5 sqmm PVC cable,500V 1.5 sqmm cable,500V cable
RFP_5950,500V 3C 2.5 sqmm Al XLPE armoured cable as per IEC 60502-1,500V 2.5 sqmm armoured cable as per IEC 60502-1,500V 2.5 sqmm cable,500V cable
RFP_5951,FR 600V 4C 120 sqmm Al PVC armoured cable as per IEC 60502-1,FR 120 sqmm armoured cable as per IEC 60502-1,FR cable as per IEC 60502-1,cable as per IEC 60502-1
RFP_5952,LSZH 440V 27C 6 sqmm Cu XLPE armoured cable as per IS 1554,440V 6 sqmm Cu XLPE cable,Cu XLPE cable,Cu cable
RFP_5953,500V 4C 2.5 sqmm Cu XLPE armoured cable as per IEC 60502-1,500V 4C 2.5 sqmm Cu cable,500V Cu cable,Cu cable
RFP_5954,Fire Survival 440V 4C 1.5 sqmm Cu XLPE armoured cable as per BS 6387,440V 4C XLPE cable as per BS 6387,4C XLPE cable,4C cable
RFP_5955,Fire Survival 440V 3C 4 sqmm Cu XLPE armoured cable as per BS 6387,440V 4 sqmm Cu cable as per BS 6387,4 sqmm Cu cable,Cu cable
RFP_5956,FRLS 1.1kV 5C 1 sqmm Cu XLPE armoured cable as per IS 9968,1.1kV 5C armoured cable as per IS 9968,1.1kV armoured cable,armoured cable
RFP_5957,FR 500V 3C 630 sqmm Al XLPE armoured cable as per IS 694,FR 500V 3C 630 sqmm cable,FR 3C cable,3C cable
RFP_5958,FRLS 440V 8C 4 sqmm Cu XLPE armoured cable as per IS 1554,FRLS 8C XLPE cable as per IS 1554,FRLS XLPE cable,FRLS cable
RFP_5959,FRLS 220kV 1C 1000 sqmm Cu XLPE armoured cable as per IEC 62067,FRLS 1C 1000 sqmm cable as per IEC 62067,1C cable as per IEC 62067,1C cable
RFP_5960,FR 500V 4C 4 sqmm Cu PVC armoured cable as per IEC 60245,FR 4 sqmm PVC cable as per IEC 60245,FR cable as per IEC 60245,FR cable
RFP_5961,1.1kV 24C 0.5 sqmm Cu XLPE armoured cable as per BS 5308-1,1.1kV 0.5 sqmm XLPE cable as per BS 5308-1,0.5 sqmm cable as per BS 5308-1,cable as per BS 5308-1
RFP_5962,FR 500V 8C 4 sqmm Cu PVC armoured cable as per IEC 60502-1,FR 8C PVC cable as per IEC 60502-1,8C PVC cable,PVC cable
RFP_5963,FRLS 3.3kV 3C 300 sqmm Cu EPR armoured cable as per IS 7098-1,FRLS Cu EPR armoured cable,EPR armoured cable,EPR cable
RFP_5964,400kV 1C 400 sqmm Al XLPE armoured cable as per IEC 62067,1C 400 sqmm Al XLPE cable,1C 400 sqmm cable,400 sqmm cable
RFP_5965,FRLS 440V 3C 150 sqmm Al PVC armoured cable as per IS 1554,440V 150 sqmm Al cable as per IS 1554,440V cable as per IS 1554,440V cable
RFP_5966,FRLS 500V 6C 0.75 sqmm Cu PVC armoured cable as per IEC 60502-1,FRLS 6C PVC armoured cable,FRLS 6C cable,FRLS cable
RFP_5967,LSZH 440V 2C 6 sqmm Cu PVC armoured cable as per IS 9968,LSZH 2C Cu cable as per IS 9968,Cu cable as per IS 9968,Cu cable
RFP_5968,FR 110kV 1C 800 sqmm Al XLPE armoured cable as per IEC 60840,FR 1C 800 sqmm Al cable,FR Al cable,Al cable
RFP_5969,LSZH 500V 4C 1.5 sqmm Cu XLPE armoured cable as per IEC 60502-1,LSZH 1.5 sqmm armoured cable as per IEC 60502-1,LSZH cable as per IEC 60502-1,LSZH cable
RFP_5970,FRLS 500V 8C 2.5 sqmm Cu PVC armoured cable as per IS 1554,FRLS 2.5 sqmm Cu PVC cable,2.5 sqmm PVC cable,PVC cable
RFP_5971,ZH 6.6kV 3C 50 sqmm Cu EPR armoured cable as per IEC 60502-1,ZH 6.6kV Cu cable as per IEC 60502-1,ZH Cu cable,Cu cable
RFP_5972,LSZH 22kV 3C 50 sqmm Al XLPE armoured cable as per IS 7098-2,3C Al XLPE cable as per IS 7098-2,3C XLPE cable,3C cable
RFP_5973,LSZH 6.6kV 3C 150 sqmm Cu XLPE armoured cable as per IS 7098-1,LSZH 6.6kV XLPE armoured cable,6.6kV XLPE cable,6.6kV cable
RFP_5974,ZH 600V 2C 300 sqmm Cu PVC armoured cable as per IS 694,600V 2C 300 sqmm PVC cable,2C 300 sqmm cable,2C cable
RFP_5975,Fire Survival 1.1kV 4C 25 sqmm Cu XLPE armoured cable as per IS 17048,Fire Survival 4C 25 sqmm armoured cable,Fire Survival 4C cable,4C cable
RFP_5976,ZH 3.3kV 1C 150 sqmm Cu XLPE armoured cable as per IEC 60502-1,ZH 1C XLPE cable as per IEC 60502-1,ZH cable as per IEC 60502-1,cable as per IEC 60502-1
RFP_5977,FR 440V 1C 6 sqmm Cu XLPE armoured cable as per IS 694,6 sqmm Cu XLPE armoured cable,Cu XLPE cable,XLPE cable
RFP_5978,ZH 66kV 1C 1000 sqmm Cu XLPE armoured cable as per IEC 60840,66kV 1C XLPE armoured cable,66kV XLPE cable,66kV cable
RFP_5979,500V 3C 6 sqmm Cu PVC armoured cable as per IEC 60502-1,6 sqmm PVC armoured cable as per IEC 60502-1,6 sqmm armoured cable,6 sqmm cable
RFP_5980,FRLS 1.1kV 2C 6 sqmm Cu XLPE armoured cable as per IS 9968,1.1kV 2C XLPE armoured cable,2C XLPE cable,XLPE cable
RFP_5981,Fire Survival 440V 4C 25 sqmm Cu XLPE armoured cable as per BS 6387,440V Cu XLPE armoured cable,Cu armoured cable,armoured cable
RFP_5982,LSZH 1.1kV 5C 1 sqmm Cu PVC armoured cable as per IEC 60502-1,1.1kV 5C 1 sqmm armoured cable,5C armoured cable,armoured cable
RFP_5983,FR 500V 8C 6 sqmm Cu PVC armoured cable as per IEC 60502-1,6 sqmm Cu armoured cable as per IEC 60502-1,6 sqmm Cu cable,Cu cable
RFP_5984,FRLS 132kV 1C 185 sqmm Cu XLPE armoured cable as per IEC 60840,132kV 185 sqmm XLPE armoured cable,132kV armoured cable,armoured cable
RFP_5985,FRLS 1.1kV 12C 4 sqmm Cu PVC armoured cable as per IEC 60502-1,FRLS 1.1kV 4 sqmm armoured cable,FRLS 1.1kV cable,FRLS cable
RFP_5986,FR 1.1kV 5C 1.5 sqmm Cu XLPE armoured cable as per BS 5308,1.1kV 5C Cu armoured cable,1.1kV armoured cable,1.1kV cable
RFP_5987,FR 440V 4C 16 sqmm Cu XLPE armoured cable as per IS 694,4C 16 sqmm Cu cable as per IS 694,4C cable as per IS 694,4C cable
RFP_5988,FR 1.1kV 8C 0.5 sqmm Cu PVC armoured cable as per IS 1554,1.1kV 0.5 sqmm PVC armoured cable,1.1kV 0.5 sqmm cable,0.5 sqmm cable
RFP_5989,FR 440V 3C 0.75 sqmm Cu XLPE armoured cable as per IEC 60245,3C 0.75 sqmm Cu armoured cable,3C 0.75 sqmm cable,0.75 sqmm cable
RFP_5990,LSZH 1.1kV 8C 1 sqmm Cu PVC armoured cable as per IS 1554,LSZH Cu PVC armoured cable,Cu armoured cable,armoured cable
RFP_5991,FRLS 1.1kV 2C 1 sqmm Cu PVC armoured cable as per IS 1554,FRLS 1.1kV 2C PVC cable,FRLS 2C cable,FRLS cable
RFP_5992,440V 1C 2.5 sqmm Cu PVC armoured cable as per IS 9968,1C Cu armoured cable as per IS 9968,1C cable as per IS 9968,1C cable
RFP_5993,ZH 1.1kV 2C 16 sqmm Cu EPR armoured cable as per IS 1554,ZH 16 sqmm armoured cable as per IS 1554,ZH 16 sqmm cable,16 sqmm cable
RFP_5994,FRLS 500V 2C 1.5 sqmm Cu XLPE armoured cable as per BS 5308-1,500V 1.5 sqmm Cu armoured cable,500V armoured cable,500V cable
RFP_5995,Fire Survival 1.1kV 3C 4 sqmm Cu XLPE armoured cable as per IS 17048,1.1kV 4 sqmm Cu cable as per IS 17048,1.1kV cable as per IS 17048,cable as per IS 17048
RFP_5996,LSZH 6.6kV 3C 150 sqmm Al EPR armoured cable as per IS 7098-1,6.6kV 3C EPR cable as per IS 7098-1,3C cable as per IS 7098-1,cable as per IS 7098-1
RFP_5997,FR 500V 14C 1.5 sqmm Cu XLPE armoured cable as per IS 1554,FR 500V Cu XLPE cable,Cu XLPE cable,Cu cable
RFP_5998,ZH 66kV 1C 240 sqmm Cu XLPE armoured cable as per IEC 60840,ZH 66kV 1C XLPE cable,66kV XLPE cable,XLPE cable
RFP_5999,Fire Survival 1.1kV 2C 4 sqmm Cu Mineral (MI) armoured cable as per IS 17048,Fire Survival 2C 4 sqmm Mineral (MI) cable as per IS 17048,2C Mineral (MI) cable as per IS 17048,Mineral (MI) cable as per IS 17048
RFP_6000,FRLS 500V 24C 6 sqmm Cu PVC armoured cable as per IS 1554,FRLS 500V PVC armoured cable,500V PVC cable,500V cable
RFP_6001,500V 8C 1.5 sqmm Cu XLPE armoured cable as per BS 5308-1,500V 1.5 sqmm armoured cable as per BS 5308-1,armoured cable as per BS 5308-1,cable as per BS 5308-1
RFP_6002,ZH 110kV 1C 185 sqmm Cu XLPE armoured cable as per IEC 60840,110kV XLPE armoured cable as per IEC 60840,110kV cable as per IEC 60840,110kV cable
RFP_6003,ZH 220kV 1C 300 sqmm Al XLPE armoured cable as per IEC 62067,220kV XLPE armoured cable as per IEC 62067,220kV XLPE cable,220kV cable
RFP_6004,LSZH 440V 3.5C 95 sqmm Cu XLPE armoured cable as per IS 694,3.5C 95 sqmm XLPE cable as per IS 694,3.5C cable as per IS 694,3. cable as per IS 694
RFP_6005,FR 500V 4C 2.5 sqmm Cu XLPE armoured cable as per IEC 60502-1,FR 500V 2.5 sqmm armoured cable,FR armoured cable,FR cable
RFP_6006,500V 12C 2.5 sqmm Cu XLPE armoured cable as per IS 1554,500V Cu armoured cable as per IS 1554,500V Cu cable,Cu cable
RFP_6007,ZH 500V 3C 2.5 sqmm Al PVC armoured cable as per IS 694,ZH 500V PVC cable as per IS 694,500V PVC cable,PVC cable
RFP_6008,LSZH 500V 3C 120 sqmm Cu XLPE armoured cable as per IS 694,LSZH 3C XLPE cable as per IS 694,3C XLPE cable,3C cable
RFP_6009,Fire Survival 440V 3C 95 sqmm Cu Mineral (MI) armoured cable as per BS 6387,Fire Survival 95 sqmm Cu Mineral (MI) cable as per BS 6387,Fire Survival Mineral (MI) cable as per BS 6387,Fire Survival Mineral (MI) cable
RFP_6010,ZH 1.1kV 5C 16 sqmm Cu PVC armoured cable as per IS 9968,ZH 1.1kV 5C 16 sqmm cable,1.1kV 5C cable,5C cable
RFP_6011,FRLS 1.1kV 10C 0.75 sqmm Cu XLPE armoured cable as per BS 5308-1,10C 0.75 sqmm XLPE cable as per BS 5308-1,0.75 sqmm XLPE cable,XLPE cable
RFP_6012,Fire Survival 1.1kV 4C 4 sqmm Cu Mineral (MI) armoured cable as per IS 17048,Fire Survival 1.1kV 4 sqmm Cu Mineral (MI) cable,Fire Survival 4 sqmm Mineral (MI) cable,4 sqmm Mineral (MI) cable
RFP_6013,Fire Survival 1.1kV 1C 70 sqmm Cu Mineral (MI) armoured cable as per IEC 60331,1.1kV 1C Cu Mineral (MI) armoured cable,1.1kV 1C Mineral (MI) cable,1C Mineral (MI) cable
RFP_6014,LSZH 66kV 1C 500 sqmm Cu XLPE armoured cable as per IS 7098-3,LSZH 500 sqmm Cu XLPE cable,Cu XLPE cable,Cu cable
RFP_6015,LSZH 1.1kV 16C 1.5 sqmm Cu PVC armoured cable as per BS 5308,Cu PVC armoured cable as per BS 5308,armoured cable as per BS 5308,armoured cable
RFP_6016,FRLS 1.1kV 19C 6 sqmm Cu PVC armoured cable as per BS 5308,FRLS 19C PVC armoured cable,19C armoured cable,19C cable
RFP_6017,FR 1.1kV 6C 4 sqmm Cu PVC armoured cable as per IS 1554,FR 4 sqmm armoured cable as per IS 1554,FR cable as per IS 1554,cable as per IS 1554
RFP_6018,FRLS 500V 3.5C 1000 sqmm Al XLPE armoured cable as per IS 1554,500V 3. 1000 sqmm XLPE cable as per IS 1554,500V 3. 1000 sqmm cable,3. 1000 sqmm cable
RFP_6019,FRLS 500V 14C 1 sqmm Cu XLPE armoured cable as per IS 1554,500V 1 sqmm armoured cable as per IS 1554,1 sqmm cable as per IS 1554,1 sqmm cable
RFP_6020,LSZH 1.1kV 24C 2.5 sqmm Cu PVC armoured cable as per IEC 60502-1,LSZH 2.5 sqmm Cu armoured cable,LSZH 2.5 sqmm cable,LSZH cable
RFP_6021,ZH 6.6kV 3C 185 sqmm Al XLPE armoured cable as per IEC 60502-1,6.6kV 3C Al XLPE cable,Al XLPE cable,Al cable
RFP_6022,FR 110kV 1C 185 sqmm Cu XLPE armoured cable as per IEC 60840,FR 1C Cu armoured cable,1C armoured cable,armoured cable
RFP_6023,FRLS 1.1kV 30C 1 sqmm Cu PVC armoured cable as per IEC 60502-1,Cu PVC armoured cable as per IEC 60502-1,PVC armoured cable,PVC cable
RFP_6024,FR 110kV 1C 500 sqmm Al XLPE armoured cable as per IEC 60840,FR 110kV 1C Al cable,FR 110kV cable,110kV cable
RFP_6025,500V 4C 10 sqmm Cu PVC armoured cable as per IS 694,500V 4C PVC cable as per IS 694,4C PVC cable,PVC cable
RFP_6026,Fire Survival 1.1kV 4C 70 sqmm Cu XLPE armoured cable as per BS 6387,1.1kV Cu XLPE armoured cable,Cu XLPE cable,Cu cable
RFP_6027,LSZH 33kV 3C 50 sqmm Al XLPE armoured cable as per IS 7098-2,LSZH 50 sqmm Al XLPE cable,50 sqmm Al cable,50 sqmm cable
RFP_6028,ZH 500V 1C 240 sqmm Cu PVC armoured cable as per IEC 60502-1,500V 1C 240 sqmm cable as per IEC 60502-1,500V 1C cable,500V cable
RFP_6029,FR 500V 4C 0.75 sqmm Cu XLPE armoured cable as per BS 5308-1,500V 0.75 sqmm Cu armoured cable,500V Cu cable,Cu cable
RFP_6030,FRLS 3.3kV 1C 185 sqmm Cu EPR armoured cable as per IS 7098-1,1C 185 sqmm Cu EPR cable,185 sqmm Cu cable,Cu cable
RFP_6031,ZH 110kV 1C 500 sqmm Cu XLPE armoured cable as per IEC 60840,1C Cu XLPE armoured cable,1C Cu cable,Cu cable
RFP_6032,300V 4C 0.5 sqmm Cu PVC armoured cable as per IEC 60502-1,0.5 sqmm PVC armoured cable as per IEC 60502-1,0.5 sqmm PVC cable,0.5 sqmm cable
RFP_6033,ZH 11kV 3C 150 sqmm Al EPR armoured cable as per IS 7098-1,ZH 3C Al armoured cable,ZH 3C cable,3C cable
RFP_6034,ZH 6.6kV 1C 240 sqmm Al XLPE armoured cable as per IS 7098-1,240 sqmm XLPE armoured cable as per IS 7098-1,240 sqmm armoured cable,240 sqmm cable
RFP_6035,FR 440V 2C 4 sqmm Cu PVC armoured cable as per IS 694,440V 4 sqmm PVC cable as per IS 694,4 sqmm cable as per IS 694,cable as per IS 694
RFP_6036,FRLS 600V 2C 1.5 sqmm Al PVC armoured cable as per IS 694,2C Al armoured cable as per IS 694,Al armoured cable,armoured cable
RFP_6037,440V 2C 2.5 sqmm Cu PVC armoured cable as per IS 694,2C PVC armoured cable as per IS 694,PVC armoured cable,PVC cable
RFP_6038,FR 500V 24C 1 sqmm Cu PVC armoured cable as per IEC 60502-1,FR 24C PVC armoured cable,PVC armoured cable,armoured cable
RFP_6039,LSZH 500V 16C 1.5 sqmm Cu PVC armoured cable as per IEC 60502-1,16C PVC armoured cable as per IEC 60502-1,PVC cable as per IEC 60502-1,PVC cable
RFP_6040,FR 440V 5C 35 sqmm Cu XLPE armoured cable as per IS 694,5C Cu XLPE cable as per IS 694,XLPE cable as per IS 694,cable as per IS 694
RFP_6041,LSZH 300V 8C 0.75 sqmm Cu XLPE armoured cable as per IEC 60502-1,8C Cu armoured cable as per IEC 60502-1,Cu armoured cable,Cu cable
RFP_6042,FR 440V 8C 1 sqmm Cu PVC armoured cable as per IS 694,440V 8C armoured cable as per IS 694,8C armoured cable,armoured cable
RFP_6043,FR 440V 2C 25 sqmm Cu XLPE armoured cable as per IEC 60502-1,2C Cu XLPE armoured cable,Cu armoured cable,Cu cable
RFP_6044,LSZH 500V 6C 4 sqmm Cu XLPE armoured cable as per IS 1554,LSZH 6C Cu armoured cable,LSZH Cu cable,LSZH cable
RFP_6045,FRLS 500V 12C 1 sqmm Cu XLPE armoured cable as per IS 1554,FRLS 1 sqmm Cu cable as per IS 1554,1 sqmm Cu cable,Cu cable
RFP_6046,FRLS 440V 27C 1.5 sqmm Cu XLPE armoured cable as per IS 694,440V 1.5 sqmm XLPE cable as per IS 694,440V cable as per IS 694,cable as per IS 694
RFP_6047,ZH 500V 3C 2.5 sqmm Cu PVC armoured cable as per IS 694,ZH 500V Cu PVC cable,ZH PVC cable,PVC cable
RFP_6048,Fire Survival 1.1kV 3C 95 sqmm Cu Mineral (MI) armoured cable as per IEC 60331,95 sqmm Cu Mineral (MI) armoured cable as per IEC 60331,95 sqmm Mineral (MI) armoured cable,Mineral (MI) armoured cable
RFP_6049,FRLS 132kV 1C 500 sqmm Al XLPE armoured cable as per IEC 60840,500 sqmm Al XLPE cable as per IEC 60840,Al XLPE cable,XLPE cable
RFP_6050,FR 300V 20C 1.5 sqmm Cu PVC armoured cable as per BS 5308-1,300V 20C 1.5 sqmm cable as per BS 5308-1,20C cable as per BS 5308-1,20C cable
RFP_6051,FRLS 1.1kV 6C 2.5 sqmm Cu XLPE armoured cable as per IEC 60502-1,FRLS 2.5 sqmm Cu cable as per IEC 60502-1,FRLS 2.5 sqmm cable,2.5 sqmm cable
RFP_6052,LSZH 300V 10C 1 sqmm Cu PVC armoured cable as per BS 5308-1,LSZH 1 sqmm Cu PVC cable,Cu PVC cable,PVC cable
RFP_6053,Fire Survival 440V 1C 16 sqmm Cu Mineral (MI) armoured cable as per BS 6387,1C 16 sqmm Cu Mineral (MI) cable as per BS 6387,1C 16 sqmm Mineral (MI) cable,16 sqmm Mineral (MI) cable
RFP_6054,FRLS 1.1kV 1C 0.75 sqmm Cu XLPE armoured cable as per IEC 60502-1,FRLS 1.1kV XLPE cable as per IEC 60502-1,FRLS cable as per IEC 60502-1,cable as per IEC 60502-1
RFP_6055,110kV 1C 240 sqmm Cu XLPE armoured cable as per IEC 60840,110kV 240 sqmm XLPE cable as per IEC 60840,XLPE cable as per IEC 60840,XLPE cable
RFP_6056,ZH 132kV 1C 630 sqmm Al XLPE armoured cable as per IEC 60840,ZH 132kV 630 sqmm Al cable,ZH 630 sqmm cable,ZH cable
RFP_6057,LSZH 500V 20C 1 sqmm Cu PVC armoured cable as per BS 5308-1,LSZH 500V 1 sqmm PVC cable,LSZH PVC cable,LSZH cable
RFP_6058,FRLS 500V 7C 1 sqmm Cu PVC armoured cable as per IS 1554,FRLS 500V Cu cable as per IS 1554,FRLS Cu cable,Cu cable
RFP_6059,LSZH 600V 3.5C 300 sqmm Al PVC armoured cable as per IEC 60502-1,600V 3.5C 300 sqmm armoured cable,3. 300 sqmm armoured cable,3. armoured cable
RFP_6060,66kV 1C 1000 sqmm Cu XLPE armoured cable as per IS 7098-3,66kV 1C Cu armoured cable,66kV Cu cable,Cu cable
RFP_6061,FRLS 300V 16C 1.5 sqmm Cu XLPE armoured cable as per BS 5308-1,300V Cu XLPE cable as per BS 5308-1,300V XLPE cable,XLPE cable
RFP_6062,ZH 66kV 1C 240 sqmm Cu XLPE armoured cable as per IS 7098-3,66kV 1C 240 sqmm cable as per IS 7098-3,240 sqmm cable as per IS 7098-3,cable as per IS 7098-3
RFP_6063,1.1kV 12C 2.5 sqmm Cu PVC armoured cable as per IS 1554,1.1kV 12C 2.5 sqmm PVC cable,1.1kV PVC cable,PVC cable
RFP_6064,Fire Survival 440V 3C 95 sqmm Cu XLPE armoured cable as per BS 6387,440V 95 sqmm Cu armoured cable,440V 95 sqmm cable,95 sqmm cable
RFP_6065,FR 500V 3C 185 sqmm Cu XLPE armoured cable as per IS 694,500V 185 sqmm Cu armoured cable,Cu armoured cable,Cu cable
RFP_6066,FRLS 300V 16C 1 sqmm Cu XLPE armoured cable as per BS 5308-1,FRLS 300V 1 sqmm armoured cable,FRLS armoured cable,FRLS cable
RFP_6067,500V 3.5C 120 sqmm Al PVC armoured cable as per IS 694,500V 3.5C PVC armoured cable,500V 3. armoured cable,3. armoured cable
RFP_6068,LSZH 300V 16C 1 sqmm Cu PVC armoured cable as per IEC 60502-1,LSZH Cu armoured cable as per IEC 60502-1,Cu armoured cable,Cu cable
RFP_6069,300V 16C 1 sqmm Cu XLPE armoured cable as per BS 5308-1,300V Cu armoured cable as per BS 5308-1,Cu armoured cable,armoured cable
RFP_6070,FRLS 440V 19C 1 sqmm Cu XLPE armoured cable as per IS 694,19C XLPE armoured cable as per IS 694,XLPE cable as per IS 694,cable as per IS 694
RFP_6071,Fire Survival 440V 1C 120 sqmm Cu Mineral (MI) armoured cable as per BS 6387,Fire Survival 440V Cu Mineral (MI) armoured cable,Fire Survival Mineral (MI) armoured cable,Mineral (MI) armoured cable
RFP_6072,LSZH 132kV 1C 185 sqmm Cu XLPE armoured cable as per IEC 60840,LSZH 1C XLPE armoured cable,1C XLPE cable,XLPE cable
RFP_6073,FR 110kV 1C 240 sqmm Cu XLPE armoured cable as per IEC 60840,110kV 240 sqmm XLPE cable as per IEC 60840,110kV 240 sqmm cable,240 sqmm cable
RFP_6074,LSZH 1.1kV 6C 1 sqmm Cu PVC armoured cable as per BS 5308-1,LSZH 6C PVC cable as per BS 5308-1,6C PVC cable,6C cable
RFP_6075,Fire Survival 440V 4C 16 sqmm Cu XLPE armoured cable as per BS 6387,Cu XLPE armoured cable as per BS 6387,Cu XLPE cable,Cu cable
RFP_6076,FR 500V 1C 50 sqmm Cu PVC armoured cable as per IS 694,500V 50 sqmm Cu armoured cable,50 sqmm Cu cable,Cu cable
RFP_6077,FRLS 440V 1C 400 sqmm Al PVC armoured cable as per IS 694,FRLS 400 sqmm Al armoured cable,400 sqmm Al cable,400 sqmm cable
RFP_6078,FR 1.1kV 8C 2.5 sqmm Cu XLPE armoured cable as per BS 5308,1.1kV Cu XLPE armoured cable,Cu armoured cable,Cu cable
RFP_6079,6.6kV 1C 70 sqmm Cu XLPE armoured cable as per IEC 60502-1,6.6kV 70 sqmm Cu XLPE cable,70 sqmm XLPE cable,70 sqmm cable
RFP_6080,Fire Survival 440V 3C 50 sqmm Cu XLPE armoured cable as per BS 6387,Fire Survival 3C Cu cable as per BS 6387,Fire Survival Cu cable,Fire Survival cable
RFP_6081,FR 500V 16C 0.75 sqmm Cu PVC armoured cable as per BS 5308-1,16C 0.75 sqmm armoured cable as per BS 5308-1,16C armoured cable,16C cable
RFP_6082,FR 220kV 1C 1000 sqmm Cu XLPE armoured cable as per IEC 62067,220kV 1000 sqmm Cu XLPE cable,220kV XLPE cable,220kV cable
RFP_6083,FR 1.1kV 5C 1 sqmm Cu PVC armoured cable as per IS 9968,FR 1.1kV 1 sqmm armoured cable,FR armoured cable,armoured cable
RFP_6084,FR 11kV 1C 70 sqmm Cu XLPE armoured cable as per IS 7098-1,FR 11kV Cu cable as per IS 7098-1,Cu cable as per IS 7098-1,Cu cable
RFP_6085,FRLS 1.1kV 3.5C 1.5 sqmm Al EPR armoured cable as per IS 1554,FRLS 1.1kV 3. 1.5 sqmm cable as per IS 1554,1.1kV 3. cable as per IS 1554,3. cable as per IS 1554
RFP_6086,110kV 1C 300 sqmm Cu XLPE armoured cable as per IEC 60840,1C 300 sqmm armoured cable as per IEC 60840,300 sqmm armoured cable,300 sqmm cable
RFP_6087,22kV 1C 150 sqmm Cu XLPE armoured cable as per IS 7098-2,22kV Cu armoured cable as per IS 7098-2,armoured cable as per IS 7098-2,armoured cable
RFP_6088,ZH 500V 4C 4 sqmm Cu XLPE armoured cable as per IEC 60502-1,4C 4 sqmm Cu XLPE cable,4 sqmm Cu cable,4 sqmm cable
RFP_6089,Fire Survival 1.1kV 1C 2.5 sqmm Cu XLPE armoured cable as per BS 6387,Fire Survival 1C 2.5 sqmm armoured cable,2.5 sqmm armoured cable,armoured cable
RFP_6090,FR 440V 7C 1.5 sqmm Cu XLPE armoured cable as per IS 1554,1.5 sqmm Cu armoured cable as per IS 1554,Cu cable as per IS 1554,cable as per IS 1554
RFP_6091,FRLS 33kV 3C 120 sqmm Al XLPE armoured cable as per IEC 60502-2,33kV 3C Al XLPE cable,33kV 3C cable,3C cable
RFP_6092,FRLS 1.1kV 7C 4 sqmm Cu XLPE armoured cable as per BS 5308,1.1kV 7C Cu cable as per BS 5308,1.1kV Cu cable,1.1kV cable
RFP_6093,440V 24C 2.5 sqmm Cu XLPE armoured cable as per IS 1554,24C Cu armoured cable as per IS 1554,armoured cable as per IS 1554,armoured cable
RFP_6094,LSZH 440V 1C 95 sqmm Cu PVC armoured cable as per IS 1554,440V Cu armoured cable as per IS 1554,440V cable as per IS 1554,440V cable
RFP_6095,FRLS 1.1kV 2C 1 sqmm Cu PVC armoured cable as per BS 5308,FRLS 1.1kV 2C armoured cable,FRLS armoured cable,armoured cable
RFP_6096,440V 24C 1 sqmm Cu PVC armoured cable as per IS 1554,440V PVC armoured cable as per IS 1554,440V armoured cable,440V cable
RFP_6097,Fire Survival 440V 4C 10 sqmm Cu Mineral (MI) armoured cable as per BS 6387,440V 4C 10 sqmm Mineral (MI) cable as per BS 6387,4C Mineral (MI) cable as per BS 6387,4C Mineral (MI) cable
RFP_6098,LSZH 1.1kV 1C 1 sqmm Cu PVC armoured cable as per IEC 60502-1,LSZH 1.1kV 1C Cu cable,1C Cu cable,Cu cable
RFP_6099,1.1kV 1C 1 sqmm Cu XLPE armoured cable as per BS 5308-1,1.1kV 1 sqmm Cu cable as per BS 5308-1,1 sqmm cable as per BS 5308-1,cable as per BS 5308-1
RFP_6100,Fire Survival 440V 2C 50 sqmm Cu Mineral (MI) armoured cable as per IEC 60331,440V 50 sqmm Mineral (MI) armoured cable as per IEC 60331,440V 50 sqmm Mineral (MI) cable,50 sqmm Mineral (MI) cable
RFP_6101,FRLS 6.6kV 3C 300 sqmm Al XLPE armoured cable as per IEC 60502-1,FRLS 3C Al cable as per IEC 60502-1,3C cable as per IEC 60502-1,cable as per IEC 60502-1
RFP_6102,300V 12C 0.5 sqmm Cu XLPE armoured cable as per IEC 60502-1,300V 0.5 sqmm Cu XLPE cable,Cu XLPE cable,Cu cable
RFP_6103,FR 22kV 1C 50 sqmm Al XLPE armoured cable as per IEC 60502-2,1C 50 sqmm Al armoured cable,50 sqmm armoured cable,50 sqmm cable
RFP_6104,FR 500V 3.5C 150 sqmm Al XLPE armoured cable as per IS 694,FR 3.5C XLPE armoured cable,FR 3. armoured cable,FR 3. cable
RFP_6105,ZH 3.3kV 1C 70 sqmm Al XLPE armoured cable as per IEC 60502-1,ZH 3.3kV 70 sqmm cable as per IEC 60502-1,ZH 70 sqmm cable,ZH cable
RFP_6106,FR 3.3kV 3C 70 sqmm Cu EPR armoured cable as per IS 7098-1,FR 3.3kV 3C EPR cable,FR 3.3kV cable,FR cable
RFP_6107,Fire Survival 1.1kV 4C 120 sqmm Cu Mineral (MI) armoured cable as per BS 6387,1.1kV 4C Cu Mineral (MI) cable as per BS 6387,4C Mineral (MI) cable as per BS 6387,Mineral (MI) cable as per BS 6387
RFP_6108,FR 300V 24C 0.75 sqmm Cu XLPE armoured cable as per BS 5308-1,FR 24C Cu cable as per BS 5308-1,Cu cable as per BS 5308-1,cable as per BS 5308-1
RFP_6109,FRLS 440V 1C 2.5 sqmm Cu XLPE armoured cable as per IS 694,2.5 sqmm Cu XLPE armoured cable,2.5 sqmm armoured cable,2.5 sqmm cable
RFP_6110,FRLS 1.1kV 1C 4 sqmm Cu PVC armoured cable as per BS 5467,1.1kV 4 sqmm PVC armoured cable,4 sqmm armoured cable,4 sqmm cable
RFP_6111,FRLS 300V 8C 1 sqmm Cu XLPE armoured cable as per BS 5308-1,FRLS 8C Cu armoured cable,FRLS Cu cable,FRLS cable
RFP_6112,FR 6.6kV 3C 95 sqmm Cu EPR armoured cable as per IEC 60502-1,FR 6.6kV 95 sqmm cable as per IEC 60502-1,6.6kV 95 sqmm cable,6.6kV cable
RFP_6113,LSZH 440V 19C 2.5 sqmm Cu PVC armoured cable as per IS 1554,LSZH 440V Cu cable as per IS 1554,LSZH 440V cable,440V cable
RFP_6114,FR 500V 6C 0.75 sqmm Cu PVC armoured cable as per IEC 60502-1,6C Cu armoured cable as per IEC 60502-1,Cu armoured cable,armoured cable
RFP_6115,LSZH 6.6kV 1C 150 sqmm Cu XLPE armoured cable as per IEC 60502-1,LSZH 150 sqmm XLPE cable as per IEC 60502-1,LSZH XLPE cable,LSZH cable
RFP_6116,66kV 1C 1000 sqmm Cu XLPE armoured cable as per IS 7098-3,Cu XLPE armoured cable as per IS 7098-3,Cu cable as per IS 7098-3,Cu cable
RFP_6117,FRLS 1.1kV 24C 1.5 sqmm Cu XLPE armoured cable as per IS 1554,FRLS 24C Cu cable as per IS 1554,24C Cu cable,24C cable
RFP_6118,1.1kV 14C 6 sqmm Cu PVC armoured cable as per BS 5308,1.1kV 6 sqmm Cu PVC cable,6 sqmm Cu cable,6 sqmm cable
RFP_6119,FR 500V 12C 1.5 sqmm Cu PVC armoured cable as per BS 5308-1,500V Cu armoured cable as per BS 5308-1,500V Cu cable,Cu cable
RFP_6120,1.1kV 3C 16 sqmm Cu XLPE armoured cable as per IEC 60502-1,1.1kV 3C Cu cable as per IEC 60502-1,1.1kV 3C cable,1.1kV cable
RFP_6121,FRLS 500V 6C 0.75 sqmm Cu XLPE armoured cable as per IEC 60502-1,FRLS 6C XLPE armoured cable,6C XLPE cable,6C cable
RFP_6122,FRLS 3.3kV 1C 185 sqmm Cu XLPE armoured cable as per IEC 60502-1,FRLS 3.3kV 185 sqmm armoured cable,3.3kV armoured cable,armoured cable
RFP_6123,ZH 33kV 3C 240 sqmm Cu XLPE armoured cable as per IEC 60502-2,ZH 33kV 3C XLPE cable,ZH 33kV cable,33kV cable
RFP_6124,FR 1.1kV 8C 0.5 sqmm Cu XLPE armoured cable as per BS 5308-1,FR 8C Cu armoured cable,FR 8C cable,8C cable
RFP_6125,LSZH 500V 30C 1 sqmm Cu XLPE armoured cable as per IEC 60502-1,LSZH 30C armoured cable as per IEC 60502-1,LSZH cable as per IEC 60502-1,cable as per IEC 60502-1
RFP_6126,Fire Survival 440V 1C 6 sqmm Cu XLPE armoured cable as per BS 6387,440V 1C 6 sqmm Cu cable,440V 1C cable,440V cable
RFP_6127,FRLS 1.1kV 10C 6 sqmm Cu XLPE armoured cable as per IEC 60502-1,FRLS 6 sqmm Cu armoured cable,FRLS 6 sqmm cable,6 sqmm cable
RFP_6128,500V 2C 1 sqmm Cu XLPE armoured cable as per BS 5308-1,500V 1 sqmm XLPE cable as per BS 5308-1,500V XLPE cable,XLPE cable
RFP_6129,FR 22kV 1C 120 sqmm Al XLPE armoured cable as per IS 7098-2,FR 22kV XLPE armoured cable,FR armoured cable,armoured cable
RFP_6130,LSZH 440V 1C 25 sqmm Cu XLPE armoured cable as per IS 9968,LSZH 25 sqmm XLPE cable as per IS 9968,25 sqmm cable as per IS 9968,25 sqmm cable
RFP_6131,FRLS 110kV 1C 400 sqmm Al XLPE armoured cable as per IEC 60840,FRLS 110kV Al armoured cable,110kV armoured cable,110kV cable
RFP_6132,Fire Survival 1.1kV 1C 70 sqmm Cu XLPE armoured cable as per BS 6387,Fire Survival 1.1kV 70 sqmm XLPE cable,1.1kV XLPE cable,1.1kV cable
RFP_6133,FRLS 33kV 3C 50 sqmm Cu XLPE armoured cable as per IS 7098-2,FRLS 3C 50 sqmm armoured cable,FRLS armoured cable,FRLS cable
RFP_6134,1.1kV 1C 2.5 sqmm Cu XLPE armoured cable as per IEC 60502-1,1C 2.5 sqmm Cu armoured cable,2.5 sqmm Cu cable,2.5 sqmm cable
RFP_6135,440V 4C 50 sqmm Cu PVC armoured cable as per IEC 60245,4C Cu PVC cable as per IEC 60245,PVC cable as per IEC 60245,cable as per IEC 60245
RFP_6136,LSZH 33kV 3C 185 sqmm Cu XLPE armoured cable as per IS 7098-2,LSZH 33kV XLPE armoured cable,LSZH armoured cable,LSZH cable
RFP_6137,FR 500V 16C 0.75 sqmm Cu XLPE armoured cable as per BS 5308-1,FR 500V XLPE armoured cable,FR 500V cable,500V cable
RFP_6138,FR 500V 3C 25 sqmm Cu PVC armoured cable as per IS 694,FR 500V PVC armoured cable,FR PVC cable,PVC cable
RFP_6139,FR 1.1kV 8C 4 sqmm Cu XLPE armoured cable as per IEC 60502-1,FR 1.1kV XLPE armoured cable,FR XLPE cable,XLPE cable
RFP_6140,ZH 132kV 1C 500 sqmm Cu XLPE armoured cable as per IEC 60840,ZH 132kV 1C armoured cable,ZH 1C cable,ZH cable
RFP_6141,1.1kV 5C 1 sqmm Cu XLPE armoured cable as per IEC 60502-1,5C 1 sqmm XLPE armoured cable,XLPE armoured cable,XLPE cable
RFP_6142,11kV 1C 300 sqmm Al XLPE armoured cable as per IEC 60502-1,11kV 300 sqmm Al cable as per IEC 60502-1,300 sqmm Al cable,Al cable
RFP_6143,LSZH 500V 5C 2.5 sqmm Cu PVC armoured cable as per IS 1554,500V Cu armoured cable as per IS 1554,armoured cable as per IS 1554,armoured cable
RFP_6144,FRLS 440V 2C 6 sqmm Cu PVC armoured cable as per IEC 60245,FRLS 6 sqmm armoured cable as per IEC 60245,FRLS 6 sqmm cable,6 sqmm cable
RFP_6145,300V 2C 1.5 sqmm Cu XLPE armoured cable as per BS 5308-1,300V 2C Cu cable as per BS 5308-1,2C Cu cable,2C cable
RFP_6146,LSZH 500V 4C 50 sqmm Cu PVC armoured cable as per IEC 60245,4C 50 sqmm PVC armoured cable,4C PVC cable,4C cable
RFP_6147,LSZH 440V 14C 1 sqmm Cu PVC armoured cable as per IS 694,14C 1 sqmm Cu PVC cable,Cu PVC cable,PVC cable
RFP_6148,FRLS 110kV 1C 500 sqmm Cu XLPE armoured cable as per IEC 60840,110kV 1C 500 sqmm Cu cable,110kV 1C cable,1C cable
RFP_6149,FR 1.1kV 24C 1.5 sqmm Cu XLPE armoured cable as per IEC 60502-1,24C 1.5 sqmm Cu armoured cable,1.5 sqmm armoured cable,armoured cable
RFP_6150,FRLS 132kV 1C 400 sqmm Al XLPE armoured cable as per IEC 60840,FRLS 400 sqmm Al XLPE cable,FRLS Al cable,Al cable
RFP_6151,Fire Survival 440V 4C 50 sqmm Cu Mineral (MI) armoured cable as per BS 6387,440V 4C 50 sqmm Mineral (MI) cable as per BS 6387,440V 4C Mineral (MI) cable,440V Mineral (MI) cable
RFP_6152,ZH 33kV 1C 240 sqmm Cu XLPE armoured cable as per IEC 60502-2,ZH 1C XLPE cable as per IEC 60502-2,ZH 1C cable,1C cable
RFP_6153,500V 2C 4 sqmm Cu XLPE armoured cable as per IEC 60502-1,2C XLPE armoured cable as per IEC 60502-1,2C armoured cable,armoured cable
RFP_6154,300V 2C 0.5 sqmm Cu XLPE armoured cable as per IEC 60502-1,2C 0.5 sqmm Cu armoured cable,2C armoured cable,armoured cable
RFP_6155,LSZH 500V 1C 2.5 sqmm Cu PVC armoured cable as per IEC 60502-1,LSZH 1C PVC armoured cable,1C PVC cable,1C cable
RFP_6156,LSZH 500V 12C 1 sqmm Cu XLPE armoured cable as per BS 5308-1,LSZH 500V Cu XLPE cable,LSZH Cu cable,LSZH cable
RFP_6157,FR 300V 4C 0.5 sqmm Cu XLPE armoured cable as per IEC 60502-1,FR 4C Cu cable as per IEC 60502-1,FR 4C cable,FR cable
RFP_6158,FR 1.1kV 2C 35 sqmm Cu XLPE armoured cable as per IEC 60502-1,FR 35 sqmm Cu armoured cable,35 sqmm Cu cable,Cu cable
RFP_6159,FRLS 220kV 1C 500 sqmm Al XLPE armoured cable as per IEC 62067,FRLS 220kV Al armoured cable,220kV Al cable,Al cable
RFP_6160,FR 300V 2C 1.5 sqmm Cu PVC armoured cable as per BS 5308-1,300V PVC armoured cable as per BS 5308-1,armoured cable as per BS 5308-1,armoured cable
RFP_6161,33kV 1C 150 sqmm Cu XLPE armoured cable as per IEC 60502-2,33kV 150 sqmm XLPE armoured cable,150 sqmm XLPE cable,XLPE cable
RFP_6162,FRLS 400kV 1C 500 sqmm Cu XLPE armoured cable as per IEC 62067,400kV 1C Cu armoured cable,Cu armoured cable,Cu cable
RFP_6163,1.1kV 12C 1.5 sqmm Cu PVC armoured cable as per BS 5308,1.1kV 12C 1.5 sqmm cable as per BS 5308,1.1kV 1.5 sqmm cable,1.1kV cable
RFP_6164,FRLS 300V 16C 1 sqmm Cu XLPE armoured cable as per BS 5308-1,FRLS 1 sqmm XLPE cable as per BS 5308-1,FRLS cable as per BS 5308-1,FRLS cable
RFP_6165,66kV 1C 630 sqmm Cu XLPE armoured cable as per IS 7098-3,66kV Cu XLPE cable as per IS 7098-3,Cu cable as per IS 7098-3,cable as per IS 7098-3
RFP_6166,FRLS 440V 3C 1000 sqmm Al PVC armoured cable as per IS 1554,440V 1000 sqmm Al PVC cable,440V PVC cable,PVC cable
RFP_6167,ZH 66kV 1C 630 sqmm Cu XLPE armoured cable as per IEC 60840,66kV 1C armoured cable as per IEC 60840,66kV cable as per IEC 60840,cable as per IEC 60840
RFP_6168,FR 300V 10C 0.75 sqmm Cu PVC armoured cable as per BS 5308-1,300V 0.75 sqmm armoured cable as per BS 5308-1,300V armoured cable,300V cable
RFP_6169,11kV 3C 120 sqmm Al XLPE armoured cable as per IEC 60502-1,11kV 120 sqmm Al armoured cable,11kV 120 sqmm cable,11kV cable
RFP_6170,FRLS 1.1kV 2C 10 sqmm Cu EPR armoured cable as per BS 5467,2C 10 sqmm Cu cable as per BS 5467,2C Cu cable,Cu cable
RFP_6171,300V 6C 1 sqmm Cu PVC armoured cable as per BS 5308-1,300V 6C Cu PVC cable,300V 6C cable,300V cable
RFP_6172,440V 30C 6 sqmm Cu XLPE armoured cable as per IS 694,30C 6 sqmm XLPE cable as per IS 694,6 sqmm XLPE cable,6 sqmm cable
RFP_6173,FR 1.1kV 2C 630 sqmm Al XLPE armoured cable as per IEC 60502-1,FR 630 sqmm Al cable as per IEC 60502-1,FR cable as per IEC 60502-1,FR cable
RFP_6174,ZH 11kV 3C 400 sqmm Cu XLPE armoured cable as per IEC 60502-1,11kV XLPE armoured cable as per IEC 60502-1,XLPE cable as per IEC 60502-1,XLPE cable
RFP_6175,6.6kV 3C 120 sqmm Al EPR armoured cable as per IEC 60502-1,6.6kV Al armoured cable as per IEC 60502-1,Al armoured cable,armoured cable
RFP_6176,FR 22kV 1C 50 sqmm Cu XLPE armoured cable as per IEC 60502-2,FR 22kV Cu XLPE cable,FR XLPE cable,XLPE cable
RFP_6177,300V 16C 0.5 sqmm Cu PVC armoured cable as per BS 5308-1,0.5 sqmm PVC armoured cable as per BS 5308-1,0.5 sqmm PVC cable,0.5 sqmm cable
RFP_6178,FRLS 440V 19C 1 sqmm Cu PVC armoured cable as per IS 694,440V 19C PVC cable as per IS 694,19C PVC cable,PVC cable
RFP_6179,FRLS 220kV 1C 300 sqmm Al XLPE armoured cable as per IEC 62067,FRLS 1C armoured cable as per IEC 62067,FRLS 1C cable,1C cable
RFP_6180,FR 1.1kV 16C 1.5 sqmm Cu PVC armoured cable as per IEC 60502-1,FR 16C 1.5 sqmm Cu cable,16C 1.5 sqmm cable,16C cable
RFP_6181,LSZH 440V 10C 6 sqmm Cu XLPE armoured cable as per IS 694,LSZH 10C Cu cable as per IS 694,Cu cable as per IS 694,cable as per IS 694
RFP_6182,LSZH 600V 3C 16 sqmm Al XLPE armoured cable as per IS 694,LSZH 600V 3C Al cable,LSZH 600V cable,LSZH cable
RFP_6183,FR 500V 16C 2.5 sqmm Cu XLPE armoured cable as per IEC 60502-1,FR 16C 2.5 sqmm cable as per IEC 60502-1,16C cable as per IEC 60502-1,16C cable
RFP_6184,440V 2C 500 sqmm Cu XLPE armoured cable as per IS 1554,2C 500 sqmm Cu cable as per IS 1554,500 sqmm cable as per IS 1554,500 sqmm cable
RFP_6185,FRLS 600V 2C 1000 sqmm Al PVC armoured cable as per IS 694,FRLS 2C 1000 sqmm cable as per IS 694,1000 sqmm cable as per IS 694,cable as per IS 694
RFP_6186,FRLS 440V 10C 6 sqmm Cu PVC armoured cable as per IS 1554,FRLS 440V 10C Cu cable,FRLS 440V cable,FRLS cable
RFP_6187,FR 1.1kV 24C 2.5 sqmm Cu XLPE armoured cable as per BS 5308-1,FR 1.1kV Cu cable as per BS 5308-1,1.1kV Cu cable,Cu cable
RFP_6188,FR 440V 3C 2.5 sqmm Cu XLPE armoured cable as per IS 694,440V 2.5 sqmm XLPE cable as per IS 694,2.5 sqmm XLPE cable,XLPE cable
RFP_6189,Fire Survival 440V 2C 95 sqmm Cu XLPE armoured cable as per BS 6387,Fire Survival 440V Cu XLPE cable,440V XLPE cable,XLPE cable
RFP_6190,FR 110kV 1C 400 sqmm Cu XLPE armoured cable as per IEC 60840,1C Cu armoured cable as per IEC 60840,Cu armoured cable,armoured cable
RFP_6191,FRLS 300V 4C 1 sqmm Cu XLPE armoured cable as per BS 5308-1,4C 1 sqmm Cu cable as per BS 5308-1,1 sqmm cable as per BS 5308-1,1 sqmm cable
RFP_6192,500V 16C 1.5 sqmm Cu PVC armoured cable as per BS 5308-1,500V 16C Cu cable as per BS 5308-1,500V cable as per BS 5308-1,cable as per BS 5308-1
RFP_6193,ZH 500V 3C 10 sqmm Al PVC armoured cable as per IS 694,ZH 10 sqmm PVC armoured cable,10 sqmm armoured cable,armoured cable
RFP_6194,1.1kV 24C 1 sqmm Cu XLPE armoured cable as per IS 1554,1.1kV 1 sqmm armoured cable as per IS 1554,armoured cable as per IS 1554,cable as per IS 1554
RFP_6195,ZH 400kV 1C 300 sqmm Al XLPE armoured cable as per IEC 62067,ZH XLPE armoured cable as per IEC 62067,ZH cable as per IEC 62067,cable as per IEC 62067
RFP_6196,FR 22kV 3C 300 sqmm Al XLPE armoured cable as per IS 7098-2,3C 300 sqmm armoured cable as per IS 7098-2,300 sqmm armoured cable,300 sqmm cable
RFP_6197,500V 2C 1 sqmm Cu XLPE armoured cable as per IS 1554,500V Cu XLPE cable as per IS 1554,Cu XLPE cable,Cu cable
RFP_6198,ZH 500V 3C 2.5 sqmm Cu PVC armoured cable as per IEC 60245,ZH 500V armoured cable as per IEC 60245,armoured cable as per IEC 60245,cable as per IEC 60245
RFP_6199,FRLS 33kV 3C 400 sqmm Cu XLPE armoured cable as per IS 7098-2,FRLS XLPE armoured cable as per IS 7098-2,FRLS armoured cable,FRLS cable
RFP_6200,FRLS 500V 27C 6 sqmm Cu PVC armoured cable as per IS 1554,500V 6 sqmm PVC armoured cable,500V 6 sqmm cable,6 sqmm cable
RFP_6201,FRLS 22kV 1C 240 sqmm Al XLPE armoured cable as per IEC 60502-2,FRLS 22kV 1C Al cable,FRLS 22kV cable,22kV cable
RFP_6202,Fire Survival 440V 1C 120 sqmm Cu Mineral (MI) armoured cable as per IEC 60331,440V 1C 120 sqmm Mineral (MI) cable as per IEC 60331,440V 120 sqmm Mineral (MI) cable,440V Mineral (MI) cable
RFP_6203,LSZH 1.1kV 1C 1 sqmm Cu XLPE armoured cable as per IEC 60502-1,1 sqmm Cu armoured cable as per IEC 60502-1,Cu cable as per IEC 60502-1,cable as per IEC 60502-1
RFP_6204,FR 500V 6C 1 sqmm Cu PVC armoured cable as per IS 1554,6C 1 sqmm Cu PVC cable,1 sqmm PVC cable,PVC cable
RFP_6205,FRLS 110kV 1C 1000 sqmm Cu XLPE armoured cable as per IEC 60840,110kV 1C Cu cable as per IEC 60840,1C Cu cable,1C cable
RFP_6206,1.1kV 19C 2.5 sqmm Cu XLPE armoured cable as per IS 1554,19C Cu XLPE cable as per IS 1554,XLPE cable as per IS 1554,XLPE cable
RFP_6207,LSZH 500V 4C 4 sqmm Cu PVC armoured cable as per IS 1554,LSZH 500V 4C PVC cable,LSZH PVC cable,LSZH cable
RFP_6208,FR 1.1kV 6C 2.5 sqmm Cu XLPE armoured cable as per BS 5308-1,FR 6C Cu XLPE cable,FR XLPE cable,XLPE cable
RFP_6209,LSZH 440V 2C 2.5 sqmm Cu PVC armoured cable as per IS 694,LSZH 2C Cu armoured cable,LSZH armoured cable,armoured cable
RFP_6210,LSZH 440V 19C 2.5 sqmm Cu PVC armoured cable as per IS 694,440V Cu armoured cable as per IS 694,Cu armoured cable,Cu cable
RFP_6211,440V 3C 16 sqmm Cu PVC armoured cable as per IEC 60245,3C Cu PVC cable as per IEC 60245,Cu cable as per IEC 60245,Cu cable
RFP_6212,Fire Survival 1.1kV 4C 4 sqmm Cu Mineral (MI) armoured cable as per BS 6387,4C 4 sqmm Cu Mineral (MI) cable as per BS 6387,4C Cu Mineral (MI) cable,Cu Mineral (MI) cable
RFP_6213,440V 24C 6 sqmm Cu PVC armoured cable as per IS 694,Cu PVC armoured cable as per IS 694,PVC cable as per IS 694,cable as per IS 694
RFP_6214,Fire Survival 1.1kV 3C 10 sqmm Cu XLPE armoured cable as per BS 6387,1.1kV 10 sqmm armoured cable as per BS 6387,1.1kV 10 sqmm cable,10 sqmm cable
RFP_6215,33kV 3C 300 sqmm Cu XLPE armoured cable as per IEC 60502-2,300 sqmm Cu armoured cable as per IEC 60502-2,300 sqmm armoured cable,300 sqmm cable
RFP_6216,FR 500V 5C 4 sqmm Cu XLPE armoured cable as per IS 1554,FR 5C Cu XLPE cable,FR Cu cable,Cu cable
RFP_6217,LSZH 1.1kV 10C 2.5 sqmm Cu PVC armoured cable as per IEC 60502-1,1.1kV 2.5 sqmm PVC armoured cable,1.1kV 2.5 sqmm cable,1.1kV cable
RFP_6218,ZH 22kV 3C 95 sqmm Al XLPE armoured cable as per IEC 60502-2,ZH 95 sqmm Al armoured cable,95 sqmm armoured cable,95 sqmm cable
RFP_6219,FR 1.1kV 20C 0.75 sqmm Cu PVC armoured cable as per IEC 60502-1,FR 1.1kV 0.75 sqmm PVC cable,1.1kV PVC cable,PVC cable
RFP_6220,ZH 1.1kV 1C 1.5 sqmm Cu PVC armoured cable as per IEC 60502-1,1.1kV 1.5 sqmm Cu armoured cable,Cu armoured cable,armoured cable
RFP_6221,FR 440V 5C 2.5 sqmm Cu PVC armoured cable as per IS 694,440V 2.5 sqmm armoured cable as per IS 694,440V 2.5 sqmm cable,440V cable
RFP_6222,ZH 400kV 1C 300 sqmm Al XLPE armoured cable as per IEC 62067,ZH 400kV Al XLPE cable,ZH Al cable,ZH cable
RFP_6223,FRLS 500V 1C 1.5 sqmm Cu PVC armoured cable as per IEC 60502-1,500V 1C Cu armoured cable,1C armoured cable,armoured cable
RFP_6224,66kV 1C 300 sqmm Al XLPE armoured cable as per IS 7098-3,66kV 1C armoured cable as per IS 7098-3,66kV 1C cable,1C cable
RFP_6225,FR 66kV 1C 630 sqmm Cu XLPE armoured cable as per IEC 60840,66kV 1C 630 sqmm Cu cable,66kV Cu cable,66kV cable
RFP_6226,LSZH 1.1kV 4C 0.75 sqmm Cu PVC armoured cable as per BS 5308-1,1.1kV 0.75 sqmm Cu armoured cable,Cu armoured cable,Cu cable
RFP_6227,1.1kV 27C 6 sqmm Cu PVC armoured cable as per IEC 60502-1,1.1kV 6 sqmm Cu PVC cable,1.1kV PVC cable,PVC cable
RFP_6228,1.1kV 3C 1 sqmm Cu XLPE armoured cable as per IEC 60502-1,1.1kV 3C Cu XLPE cable,1.1kV Cu cable,Cu cable
RFP_6229,LSZH 110kV 1C 300 sqmm Cu XLPE armoured cable as per IEC 60840,LSZH Cu XLPE armoured cable,Cu XLPE cable,XLPE cable
RFP_6230,ZH 440V 2C 10 sqmm Cu XLPE armoured cable as per IS 9968,440V 2C 10 sqmm cable as per IS 9968,440V cable as per IS 9968,cable as per IS 9968
RFP_6231,Fire Survival 1.1kV 1C 6 sqmm Cu Mineral (MI) armoured cable as per IS 17048,Fire Survival 1.1kV 1C Cu Mineral (MI) cable,1.1kV 1C Mineral (MI) cable,1C Mineral (MI) cable
RFP_6232,FR 1.1kV 10C 2.5 sqmm Cu PVC armoured cable as per BS 5308,FR 2.5 sqmm PVC armoured cable,FR armoured cable,FR cable
RFP_6233,FRLS 110kV 1C 300 sqmm Al XLPE armoured cable as per IEC 60840,300 sqmm Al armoured cable as per IEC 60840,300 sqmm Al cable,Al cable
RFP_6234,22kV 3C 150 sqmm Cu XLPE armoured cable as per IS 7098-2,22kV 150 sqmm armoured cable as per IS 7098-2,150 sqmm armoured cable,armoured cable
RFP_6235,FRLS 66kV 1C 240 sqmm Cu XLPE armoured cable as per IEC 60840,66kV 1C armoured cable as per IEC 60840,66kV armoured cable,66kV cable
RFP_6236,ZH 11kV 3C 240 sqmm Cu EPR armoured cable as per IEC 60502-1,ZH 3C 240 sqmm Cu cable,240 sqmm Cu cable,240 sqmm cable
RFP_6237,FRLS 440V 27C 1.5 sqmm Cu PVC armoured cable as per IS 1554,FRLS 440V 27C PVC cable,440V PVC cable,PVC cable
RFP_6238,FR 500V 16C 1.5 sqmm Cu XLPE armoured cable as per IS 1554,FR 500V 16C armoured cable,16C armoured cable,armoured cable
RFP_6239,FRLS 440V 24C 2.5 sqmm Cu XLPE armoured cable as per IS 694,440V 24C XLPE armoured cable,440V XLPE cable,XLPE cable
RFP_6240,440V 19C 2.5 sqmm Cu PVC armoured cable as per IS 1554,440V 2.5 sqmm Cu armoured cable,440V 2.5 sqmm cable,440V cable
RFP_6241,FR 400kV 1C 400 sqmm Al XLPE armoured cable as per IEC 62067,400kV 400 sqmm Al armoured cable,Al armoured cable,Al cable
RFP_6242,FR 132kV 1C 400 sqmm Al XLPE armoured cable as per IEC 60840,132kV 1C Al armoured cable,1C Al cable,1C cable
RFP_6243,Fire Survival 440V 4C 35 sqmm Cu Mineral (MI) armoured cable as per IEC 60331,440V 35 sqmm Mineral (MI) armoured cable as per IEC 60331,440V 35 sqmm Mineral (MI) cable,440V Mineral (MI) cable
RFP_6244,FRLS 1.1kV 4C 25 sqmm Cu XLPE armoured cable as per IS 9968,1.1kV Cu XLPE armoured cable,XLPE armoured cable,XLPE cable
RFP_6245,FR 400kV 1C 300 sqmm Al XLPE armoured cable as per IEC 62067,FR 400kV 1C 300 sqmm cable,1C 300 sqmm cable,300 sqmm cable
RFP_6246,FR 440V 1C 16 sqmm Cu XLPE armoured cable as per IS 694,FR 440V Cu cable as per IS 694,FR 440V cable,440V cable
RFP_6247,1.1kV 8C 1.5 sqmm Cu PVC armoured cable as per IEC 60502-1,1.1kV 1.5 sqmm Cu PVC cable,1.5 sqmm PVC cable,PVC cable
RFP_6248,FRLS 600V 1C 500 sqmm Cu PVC armoured cable as per IS 694,500 sqmm Cu PVC cable as per IS 694,500 sqmm Cu cable,Cu cable
RFP_6249,FRLS 400kV 1C 300 sqmm Cu XLPE armoured cable as per IEC 62067,FRLS 300 sqmm Cu XLPE cable,Cu XLPE cable,Cu cable
RFP_6250,300V 24C 2.5 sqmm Cu XLPE armoured cable as per IEC 60502-1,300V 24C 2.5 sqmm armoured cable,24C armoured cable,24C cable
RFP_6251,FR 1.1kV 24C 1.5 sqmm Cu PVC armoured cable as per IS 1554,FR PVC armoured cable as per IS 1554,FR armoured cable,armoured cable
RFP_6252,ZH 11kV 3C 70 sqmm Al XLPE armoured cable as per IS 7098-1,ZH 11kV 3C 70 sqmm cable,ZH 11kV cable,11kV cable
RFP_6253,FR 400kV 1C 800 sqmm Al XLPE armoured cable as per IEC 62067,FR 1C 800 sqmm XLPE cable,FR 800 sqmm cable,800 sqmm cable
RFP_6254,FRLS 300V 1C 1 sqmm Cu XLPE armoured cable as per BS 5308-1,FRLS XLPE armoured cable as per BS 5308-1,armoured cable as per BS 5308-1,cable as per BS 5308-1
RFP_6255,FR 440V 5C 2.5 sqmm Cu XLPE armoured cable as per IS 1554,440V 5C 2.5 sqmm XLPE cable,440V XLPE cable,XLPE cable
RFP_6256,LSZH 132kV 1C 185 sqmm Al XLPE armoured cable as per IEC 60840,LSZH 1C armoured cable as per IEC 60840,LSZH armoured cable,LSZH cable
RFP_6257,FR 500V 8C 0.75 sqmm Cu XLPE armoured cable as per IEC 60502-1,500V 8C XLPE cable as per IEC 60502-1,500V cable as per IEC 60502-1,cable as per IEC 60502-1
RFP_6258,Fire Survival 440V 3C 6 sqmm Cu XLPE armoured cable as per BS 6387,3C 6 sqmm XLPE armoured cable,XLPE armoured cable,armoured cable
RFP_6259,FRLS 11kV 1C 185 sqmm Cu XLPE armoured cable as per IEC 60502-1,11kV 185 sqmm Cu XLPE cable,11kV Cu cable,Cu cable
RFP_6260,FR 440V 6C 6 sqmm Cu PVC armoured cable as per IS 694,FR Cu PVC armoured cable,FR Cu cable,Cu cable
RFP_6261,FRLS 1.1kV 16C 1.5 sqmm Cu PVC armoured cable as per IEC 60502-1,FRLS 16C 1.5 sqmm armoured cable,FRLS 16C cable,16C cable
RFP_6262,FRLS 500V 10C 2.5 sqmm Cu PVC armoured cable as per IEC 60502-1,10C 2.5 sqmm Cu armoured cable,Cu armoured cable,armoured cable
RFP_6263,FR 132kV 1C 630 sqmm Al XLPE armoured cable as per IEC 60840,FR 132kV 1C cable as per IEC 60840,132kV 1C cable,132kV cable
RFP_6264,FRLS 600V 4C 35 sqmm Cu PVC armoured cable as per IS 694,35 sqmm Cu PVC cable as per IS 694,Cu cable as per IS 694,Cu cable
RFP_6265,FR 1.1kV 2C 6 sqmm Cu PVC armoured cable as per IS 1554,FR 1.1kV 6 sqmm Cu cable,FR 1.1kV cable,1.1kV cable
RFP_6266,1.1kV 1C 6 sqmm Cu PVC armoured cable as per IS 9968,1.1kV 6 sqmm armoured cable as per IS 9968,1.1kV armoured cable,1.1kV cable
RFP_6267,Fire Survival 1.1kV 3C 120 sqmm Cu XLPE armoured cable as per IEC 60331,Fire Survival 1.1kV 120 sqmm armoured cable,1.1kV armoured cable,1.1kV cable
RFP_6268,FRLS 440V 4C 2.5 sqmm Cu PVC armoured cable as per IS 694,FRLS 4C Cu PVC cable,FRLS PVC cable,PVC cable
RFP_6269,440V 6C 2.5 sqmm Cu XLPE armoured cable as per IS 694,440V 6C 2.5 sqmm cable as per IS 694,440V cable as per IS 694,cable as per IS 694
RFP_6270,Fire Survival 440V 4C 10 sqmm Cu XLPE armoured cable as per IEC 60331,Fire Survival 10 sqmm XLPE armoured cable,10 sqmm armoured cable,armoured cable
RFP_6271,FRLS 500V 1C 2.5 sqmm Cu PVC armoured cable as per IS 694,FRLS 500V Cu PVC cable,FRLS Cu cable,Cu cable
RFP_6272,1.1kV 4C 6 sqmm Al XLPE armoured cable as per IS 1554,4C 6 sqmm Al cable as per IS 1554,6 sqmm Al cable,Al cable
RFP_6273,FRLS 440V 3C 16 sqmm Cu PVC armoured cable as per IS 9968,FRLS PVC armoured cable as per IS 9968,FRLS armoured cable,armoured cable
RFP_6274,500V 2C 1 sqmm Cu XLPE armoured cable as per IEC 60502-1,2C 1 sqmm Cu cable as per IEC 60502-1,Cu cable as per IEC 60502-1,Cu cable
RFP_6275,ZH 66kV 1C 1000 sqmm Al XLPE armoured cable as per IS 7098-3,66kV 1C Al XLPE cable,66kV Al cable,66kV cable
RFP_6276,FR 440V 24C 1 sqmm Cu PVC armoured cable as per IS 694,FR 440V 1 sqmm Cu cable,1 sqmm Cu cable,1 sqmm cable
RFP_6277,FR 500V 3C 630 sqmm Cu XLPE armoured cable as per IS 1554,500V 3C Cu cable as per IS 1554,500V Cu cable,500V cable
RFP_6278,500V 2C 0.75 sqmm Cu PVC armoured cable as per IEC 60502-1,500V 2C Cu cable as per IEC 60502-1,2C Cu cable,Cu cable
RFP_6279,FRLS 440V 1C 10 sqmm Cu XLPE armoured cable as per IEC 60245,FRLS 440V XLPE cable as per IEC 60245,440V cable as per IEC 60245,440V cable
RFP_6280,LSZH 500V 8C 6 sqmm Cu XLPE armoured cable as per IS 1554,LSZH 6 sqmm Cu armoured cable,LSZH 6 sqmm cable,6 sqmm cable
RFP_6281,LSZH 300V 20C 1 sqmm Cu PVC armoured cable as per IEC 60502-1,LSZH 20C armoured cable as per IEC 60502-1,20C armoured cable,armoured cable
RFP_6282,FR 33kV 1C 185 sqmm Cu XLPE armoured cable as per IS 7098-2,185 sqmm XLPE armoured cable as per IS 7098-2,185 sqmm XLPE cable,XLPE cable
RFP_6283,LSZH 440V 3C 25 sqmm Cu XLPE armoured cable as per IEC 60245,3C 25 sqmm XLPE armoured cable,25 sqmm XLPE cable,XLPE cable
RFP_6284,ZH 220kV 1C 300 sqmm Al XLPE armoured cable as per IEC 62067,ZH 1C armoured cable as per IEC 62067,1C armoured cable,1C cable
RFP_6285,500V 7C 1.5 sqmm Cu XLPE armoured cable as per IEC 60502-1,7C 1.5 sqmm Cu armoured cable,1.5 sqmm Cu cable,Cu cable
RFP_6286,FR 11kV 3C 300 sqmm Cu XLPE armoured cable as per IS 7098-1,FR 11kV Cu cable as per IS 7098-1,FR 11kV cable,11kV cable
RFP_6287,Fire Survival 440V 1C 16 sqmm Cu Mineral (MI) armoured cable as per BS 6387,Fire Survival 1C 16 sqmm Mineral (MI) cable as per BS 6387,Fire Survival 1C Mineral (MI) cable,1C Mineral (MI) cable
RFP_6288,LSZH 1.1kV 3C 4 sqmm Cu XLPE armoured cable as per IEC 60502-1,LSZH 3C 4 sqmm armoured cable,4 sqmm armoured cable,4 sqmm cable
RFP_6289,FRLS 1.1kV 16C 0.75 sqmm Cu PVC armoured cable as per BS 5308-1,1.1kV 16C Cu cable as per BS 5308-1,1.1kV 16C cable,1.1kV cable
RFP_6290,LSZH 440V 5C 1.5 sqmm Cu XLPE armoured cable as per IS 694,440V Cu XLPE cable as per IS 694,440V XLPE cable,440V cable
RFP_6291,Fire Survival 1.1kV 3C 95 sqmm Cu XLPE armoured cable as per IS 17048,Fire Survival 95 sqmm Cu cable as per IS 17048,95 sqmm Cu cable,Cu cable
RFP_6292,LSZH 300V 12C 0.5 sqmm Cu XLPE armoured cable as per IEC 60502-1,12C XLPE armoured cable as per IEC 60502-1,12C armoured cable,armoured cable
RFP_6293,LSZH 1.1kV 2C 1.5 sqmm Cu PVC armoured cable as per IS 1554,1.1kV 2C PVC armoured cable,1.1kV PVC cable,PVC cable
RFP_6294,ZH 400kV 1C 240 sqmm Cu XLPE armoured cable as per IEC 62067,400kV 240 sqmm XLPE cable as per IEC 62067,400kV cable as per IEC 62067,cable as per IEC 62067
RFP_6295,FRLS 500V 16C 1 sqmm Cu XLPE armoured cable as per IEC 60502-1,FRLS 500V 1 sqmm armoured cable,500V armoured cable,armoured cable
RFP_6296,FR 1.1kV 14C 6 sqmm Cu PVC armoured cable as per IEC 60502-1,FR 1.1kV PVC cable as per IEC 60502-1,FR cable as per IEC 60502-1,FR cable
RFP_6297,220kV 1C 240 sqmm Cu XLPE armoured cable as per IEC 62067,220kV Cu XLPE cable as per IEC 62067,Cu cable as per IEC 62067,Cu cable
RFP_6298,66kV 1C 240 sqmm Cu XLPE armoured cable as per IEC 60840,66kV 1C 240 sqmm cable as per IEC 60840,1C 240 sqmm cable,1C cable
RFP_6299,FR 300V 12C 0.75 sqmm Cu PVC armoured cable as per IEC 60502-1,300V 12C PVC armoured cable,12C PVC cable,PVC cable
RFP_6300,FRLS 500V 19C 1.5 sqmm Cu PVC armoured cable as per IS 1554,FRLS 500V 1.5 sqmm armoured cable,500V 1.5 sqmm cable,500V cable
RFP_6301,ZH 1.1kV 1C 630 sqmm Al PVC armoured cable as per BS 5467,ZH 630 sqmm PVC cable as per BS 5467,ZH cable as per BS 5467,cable as per BS 5467
RFP_6302,FRLS 500V 19C 1 sqmm Cu PVC armoured cable as per IS 1554,19C 1 sqmm Cu cable as per IS 1554,Cu cable as per IS 1554,cable as per IS 1554
RFP_6303,FR 1.1kV 12C 1.5 sqmm Cu PVC armoured cable as per IEC 60502-1,FR 1.1kV Cu cable as per IEC 60502-1,1.1kV Cu cable,Cu cable
RFP_6304,FRLS 500V 1C 10 sqmm Al PVC armoured cable as per IS 694,10 sqmm Al PVC cable as per IS 694,PVC cable as per IS 694,cable as per IS 694
RFP_6305,FR 500V 2C 0.5 sqmm Cu XLPE armoured cable as per BS 5308-1,FR 500V 0.5 sqmm Cu cable,500V Cu cable,Cu cable
RFP_6306,ZH 66kV 1C 300 sqmm Cu XLPE armoured cable as per IEC 60840,ZH 66kV 1C XLPE cable,66kV XLPE cable,66kV cable
RFP_6307,LSZH 1.1kV 2C 6 sqmm Cu XLPE armoured cable as per IEC 60502-1,LSZH 1.1kV 6 sqmm Cu cable,LSZH 6 sqmm cable,6 sqmm cable
RFP_6308,1.1kV 8C 0.75 sqmm Cu XLPE armoured cable as per IEC 60502-1,0.75 sqmm XLPE armoured cable as per IEC 60502-1,0.75 sqmm armoured cable,0.75 sqmm cable
RFP_6309,Fire Survival 1.1kV 4C 35 sqmm Cu Mineral (MI) armoured cable as per IS 17048,Fire Survival Cu Mineral (MI) armoured cable as per IS 17048,Cu Mineral (MI) armoured cable,Cu Mineral (MI) cable
RFP_6310,FRLS 1.1kV 10C 2.5 sqmm Cu PVC armoured cable as per BS 5308-1,FRLS 1.1kV Cu PVC cable,FRLS 1.1kV cable,1.1kV cable
RFP_6311,LSZH 6.6kV 3C 50 sqmm Cu XLPE armoured cable as per IS 7098-1,50 sqmm XLPE armoured cable as per IS 7098-1,50 sqmm cable as per IS 7098-1,cable as per IS 7098-1
RFP_6312,FRLS 1.1kV 20C 0.5 sqmm Cu PVC armoured cable as per BS 5308-1,FRLS 0.5 sqmm armoured cable as per BS 5308-1,armoured cable as per BS 5308-1,cable as per BS 5308-1
RFP_6313,FR 1.1kV 10C 0.75 sqmm Cu XLPE armoured cable as per IS 1554,0.75 sqmm Cu XLPE cable as per IS 1554,Cu XLPE cable,Cu cable
RFP_6314,FR 500V 14C 4 sqmm Cu XLPE armoured cable as per IEC 60502-1,FR 500V Cu XLPE cable,FR XLPE cable,FR cable
RFP_6315,Fire Survival 1.1kV 1C 4 sqmm Cu XLPE armoured cable as per IS 17048,1.1kV 4 sqmm Cu armoured cable,4 sqmm armoured cable,armoured cable
RFP_6316,FR 3.3kV 1C 150 sqmm Al XLPE armoured cable as per IS 7098-1,150 sqmm Al armoured cable as per IS 7098-1,150 sqmm Al cable,150 sqmm cable
RFP_6317,FR 1.1kV 4C 0.75 sqmm Cu PVC armoured cable as per IEC 60502-1,FR 0.75 sqmm PVC armoured cable,FR 0.75 sqmm cable,FR cable
RFP_6318,FR 1.1kV 2C 0.75 sqmm Cu XLPE armoured cable as per BS 5308-1,FR 1.1kV XLPE cable as per BS 5308-1,1.1kV cable as per BS 5308-1,cable as per BS 5308-1
RFP_6319,FRLS 1.1kV 5C 4 sqmm Cu XLPE armoured cable as per IEC 60502-1,1.1kV 5C Cu cable as per IEC 60502-1,1.1kV 5C cable,5C cable
RFP_6320,ZH 132kV 1C 300 sqmm Cu XLPE armoured cable as per IEC 60840,ZH 132kV 1C Cu cable,1C Cu cable,1C cable
RFP_6321,LSZH 1.1kV 5C 4 sqmm Cu PVC armoured cable as per IS 9968,1.1kV 5C PVC armoured cable,5C armoured cable,5C cable
RFP_6322,1.1kV 30C 2.5 sqmm Cu XLPE armoured cable as per BS 5308,2.5 sqmm Cu XLPE armoured cable,2.5 sqmm Cu cable,2.5 sqmm cable
RFP_6323,FR 440V 24C 1 sqmm Cu PVC armoured cable as per IS 1554,24C 1 sqmm PVC cable as per IS 1554,24C 1 sqmm cable,24C cable
RFP_6324,1.1kV 3C 1.5 sqmm Cu PVC armoured cable as per BS 5308,1.1kV PVC armoured cable as per BS 5308,1.1kV armoured cable,armoured cable
RFP_6325,FR 1.1kV 14C 4 sqmm Cu XLPE armoured cable as per BS 5308,FR 1.1kV Cu cable as per BS 5308,FR cable as per BS 5308,cable as per BS 5308
RFP_6326,FRLS 110kV 1C 630 sqmm Cu XLPE armoured cable as per IEC 60840,FRLS 110kV XLPE armoured cable,FRLS armoured cable,armoured cable
RFP_6327,500V 3.5C 4 sqmm Cu PVC armoured cable as per IEC 60502-1,3.5C PVC armoured cable as per IEC 60502-1,3.5C armoured cable,3. armoured cable
RFP_6328,ZH 1.1kV 5C 1.5 sqmm Cu PVC armoured cable as per IS 9968,1.1kV 1.5 sqmm PVC armoured cable,1.1kV 1.5 sqmm cable,1.5 sqmm cable
RFP_6329,LSZH 1.1kV 16C 1.5 sqmm Cu PVC armoured cable as per IS 1554,LSZH Cu PVC cable as per IS 1554,Cu cable as per IS 1554,Cu cable
RFP_6330,500V 12C 6 sqmm Cu PVC armoured cable as per IS 1554,500V 12C 6 sqmm Cu cable,12C 6 sqmm cable,12C cable
RFP_6331,LSZH 110kV 1C 185 sqmm Al XLPE armoured cable as per IEC 60840,110kV 185 sqmm Al cable as per IEC 60840,185 sqmm cable as per IEC 60840,185 sqmm cable
RFP_6332,FR 500V 1C 1000 sqmm Cu PVC armoured cable as per IS 1554,FR 500V Cu PVC cable,500V PVC cable,PVC cable
RFP_6333,300V 4C 1.5 sqmm Cu XLPE armoured cable as per BS 5308-1,4C Cu XLPE cable as per BS 5308-1,4C XLPE cable,XLPE cable
RFP_6334,FR 440V 27C 1.5 sqmm Cu PVC armoured cable as per IS 1554,FR 440V 27C Cu cable,FR 27C cable,FR cable
RFP_6335,FRLS 1.1kV 5C 2.5 sqmm Cu XLPE armoured cable as per BS 5308,FRLS 1.1kV 2.5 sqmm armoured cable,FRLS armoured cable,FRLS cable
RFP_6336,FRLS 1.1kV 24C 6 sqmm Cu XLPE armoured cable as per BS 5308,FRLS Cu armoured cable as per BS 5308,FRLS armoured cable,armoured cable
RFP_6337,FRLS 1.1kV 16C 1.5 sqmm Cu PVC armoured cable as per IS 1554,FRLS 16C PVC armoured cable,FRLS armoured cable,armoured cable
RFP_6338,FR 300V 4C 0.5 sqmm Cu XLPE armoured cable as per IEC 60502-1,300V 4C 0.5 sqmm Cu cable,300V 0.5 sqmm cable,300V cable
RFP_6339,ZH 500V 3C 16 sqmm Cu PVC armoured cable as per IS 694,3C Cu armoured cable as per IS 694,3C cable as per IS 694,3C cable
RFP_6340,FR 1.1kV 10C 1.5 sqmm Cu XLPE armoured cable as per IS 1554,1.1kV 10C armoured cable as per IS 1554,1.1kV 10C cable,10C cable
RFP_6341,300V 1C 1 sqmm Cu XLPE armoured cable as per BS 5308-1,1C Cu armoured cable as per BS 5308-1,armoured cable as per BS 5308-1,armoured cable
RFP_6342,FR 1.1kV 4C 35 sqmm Cu XLPE armoured cable as per IEC 60502-1,FR 1.1kV Cu cable as per IEC 60502-1,FR 1.1kV cable,FR cable
RFP_6343,FR 300V 6C 0.75 sqmm Cu XLPE armoured cable as per BS 5308-1,300V 6C Cu armoured cable,300V Cu cable,300V cable
RFP_6344,FR 66kV 1C 185 sqmm Cu XLPE armoured cable as per IS 7098-3,FR 66kV 185 sqmm Cu cable,FR 66kV cable,FR cable
RFP_6345,ZH 6.6kV 1C 120 sqmm Al EPR armoured cable as per IS 7098-1,ZH Al armoured cable as per IS 7098-1,ZH Al cable,Al cable
RFP_6346,LSZH 66kV 1C 185 sqmm Cu XLPE armoured cable as per IEC 60840,LSZH 185 sqmm XLPE armoured cable,LSZH armoured cable,LSZH cable
RFP_6347,LSZH 440V 12C 1.5 sqmm Cu PVC armoured cable as per IS 1554,440V 12C armoured cable as per IS 1554,12C cable as per IS 1554,cable as per IS 1554
RFP_6348,LSZH 500V 7C 1 sqmm Cu PVC armoured cable as per IS 1554,7C 1 sqmm armoured cable as per IS 1554,1 sqmm cable as per IS 1554,cable as per IS 1554
RFP_6349,Fire Survival 1.1kV 3C 1.5 sqmm Cu Mineral (MI) armoured cable as per BS 6387,1.1kV 1.5 sqmm Cu Mineral (MI) armoured cable,1.1kV Mineral (MI) armoured cable,1.1kV Mineral (MI) cable
RFP_6350,LSZH 1.1kV 5C 1 sqmm Cu PVC armoured cable as per IEC 60502-1,1.1kV Cu PVC cable as per IEC 60502-1,1.1kV cable as per IEC 60502-1,cable as per IEC 60502-1
RFP_6351,FR 1.1kV 16C 6 sqmm Cu XLPE armoured cable as per IS 1554,16C 6 sqmm Cu cable as per IS 1554,Cu cable as per IS 1554,Cu cable
RFP_6352,FRLS 440V 4C 6 sqmm Cu XLPE armoured cable as per IS 694,FRLS 4C XLPE cable as per IS 694,FRLS XLPE cable,FRLS cable
RFP_6353,LSZH 440V 5C 1 sqmm Cu XLPE armoured cable as per IS 1554,LSZH 5C 1 sqmm armoured cable,5C 1 sqmm cable,1 sqmm cable
RFP_6354,LSZH 1.1kV 27C 6 sqmm Cu PVC armoured cable as per IS 1554,LSZH 6 sqmm PVC cable as per IS 1554,PVC cable as per IS 1554,PVC cable
RFP_6355,1.1kV 16C 6 sqmm Cu PVC armoured cable as per IEC 60502-1,1.1kV 16C 6 sqmm cable as per IEC 60502-1,6 sqmm cable as per IEC 60502-1,6 sqmm cable
RFP_6356,FRLS 1.1kV 2C 1 sqmm Cu PVC armoured cable as per BS 5308,1.1kV 1 sqmm Cu armoured cable,Cu armoured cable,Cu cable
RFP_6357,Fire Survival 440V 1C 6 sqmm Cu XLPE armoured cable as per IEC 60331,Fire Survival 1C 6 sqmm cable as per IEC 60331,Fire Survival 1C cable,1C cable
RFP_6358,FRLS 33kV 1C 150 sqmm Cu XLPE armoured cable as per IEC 60502-2,33kV 150 sqmm Cu cable as per IEC 60502-2,33kV cable as per IEC 60502-2,cable as per IEC 60502-2
RFP_6359,LSZH 500V 12C 0.75 sqmm Cu PVC armoured cable as per BS 5308-1,LSZH 500V Cu armoured cable,500V Cu cable,Cu cable
RFP_6360,FR 22kV 1C 400 sqmm Al XLPE armoured cable as per IEC 60502-2,FR 1C 400 sqmm cable as per IEC 60502-2,FR 1C cable,1C cable
RFP_6361,FR 1.1kV 2C 10 sqmm Cu PVC armoured cable as per IEC 60502-1,FR 10 sqmm PVC armoured cable,PVC armoured cable,armoured cable
RFP_6362,LSZH 1.1kV 8C 0.75 sqmm Cu PVC armoured cable as per IEC 60502-1,LSZH 8C Cu armoured cable,Cu armoured cable,Cu cable
RFP_6363,FR 1.1kV 10C 0.75 sqmm Cu XLPE armoured cable as per IS 1554,FR 1.1kV 10C cable as per IS 1554,1.1kV cable as per IS 1554,1.1kV cable
RFP_6364,LSZH 22kV 3C 95 sqmm Cu XLPE armoured cable as per IS 7098-2,LSZH 3C 95 sqmm XLPE cable,LSZH XLPE cable,LSZH cable
RFP_6365,FRLS 220kV 1C 500 sqmm Al XLPE armoured cable as per IEC 62067,220kV Al XLPE armoured cable,220kV XLPE cable,XLPE cable
RFP_6366,400kV 1C 240 sqmm Cu XLPE armoured cable as per IEC 62067,400kV 240 sqmm armoured cable as per IEC 62067,armoured cable as per IEC 62067,armoured cable
RFP_6367,FRLS 500V 30C 6 sqmm Cu PVC armoured cable as per IEC 60502-1,FRLS 6 sqmm Cu cable as per IEC 60502-1,Cu cable as per IEC 60502-1,cable as per IEC 60502-1
RFP_6368,FRLS 1.1kV 19C 4 sqmm Cu XLPE armoured cable as per BS 5308,4 sqmm Cu XLPE cable as per BS 5308,Cu XLPE cable,Cu cable
RFP_6369,LSZH 22kV 1C 70 sqmm Cu XLPE armoured cable as per IEC 60502-2,22kV 1C 70 sqmm XLPE cable,22kV XLPE cable,XLPE cable
RFP_6370,ZH 440V 1C 185 sqmm Al PVC armoured cable as per IS 1554,ZH 185 sqmm Al cable as per IS 1554,Al cable as per IS 1554,cable as per IS 1554
RFP_6371,LSZH 1.1kV 3C 800 sqmm Cu PVC armoured cable as per BS 5467,LSZH 1.1kV 3C Cu cable,LSZH 3C cable,3C cable
RFP_6372,LSZH 440V 24C 6 sqmm Cu XLPE armoured cable as per IS 1554,LSZH 440V Cu armoured cable,LSZH 440V cable,LSZH cable
RFP_6373,FR 33kV 1C 150 sqmm Al XLPE armoured cable as per IS 7098-2,FR 1C Al armoured cable,1C armoured cable,armoured cable
RFP_6374,22kV 1C 400 sqmm Al XLPE armoured cable as per IEC 60502-2,1C 400 sqmm Al cable as per IEC 60502-2,400 sqmm Al cable,Al cable
RFP_6375,FR 132kV 1C 185 sqmm Cu XLPE armoured cable as per IEC 60840,1C Cu XLPE armoured cable,Cu armoured cable,Cu cable
RFP_6376,ZH 1.1kV 5C 1 sqmm Cu PVC armoured cable as per IEC 60502-1,1.1kV 1 sqmm Cu PVC cable,Cu PVC cable,Cu cable
RFP_6377,FR 1.1kV 3C 2.5 sqmm Cu XLPE armoured cable as per IS 1554,FR 3C 2.5 sqmm Cu cable,FR 3C cable,FR cable
RFP_6378,FR 132kV 1C 300 sqmm Cu XLPE armoured cable as per IEC 60840,FR 132kV 300 sqmm armoured cable,132kV 300 sqmm cable,300 sqmm cable
RFP_6379,FR 500V 3C 6 sqmm Cu PVC armoured cable as per IEC 60502-1,FR 500V Cu armoured cable,FR 500V cable,FR cable
RFP_6380,FRLS 440V 4C 2.5 sqmm Cu PVC armoured cable as per IS 9968,FRLS 2.5 sqmm armoured cable as per IS 9968,FRLS 2.5 sqmm cable,FRLS cable
RFP_6381,440V 19C 2.5 sqmm Cu XLPE armoured cable as per IS 694,19C 2.5 sqmm Cu cable as per IS 694,19C Cu cable,Cu cable
RFP_6382,FR 11kV 1C 185 sqmm Cu EPR armoured cable as per IS 7098-1,FR 1C Cu armoured cable,1C armoured cable,armoured cable
RFP_6383,LSZH 1.1kV 6C 2.5 sqmm Cu XLPE armoured cable as per IS 1554,LSZH 1.1kV Cu XLPE cable,1.1kV Cu cable,Cu cable
RFP_6384,ZH 33kV 3C 150 sqmm Cu XLPE armoured cable as per IS 7098-2,ZH 3C 150 sqmm Cu cable,ZH 150 sqmm cable,ZH cable
RFP_6385,3.3kV 1C 70 sqmm Cu XLPE armoured cable as per IEC 60502-1,1C 70 sqmm armoured cable as per IEC 60502-1,armoured cable as per IEC 60502-1,cable as per IEC 60502-1
RFP_6386,FRLS 1.1kV 24C 0.75 sqmm Cu XLPE armoured cable as per IS 1554,1.1kV Cu XLPE cable as per IS 1554,Cu XLPE cable,Cu cable
RFP_6387,FRLS 440V 14C 4 sqmm Cu XLPE armoured cable as per IS 1554,440V 4 sqmm Cu cable as per IS 1554,440V 4 sqmm cable,4 sqmm cable
RFP_6388,LSZH 6.6kV 1C 70 sqmm Cu XLPE armoured cable as per IS 7098-1,70 sqmm Cu XLPE cable as per IS 7098-1,70 sqmm Cu cable,70 sqmm cable
RFP_6389,FRLS 1.1kV 4C 1 sqmm Cu XLPE armoured cable as per IS 1554,FRLS 1.1kV armoured cable as per IS 1554,FRLS cable as per IS 1554,FRLS cable
RFP_6390,LSZH 132kV 1C 240 sqmm Al XLPE armoured cable as per IEC 60840,132kV Al XLPE armoured cable,Al armoured cable,armoured cable
RFP_6391,ZH 500V 3C 1.5 sqmm Cu PVC armoured cable as per IS 694,ZH Cu armoured cable as per IS 694,ZH armoured cable,armoured cable
RFP_6392,1.1kV 19C 2.5 sqmm Cu XLPE armoured cable as per BS 5308,1.1kV 19C 2.5 sqmm armoured cable,1.1kV 2.5 sqmm cable,2.5 sqmm cable
RFP_6393,FR 300V 20C 1.5 sqmm Cu PVC armoured cable as per IEC 60502-1,FR 1.5 sqmm armoured cable as per IEC 60502-1,1.5 sqmm armoured cable,armoured cable
RFP_6394,LSZH 440V 16C 6 sqmm Cu XLPE armoured cable as per IS 694,6 sqmm Cu XLPE armoured cable,Cu armoured cable,armoured cable
RFP_6395,FRLS 500V 6C 1 sqmm Cu XLPE armoured cable as per IEC 60502-1,6C Cu XLPE cable as per IEC 60502-1,Cu cable as per IEC 60502-1,cable as per IEC 60502-1
RFP_6396,Fire Survival 440V 4C 25 sqmm Cu XLPE armoured cable as per BS 6387,Fire Survival 4C 25 sqmm cable as per BS 6387,Fire Survival 4C cable,Fire Survival cable
RFP_6397,220kV 1C 500 sqmm Al XLPE armoured cable as per IEC 62067,500 sqmm XLPE armoured cable as per IEC 62067,XLPE armoured cable,armoured cable
RFP_6398,500V 1C 6 sqmm Cu XLPE armoured cable as per IS 694,500V 6 sqmm armoured cable as per IS 694,6 sqmm armoured cable,armoured cable
RFP_6399,LSZH 300V 4C 2.5 sqmm Cu PVC armoured cable as per IEC 60502-1,LSZH 2.5 sqmm Cu cable as per IEC 60502-1,2.5 sqmm Cu cable,2.5 sqmm cable
RFP_6400,Fire Survival 1.1kV 1C 6 sqmm Cu Mineral (MI) armoured cable as per IEC 60331,1.1kV 6 sqmm Cu Mineral (MI) cable as per IEC 60331,1.1kV 6 sqmm Mineral (MI) cable,1.1kV Mineral (MI) cable
RFP_6401,ZH 440V 2C 4 sqmm Al XLPE armoured cable as per IS 1554,ZH 440V 2C 4 sqmm cable,2C 4 sqmm cable,2C cable
RFP_6402,220kV 1C 1000 sqmm Al XLPE armoured cable as per IEC 62067,1C 1000 sqmm Al cable as per IEC 62067,1C 1000 sqmm cable,1C cable
RFP_6403,1.1kV 8C 4 sqmm Cu XLPE armoured cable as per BS 5308,8C 4 sqmm armoured cable as per BS 5308,8C armoured cable,armoured cable
RFP_6404,500V 10C 2.5 sqmm Cu XLPE armoured cable as per BS 5308-1,500V 10C XLPE armoured cable,10C XLPE cable,XLPE cable
RFP_6405,1.1kV 5C 6 sqmm Cu PVC armoured cable as per IEC 60502-1,1.1kV 5C 6 sqmm PVC cable,1.1kV 5C cable,5C cable
RFP_6406,Fire Survival 1.1kV 2C 70 sqmm Cu Mineral (MI) armoured cable as per BS 6387,2C 70 sqmm Cu Mineral (MI) armoured cable,Cu Mineral (MI) armoured cable,Mineral (MI) armoured cable
RFP_6407,Fire Survival 1.1kV 4C 16 sqmm Cu Mineral (MI) armoured cable as per IS 17048,1.1kV 16 sqmm Cu Mineral (MI) cable as per IS 17048,16 sqmm Cu Mineral (MI) cable,Cu Mineral (MI) cable
RFP_6408,ZH 440V 1C 95 sqmm Cu PVC armoured cable as per IS 1554,ZH Cu PVC cable as per IS 1554,PVC cable as per IS 1554,cable as per IS 1554
RFP_6409,LSZH 1.1kV 20C 2.5 sqmm Cu PVC armoured cable as per IS 1554,1.1kV 20C Cu cable as per IS 1554,1.1kV Cu cable,1.1kV cable
RFP_6410,LSZH 1.1kV 4C 1.5 sqmm Cu XLPE armoured cable as per IEC 60502-1,LSZH XLPE armoured cable as per IEC 60502-1,XLPE cable as per IEC 60502-1,XLPE cable
RFP_6411,ZH 33kV 3C 150 sqmm Cu XLPE armoured cable as per IEC 60502-2,ZH 3C 150 sqmm XLPE cable,3C 150 sqmm cable,150 sqmm cable
RFP_6412,LSZH 1.1kV 3C 4 sqmm Cu XLPE armoured cable as per IEC 60502-1,LSZH 3C Cu cable as per IEC 60502-1,3C cable as per IEC 60502-1,3C cable
RFP_6413,LSZH 500V 2C 1 sqmm Cu PVC armoured cable as per IS 694,500V Cu PVC armoured cable,500V armoured cable,armoured cable
RFP_6414,LSZH 11kV 1C 240 sqmm Al XLPE armoured cable as per IEC 60502-1,11kV 1C armoured cable as per IEC 60502-1,11kV 1C cable,11kV cable
RFP_6415,220kV 1C 630 sqmm Cu XLPE armoured cable as per IEC 62067,220kV 1C 630 sqmm Cu cable,220kV 1C cable,220kV cable
RFP_6416,LSZH 110kV 1C 1000 sqmm Al XLPE armoured cable as per IEC 60840,LSZH 110kV 1000 sqmm cable as per IEC 60840,110kV cable as per IEC 60840,cable as per IEC 60840
RFP_6417,440V 4C 1.5 sqmm Cu PVC armoured cable as per IEC 60502-1,440V 1.5 sqmm Cu armoured cable,1.5 sqmm Cu cable,Cu cable
RFP_6418,LSZH 66kV 1C 630 sqmm Al XLPE armoured cable as per IS 7098-3,1C 630 sqmm XLPE armoured cable,630 sqmm armoured cable,armoured cable
RFP_6419,Fire Survival 440V 3C 95 sqmm Cu XLPE armoured cable as per IEC 60331,440V 95 sqmm Cu XLPE cable,95 sqmm XLPE cable,95 sqmm cable
RFP_6420,ZH 500V 1C 70 sqmm Cu XLPE armoured cable as per IS 1554,ZH 500V Cu XLPE cable,500V Cu cable,500V cable
RFP_6421,LSZH 500V 5C 1 sqmm Cu XLPE armoured cable as per IEC 60502-1,500V Cu XLPE cable as per IEC 60502-1,500V Cu cable,500V cable
RFP_6422,Fire Survival 440V 4C 95 sqmm Cu XLPE armoured cable as per IEC 60331,Fire Survival Cu armoured cable as per IEC 60331,Fire Survival armoured cable,armoured cable
RFP_6423,LSZH 440V 10C 1 sqmm Cu XLPE armoured cable as per IS 694,LSZH Cu XLPE armoured cable,Cu armoured cable,armoured cable
RFP_6424,LSZH 440V 6C 2.5 sqmm Cu XLPE armoured cable as per IS 1554,LSZH 6C 2.5 sqmm cable as per IS 1554,LSZH 6C cable,LSZH cable
RFP_6425,FR 440V 2C 4 sqmm Cu XLPE armoured cable as per IS 9968,FR 440V 2C armoured cable,FR 2C cable,2C cable
RFP_6426,LSZH 1.1kV 4C 1.5 sqmm Cu XLPE armoured cable as per IS 1554,1.1kV 4C armoured cable as per IS 1554,1.1kV cable as per IS 1554,cable as per IS 1554
RFP_6427,1.1kV 7C 1 sqmm Cu PVC armoured cable as per IEC 60502-1,1.1kV 7C 1 sqmm armoured cable,7C 1 sqmm cable,1 sqmm cable
RFP_6428,3.3kV 1C 150 sqmm Cu EPR armoured cable as per IS 7098-1,3.3kV 150 sqmm Cu armoured cable,150 sqmm armoured cable,armoured cable
RFP_6429,FRLS 132kV 1C 1000 sqmm Cu XLPE armoured cable as per IEC 60840,FRLS 132kV Cu armoured cable,Cu armoured cable,armoured cable
RFP_6430,LSZH 440V 2C 6 sqmm Cu PVC armoured cable as per IS 1554,440V Cu PVC armoured cable,440V armoured cable,440V cable
RFP_6431,Fire Survival 1.1kV 3C 2.5 sqmm Cu XLPE armoured cable as per BS 6387,3C 2.5 sqmm Cu armoured cable,3C armoured cable,armoured cable
RFP_6432,FR 600V 3C 185 sqmm Al PVC armoured cable as per IEC 60502-1,185 sqmm PVC armoured cable as per IEC 60502-1,185 sqmm armoured cable,armoured cable
RFP_6433,FRLS 1.1kV 19C 1.5 sqmm Cu XLPE armoured cable as per IS 1554,19C 1.5 sqmm XLPE armoured cable,19C XLPE cable,XLPE cable
RFP_6434,FRLS 300V 4C 2.5 sqmm Cu XLPE armoured cable as per BS 5308-1,FRLS 300V Cu armoured cable,Cu armoured cable,armoured cable
RFP_6435,500V 4C 10 sqmm Cu PVC armoured cable as per IS 694,500V Cu PVC armoured cable,500V Cu cable,Cu cable
RFP_6436,FRLS 600V 1C 16 sqmm Al XLPE armoured cable as per IS 694,600V 16 sqmm Al armoured cable,Al armoured cable,armoured cable
RFP_6437,FR 33kV 3C 50 sqmm Cu XLPE armoured cable as per IS 7098-2,FR 3C XLPE armoured cable,FR armoured cable,armoured cable
RFP_6438,FR 440V 4C 4 sqmm Cu PVC armoured cable as per IS 1554,440V 4 sqmm PVC armoured cable,440V armoured cable,440V cable
RFP_6439,LSZH 440V 24C 6 sqmm Cu PVC armoured cable as per IS 694,440V 24C 6 sqmm PVC cable,24C 6 sqmm cable,6 sqmm cable
RFP_6440,LSZH 1.1kV 24C 1 sqmm Cu PVC armoured cable as per BS 5308-1,24C Cu PVC armoured cable,Cu PVC cable,Cu cable
RFP_6441,FR 500V 6C 6 sqmm Cu XLPE armoured cable as per IEC 60502-1,500V 6 sqmm XLPE cable as per IEC 60502-1,500V XLPE cable,XLPE cable
RFP_6442,LSZH 500V 4C 1.5 sqmm Cu XLPE armoured cable as per IEC 60502-1,LSZH 4C XLPE armoured cable,LSZH armoured cable,LSZH cable
RFP_6443,ZH 500V 3.5C 50 sqmm Al XLPE armoured cable as per IEC 60502-1,500V 3.5C 50 sqmm Al cable,500V 3.5C cable,3.5C cable
RFP_6444,110kV 1C 300 sqmm Al XLPE armoured cable as per IEC 60840,1C Al XLPE cable as per IEC 60840,1C Al cable,1C cable
RFP_6445,ZH 440V 3C 2.5 sqmm Cu XLPE armoured cable as per IEC 60245,440V 2.5 sqmm XLPE cable as per IEC 60245,440V 2.5 sqmm cable,2.5 sqmm cable
RFP_6446,LSZH 3.3kV 3C 150 sqmm Al XLPE armoured cable as per IEC 60502-1,3.3kV 3C Al cable as per IEC 60502-1,3.3kV 3C cable,3C cable
RFP_6447,FR 6.6kV 3C 70 sqmm Al EPR armoured cable as per IEC 60502-1,FR Al EPR cable as per IEC 60502-1,Al EPR cable,Al cable
RFP_6448,FRLS 300V 20C 1.5 sqmm Cu PVC armoured cable as per BS 5308-1,FRLS 300V 1.5 sqmm cable as per BS 5308-1,FRLS 1.5 sqmm cable,FRLS cable
RFP_6449,LSZH 440V 14C 6 sqmm Cu XLPE armoured cable as per IS 694,LSZH 6 sqmm armoured cable as per IS 694,6 sqmm cable as per IS 694,cable as per IS 694
RFP_6450,300V 1C 2.5 sqmm Cu PVC armoured cable as per IEC 60502-1,300V Cu PVC cable as per IEC 60502-1,300V cable as per IEC 60502-1,cable as per IEC 60502-1
RFP_6451,ZH 220kV 1C 1000 sqmm Cu XLPE armoured cable as per IEC 62067,ZH 220kV 1000 sqmm armoured cable,1000 sqmm armoured cable,1000 sqmm cable
RFP_6452,FR 1.1kV 7C 1 sqmm Cu XLPE armoured cable as per IEC 60502-1,FR 1 sqmm Cu cable as per IEC 60502-1,FR cable as per IEC 60502-1,cable as per IEC 60502-1
RFP_6453,FRLS 500V 5C 2.5 sqmm Cu PVC armoured cable as per IS 1554,5C Cu PVC cable as per IS 1554,Cu PVC cable,Cu cable
RFP_6454,LSZH 440V 5C 35 sqmm Cu XLPE armoured cable as per IS 9968,LSZH 5C 35 sqmm Cu cable,5C 35 sqmm cable,5C cable
RFP_6455,FRLS 500V 3C 0.75 sqmm Cu PVC armoured cable as per IEC 60245,FRLS 500V 0.75 sqmm armoured cable,FRLS armoured cable,armoured cable
RFP_6456,FRLS 1.1kV 2C 2.5 sqmm Cu XLPE armoured cable as per BS 5308-1,1.1kV Cu armoured cable as per BS 5308-1,1.1kV armoured cable,armoured cable
RFP_6457,LSZH 1.1kV 14C 6 sqmm Cu PVC armoured cable as per BS 5308,LSZH 14C armoured cable as per BS 5308,14C cable as per BS 5308,cable as per BS 5308
RFP_6458,FRLS 440V 2C 25 sqmm Cu XLPE armoured cable as per IS 9968,25 sqmm Cu XLPE armoured cable,Cu XLPE cable,XLPE cable
RFP_6459,LSZH 500V 16C 0.5 sqmm Cu XLPE armoured cable as per IEC 60502-1,LSZH 500V Cu XLPE cable,500V XLPE cable,XLPE cable
RFP_6460,FRLS 500V 4C 0.75 sqmm Cu PVC armoured cable as per IEC 60245,0.75 sqmm Cu PVC armoured cable,0.75 sqmm PVC cable,PVC cable
RFP_6461,132kV 1C 500 sqmm Al XLPE armoured cable as per IEC 60840,1C 500 sqmm Al cable as per IEC 60840,500 sqmm cable as per IEC 60840,500 sqmm cable
RFP_6462,Fire Survival 1.1kV 1C 95 sqmm Cu Mineral (MI) armoured cable as per IS 17048,Fire Survival 1.1kV 1C Mineral (MI) armoured cable,Fire Survival 1C Mineral (MI) cable,Fire Survival Mineral (MI) cable
RFP_6463,FRLS 600V 4C 70 sqmm Cu PVC armoured cable as per IEC 60502-1,600V 4C 70 sqmm Cu cable,4C Cu cable,4C cable
RFP_6464,FR 110kV 1C 630 sqmm Cu XLPE armoured cable as per IEC 60840,110kV Cu XLPE cable as per IEC 60840,Cu cable as per IEC 60840,Cu cable
RFP_6465,440V 4C 1 sqmm Cu PVC armoured cable as per IS 694,440V 1 sqmm Cu PVC cable,440V Cu cable,Cu cable
RFP_6466,FRLS 500V 4C 1 sqmm Cu PVC armoured cable as per IEC 60502-1,4C 1 sqmm armoured cable as per IEC 60502-1,armoured cable as per IEC 60502-1,armoured cable
RFP_6467,FRLS 110kV 1C 630 sqmm Cu XLPE armoured cable as per IEC 60840,1C Cu XLPE cable as per IEC 60840,1C cable as per IEC 60840,1C cable
RFP_6468,LSZH 300V 16C 1 sqmm Cu XLPE armoured cable as per BS 5308-1,300V 16C Cu cable as per BS 5308-1,16C Cu cable,Cu cable
RFP_6469,132kV 1C 240 sqmm Al XLPE armoured cable as per IEC 60840,240 sqmm Al XLPE cable as per IEC 60840,240 sqmm Al cable,Al cable
RFP_6470,ZH 132kV 1C 1000 sqmm Al XLPE armoured cable as per IEC 60840,132kV 1C 1000 sqmm Al cable,1C Al cable,1C cable
RFP_6471,FR 440V 4C 1.5 sqmm Cu XLPE armoured cable as per IS 9968,4C 1.5 sqmm armoured cable as per IS 9968,4C armoured cable,armoured cable
RFP_6472,FR 400kV 1C 800 sqmm Cu XLPE armoured cable as per IEC 62067,FR XLPE armoured cable as per IEC 62067,armoured cable as per IEC 62067,armoured cable
RFP_6473,1.1kV 3.5C 16 sqmm Cu EPR armoured cable as per IS 1554,1.1kV 3.5C armoured cable as per IS 1554,1.1kV 3. armoured cable,1.1kV 3. cable
RFP_6474,Fire Survival 1.1kV 2C 6 sqmm Cu Mineral (MI) armoured cable as per BS 6387,6 sqmm Cu Mineral (MI) armoured cable as per BS 6387,6 sqmm Cu Mineral (MI) cable,6 sqmm Mineral (MI) cable
RFP_6475,FRLS 1.1kV 4C 10 sqmm Cu PVC armoured cable as per IS 9968,1.1kV 4C Cu armoured cable,4C Cu cable,Cu cable
RFP_6476,ZH 500V 2C 50 sqmm Cu PVC armoured cable as per IEC 60245,ZH 500V armoured cable as per IEC 60245,armoured cable as per IEC 60245,cable as per IEC 60245
RFP_6477,1.1kV 4C 0.75 sqmm Cu XLPE armoured cable as per IEC 60502-1,0.75 sqmm Cu XLPE armoured cable,0.75 sqmm armoured cable,0.75 sqmm cable
RFP_6478,FR 132kV 1C 185 sqmm Al XLPE armoured cable as per IEC 60840,FR 132kV 185 sqmm armoured cable,185 sqmm armoured cable,armoured cable
RFP_6479,Fire Survival 1.1kV 4C 1.5 sqmm Cu Mineral (MI) armoured cable as per IEC 60331,4C 1.5 sqmm Cu Mineral (MI) armoured cable,4C Mineral (MI) armoured cable,4C Mineral (MI) cable
RFP_6480,FRLS 600V 1C 50 sqmm Cu XLPE armoured cable as per IEC 60502-1,FRLS 50 sqmm XLPE cable as per IEC 60502-1,50 sqmm cable as per IEC 60502-1,cable as per IEC 60502-1
RFP_6481,FRLS 1.1kV 4C 0.75 sqmm Cu PVC armoured cable as per IS 9968,1.1kV 0.75 sqmm Cu PVC cable,0.75 sqmm PVC cable,0.75 sqmm cable
RFP_6482,LSZH 6.6kV 3C 70 sqmm Cu XLPE armoured cable as per IEC 60502-1,LSZH 6.6kV 3C Cu cable,LSZH Cu cable,Cu cable
RFP_6483,FR 500V 6C 0.5 sqmm Cu PVC armoured cable as per BS 5308-1,FR 6C Cu armoured cable,FR Cu cable,FR cable
RFP_6484,FRLS 1.1kV 5C 4 sqmm Cu PVC armoured cable as per IEC 60502-1,FRLS 5C Cu PVC cable,FRLS Cu cable,FRLS cable
RFP_6485,FR 6.6kV 1C 150 sqmm Cu EPR armoured cable as per IEC 60502-1,FR 6.6kV 1C cable as per IEC 60502-1,6.6kV 1C cable,6.6kV cable
RFP_6486,600V 2C 630 sqmm Cu XLPE armoured cable as per IEC 60502-1,600V 2C 630 sqmm XLPE cable,630 sqmm XLPE cable,XLPE cable
RFP_6487,FRLS 440V 30C 4 sqmm Cu PVC armoured cable as per IS 694,440V 4 sqmm PVC armoured cable,440V PVC cable,440V cable
RFP_6488,FR 1.1kV 30C 4 sqmm Cu PVC armoured cable as per IEC 60502-1,30C PVC armoured cable as per IEC 60502-1,30C PVC cable,30C cable
RFP_6489,FR 500V 2C 2.5 sqmm Cu PVC armoured cable as per IEC 60502-1,FR 2C PVC armoured cable,FR 2C cable,2C cable
RFP_6490,FR 440V 4C 4 sqmm Cu PVC armoured cable as per IS 694,440V 4 sqmm PVC cable as per IS 694,440V PVC cable,PVC cable
RFP_6491,LSZH 1.1kV 7C 1 sqmm Cu PVC armoured cable as per IS 1554,LSZH 1.1kV armoured cable as per IS 1554,LSZH armoured cable,armoured cable
RFP_6492,FRLS 132kV 1C 240 sqmm Al XLPE armoured cable as per IEC 60840,FRLS 1C XLPE armoured cable,FRLS armoured cable,FRLS cable
RFP_6493,LSZH 1.1kV 14C 6 sqmm Cu XLPE armoured cable as per IS 1554,6 sqmm XLPE armoured cable as per IS 1554,armoured cable as per IS 1554,armoured cable
RFP_6494,FR 440V 4C 1.5 sqmm Cu PVC armoured cable as per IS 1554,FR 4C Cu cable as per IS 1554,4C cable as per IS 1554,cable as per IS 1554
RFP_6495,ZH 1.1kV 2C 4 sqmm Al PVC armoured cable as per IEC 60502-1,ZH 4 sqmm Al cable as per IEC 60502-1,Al cable as per IEC 60502-1,Al cable
RFP_6496,FR 3.3kV 1C 50 sqmm Al EPR armoured cable as per IEC 60502-1,FR 1C EPR cable as per IEC 60502-1,FR 1C cable,FR cable
RFP_6497,FRLS 440V 27C 2.5 sqmm Cu PVC armoured cable as per IS 694,FRLS Cu PVC armoured cable,FRLS Cu cable,FRLS cable
RFP_6498,FRLS 66kV 1C 1000 sqmm Cu XLPE armoured cable as per IEC 60840,1000 sqmm XLPE armoured cable as per IEC 60840,armoured cable as per IEC 60840,cable as per IEC 60840
RFP_6499,LSZH 3.3kV 1C 70 sqmm Cu XLPE armoured cable as per IS 7098-1,LSZH 3.3kV Cu cable as per IS 7098-1,LSZH Cu cable,LSZH cable
RFP_6500,LSZH 1.1kV 24C 2.5 sqmm Cu XLPE armoured cable as per IS 1554,LSZH 24C Cu cable as per IS 1554,LSZH cable as per IS 1554,cable as per IS 1554
RFP_6501,FR 500V 8C 2.5 sqmm Cu PVC armoured cable as per BS 5308-1,8C Cu PVC armoured cable,8C Cu cable,Cu cable
RFP_6502,ZH 500V 3.5C 800 sqmm Al PVC armoured cable as per IEC 60502-1,ZH 3. 800 sqmm PVC armoured cable,3. PVC armoured cable,3. PVC cable
RFP_6503,FRLS 1.1kV 2C 0.5 sqmm Cu XLPE armoured cable as per BS 5308-1,FRLS Cu armoured cable as per BS 5308-1,Cu armoured cable,Cu cable
RFP_6504,LSZH 33kV 3C 50 sqmm Al XLPE armoured cable as per IS 7098-2,33kV 3C Al XLPE cable,33kV XLPE cable,33kV cable
RFP_6505,440V 4C 10 sqmm Cu PVC armoured cable as per IS 9968,440V 4C PVC armoured cable,440V 4C cable,4C cable
RFP_6506,LSZH 1.1kV 1C 1.5 sqmm Cu PVC armoured cable as per IS 1554,LSZH 1.5 sqmm Cu armoured cable,LSZH Cu cable,LSZH cable
RFP_6507,FR 500V 5C 50 sqmm Cu PVC armoured cable as per IS 694,FR 500V PVC armoured cable,500V armoured cable,500V cable
RFP_6508,LSZH 1.1kV 2C 1 sqmm Cu XLPE armoured cable as per IS 1554,1 sqmm XLPE armoured cable as per IS 1554,XLPE armoured cable,armoured cable
RFP_6509,LSZH 500V 4C 35 sqmm Cu PVC armoured cable as per IEC 60245,4C Cu PVC armoured cable,4C armoured cable,armoured cable
RFP_6510,FRLS 1.1kV 3.5C 120 sqmm Cu XLPE armoured cable as per IS 1554,FRLS 1.1kV 3. XLPE cable as per IS 1554,FRLS 3. cable as per IS 1554,FRLS 3. cable
RFP_6511,FR 500V 3.5C 800 sqmm Cu PVC armoured cable as per IEC 60502-1,FR 3.5C 800 sqmm Cu cable,FR 3. 800 sqmm cable,FR 3. cable
RFP_6512,500V 12C 2.5 sqmm Cu XLPE armoured cable as per BS 5308-1,12C 2.5 sqmm XLPE cable as per BS 5308-1,12C XLPE cable,XLPE cable
RFP_6513,440V 5C 50 sqmm Cu PVC armoured cable as per IS 9968,440V 5C 50 sqmm cable as per IS 9968,440V cable as per IS 9968,440V cable
RFP_6514,500V 16C 6 sqmm Cu XLPE armoured cable as per IEC 60502-1,Cu XLPE armoured cable as per IEC 60502-1,Cu XLPE cable,XLPE cable
RFP_6515,FRLS 440V 24C 2.5 sqmm Cu PVC armoured cable as per IS 694,FRLS 24C 2.5 sqmm Cu cable,24C Cu cable,24C cable
RFP_6516,FR 33kV 3C 185 sqmm Cu XLPE armoured cable as per IEC 60502-2,33kV Cu XLPE cable as per IEC 60502-2,33kV XLPE cable,XLPE cable
RFP_6517,LSZH 132kV 1C 1000 sqmm Al XLPE armoured cable as per IEC 60840,LSZH 132kV XLPE cable as per IEC 60840,XLPE cable as per IEC 60840,XLPE cable
RFP_6518,FRLS 500V 16C 1 sqmm Cu PVC armoured cable as per IEC 60502-1,FRLS 16C 1 sqmm PVC cable,1 sqmm PVC cable,1 sqmm cable
RFP_6519,FR 132kV 1C 800 sqmm Al XLPE armoured cable as per IEC 60840,132kV XLPE armoured cable as per IEC 60840,132kV XLPE cable,132kV cable
RFP_6520,FR 110kV 1C 1000 sqmm Al XLPE armoured cable as per IEC 60840,1000 sqmm XLPE armoured cable as per IEC 60840,XLPE cable as per IEC 60840,XLPE cable
RFP_6521,FRLS 440V 5C 2.5 sqmm Cu PVC armoured cable as per IS 694,440V PVC armoured cable as per IS 694,440V armoured cable,armoured cable
RFP_6522,LSZH 440V 3C 4 sqmm Cu PVC armoured cable as per IS 1554,LSZH 3C 4 sqmm armoured cable,LSZH 3C cable,3C cable
RFP_6523,LSZH 400kV 1C 800 sqmm Cu XLPE armoured cable as per IEC 62067,LSZH 800 sqmm armoured cable as per IEC 62067,LSZH 800 sqmm cable,800 sqmm cable
RFP_6524,LSZH 132kV 1C 800 sqmm Al XLPE armoured cable as per IEC 60840,132kV 1C 800 sqmm Al cable,1C Al cable,1C cable
RFP_6525,500V 3C 10 sqmm Cu PVC armoured cable as per IEC 60245,500V 3C 10 sqmm armoured cable,500V 3C cable,3C cable
RFP_6526,1.1kV 6C 1 sqmm Cu XLPE armoured cable as per IS 1554,6C 1 sqmm XLPE cable as per IS 1554,1 sqmm XLPE cable,1 sqmm cable
RFP_6527,FRLS 132kV 1C 500 sqmm Cu XLPE armoured cable as per IEC 60840,1C 500 sqmm Cu cable as per IEC 60840,1C 500 sqmm cable,500 sqmm cable
RFP_6528,LSZH 3.3kV 1C 300 sqmm Cu XLPE armoured cable as per IS 7098-1,LSZH 1C armoured cable as per IS 7098-1,armoured cable as per IS 7098-1,cable as per IS 7098-1
RFP_6529,FRLS 300V 2C 0.5 sqmm Cu XLPE armoured cable as per IEC 60502-1,FRLS Cu XLPE cable as per IEC 60502-1,FRLS XLPE cable,FRLS cable
RFP_6530,FR 1.1kV 20C 0.75 sqmm Cu PVC armoured cable as per IS 1554,FR 0.75 sqmm armoured cable as per IS 1554,FR 0.75 sqmm cable,0.75 sqmm cable
RFP_6531,FR 440V 1C 16 sqmm Cu PVC armoured cable as per IS 9968,440V PVC armoured cable as per IS 9968,440V cable as per IS 9968,440V cable
RFP_6532,ZH 33kV 3C 185 sqmm Cu XLPE armoured cable as per IEC 60502-2,33kV 185 sqmm Cu armoured cable,33kV armoured cable,armoured cable
RFP_6533,LSZH 440V 4C 2.5 sqmm Cu XLPE armoured cable as per IS 694,4C 2.5 sqmm Cu armoured cable,2.5 sqmm Cu cable,2.5 sqmm cable
RFP_6534,FR 300V 8C 2.5 sqmm Cu XLPE armoured cable as per BS 5308-1,2.5 sqmm XLPE armoured cable as per BS 5308-1,armoured cable as per BS 5308-1,cable as per BS 5308-1
RFP_6535,440V 4C 2.5 sqmm Cu XLPE armoured cable as per IEC 60245,4C Cu XLPE armoured cable,Cu armoured cable,armoured cable
RFP_6536,FRLS 300V 2C 1 sqmm Cu XLPE armoured cable as per IEC 60502-1,300V 2C 1 sqmm armoured cable,2C 1 sqmm cable,1 sqmm cable
RFP_6537,500V 6C 1.5 sqmm Cu XLPE armoured cable as per IEC 60502-1,Cu XLPE armoured cable as per IEC 60502-1,XLPE armoured cable,XLPE cable
RFP_6538,FR 22kV 1C 300 sqmm Al XLPE armoured cable as per IS 7098-2,22kV Al XLPE cable as per IS 7098-2,Al cable as per IS 7098-2,Al cable
RFP_6539,FRLS 500V 6C 4 sqmm Cu XLPE armoured cable as per IEC 60502-1,FRLS 500V 6C armoured cable,500V armoured cable,500V cable
RFP_6540,Fire Survival 1.1kV 3C 50 sqmm Cu Mineral (MI) armoured cable as per IS 17048,Fire Survival 1.1kV 3C Mineral (MI) cable as per IS 17048,1.1kV 3C Mineral (MI) cable,1.1kV Mineral (MI) cable
RFP_6541,FR 440V 30C 1.5 sqmm Cu XLPE armoured cable as per IS 1554,30C 1.5 sqmm armoured cable as per IS 1554,30C cable as per IS 1554,cable as per IS 1554
RFP_6542,FRLS 440V 16C 4 sqmm Cu XLPE armoured cable as per IS 1554,16C XLPE armoured cable as per IS 1554,XLPE cable as per IS 1554,XLPE cable
RFP_6543,FR 3.3kV 1C 300 sqmm Cu XLPE armoured cable as per IEC 60502-1,3.3kV Cu XLPE armoured cable,3.3kV armoured cable,3.3kV cable
RFP_6544,FRLS 440V 1C 0.75 sqmm Cu PVC armoured cable as per IS 9968,FRLS 440V Cu cable as per IS 9968,FRLS cable as per IS 9968,cable as per IS 9968
RFP_6545,LSZH 1.1kV 24C 2.5 sqmm Cu XLPE armoured cable as per IEC 60502-1,LSZH 1.1kV 2.5 sqmm Cu cable,LSZH 1.1kV cable,LSZH cable
RFP_6546,FR 440V 3C 35 sqmm Cu XLPE armoured cable as per IEC 60245,3C Cu XLPE cable as per IEC 60245,XLPE cable as per IEC 60245,cable as per IEC 60245
RFP_6547,LSZH 440V 1C 10 sqmm Cu XLPE armoured cable as per IEC 60245,LSZH 440V 1C Cu cable,440V Cu cable,Cu cable
RFP_6548,FR 500V 6C 6 sqmm Cu XLPE armoured cable as per IS 1554,6C 6 sqmm armoured cable as per IS 1554,armoured cable as per IS 1554,armoured cable
RFP_6549,ZH 440V 3C 500 sqmm Al XLPE armoured cable as per IS 1554,ZH XLPE armoured cable as per IS 1554,XLPE armoured cable,armoured cable
RFP_6550,LSZH 500V 16C 1 sqmm Cu PVC armoured cable as per BS 5308-1,500V 1 sqmm PVC cable as per BS 5308-1,500V 1 sqmm cable,500V cable
RFP_6551,LSZH 1.1kV 3C 35 sqmm Cu XLPE armoured cable as per IEC 60502-1,LSZH 1.1kV 35 sqmm armoured cable,1.1kV 35 sqmm cable,1.1kV cable
RFP_6552,600V 2C 300 sqmm Cu PVC armoured cable as per IEC 60502-1,600V 2C Cu PVC cable,2C PVC cable,PVC cable
RFP_6553,FR 500V 4C 500 sqmm Cu PVC armoured cable as per IS 694,500V Cu armoured cable as per IS 694,Cu armoured cable,Cu cable
RFP_6554,FRLS 132kV 1C 185 sqmm Cu XLPE armoured cable as per IEC 60840,FRLS 1C XLPE armoured cable,FRLS XLPE cable,FRLS cable
RFP_6555,LSZH 500V 6C 0.5 sqmm Cu PVC armoured cable as per BS 5308-1,LSZH Cu PVC cable as per BS 5308-1,LSZH PVC cable,LSZH cable
RFP_6556,500V 4C 1 sqmm Cu PVC armoured cable as per IEC 60502-1,500V 1 sqmm Cu armoured cable,1 sqmm Cu cable,Cu cable
RFP_6557,ZH 33kV 1C 400 sqmm Cu XLPE armoured cable as per IEC 60502-2,1C Cu XLPE armoured cable,Cu armoured cable,armoured cable
RFP_6558,FR 1.1kV 2C 0.75 sqmm Cu PVC armoured cable as per IS 1554,1.1kV 2C PVC cable as per IS 1554,1.1kV PVC cable,1.1kV cable
RFP_6559,FR 500V 4C 2.5 sqmm Cu PVC armoured cable as per IS 1554,4C PVC armoured cable as per IS 1554,armoured cable as per IS 1554,armoured cable
RFP_6560,FR 500V 8C 0.5 sqmm Cu XLPE armoured cable as per IEC 60502-1,8C 0.5 sqmm XLPE armoured cable,8C XLPE cable,XLPE cable
RFP_6561,1.1kV 3C 1 sqmm Cu XLPE armoured cable as per IS 9968,3C 1 sqmm Cu armoured cable,Cu armoured cable,Cu cable
RFP_6562,FRLS 440V 19C 2.5 sqmm Cu XLPE armoured cable as per IS 1554,440V 2.5 sqmm Cu armoured cable,440V Cu cable,440V cable
RFP_6563,FRLS 500V 4C 6 sqmm Cu XLPE armoured cable as per IS 1554,500V 4C armoured cable as per IS 1554,4C cable as per IS 1554,cable as per IS 1554
RFP_6564,ZH 500V 5C 25 sqmm Cu PVC armoured cable as per IEC 60245,ZH 5C 25 sqmm cable as per IEC 60245,ZH 25 sqmm cable,25 sqmm cable
RFP_6565,FRLS 1.1kV 12C 1.5 sqmm Cu PVC armoured cable as per IS 1554,1.1kV 1.5 sqmm Cu cable as per IS 1554,1.1kV cable as per IS 1554,cable as per IS 1554
RFP_6566,500V 5C 4 sqmm Cu PVC armoured cable as per IS 694,4 sqmm PVC armoured cable as per IS 694,PVC cable as per IS 694,cable as per IS 694
RFP_6567,LSZH 500V 3C 400 sqmm Cu PVC armoured cable as per IS 1554,3C Cu PVC armoured cable,Cu PVC cable,Cu cable
RFP_6568,1.1kV 12C 0.75 sqmm Cu XLPE armoured cable as per IEC 60502-1,1.1kV 12C Cu armoured cable,1.1kV 12C cable,1.1kV cable
RFP_6569,LSZH 500V 4C 6 sqmm Cu PVC armoured cable as per IEC 60245,LSZH 6 sqmm armoured cable as per IEC 60245,LSZH 6 sqmm cable,LSZH cable
RFP_6570,ZH 500V 2C 16 sqmm Cu XLPE armoured cable as per IEC 60502-1,ZH 2C 16 sqmm cable as per IEC 60502-1,ZH 16 sqmm cable,16 sqmm cable
RFP_6571,LSZH 220kV 1C 630 sqmm Cu XLPE armoured cable as per IEC 62067,LSZH 630 sqmm XLPE cable as per IEC 62067,630 sqmm cable as per IEC 62067,630 sqmm cable
RFP_6572,FR 1.1kV 24C 2.5 sqmm Cu XLPE armoured cable as per BS 5308-1,24C 2.5 sqmm XLPE armoured cable,24C armoured cable,24C cable
RFP_6573,500V 19C 1.5 sqmm Cu XLPE armoured cable as per IS 1554,Cu XLPE armoured cable as per IS 1554,Cu XLPE cable,Cu cable
RFP_6574,ZH 6.6kV 3C 120 sqmm Cu EPR armoured cable as per IS 7098-1,ZH 3C Cu EPR cable,ZH EPR cable,EPR cable
RFP_6575,440V 1C 10 sqmm Cu PVC armoured cable as per IEC 60245,1C 10 sqmm Cu PVC cable,10 sqmm Cu cable,Cu cable
RFP_6576,ZH 440V 2C 150 sqmm Cu PVC armoured cable as per IS 1554,2C PVC armoured cable as per IS 1554,2C cable as per IS 1554,cable as per IS 1554
RFP_6577,FRLS 300V 20C 1 sqmm Cu XLPE armoured cable as per IEC 60502-1,20C Cu XLPE cable as per IEC 60502-1,Cu cable as per IEC 60502-1,cable as per IEC 60502-1
RFP_6578,440V 3C 2.5 sqmm Cu XLPE armoured cable as per IS 1554,3C 2.5 sqmm armoured cable as per IS 1554,armoured cable as per IS 1554,cable as per IS 1554
RFP_6579,LSZH 300V 20C 0.5 sqmm Cu PVC armoured cable as per BS 5308-1,LSZH 300V Cu PVC cable,300V Cu cable,300V cable
RFP_6580,FRLS 400kV 1C 500 sqmm Cu XLPE armoured cable as per IEC 62067,FRLS 1C 500 sqmm armoured cable,1C armoured cable,1C cable
RFP_6581,FR 440V 4C 1.5 sqmm Cu XLPE armoured cable as per IS 694,FR Cu XLPE armoured cable,Cu armoured cable,Cu cable
RFP_6582,LSZH 11kV 1C 185 sqmm Al XLPE armoured cable as per IS 7098-1,11kV 1C 185 sqmm armoured cable,11kV 1C cable,1C cable
RFP_6583,LSZH 11kV 3C 240 sqmm Cu XLPE armoured cable as per IEC 60502-1,240 sqmm Cu XLPE armoured cable,240 sqmm XLPE cable,XLPE cable
RFP_6584,Fire Survival 440V 1C 1.5 sqmm Cu Mineral (MI) armoured cable as per IEC 60331,Fire Survival 440V 1.5 sqmm Cu Mineral (MI) cable,440V 1.5 sqmm Mineral (MI) cable,440V Mineral (MI) cable
RFP_6585,1.1kV 19C 6 sqmm Cu PVC armoured cable as per IEC 60502-1,1.1kV PVC armoured cable as per IEC 60502-1,1.1kV armoured cable,1.1kV cable
RFP_6586,FR 440V 5C 4 sqmm Cu XLPE armoured cable as per IS 1554,5C XLPE armoured cable as per IS 1554,5C cable as per IS 1554,5C cable
RFP_6587,FR 440V 3C 4 sqmm Al XLPE armoured cable as per IEC 60502-1,FR 440V XLPE armoured cable,FR armoured cable,armoured cable
RFP_6588,FR 440V 10C 1.5 sqmm Cu PVC armoured cable as per IS 694,FR 10C 1.5 sqmm cable as per IS 694,10C 1.5 sqmm cable,1.5 sqmm cable
RFP_6589,500V 3.5C 4 sqmm Al XLPE armoured cable as per IS 694,3.5C 4 sqmm Al armoured cable,3. Al armoured cable,3. Al cable
RFP_6590,LSZH 1.1kV 16C 0.5 sqmm Cu XLPE armoured cable as per BS 5308-1,16C 0.5 sqmm XLPE armoured cable,16C XLPE cable,16C cable
RFP_6591,1.1kV 8C 1 sqmm Cu PVC armoured cable as per IS 1554,1.1kV 1 sqmm PVC cable as per IS 1554,1.1kV 1 sqmm cable,1 sqmm cable
RFP_6592,LSZH 500V 20C 0.5 sqmm Cu PVC armoured cable as per BS 5308-1,LSZH 20C armoured cable as per BS 5308-1,20C cable as per BS 5308-1,20C cable
RFP_6593,FRLS 1.1kV 7C 2.5 sqmm Cu XLPE armoured cable as per IEC 60502-1,FRLS 7C 2.5 sqmm XLPE cable,7C XLPE cable,XLPE cable
RFP_6594,Fire Survival 1.1kV 1C 25 sqmm Cu XLPE armoured cable as per IEC 60331,Fire Survival 25 sqmm Cu cable as per IEC 60331,Fire Survival Cu cable,Cu cable
RFP_6595,600V 1C 50 sqmm Cu PVC armoured cable as per IS 694,600V 50 sqmm Cu PVC cable,Cu PVC cable,Cu cable
RFP_6596,11kV 3C 70 sqmm Al EPR armoured cable as per IS 7098-1,11kV 70 sqmm Al armoured cable,11kV armoured cable,11kV cable
RFP_6597,FRLS 22kV 1C 70 sqmm Cu XLPE armoured cable as per IS 7098-2,FRLS 22kV Cu armoured cable,FRLS armoured cable,FRLS cable
RFP_6598,6.6kV 3C 150 sqmm Cu XLPE armoured cable as per IEC 60502-1,6.6kV 3C 150 sqmm armoured cable,6.6kV 3C cable,6.6kV cable
RFP_6599,FR 1.1kV 30C 2.5 sqmm Cu XLPE armoured cable as per IEC 60502-1,1.1kV Cu XLPE cable as per IEC 60502-1,1.1kV XLPE cable,1.1kV cable
RFP_6600,ZH 500V 5C 6 sqmm Cu PVC armoured cable as per IS 694,ZH 500V 6 sqmm armoured cable,6 sqmm armoured cable,6 sqmm cable
RFP_6601,FR 300V 12C 1.5 sqmm Cu PVC armoured cable as per IEC 60502-1,300V 12C PVC cable as per IEC 60502-1,12C cable as per IEC 60502-1,12C cable
RFP_6602,FRLS 1.1kV 2C 1.5 sqmm Cu XLPE armoured cable as per BS 5308-1,1.1kV 1.5 sqmm Cu cable as per BS 5308-1,1.1kV 1.5 sqmm cable,1.5 sqmm cable
RFP_6603,132kV 1C 1000 sqmm Al XLPE armoured cable as per IEC 60840,Al XLPE armoured cable as per IEC 60840,Al XLPE cable,Al cable
RFP_6604,FR 440V 3C 16 sqmm Cu PVC armoured cable as per IEC 60245,440V 3C 16 sqmm cable as per IEC 60245,440V 3C cable,3C cable
RFP_6605,1.1kV 20C 2.5 sqmm Cu PVC armoured cable as per BS 5308-1,1.1kV 2.5 sqmm Cu cable as per BS 5308-1,1.1kV 2.5 sqmm cable,1.1kV cable
RFP_6606,LSZH 440V 4C 2.5 sqmm Cu PVC armoured cable as per IEC 60245,LSZH 440V 4C 2.5 sqmm cable,440V 4C cable,4C cable
RFP_6607,LSZH 11kV 3C 240 sqmm Al XLPE armoured cable as per IS 7098-1,LSZH 11kV 3C 240 sqmm cable,LSZH 3C cable,LSZH cable
RFP_6608,FRLS 500V 2C 1.5 sqmm Cu PVC armoured cable as per IS 1554,2C 1.5 sqmm Cu PVC cable,2C PVC cable,2C cable
RFP_6609,FRLS 440V 4C 500 sqmm Al XLPE armoured cable as per IS 694,FRLS 440V Al XLPE cable,440V Al cable,Al cable
RFP_6610,LSZH 500V 3C 4 sqmm Cu PVC armoured cable as per IEC 60502-1,LSZH 4 sqmm Cu PVC cable,4 sqmm Cu cable,4 sqmm cable
RFP_6611,FRLS 500V 4C 6 sqmm Cu PVC armoured cable as per IEC 60245,500V 6 sqmm armoured cable as per IEC 60245,500V 6 sqmm cable,6 sqmm cable
RFP_6612,LSZH 110kV 1C 240 sqmm Cu XLPE armoured cable as per IEC 60840,LSZH 1C Cu cable as per IEC 60840,1C cable as per IEC 60840,cable as per IEC 60840
RFP_6613,33kV 1C 400 sqmm Cu XLPE armoured cable as per IS 7098-2,33kV 1C armoured cable as per IS 7098-2,1C armoured cable,armoured cable
RFP_6614,FR 22kV 3C 300 sqmm Al XLPE armoured cable as per IEC 60502-2,22kV 3C 300 sqmm XLPE cable,22kV 3C cable,22kV cable
RFP_6615,6.6kV 1C 95 sqmm Al EPR armoured cable as per IS 7098-1,6.6kV 1C 95 sqmm EPR cable,1C 95 sqmm cable,1C cable
RFP_6616,FR 440V 10C 1 sqmm Cu PVC armoured cable as per IS 694,FR 440V 10C cable as per IS 694,FR 440V cable,440V cable
RFP_6617,FR 3.3kV 1C 95 sqmm Al XLPE armoured cable as per IS 7098-1,FR 3.3kV Al XLPE cable,FR 3.3kV cable,FR cable
RFP_6618,FR 3.3kV 1C 300 sqmm Cu EPR armoured cable as per IS 7098-1,1C 300 sqmm armoured cable as per IS 7098-1,1C armoured cable,1C cable
RFP_6619,ZH 440V 2C 35 sqmm Cu XLPE armoured cable as per IS 1554,440V 2C 35 sqmm armoured cable,440V armoured cable,armoured cable
RFP_6620,ZH 440V 3C 16 sqmm Cu PVC armoured cable as per IEC 60245,3C PVC armoured cable as per IEC 60245,3C cable as per IEC 60245,3C cable
RFP_6621,FR 33kV 1C 300 sqmm Al XLPE armoured cable as per IS 7098-2,FR 1C XLPE cable as per IS 7098-2,XLPE cable as per IS 7098-2,XLPE cable
RFP_6622,LSZH 300V 4C 0.75 sqmm Cu XLPE armoured cable as per IEC 60502-1,LSZH 0.75 sqmm armoured cable as per IEC 60502-1,LSZH armoured cable,LSZH cable
RFP_6623,FR 220kV 1C 240 sqmm Al XLPE armoured cable as per IEC 62067,220kV Al XLPE armoured cable,XLPE armoured cable,XLPE cable
RFP_6624,LSZH 500V 3C 1 sqmm Cu XLPE armoured cable as per IS 1554,500V 3C XLPE armoured cable,500V armoured cable,500V cable
RFP_6625,FRLS 220kV 1C 400 sqmm Al XLPE armoured cable as per IEC 62067,400 sqmm Al armoured cable as per IEC 62067,400 sqmm Al cable,Al cable
RFP_6626,LSZH 110kV 1C 1000 sqmm Al XLPE armoured cable as per IEC 60840,110kV 1C 1000 sqmm Al cable,110kV 1C cable,110kV cable
RFP_6627,1.1kV 5C 1.5 sqmm Cu XLPE armoured cable as per IS 1554,1.1kV 5C Cu cable as per IS 1554,5C cable as per IS 1554,cable as per IS 1554
RFP_6628,LSZH 1.1kV 30C 1 sqmm Cu PVC armoured cable as per IS 1554,LSZH 1.1kV 1 sqmm armoured cable,1.1kV 1 sqmm cable,1.1kV cable
RFP_6629,600V 4C 10 sqmm Cu XLPE armoured cable as per IEC 60502-1,4C XLPE armoured cable as per IEC 60502-1,4C armoured cable,4C cable
RFP_6630,FR 500V 3C 4 sqmm Cu XLPE armoured cable as per IEC 60502-1,FR 3C Cu XLPE cable,FR Cu cable,FR cable
RFP_6631,500V 3.5C 2.5 sqmm Al PVC armoured cable as per IEC 60502-1,3.5C Al armoured cable as per IEC 60502-1,3.5C armoured cable,3.5C cable
RFP_6632,FRLS 22kV 1C 300 sqmm Al XLPE armoured cable as per IEC 60502-2,1C Al XLPE cable as per IEC 60502-2,Al XLPE cable,XLPE cable
RFP_6633,Fire Survival 1.1kV 4C 95 sqmm Cu Mineral (MI) armoured cable as per BS 6387,1.1kV 95 sqmm Mineral (MI) armoured cable as per BS 6387,Mineral (MI) armoured cable as per BS 6387,Mineral (MI) cable as per BS 6387
RFP_6634,FRLS 1.1kV 30C 1 sqmm Cu XLPE armoured cable as per BS 5308,1.1kV 30C Cu XLPE cable,1.1kV Cu cable,Cu cable
RFP_6635,ZH 440V 3C 16 sqmm Cu XLPE armoured cable as per IS 9968,Cu XLPE armoured cable as per IS 9968,Cu XLPE cable,Cu cable
RFP_6636,FR 440V 19C 1 sqmm Cu XLPE armoured cable as per IS 1554,FR 1 sqmm Cu armoured cable,1 sqmm Cu cable,Cu cable
RFP_6637,LSZH 500V 7C 1.5 sqmm Cu XLPE armoured cable as per IS 1554,LSZH 500V Cu XLPE cable,500V XLPE cable,500V cable
RFP_6638,FR 1.1kV 8C 0.5 sqmm Cu XLPE armoured cable as per IS 1554,8C 0.5 sqmm Cu XLPE cable,0.5 sqmm XLPE cable,0.5 sqmm cable
RFP_6639,300V 2C 0.5 sqmm Cu PVC armoured cable as per IEC 60502-1,2C 0.5 sqmm Cu armoured cable,2C armoured cable,2C cable
RFP_6640,ZH 22kV 3C 400 sqmm Cu XLPE armoured cable as per IS 7098-2,22kV XLPE armoured cable as per IS 7098-2,XLPE armoured cable,XLPE cable
RFP_6641,FRLS 440V 4C 35 sqmm Cu XLPE armoured cable as per IS 694,FRLS 35 sqmm Cu armoured cable,FRLS 35 sqmm cable,35 sqmm cable
RFP_6642,FRLS 1.1kV 2C 2.5 sqmm Cu PVC armoured cable as per IEC 60502-1,FRLS 2C armoured cable as per IEC 60502-1,FRLS 2C cable,FRLS cable
RFP_6643,FR 1.1kV 4C 2.5 sqmm Cu XLPE armoured cable as per IEC 60502-1,1.1kV 4C 2.5 sqmm armoured cable,2.5 sqmm armoured cable,2.5 sqmm cable
RFP_6644,LSZH 300V 10C 0.5 sqmm Cu PVC armoured cable as per IEC 60502-1,10C Cu PVC armoured cable,Cu PVC cable,PVC cable
RFP_6645,FRLS 1.1kV 2C 630 sqmm Al XLPE armoured cable as per IS 1554,1.1kV 630 sqmm Al XLPE cable,630 sqmm Al cable,Al cable
RFP_6646,33kV 1C 150 sqmm Cu XLPE armoured cable as per IS 7098-2,33kV 1C XLPE cable as per IS 7098-2,1C XLPE cable,1C cable
RFP_6647,FR 500V 24C 1.5 sqmm Cu PVC armoured cable as per BS 5308-1,24C PVC armoured cable as per BS 5308-1,24C cable as per BS 5308-1,cable as per BS 5308-1
RFP_6648,LSZH 500V 16C 1 sqmm Cu PVC armoured cable as per IEC 60502-1,500V 1 sqmm PVC armoured cable,1 sqmm PVC cable,1 sqmm cable
RFP_6649,FRLS 400kV 1C 400 sqmm Al XLPE armoured cable as per IEC 62067,FRLS 1C Al armoured cable,FRLS armoured cable,FRLS cable
RFP_6650,ZH 220kV 1C 400 sqmm Al XLPE armoured cable as per IEC 62067,ZH 220kV 400 sqmm XLPE cable,220kV XLPE cable,220kV cable
RFP_6651,ZH 22kV 3C 300 sqmm Cu XLPE armoured cable as per IEC 60502-2,ZH 22kV Cu XLPE cable,ZH XLPE cable,ZH cable
RFP_6652,500V 4C 2.5 sqmm Cu PVC armoured cable as per IEC 60502-1,500V 4C Cu armoured cable,4C Cu cable,4C cable
RFP_6653,FRLS 22kV 3C 95 sqmm Al XLPE armoured cable as per IEC 60502-2,FRLS 22kV 3C 95 sqmm cable,22kV 3C cable,3C cable
RFP_6654,300V 2C 0.5 sqmm Cu PVC armoured cable as per BS 5308-1,0.5 sqmm Cu PVC cable as per BS 5308-1,PVC cable as per BS 5308-1,PVC cable
RFP_6655,ZH 220kV 1C 800 sqmm Cu XLPE armoured cable as per IEC 62067,220kV 1C XLPE cable as per IEC 62067,220kV cable as per IEC 62067,cable as per IEC 62067
RFP_6656,FR 600V 3.5C 70 sqmm Cu XLPE armoured cable as per IEC 60502-1,FR 3. Cu XLPE cable as per IEC 60502-1,3. Cu cable as per IEC 60502-1,3. Cu cable
RFP_6657,Fire Survival 440V 3C 120 sqmm Cu XLPE armoured cable as per IEC 60331,440V 120 sqmm Cu armoured cable,440V Cu cable,Cu cable
RFP_6658,FR 500V 5C 6 sqmm Cu XLPE armoured cable as per IEC 60502-1,FR 500V 6 sqmm cable as per IEC 60502-1,FR 6 sqmm cable,FR cable
RFP_6659,FR 500V 10C 4 sqmm Cu PVC armoured cable as per IEC 60502-1,FR 500V 10C 4 sqmm cable,FR 4 sqmm cable,4 sqmm cable
RFP_6660,FRLS 500V 8C 1.5 sqmm Cu PVC armoured cable as per IEC 60502-1,1.5 sqmm Cu PVC armoured cable,1.5 sqmm PVC cable,1.5 sqmm cable
RFP_6661,Fire Survival 440V 4C 70 sqmm Cu Mineral (MI) armoured cable as per BS 6387,440V 4C 70 sqmm Mineral (MI) armoured cable,70 sqmm Mineral (MI) armoured cable,Mineral (MI) armoured cable
RFP_6662,1.1kV 24C 1 sqmm Cu PVC armoured cable as per IEC 60502-1,1 sqmm Cu armoured cable as per IEC 60502-1,armoured cable as per IEC 60502-1,cable as per IEC 60502-1
RFP_6663,Fire Survival 1.1kV 4C 25 sqmm Cu Mineral (MI) armoured cable as per IS 17048,Fire Survival 4C 25 sqmm Mineral (MI) armoured cable,25 sqmm Mineral (MI) armoured cable,Mineral (MI) armoured cable
RFP_6664,ZH 110kV 1C 240 sqmm Cu XLPE armoured cable as per IEC 60840,ZH 110kV Cu cable as per IEC 60840,Cu cable as per IEC 60840,cable as per IEC 60840
RFP_6665,LSZH 500V 12C 0.5 sqmm Cu PVC armoured cable as per IEC 60502-1,500V 12C Cu PVC cable,12C Cu cable,12C cable
RFP_6666,LSZH 1.1kV 6C 1.5 sqmm Cu XLPE armoured cable as per IEC 60502-1,1.1kV Cu XLPE armoured cable,Cu armoured cable,Cu cable
RFP_6667,FRLS 500V 5C 50 sqmm Cu PVC armoured cable as per IEC 60245,FRLS Cu PVC armoured cable,FRLS Cu cable,FRLS cable
RFP_6668,LSZH 440V 5C 4 sqmm Cu PVC armoured cable as per IS 694,LSZH 440V 5C PVC cable,LSZH 440V cable,440V cable
RFP_6669,FRLS 440V 14C 2.5 sqmm Cu PVC armoured cable as per IS 694,FRLS 2.5 sqmm PVC cable as per IS 694,FRLS PVC cable,PVC cable
RFP_6670,FRLS 500V 24C 6 sqmm Cu XLPE armoured cable as per IEC 60502-1,FRLS 6 sqmm XLPE cable as per IEC 60502-1,XLPE cable as per IEC 60502-1,cable as per IEC 60502-1
RFP_6671,LSZH 33kV 1C 95 sqmm Cu XLPE armoured cable as per IEC 60502-2,LSZH 33kV 1C 95 sqmm cable,LSZH 1C cable,LSZH cable
RFP_6672,FRLS 33kV 3C 185 sqmm Al XLPE armoured cable as per IS 7098-2,33kV 3C 185 sqmm armoured cable,33kV 3C cable,33kV cable
RFP_6673,LSZH 600V 3.5C 400 sqmm Cu PVC armoured cable as per IEC 60502-1,LSZH 600V 3. 400 sqmm cable as per IEC 60502-1,600V 3. 400 sqmm cable,600V 3. cable
RFP_6674,ZH 1.1kV 3.5C 500 sqmm Cu EPR armoured cable as per IEC 60502-1,3.5C 500 sqmm EPR armoured cable,3. EPR armoured cable,3. armoured cable
RFP_6675,500V 4C 16 sqmm Cu PVC armoured cable as per IS 694,500V Cu PVC armoured cable,Cu armoured cable,Cu cable
RFP_6676,LSZH 440V 3C 1 sqmm Cu XLPE armoured cable as per IS 1554,3C 1 sqmm XLPE armoured cable,3C 1 sqmm cable,3C cable
RFP_6677,300V 6C 1 sqmm Cu PVC armoured cable as per IEC 60502-1,300V 1 sqmm Cu PVC cable,Cu PVC cable,Cu cable
RFP_6678,FRLS 6.6kV 1C 150 sqmm Al XLPE armoured cable as per IEC 60502-1,6.6kV 1C Al XLPE cable,6.6kV Al cable,6.6kV cable
RFP_6679,500V 16C 2.5 sqmm Cu XLPE armoured cable as per IEC 60502-1,500V 16C 2.5 sqmm Cu cable,16C Cu cable,16C cable
RFP_6680,440V 4C 150 sqmm Cu PVC armoured cable as per IS 1554,4C Cu PVC armoured cable,Cu armoured cable,armoured cable
RFP_6681,FR 500V 27C 1 sqmm Cu PVC armoured cable as per IEC 60502-1,FR 500V PVC cable as per IEC 60502-1,PVC cable as per IEC 60502-1,PVC cable
RFP_6682,1.1kV 10C 6 sqmm Cu PVC armoured cable as per IS 1554,10C 6 sqmm PVC armoured cable,PVC armoured cable,armoured cable
RFP_6683,LSZH 1.1kV 3C 70 sqmm Cu EPR armoured cable as per IS 1554,1.1kV Cu EPR cable as per IS 1554,EPR cable as per IS 1554,cable as per IS 1554
RFP_6684,Fire Survival 440V 1C 10 sqmm Cu XLPE armoured cable as per IEC 60331,Fire Survival 440V armoured cable as per IEC 60331,440V armoured cable,440V cable
RFP_6685,FR 500V 30C 1.5 sqmm Cu PVC armoured cable as per IEC 60502-1,FR 30C 1.5 sqmm PVC cable,FR 1.5 sqmm cable,FR cable
RFP_6686,1.1kV 5C 35 sqmm Cu XLPE armoured cable as per IEC 60502-1,5C 35 sqmm Cu armoured cable,5C 35 sqmm cable,35 sqmm cable
RFP_6687,FRLS 1.1kV 1C 1 sqmm Cu PVC armoured cable as per BS 5308-1,1.1kV 1C 1 sqmm PVC cable,1C PVC cable,PVC cable
RFP_6688,1.1kV 3C 1 sqmm Cu PVC armoured cable as per IS 1554,1.1kV 3C 1 sqmm Cu cable,1.1kV 3C cable,3C cable
RFP_6689,ZH 6.6kV 1C 70 sqmm Al EPR armoured cable as per IEC 60502-1,ZH 1C armoured cable as per IEC 60502-1,1C armoured cable,armoured cable
RFP_6690,ZH 500V 2C 4 sqmm Al XLPE armoured cable as per IS 1554,ZH 500V 2C cable as per IS 1554,ZH 2C cable,ZH cable
RFP_6691,LSZH 1.1kV 5C 6 sqmm Cu XLPE armoured cable as per BS 5308,5C Cu XLPE armoured cable,5C XLPE cable,XLPE cable
RFP_6692,Fire Survival 1.1kV 3C 25 sqmm Cu Mineral (MI) armoured cable as per IS 17048,Fire Survival 3C 25 sqmm Mineral (MI) armoured cable,3C 25 sqmm Mineral (MI) cable,3C Mineral (MI) cable
RFP_6693,FRLS 3.3kV 3C 400 sqmm Al XLPE armoured cable as per IS 7098-1,3.3kV 400 sqmm Al cable as per IS 7098-1,3.3kV 400 sqmm cable,3.3kV cable
RFP_6694,FRLS 400kV 1C 300 sqmm Cu XLPE armoured cable as per IEC 62067,FRLS XLPE armoured cable as per IEC 62067,FRLS cable as per IEC 62067,FRLS cable
RFP_6695,LSZH 440V 1C 35 sqmm Cu XLPE armoured cable as per IS 694,440V 1C Cu armoured cable,440V Cu cable,Cu cable
RFP_6696,440V 2C 10 sqmm Cu PVC armoured cable as per IEC 60245,2C PVC armoured cable as per IEC 60245,2C armoured cable,armoured cable
RFP_6697,FRLS 1.1kV 24C 1.5 sqmm Cu PVC armoured cable as per IEC 60502-1,FRLS 1.5 sqmm Cu armoured cable,Cu armoured cable,armoured cable
RFP_6698,LSZH 440V 12C 1 sqmm Cu PVC armoured cable as per IS 694,12C 1 sqmm PVC armoured cable,12C 1 sqmm cable,1 sqmm cable
RFP_6699,LSZH 22kV 1C 50 sqmm Cu XLPE armoured cable as per IEC 60502-2,LSZH 50 sqmm Cu armoured cable,LSZH Cu cable,Cu cable
RFP_6700,500V 4C 2.5 sqmm Cu PVC armoured cable as per IS 694,4C 2.5 sqmm Cu armoured cable,4C Cu cable,4C cable
RFP_6701,LSZH 1.1kV 10C 1 sqmm Cu XLPE armoured cable as per IEC 60502-1,1.1kV 10C 1 sqmm armoured cable,1.1kV 10C cable,10C cable
RFP_6702,LSZH 500V 7C 1 sqmm Cu XLPE armoured cable as per IS 1554,7C 1 sqmm Cu XLPE cable,7C XLPE cable,XLPE cable
RFP_6703,ZH 1.1kV 4C 25 sqmm Cu PVC armoured cable as per IS 1554,ZH Cu armoured cable as per IS 1554,Cu cable as per IS 1554,Cu cable
RFP_6704,FR 440V 5C 25 sqmm Cu XLPE armoured cable as per IS 9968,440V 5C XLPE cable as per IS 9968,XLPE cable as per IS 9968,XLPE cable
RFP_6705,Fire Survival 440V 1C 6 sqmm Cu Mineral (MI) armoured cable as per IEC 60331,Fire Survival 6 sqmm Cu Mineral (MI) armoured cable,Fire Survival Cu Mineral (MI) cable,Cu Mineral (MI) cable
RFP_6706,500V 12C 4 sqmm Cu XLPE armoured cable as per IEC 60502-1,500V XLPE armoured cable as per IEC 60502-1,500V armoured cable,armoured cable
RFP_6707,1.1kV 7C 6 sqmm Cu XLPE armoured cable as per IS 1554,Cu XLPE armoured cable as per IS 1554,Cu XLPE cable,XLPE cable
RFP_6708,FR 500V 27C 1.5 sqmm Cu XLPE armoured cable as per IS 1554,27C 1.5 sqmm Cu cable as per IS 1554,27C cable as per IS 1554,27C cable
RFP_6709,Fire Survival 440V 4C 10 sqmm Cu XLPE armoured cable as per BS 6387,440V 10 sqmm XLPE cable as per BS 6387,440V cable as per BS 6387,440V cable
RFP_6710,LSZH 440V 5C 1 sqmm Cu XLPE armoured cable as per IS 1554,LSZH 440V 1 sqmm Cu cable,440V 1 sqmm cable,1 sqmm cable
RFP_6711,LSZH 22kV 3C 70 sqmm Cu XLPE armoured cable as per IEC 60502-2,LSZH Cu XLPE cable as per IEC 60502-2,LSZH XLPE cable,LSZH cable
RFP_6712,LSZH 220kV 1C 240 sqmm Cu XLPE armoured cable as per IEC 62067,1C 240 sqmm armoured cable as per IEC 62067,240 sqmm armoured cable,240 sqmm cable
RFP_6713,300V 2C 1.5 sqmm Cu PVC armoured cable as per BS 5308-1,2C 1.5 sqmm Cu armoured cable,1.5 sqmm armoured cable,armoured cable
RFP_6714,FRLS 500V 3C 4 sqmm Cu PVC armoured cable as per IEC 60502-1,FRLS 4 sqmm Cu armoured cable,FRLS 4 sqmm cable,4 sqmm cable
RFP_6715,LSZH 1.1kV 3C 1 sqmm Cu XLPE armoured cable as per IEC 60502-1,1.1kV Cu XLPE cable as per IEC 60502-1,Cu cable as per IEC 60502-1,Cu cable
RFP_6716,Fire Survival 440V 1C 6 sqmm Cu XLPE armoured cable as per IEC 60331,Fire Survival 440V Cu armoured cable,440V Cu cable,Cu cable
RFP_6717,FRLS 500V 5C 6 sqmm Cu XLPE armoured cable as per IEC 60502-1,FRLS 5C 6 sqmm Cu cable,5C 6 sqmm cable,6 sqmm cable
RFP_6718,FRLS 1.1kV 6C 0.75 sqmm Cu XLPE armoured cable as per IS 1554,6C 0.75 sqmm armoured cable as per IS 1554,0.75 sqmm cable as per IS 1554,cable as per IS 1554
RFP_6719,LSZH 33kV 1C 50 sqmm Cu XLPE armoured cable as per IS 7098-2,LSZH 1C 50 sqmm Cu cable,1C Cu cable,1C cable
RFP_6720,FRLS 440V 16C 4 sqmm Cu XLPE armoured cable as per IS 1554,16C Cu XLPE cable as per IS 1554,XLPE cable as per IS 1554,XLPE cable
RFP_6721,FRLS 1.1kV 5C 1 sqmm Cu PVC armoured cable as per IS 1554,FRLS 1 sqmm Cu cable as per IS 1554,FRLS cable as per IS 1554,FRLS cable
RFP_6722,Fire Survival 1.1kV 4C 25 sqmm Cu XLPE armoured cable as per BS 6387,Fire Survival Cu armoured cable as per BS 6387,Cu cable as per BS 6387,Cu cable
RFP_6723,Fire Survival 440V 3C 35 sqmm Cu Mineral (MI) armoured cable as per IEC 60331,440V 3C 35 sqmm Mineral (MI) cable as per IEC 60331,3C 35 sqmm Mineral (MI) cable,35 sqmm Mineral (MI) cable
RFP_6724,LSZH 132kV 1C 500 sqmm Al XLPE armoured cable as per IEC 60840,LSZH Al armoured cable as per IEC 60840,Al armoured cable,Al cable
RFP_6725,FR 33kV 3C 95 sqmm Al XLPE armoured cable as per IS 7098-2,33kV 95 sqmm XLPE armoured cable,95 sqmm XLPE cable,XLPE cable
RFP_6726,ZH 33kV 1C 150 sqmm Al XLPE armoured cable as per IS 7098-2,1C 150 sqmm XLPE cable as per IS 7098-2,XLPE cable as per IS 7098-2,XLPE cable
RFP_6727,Fire Survival 440V 1C 6 sqmm Cu Mineral (MI) armoured cable as per IEC 60331,Fire Survival 6 sqmm Cu Mineral (MI) armoured cable,6 sqmm Cu Mineral (MI) cable,Cu Mineral (MI) cable
RFP_6728,440V 4C 50 sqmm Cu PVC armoured cable as per IS 694,4C Cu PVC armoured cable,4C armoured cable,armoured cable
RFP_6729,500V 1C 2.5 sqmm Cu PVC armoured cable as per IEC 60502-1,500V 2.5 sqmm PVC armoured cable,2.5 sqmm armoured cable,armoured cable
RFP_6730,FRLS 500V 2C 50 sqmm Al PVC armoured cable as per IS 1554,Al PVC armoured cable as per IS 1554,PVC cable as per IS 1554,cable as per IS 1554
RFP_6731,LSZH 440V 8C 4 sqmm Cu PVC armoured cable as per IS 694,440V Cu PVC cable as per IS 694,Cu PVC cable,PVC cable
RFP_6732,FRLS 3.3kV 1C 120 sqmm Al EPR armoured cable as per IEC 60502-1,FRLS 1C EPR armoured cable,EPR armoured cable,armoured cable
RFP_6733,FR 500V 5C 4 sqmm Cu XLPE armoured cable as per IEC 60502-1,500V 4 sqmm Cu cable as per IEC 60502-1,Cu cable as per IEC 60502-1,cable as per IEC 60502-1
RFP_6734,FR 440V 3C 2.5 sqmm Cu PVC armoured cable as per IS 694,440V 3C armoured cable as per IS 694,armoured cable as per IS 694,armoured cable
RFP_6735,LSZH 1.1kV 5C 25 sqmm Cu PVC armoured cable as per IS 9968,LSZH 1.1kV armoured cable as per IS 9968,LSZH armoured cable,armoured cable
RFP_6736,Fire Survival 440V 3C 6 sqmm Cu XLPE armoured cable as per BS 6387,440V 6 sqmm armoured cable as per BS 6387,6 sqmm armoured cable,6 sqmm cable
RFP_6737,FR 500V 12C 1.5 sqmm Cu XLPE armoured cable as per IEC 60502-1,FR 12C Cu cable as per IEC 60502-1,FR cable as per IEC 60502-1,cable as per IEC 60502-1
RFP_6738,440V 30C 1 sqmm Cu PVC armoured cable as per IS 1554,440V 1 sqmm Cu armoured cable,440V armoured cable,440V cable
RFP_6739,110kV 1C 630 sqmm Al XLPE armoured cable as per IEC 60840,110kV 1C 630 sqmm XLPE cable,110kV XLPE cable,110kV cable
RFP_6740,LSZH 440V 1C 25 sqmm Al XLPE armoured cable as per IS 694,LSZH 25 sqmm Al XLPE cable,LSZH XLPE cable,XLPE cable
RFP_6741,FRLS 500V 5C 1.5 sqmm Cu PVC armoured cable as per IEC 60502-1,FRLS 5C PVC cable as per IEC 60502-1,FRLS 5C cable,FRLS cable
RFP_6742,1.1kV 12C 0.75 sqmm Cu PVC armoured cable as per IS 1554,1.1kV Cu PVC armoured cable,PVC armoured cable,armoured cable
RFP_6743,FRLS 440V 2C 0.75 sqmm Cu PVC armoured cable as per IS 9968,FRLS 0.75 sqmm armoured cable as per IS 9968,0.75 sqmm cable as per IS 9968,0.75 sqmm cable
RFP_6744,300V 2C 1.5 sqmm Cu PVC armoured cable as per BS 5308-1,300V Cu PVC armoured cable,PVC armoured cable,PVC cable
RFP_6745,440V 3C 6 sqmm Cu PVC armoured cable as per IS 694,Cu PVC armoured cable as per IS 694,PVC armoured cable,PVC cable
RFP_6746,FR 1.1kV 3C 70 sqmm Cu XLPE armoured cable as per BS 5467,1.1kV Cu XLPE cable as per BS 5467,1.1kV cable as per BS 5467,cable as per BS 5467
RFP_6747,FRLS 500V 4C 6 sqmm Cu XLPE armoured cable as per IS 1554,4C Cu armoured cable as per IS 1554,4C armoured cable,4C cable
RFP_6748,LSZH 1.1kV 2C 1 sqmm Cu PVC armoured cable as per IEC 60502-1,LSZH 2C 1 sqmm PVC cable,2C PVC cable,2C cable
RFP_6749,300V 20C 2.5 sqmm Cu XLPE armoured cable as per BS 5308-1,300V 20C XLPE cable as per BS 5308-1,300V cable as per BS 5308-1,300V cable
RFP_6750,440V 6C 6 sqmm Cu PVC armoured cable as per IS 694,6C Cu PVC armoured cable,PVC armoured cable,armoured cable
RFP_6751,FRLS 1.1kV 2C 1.5 sqmm Cu XLPE armoured cable as per IS 1554,1.5 sqmm Cu XLPE cable as per IS 1554,1.5 sqmm Cu cable,Cu cable
RFP_6752,LSZH 500V 12C 1 sqmm Cu XLPE armoured cable as per IS 1554,LSZH 1 sqmm Cu cable as per IS 1554,1 sqmm cable as per IS 1554,cable as per IS 1554
RFP_6753,440V 10C 6 sqmm Cu XLPE armoured cable as per IS 694,10C 6 sqmm Cu armoured cable,Cu armoured cable,armoured cable
RFP_6754,FRLS 1.1kV 24C 2.5 sqmm Cu XLPE armoured cable as per BS 5308,FRLS 24C Cu XLPE cable,FRLS 24C cable,FRLS cable
RFP_6755,LSZH 500V 4C 1 sqmm Cu XLPE armoured cable as per IEC 60502-1,LSZH 4C Cu XLPE cable,LSZH 4C cable,4C cable
RFP_6756,Fire Survival 1.1kV 3C 2.5 sqmm Cu Mineral (MI) armoured cable as per IS 17048,Fire Survival Cu Mineral (MI) armoured cable as per IS 17048,Fire Survival Mineral (MI) cable as per IS 17048,Fire Survival Mineral (MI) cable
RFP_6757,LSZH 600V 4C 1.5 sqmm Cu PVC armoured cable as per IS 694,LSZH 600V 1.5 sqmm PVC cable,LSZH 600V cable,600V cable
RFP_6758,FR 110kV 1C 400 sqmm Al XLPE armoured cable as per IEC 60840,FR 110kV 400 sqmm XLPE cable,FR 110kV cable,110kV cable
RFP_6759,ZH 1.1kV 4C 25 sqmm Cu EPR armoured cable as per BS 5467,ZH 25 sqmm Cu cable as per BS 5467,25 sqmm Cu cable,25 sqmm cable
RFP_6760,FR 22kV 3C 240 sqmm Cu XLPE armoured cable as per IEC 60502-2,FR 3C 240 sqmm Cu cable,3C 240 sqmm cable,240 sqmm cable
RFP_6761,FRLS 110kV 1C 630 sqmm Cu XLPE armoured cable as per IEC 60840,FRLS 110kV 1C armoured cable,1C armoured cable,1C cable
RFP_6762,LSZH 22kV 1C 185 sqmm Cu XLPE armoured cable as per IEC 60502-2,22kV 1C 185 sqmm cable as per IEC 60502-2,185 sqmm cable as per IEC 60502-2,185 sqmm cable
RFP_6763,ZH 110kV 1C 1000 sqmm Al XLPE armoured cable as per IEC 60840,ZH 1C 1000 sqmm Al cable,1C 1000 sqmm cable,1000 sqmm cable
RFP_6764,ZH 132kV 1C 800 sqmm Al XLPE armoured cable as per IEC 60840,ZH 132kV Al armoured cable,ZH Al cable,ZH cable
RFP_6765,FR 22kV 1C 50 sqmm Cu XLPE armoured cable as per IS 7098-2,FR 1C armoured cable as per IS 7098-2,1C armoured cable,armoured cable
RFP_6766,500V 7C 2.5 sqmm Cu XLPE armoured cable as per IEC 60502-1,7C XLPE armoured cable as per IEC 60502-1,7C cable as per IEC 60502-1,cable as per IEC 60502-1
RFP_6767,500V 16C 0.75 sqmm Cu XLPE armoured cable as per IEC 60502-1,0.75 sqmm XLPE armoured cable as per IEC 60502-1,0.75 sqmm armoured cable,0.75 sqmm cable
RFP_6768,ZH 11kV 1C 95 sqmm Cu EPR armoured cable as per IEC 60502-1,ZH 11kV 95 sqmm cable as per IEC 60502-1,11kV 95 sqmm cable,11kV cable
RFP_6769,FR 440V 19C 2.5 sqmm Cu XLPE armoured cable as per IS 694,FR 19C 2.5 sqmm XLPE cable,FR 2.5 sqmm cable,2.5 sqmm cable
RFP_6770,440V 3C 4 sqmm Cu PVC armoured cable as per IS 694,440V 4 sqmm armoured cable as per IS 694,4 sqmm cable as per IS 694,4 sqmm cable
RFP_6771,LSZH 1.1kV 24C 0.75 sqmm Cu PVC armoured cable as per BS 5308-1,LSZH 0.75 sqmm armoured cable as per BS 5308-1,LSZH cable as per BS 5308-1,cable as per BS 5308-1
RFP_6772,6.6kV 3C 95 sqmm Cu EPR armoured cable as per IEC 60502-1,Cu EPR armoured cable as per IEC 60502-1,EPR cable as per IEC 60502-1,cable as per IEC 60502-1
RFP_6773,FRLS 1.1kV 2C 2.5 sqmm Cu XLPE armoured cable as per IEC 60502-1,2.5 sqmm Cu XLPE cable as per IEC 60502-1,2.5 sqmm cable as per IEC 60502-1,cable as per IEC 60502-1
RFP_6774,ZH 1.1kV 3.5C 95 sqmm Cu XLPE armoured cable as per BS 5467,ZH 3.5C 95 sqmm armoured cable,3.5C 95 sqmm cable,3. 95 sqmm cable
RFP_6775,LSZH 6.6kV 1C 300 sqmm Al EPR armoured cable as per IEC 60502-1,LSZH Al EPR armoured cable,LSZH Al cable,Al cable
RFP_6776,300V 16C 1 sqmm Cu PVC armoured cable as per BS 5308-1,300V 1 sqmm armoured cable as per BS 5308-1,300V armoured cable,armoured cable
RFP_6777,FRLS 11kV 1C 400 sqmm Cu EPR armoured cable as per IS 7098-1,FRLS 11kV EPR armoured cable,11kV EPR cable,11kV cable
RFP_6778,LSZH 110kV 1C 800 sqmm Al XLPE armoured cable as per IEC 60840,LSZH 110kV 800 sqmm armoured cable,LSZH 800 sqmm cable,LSZH cable
RFP_6779,FR 440V 2C 6 sqmm Cu XLPE armoured cable as per IS 694,440V 2C 6 sqmm cable as per IS 694,2C cable as per IS 694,cable as per IS 694
RFP_6780,FR 300V 4C 1 sqmm Cu XLPE armoured cable as per IEC 60502-1,300V 1 sqmm armoured cable as per IEC 60502-1,1 sqmm armoured cable,armoured cable
RFP_6781,FR 300V 24C 1.5 sqmm Cu PVC armoured cable as per BS 5308-1,300V 24C Cu PVC cable,24C Cu cable,24C cable
RFP_6782,FRLS 500V 1C 0.75 sqmm Cu PVC armoured cable as per IS 694,FRLS 500V PVC cable as per IS 694,FRLS PVC cable,PVC cable
RFP_6783,Fire Survival 440V 4C 1.5 sqmm Cu Mineral (MI) armoured cable as per BS 6387,4C 1.5 sqmm Cu Mineral (MI) armoured cable,1.5 sqmm Cu Mineral (MI) cable,1.5 sqmm Mineral (MI) cable
RFP_6784,FR 440V 7C 4 sqmm Cu PVC armoured cable as per IS 1554,FR 4 sqmm PVC cable as per IS 1554,4 sqmm PVC cable,PVC cable
RFP_6785,LSZH 500V 1C 2.5 sqmm Al PVC armoured cable as per IS 694,LSZH 1C Al armoured cable,1C Al cable,1C cable
RFP_6786,Fire Survival 440V 2C 10 sqmm Cu XLPE armoured cable as per BS 6387,10 sqmm Cu XLPE armoured cable,10 sqmm XLPE cable,XLPE cable
RFP_6787,FR 1.1kV 24C 6 sqmm Cu XLPE armoured cable as per IEC 60502-1,FR 6 sqmm Cu cable as per IEC 60502-1,FR Cu cable,FR cable
RFP_6788,FR 1.1kV 16C 1 sqmm Cu XLPE armoured cable as per IEC 60502-1,1.1kV Cu XLPE cable as per IEC 60502-1,Cu cable as per IEC 60502-1,Cu cable
RFP_6789,FRLS 1.1kV 4C 1 sqmm Cu XLPE armoured cable as per IEC 60502-1,FRLS 1.1kV 1 sqmm cable as per IEC 60502-1,1 sqmm cable as per IEC 60502-1,cable as per IEC 60502-1
RFP_6790,ZH 400kV 1C 300 sqmm Cu XLPE armoured cable as per IEC 62067,ZH Cu armoured cable as per IEC 62067,armoured cable as per IEC 62067,armoured cable
RFP_6791,ZH 3.3kV 3C 50 sqmm Al XLPE armoured cable as per IS 7098-1,ZH 3C Al cable as per IS 7098-1,ZH cable as per IS 7098-1,cable as per IS 7098-1
RFP_6792,FRLS 6.6kV 1C 400 sqmm Al XLPE armoured cable as per IS 7098-1,FRLS 6.6kV XLPE cable as per IS 7098-1,FRLS XLPE cable,XLPE cable
RFP_6793,FR 440V 2C 10 sqmm Cu XLPE armoured cable as per IS 9968,FR 440V armoured cable as per IS 9968,FR cable as per IS 9968,FR cable
RFP_6794,FR 500V 2C 0.5 sqmm Cu PVC armoured cable as per IEC 60502-1,500V 2C 0.5 sqmm PVC cable,500V 2C cable,2C cable
RFP_6795,FRLS 440V 1C 50 sqmm Cu PVC armoured cable as per IEC 60245,1C 50 sqmm PVC armoured cable,1C 50 sqmm cable,50 sqmm cable
RFP_6796,LSZH 22kV 1C 50 sqmm Cu XLPE armoured cable as per IS 7098-2,22kV XLPE armoured cable as per IS 7098-2,22kV XLPE cable,XLPE cable
RFP_6797,1.1kV 4C 0.75 sqmm Cu PVC armoured cable as per IS 1554,4C 0.75 sqmm armoured cable as per IS 1554,0.75 sqmm armoured cable,armoured cable
RFP_6798,500V 3C 2.5 sqmm Cu XLPE armoured cable as per IEC 60502-1,2.5 sqmm XLPE armoured cable as per IEC 60502-1,XLPE cable as per IEC 60502-1,XLPE cable
RFP_6799,FR 440V 4C 6 sqmm Cu PVC armoured cable as per IS 1554,6 sqmm Cu armoured cable as per IS 1554,armoured cable as per IS 1554,cable as per IS 1554
RFP_6800,ZH 66kV 1C 500 sqmm Al XLPE armoured cable as per IEC 60840,ZH 66kV 1C XLPE cable,1C XLPE cable,1C cable
RFP_6801,440V 12C 4 sqmm Cu PVC armoured cable as per IS 694,440V 12C 4 sqmm PVC cable,440V PVC cable,440V cable
RFP_6802,300V 10C 1.5 sqmm Cu PVC armoured cable as per IEC 60502-1,300V 10C PVC armoured cable,300V PVC cable,PVC cable
RFP_6803,220kV 1C 630 sqmm Al XLPE armoured cable as per IEC 62067,1C 630 sqmm Al cable as per IEC 62067,1C 630 sqmm cable,1C cable
RFP_6804,1.1kV 10C 1 sqmm Cu XLPE armoured cable as per IEC 60502-1,1 sqmm Cu armoured cable as per IEC 60502-1,1 sqmm armoured cable,1 sqmm cable
RFP_6805,LSZH 11kV 3C 70 sqmm Al XLPE armoured cable as per IS 7098-1,11kV 3C XLPE cable as per IS 7098-1,11kV cable as per IS 7098-1,11kV cable
RFP_6806,Fire Survival 440V 2C 10 sqmm Cu Mineral (MI) armoured cable as per IEC 60331,440V 2C Cu Mineral (MI) cable as per IEC 60331,440V 2C Mineral (MI) cable,2C Mineral (MI) cable
RFP_6807,FR 500V 24C 2.5 sqmm Cu PVC armoured cable as per BS 5308-1,FR 500V Cu armoured cable,FR 500V cable,500V cable
RFP_6808,Fire Survival 1.1kV 1C 50 sqmm Cu Mineral (MI) armoured cable as per IEC 60331,Fire Survival 1C 50 sqmm Mineral (MI) cable as per IEC 60331,50 sqmm Mineral (MI) cable as per IEC 60331,50 sqmm Mineral (MI) cable
RFP_6809,FRLS 500V 3C 4 sqmm Cu PVC armoured cable as per IS 694,FRLS PVC armoured cable as per IS 694,armoured cable as per IS 694,cable as per IS 694
RFP_6810,ZH 22kV 1C 300 sqmm Cu XLPE armoured cable as per IS 7098-2,Cu XLPE armoured cable as per IS 7098-2,XLPE armoured cable,armoured cable
RFP_6811,LSZH 600V 2C 120 sqmm Al XLPE armoured cable as per IS 694,LSZH 2C armoured cable as per IS 694,2C armoured cable,armoured cable
RFP_6812,ZH 440V 1C 25 sqmm Cu XLPE armoured cable as per IS 694,440V 1C XLPE cable as per IS 694,440V cable as per IS 694,cable as per IS 694
RFP_6813,500V 6C 1.5 sqmm Cu PVC armoured cable as per IEC 60502-1,1.5 sqmm Cu PVC armoured cable,Cu armoured cable,Cu cable
RFP_6814,110kV 1C 630 sqmm Al XLPE armoured cable as per IEC 60840,110kV 1C XLPE cable as per IEC 60840,110kV XLPE cable,110kV cable
RFP_6815,1.1kV 3C 1 sqmm Cu XLPE armoured cable as per BS 5308,3C Cu XLPE cable as per BS 5308,3C XLPE cable,3C cable
RFP_6816,500V 10C 6 sqmm Cu PVC armoured cable as per IS 1554,500V 10C 6 sqmm PVC cable,500V 10C cable,500V cable
RFP_6817,6.6kV 3C 95 sqmm Al EPR armoured cable as per IEC 60502-1,3C 95 sqmm Al cable as per IEC 60502-1,95 sqmm cable as per IEC 60502-1,cable as per IEC 60502-1
RFP_6818,FRLS 132kV 1C 300 sqmm Al XLPE armoured cable as per IEC 60840,132kV 1C Al XLPE cable,132kV XLPE cable,XLPE cable
RFP_6819,FRLS 440V 7C 4 sqmm Cu XLPE armoured cable as per IS 694,7C 4 sqmm armoured cable as per IS 694,7C 4 sqmm cable,4 sqmm cable
RFP_6820,LSZH 110kV 1C 300 sqmm Cu XLPE armoured cable as per IEC 60840,110kV 300 sqmm Cu XLPE cable,Cu XLPE cable,XLPE cable
RFP_6821,LSZH 300V 4C 1 sqmm Cu XLPE armoured cable as per BS 5308-1,300V 4C 1 sqmm cable as per BS 5308-1,1 sqmm cable as per BS 5308-1,1 sqmm cable
RFP_6822,FR 33kV 3C 300 sqmm Al XLPE armoured cable as per IEC 60502-2,33kV 3C 300 sqmm cable as per IEC 60502-2,33kV cable as per IEC 60502-2,cable as per IEC 60502-2
RFP_6823,LSZH 33kV 1C 95 sqmm Al XLPE armoured cable as per IS 7098-2,LSZH 95 sqmm Al cable as per IS 7098-2,95 sqmm cable as per IS 7098-2,95 sqmm cable
RFP_6824,FR 300V 8C 0.5 sqmm Cu XLPE armoured cable as per BS 5308-1,FR 300V 8C XLPE cable,FR XLPE cable,FR cable
RFP_6825,FRLS 440V 14C 1 sqmm Cu PVC armoured cable as per IS 694,440V 14C PVC cable as per IS 694,PVC cable as per IS 694,cable as per IS 694
RFP_6826,ZH 3.3kV 1C 150 sqmm Cu EPR armoured cable as per IS 7098-1,ZH 1C Cu EPR cable,1C Cu cable,1C cable
RFP_6827,FRLS 3.3kV 1C 300 sqmm Al EPR armoured cable as per IEC 60502-1,FRLS 3.3kV armoured cable as per IEC 60502-1,FRLS cable as per IEC 60502-1,FRLS cable
RFP_6828,FR 1.1kV 2C 1 sqmm Cu PVC armoured cable as per IS 1554,FR 1 sqmm PVC cable as per IS 1554,PVC cable as per IS 1554,PVC cable
RFP_6829,132kV 1C 800 sqmm Al XLPE armoured cable as per IEC 60840,132kV 1C 800 sqmm XLPE cable,132kV XLPE cable,132kV cable
RFP_6830,FRLS 300V 2C 1.5 sqmm Cu XLPE armoured cable as per BS 5308-1,FRLS 1.5 sqmm XLPE armoured cable,FRLS XLPE cable,FRLS cable
RFP_6831,FRLS 11kV 3C 150 sqmm Cu EPR armoured cable as per IEC 60502-1,FRLS 11kV 3C armoured cable,3C armoured cable,3C cable
RFP_6832,LSZH 66kV 1C 630 sqmm Cu XLPE armoured cable as per IS 7098-3,66kV 630 sqmm XLPE armoured cable,XLPE armoured cable,armoured cable
RFP_6833,FR 500V 8C 1.5 sqmm Cu XLPE armoured cable as per BS 5308-1,500V 1.5 sqmm XLPE armoured cable,XLPE armoured cable,armoured cable
RFP_6834,FR 1.1kV 16C 0.5 sqmm Cu XLPE armoured cable as per BS 5308-1,16C 0.5 sqmm Cu XLPE cable,0.5 sqmm Cu cable,Cu cable
RFP_6835,1.1kV 3.5C 800 sqmm Al PVC armoured cable as per IEC 60502-1,3.5C Al PVC cable as per IEC 60502-1,3.5C Al cable,3. Al cable
RFP_6836,1.1kV 5C 6 sqmm Cu XLPE armoured cable as per IS 9968,5C Cu XLPE armoured cable,XLPE armoured cable,XLPE cable
RFP_6837,LSZH 132kV 1C 185 sqmm Al XLPE armoured cable as per IEC 60840,LSZH 185 sqmm armoured cable as per IEC 60840,LSZH 185 sqmm cable,LSZH cable
RFP_6838,FRLS 1.1kV 4C 2.5 sqmm Cu PVC armoured cable as per BS 5308,FRLS 2.5 sqmm Cu armoured cable,2.5 sqmm Cu cable,2.5 sqmm cable
RFP_6839,FR 300V 16C 0.5 sqmm Cu PVC armoured cable as per BS 5308-1,FR 300V Cu cable as per BS 5308-1,300V cable as per BS 5308-1,cable as per BS 5308-1
RFP_6840,ZH 1.1kV 1C 25 sqmm Cu PVC armoured cable as per IS 9968,ZH 1C 25 sqmm armoured cable,ZH 25 sqmm cable,25 sqmm cable
RFP_6841,Fire Survival 440V 4C 10 sqmm Cu Mineral (MI) armoured cable as per IEC 60331,10 sqmm Cu Mineral (MI) armoured cable as per IEC 60331,10 sqmm Mineral (MI) armoured cable,10 sqmm Mineral (MI) cable
RFP_6842,FR 500V 5C 1.5 sqmm Cu PVC armoured cable as per IEC 60502-1,FR 5C PVC armoured cable,5C armoured cable,armoured cable
RFP_6843,FRLS 11kV 1C 400 sqmm Cu XLPE armoured cable as per IEC 60502-1,FRLS 1C Cu armoured cable,Cu armoured cable,armoured cable
RFP_6844,500V 27C 1.5 sqmm Cu XLPE armoured cable as per IS 1554,27C 1.5 sqmm Cu armoured cable,27C 1.5 sqmm cable,1.5 sqmm cable
RFP_6845,ZH 33kV 1C 400 sqmm Cu XLPE armoured cable as per IS 7098-2,ZH 33kV 400 sqmm cable as per IS 7098-2,33kV cable as per IS 7098-2,cable as per IS 7098-2
RFP_6846,FRLS 440V 5C 6 sqmm Cu PVC armoured cable as per IS 694,440V 5C armoured cable as per IS 694,440V armoured cable,armoured cable
RFP_6847,ZH 22kV 3C 50 sqmm Al XLPE armoured cable as per IEC 60502-2,ZH 3C 50 sqmm cable as per IEC 60502-2,3C cable as per IEC 60502-2,cable as per IEC 60502-2
RFP_6848,FR 300V 8C 2.5 sqmm Cu PVC armoured cable as per BS 5308-1,2.5 sqmm Cu PVC armoured cable,2.5 sqmm PVC cable,2.5 sqmm cable
RFP_6849,FR 500V 16C 1 sqmm Cu PVC armoured cable as per IS 1554,16C PVC armoured cable as per IS 1554,PVC armoured cable,PVC cable
RFP_6850,1.1kV 16C 1.5 sqmm Cu XLPE armoured cable as per IS 1554,1.1kV 16C armoured cable as per IS 1554,1.1kV 16C cable,1.1kV cable
RFP_6851,LSZH 11kV 3C 50 sqmm Al XLPE armoured cable as per IEC 60502-1,LSZH 11kV 50 sqmm armoured cable,50 sqmm armoured cable,50 sqmm cable
RFP_6852,FRLS 220kV 1C 1000 sqmm Al XLPE armoured cable as per IEC 62067,FRLS 220kV 1C XLPE cable,FRLS XLPE cable,FRLS cable
RFP_6853,FRLS 11kV 1C 300 sqmm Al EPR armoured cable as per IS 7098-1,11kV 1C Al armoured cable,Al armoured cable,Al cable
RFP_6854,600V 2C 25 sqmm Cu XLPE armoured cable as per IS 694,25 sqmm Cu XLPE cable as per IS 694,25 sqmm XLPE cable,25 sqmm cable
RFP_6855,FRLS 500V 4C 0.75 sqmm Cu PVC armoured cable as per IS 694,FRLS 500V 4C PVC cable,FRLS PVC cable,FRLS cable
RFP_6856,FRLS 11kV 1C 400 sqmm Cu EPR armoured cable as per IEC 60502-1,FRLS 11kV 1C Cu cable,1C Cu cable,1C cable
RFP_6857,FR 500V 14C 1.5 sqmm Cu XLPE armoured cable as per IEC 60502-1,FR 500V 1.5 sqmm Cu cable,500V Cu cable,Cu cable
RFP_6858,FRLS 600V 3C 500 sqmm Al XLPE armoured cable as per IS 694,600V 3C 500 sqmm armoured cable,600V 3C cable,600V cable
RFP_6859,FRLS 1.1kV 8C 2.5 sqmm Cu PVC armoured cable as per IS 1554,FRLS 8C 2.5 sqmm Cu cable,FRLS 8C cable,FRLS cable
RFP_6860,ZH 3.3kV 1C 300 sqmm Cu EPR armoured cable as per IS 7098-1,3.3kV 1C Cu EPR cable,1C Cu cable,Cu cable
RFP_6861,FRLS 300V 2C 1.5 sqmm Cu PVC armoured cable as per BS 5308-1,300V 2C 1.5 sqmm PVC cable,300V 2C cable,2C cable
RFP_6862,440V 3C 50 sqmm Cu XLPE armoured cable as per IS 694,3C 50 sqmm XLPE armoured cable,XLPE armoured cable,armoured cable
RFP_6863,LSZH 1.1kV 5C 6 sqmm Cu XLPE armoured cable as per BS 5308,6 sqmm XLPE armoured cable as per BS 5308,6 sqmm armoured cable,6 sqmm cable
RFP_6864,FRLS 500V 24C 2.5 sqmm Cu XLPE armoured cable as per BS 5308-1,24C 2.5 sqmm Cu cable as per BS 5308-1,2.5 sqmm cable as per BS 5308-1,2.5 sqmm cable
RFP_6865,Fire Survival 1.1kV 2C 16 sqmm Cu XLPE armoured cable as per IS 17048,2C 16 sqmm Cu armoured cable,2C armoured cable,armoured cable
RFP_6866,FR 110kV 1C 300 sqmm Al XLPE armoured cable as per IEC 60840,1C XLPE armoured cable as per IEC 60840,1C XLPE cable,1C cable
RFP_6867,ZH 132kV 1C 185 sqmm Cu XLPE armoured cable as per IEC 60840,1C 185 sqmm Cu armoured cable,1C armoured cable,armoured cable
RFP_6868,440V 7C 1 sqmm Cu PVC armoured cable as per IS 1554,1 sqmm Cu armoured cable as per IS 1554,armoured cable as per IS 1554,cable as per IS 1554
RFP_6869,FRLS 500V 19C 4 sqmm Cu PVC armoured cable as per IEC 60502-1,19C 4 sqmm Cu PVC cable,4 sqmm Cu cable,4 sqmm cable
RFP_6870,11kV 3C 240 sqmm Cu EPR armoured cable as per IS 7098-1,3C Cu EPR cable as per IS 7098-1,Cu EPR cable,Cu cable
RFP_6871,ZH 3.3kV 1C 70 sqmm Al EPR armoured cable as per IS 7098-1,3.3kV 1C Al EPR cable,1C EPR cable,EPR cable
RFP_6872,LSZH 1.1kV 5C 1 sqmm Cu XLPE armoured cable as per IEC 60502-1,1 sqmm Cu XLPE cable as per IEC 60502-1,1 sqmm cable as per IEC 60502-1,cable as per IEC 60502-1
RFP_6873,500V 2C 1 sqmm Cu PVC armoured cable as per IS 694,500V 2C Cu cable as per IS 694,Cu cable as per IS 694,Cu cable
RFP_6874,FRLS 400kV 1C 400 sqmm Al XLPE armoured cable as per IEC 62067,400kV 1C 400 sqmm cable as per IEC 62067,400kV 1C cable,400kV cable
RFP_6875,Fire Survival 1.1kV 3C 70 sqmm Cu XLPE armoured cable as per IEC 60331,Cu XLPE armoured cable as per IEC 60331,Cu armoured cable,armoured cable
RFP_6876,LSZH 500V 5C 25 sqmm Cu PVC armoured cable as per IS 694,5C PVC armoured cable as per IS 694,PVC cable as per IS 694,PVC cable
RFP_6877,ZH 600V 3C 25 sqmm Al XLPE armoured cable as per IEC 60502-1,600V 3C XLPE cable as per IEC 60502-1,XLPE cable as per IEC 60502-1,XLPE cable
RFP_6878,FR 300V 6C 1.5 sqmm Cu PVC armoured cable as per IEC 60502-1,FR 300V 6C 1.5 sqmm cable,300V 6C cable,6C cable
RFP_6879,500V 20C 1.5 sqmm Cu PVC armoured cable as per BS 5308-1,20C Cu armoured cable as per BS 5308-1,20C armoured cable,armoured cable
RFP_6880,FR 1.1kV 12C 1 sqmm Cu PVC armoured cable as per IEC 60502-1,FR 12C 1 sqmm cable as per IEC 60502-1,FR 12C cable,FR cable
RFP_6881,LSZH 22kV 1C 95 sqmm Al XLPE armoured cable as per IS 7098-2,1C XLPE armoured cable as per IS 7098-2,1C armoured cable,1C cable
RFP_6882,LSZH 440V 3.5C 1000 sqmm Cu XLPE armoured cable as per IEC 60502-1,LSZH 440V 3. 1000 sqmm armoured cable,LSZH 3. 1000 sqmm cable,LSZH 3. cable
RFP_6883,Fire Survival 1.1kV 1C 70 sqmm Cu XLPE armoured cable as per IS 17048,Fire Survival 1.1kV Cu XLPE cable,Fire Survival XLPE cable,Fire Survival cable
RFP_6884,FRLS 440V 12C 4 sqmm Cu XLPE armoured cable as per IS 1554,FRLS 4 sqmm armoured cable as per IS 1554,armoured cable as per IS 1554,armoured cable
RFP_6885,ZH 1.1kV 2C 10 sqmm Cu EPR armoured cable as per BS 5467,1.1kV Cu EPR armoured cable,1.1kV armoured cable,armoured cable
RFP_6886,ZH 3.3kV 1C 185 sqmm Cu XLPE armoured cable as per IS 7098-1,3.3kV 1C 185 sqmm Cu cable,1C Cu cable,Cu cable
RFP_6887,Fire Survival 1.1kV 3C 4 sqmm Cu XLPE armoured cable as per IEC 60331,3C 4 sqmm Cu XLPE cable,3C 4 sqmm cable,4 sqmm cable
RFP_6888,440V 14C 2.5 sqmm Cu XLPE armoured cable as per IS 694,14C Cu XLPE armoured cable,XLPE armoured cable,XLPE cable
RFP_6889,LSZH 300V 10C 2.5 sqmm Cu XLPE armoured cable as per BS 5308-1,LSZH Cu XLPE cable as per BS 5308-1,LSZH cable as per BS 5308-1,cable as per BS 5308-1
RFP_6890,FRLS 66kV 1C 185 sqmm Al XLPE armoured cable as per IEC 60840,66kV 185 sqmm Al cable as per IEC 60840,66kV Al cable,Al cable
RFP_6891,LSZH 300V 4C 1 sqmm Cu XLPE armoured cable as per IEC 60502-1,LSZH 300V 1 sqmm Cu cable,LSZH 1 sqmm cable,1 sqmm cable
RFP_6892,ZH 440V 3C 0.75 sqmm Cu XLPE armoured cable as per IEC 60245,440V Cu XLPE cable as per IEC 60245,Cu XLPE cable,XLPE cable
RFP_6893,LSZH 300V 10C 2.5 sqmm Cu XLPE armoured cable as per IEC 60502-1,LSZH 10C 2.5 sqmm Cu cable,2.5 sqmm Cu cable,Cu cable
RFP_6894,FR 500V 4C 16 sqmm Cu PVC armoured cable as per IEC 60245,4C 16 sqmm Cu cable as per IEC 60245,16 sqmm Cu cable,Cu cable
RFP_6895,LSZH 1.1kV 12C 0.5 sqmm Cu XLPE armoured cable as per BS 5308-1,12C 0.5 sqmm XLPE cable as per BS 5308-1,12C cable as per BS 5308-1,12C cable
RFP_6896,ZH 600V 2C 10 sqmm Al PVC armoured cable as per IEC 60502-1,600V 10 sqmm PVC cable as per IEC 60502-1,10 sqmm PVC cable,PVC cable
RFP_6897,FRLS 6.6kV 1C 150 sqmm Cu XLPE armoured cable as per IEC 60502-1,150 sqmm Cu XLPE cable as per IEC 60502-1,XLPE cable as per IEC 60502-1,XLPE cable
RFP_6898,FRLS 300V 1C 2.5 sqmm Cu PVC armoured cable as per IEC 60502-1,300V 1C Cu cable as per IEC 60502-1,300V Cu cable,300V cable
RFP_6899,LSZH 132kV 1C 400 sqmm Al XLPE armoured cable as per IEC 60840,LSZH 132kV Al XLPE cable,LSZH 132kV cable,LSZH cable
RFP_6900,Fire Survival 1.1kV 4C 120 sqmm Cu XLPE armoured cable as per IS 17048,Fire Survival 1.1kV 120 sqmm Cu cable,Fire Survival 120 sqmm cable,120 sqmm cable
RFP_6901,ZH 500V 1C 6 sqmm Cu XLPE armoured cable as per IEC 60502-1,500V 6 sqmm Cu XLPE cable,500V Cu cable,500V cable
RFP_6902,FR 440V 2C 1.5 sqmm Cu PVC armoured cable as per IS 694,FR 2C PVC cable as per IS 694,FR 2C cable,2C cable
RFP_6903,FR 400kV 1C 1000 sqmm Cu XLPE armoured cable as per IEC 62067,FR 400kV 1000 sqmm XLPE cable,400kV 1000 sqmm cable,400kV cable
RFP_6904,FRLS 1.1kV 6C 1 sqmm Cu PVC armoured cable as per IS 1554,FRLS 1.1kV armoured cable as per IS 1554,FRLS armoured cable,FRLS cable
RFP_6905,500V 20C 2.5 sqmm Cu PVC armoured cable as per IEC 60502-1,500V 20C armoured cable as per IEC 60502-1,20C cable as per IEC 60502-1,20C cable
RFP_6906,ZH 66kV 1C 800 sqmm Cu XLPE armoured cable as per IS 7098-3,1C Cu XLPE armoured cable,1C XLPE cable,XLPE cable
RFP_6907,LSZH 500V 3C 25 sqmm Cu PVC armoured cable as per IS 694,500V 25 sqmm armoured cable as per IS 694,500V armoured cable,500V cable
RFP_6908,LSZH 400kV 1C 800 sqmm Cu XLPE armoured cable as per IEC 62067,800 sqmm Cu armoured cable as per IEC 62067,armoured cable as per IEC 62067,cable as per IEC 62067
RFP_6909,Fire Survival 440V 1C 70 sqmm Cu Mineral (MI) armoured cable as per IEC 60331,Fire Survival 70 sqmm Cu Mineral (MI) armoured cable,70 sqmm Cu Mineral (MI) cable,70 sqmm Mineral (MI) cable
RFP_6910,LSZH 500V 3.5C 25 sqmm Al XLPE armoured cable as per IS 694,LSZH 500V 3. XLPE cable as per IS 694,3. XLPE cable as per IS 694,3. cable as per IS 694
RFP_6911,FRLS 66kV 1C 500 sqmm Al XLPE armoured cable as per IS 7098-3,66kV 500 sqmm Al cable as per IS 7098-3,66kV cable as per IS 7098-3,cable as per IS 7098-3
RFP_6912,FR 33kV 1C 95 sqmm Al XLPE armoured cable as per IEC 60502-2,FR 95 sqmm XLPE armoured cable,FR 95 sqmm cable,FR cable
RFP_6913,FR 110kV 1C 500 sqmm Al XLPE armoured cable as per IEC 60840,110kV 1C Al armoured cable,110kV Al cable,110kV cable
RFP_6914,ZH 33kV 3C 50 sqmm Al XLPE armoured cable as per IS 7098-2,33kV 3C Al XLPE cable,33kV 3C cable,3C cable
RFP_6915,LSZH 220kV 1C 300 sqmm Al XLPE armoured cable as per IEC 62067,1C 300 sqmm XLPE armoured cable,300 sqmm XLPE cable,300 sqmm cable
RFP_6916,FRLS 6.6kV 3C 300 sqmm Al XLPE armoured cable as per IS 7098-1,3C 300 sqmm armoured cable as per IS 7098-1,3C cable as per IS 7098-1,3C cable
RFP_6917,LSZH 300V 2C 1 sqmm Cu PVC armoured cable as per IEC 60502-1,300V 2C 1 sqmm Cu cable,2C 1 sqmm cable,2C cable
RFP_6918,440V 19C 1.5 sqmm Cu PVC armoured cable as per IS 694,440V PVC armoured cable as per IS 694,440V PVC cable,440V cable
RFP_6919,1.1kV 3.5C 35 sqmm Cu EPR armoured cable as per IEC 60502-1,1.1kV 3.5C 35 sqmm cable as per IEC 60502-1,1.1kV 3.5C cable,1.1kV 3. cable
RFP_6920,1.1kV 20C 1.5 sqmm Cu PVC armoured cable as per IEC 60502-1,1.1kV 1.5 sqmm PVC cable as per IEC 60502-1,1.5 sqmm cable as per IEC 60502-1,cable as per IEC 60502-1
RFP_6921,ZH 6.6kV 3C 300 sqmm Cu XLPE armoured cable as per IS 7098-1,300 sqmm XLPE armoured cable as per IS 7098-1,XLPE armoured cable,XLPE cable
RFP_6922,ZH 11kV 3C 150 sqmm Cu XLPE armoured cable as per IEC 60502-1,11kV 3C Cu XLPE cable,11kV 3C cable,11kV cable
RFP_6923,FRLS 440V 3C 2.5 sqmm Cu XLPE armoured cable as per IS 694,FRLS 440V 3C 2.5 sqmm cable,FRLS 3C cable,FRLS cable
RFP_6924,LSZH 11kV 3C 50 sqmm Cu EPR armoured cable as per IEC 60502-1,LSZH 50 sqmm Cu armoured cable,Cu armoured cable,Cu cable
RFP_6925,FR 1.1kV 27C 4 sqmm Cu XLPE armoured cable as per IS 1554,1.1kV 4 sqmm Cu XLPE cable,1.1kV XLPE cable,XLPE cable
RFP_6926,FRLS 1.1kV 3C 50 sqmm Cu PVC armoured cable as per IS 9968,1.1kV 50 sqmm Cu PVC cable,50 sqmm Cu cable,Cu cable
RFP_6927,FR 500V 8C 1.5 sqmm Cu XLPE armoured cable as per IEC 60502-1,500V 8C 1.5 sqmm Cu cable,1.5 sqmm Cu cable,Cu cable
RFP_6928,1.1kV 3C 95 sqmm Cu XLPE armoured cable as per IS 1554,1.1kV 3C armoured cable as per IS 1554,1.1kV 3C cable,1.1kV cable
RFP_6929,66kV 1C 300 sqmm Al XLPE armoured cable as per IS 7098-3,66kV 300 sqmm Al XLPE cable,Al XLPE cable,Al cable
RFP_6930,LSZH 600V 3C 500 sqmm Al PVC armoured cable as per IS 694,600V 3C Al cable as per IS 694,3C cable as per IS 694,3C cable
RFP_6931,500V 20C 0.75 sqmm Cu PVC armoured cable as per IEC 60502-1,500V 20C 0.75 sqmm Cu cable,20C 0.75 sqmm cable,20C cable
RFP_6932,FR 500V 6C 1 sqmm Cu XLPE armoured cable as per IEC 60502-1,500V 1 sqmm Cu XLPE cable,1 sqmm XLPE cable,XLPE cable
RFP_6933,FR 1.1kV 1C 25 sqmm Cu PVC armoured cable as per IS 9968,25 sqmm Cu PVC cable as per IS 9968,Cu cable as per IS 9968,Cu cable
RFP_6934,1.1kV 4C 0.5 sqmm Cu PVC armoured cable as per BS 5308-1,4C 0.5 sqmm Cu armoured cable,0.5 sqmm armoured cable,0.5 sqmm cable
RFP_6935,FRLS 500V 8C 1.5 sqmm Cu XLPE armoured cable as per BS 5308-1,FRLS 8C armoured cable as per BS 5308-1,8C armoured cable,armoured cable
RFP_6936,FR 1.1kV 20C 1.5 sqmm Cu XLPE armoured cable as per BS 5308-1,FR 20C XLPE cable as per BS 5308-1,XLPE cable as per BS 5308-1,XLPE cable
RFP_6937,Fire Survival 440V 4C 25 sqmm Cu Mineral (MI) armoured cable as per BS 6387,440V 25 sqmm Cu Mineral (MI) cable as per BS 6387,25 sqmm Mineral (MI) cable as per BS 6387,25 sqmm Mineral (MI) cable
RFP_6938,440V 3C 1.5 sqmm Cu PVC armoured cable as per IS 1554,440V 3C Cu cable as per IS 1554,3C Cu cable,Cu cable
RFP_6939,FR 1.1kV 27C 1.5 sqmm Cu XLPE armoured cable as per IS 1554,1.1kV 1.5 sqmm Cu cable as per IS 1554,1.1kV cable as per IS 1554,cable as per IS 1554
RFP_6940,LSZH 440V 27C 4 sqmm Cu PVC armoured cable as per IS 694,440V 27C 4 sqmm armoured cable,27C 4 sqmm cable,4 sqmm cable
RFP_6941,FR 440V 7C 1 sqmm Cu XLPE armoured cable as per IS 694,FR 440V 1 sqmm XLPE cable,FR XLPE cable,XLPE cable
RFP_6942,FR 11kV 3C 150 sqmm Cu EPR armoured cable as per IS 7098-1,11kV Cu armoured cable as per IS 7098-1,11kV cable as per IS 7098-1,11kV cable
RFP_6943,FR 1.1kV 12C 1.5 sqmm Cu PVC armoured cable as per IEC 60502-1,1.1kV PVC armoured cable as per IEC 60502-1,1.1kV armoured cable,armoured cable
RFP_6944,440V 4C 4 sqmm Cu XLPE armoured cable as per IS 9968,440V 4 sqmm Cu armoured cable,440V armoured cable,armoured cable
RFP_6945,LSZH 110kV 1C 630 sqmm Al XLPE armoured cable as per IEC 60840,LSZH 110kV 1C cable as per IEC 60840,LSZH 110kV cable,110kV cable
RFP_6946,3.3kV 1C 400 sqmm Al EPR armoured cable as per IEC 60502-1,3.3kV 400 sqmm Al armoured cable,400 sqmm armoured cable,armoured cable
RFP_6947,FR 440V 3C 25 sqmm Al PVC armoured cable as per IEC 60502-1,3C PVC armoured cable as per IEC 60502-1,3C cable as per IEC 60502-1,3C cable
RFP_6948,FR 1.1kV 3C 1.5 sqmm Cu PVC armoured cable as per IEC 60502-1,FR 1.5 sqmm PVC armoured cable,1.5 sqmm armoured cable,1.5 sqmm cable
RFP_6949,Fire Survival 1.1kV 1C 70 sqmm Cu Mineral (MI) armoured cable as per BS 6387,Fire Survival 1.1kV 1C 70 sqmm Mineral (MI) cable,1.1kV 1C Mineral (MI) cable,1.1kV Mineral (MI) cable
RFP_6950,FRLS 500V 24C 1 sqmm Cu PVC armoured cable as per IEC 60502-1,FRLS 24C 1 sqmm Cu cable,FRLS Cu cable,Cu cable
RFP_6951,FR 440V 1C 1 sqmm Cu XLPE armoured cable as per IEC 60245,440V 1 sqmm XLPE cable as per IEC 60245,1 sqmm cable as per IEC 60245,1 sqmm cable
RFP_6952,FR 22kV 3C 70 sqmm Al XLPE armoured cable as per IS 7098-2,FR 22kV Al cable as per IS 7098-2,FR Al cable,Al cable
RFP_6953,LSZH 600V 3C 25 sqmm Cu XLPE armoured cable as per IS 694,LSZH 600V 3C armoured cable,600V 3C cable,3C cable
RFP_6954,FR 500V 7C 4 sqmm Cu PVC armoured cable as per IS 1554,Cu PVC armoured cable as per IS 1554,PVC cable as per IS 1554,PVC cable
RFP_6955,FR 66kV 1C 400 sqmm Al XLPE armoured cable as per IS 7098-3,FR 66kV 400 sqmm armoured cable,66kV armoured cable,66kV cable
RFP_6956,FR 1.1kV 16C 0.5 sqmm Cu PVC armoured cable as per IS 1554,FR 1.1kV 16C armoured cable,1.1kV 16C cable,1.1kV cable
RFP_6957,Fire Survival 1.1kV 4C 4 sqmm Cu Mineral (MI) armoured cable as per IEC 60331,1.1kV Cu Mineral (MI) armoured cable as per IEC 60331,1.1kV Mineral (MI) cable as per IEC 60331,1.1kV Mineral (MI) cable
RFP_6958,1.1kV 4C 4 sqmm Cu XLPE armoured cable as per IS 9968,1.1kV 4 sqmm Cu armoured cable,4 sqmm Cu cable,Cu cable
RFP_6959,FRLS 500V 10C 1 sqmm Cu PVC armoured cable as per BS 5308-1,FRLS 500V 10C PVC cable,FRLS 500V cable,FRLS cable
RFP_6960,300V 8C 2.5 sqmm Cu XLPE armoured cable as per IEC 60502-1,300V 8C XLPE armoured cable,300V armoured cable,300V cable
RFP_6961,Fire Survival 440V 4C 35 sqmm Cu Mineral (MI) armoured cable as per BS 6387,Fire Survival 440V Mineral (MI) armoured cable as per BS 6387,Fire Survival Mineral (MI) cable as per BS 6387,Fire Survival Mineral (MI) cable
RFP_6962,FRLS 440V 24C 2.5 sqmm Cu PVC armoured cable as per IS 1554,FRLS 440V 2.5 sqmm Cu cable,FRLS 2.5 sqmm cable,2.5 sqmm cable
RFP_6963,1.1kV 1C 4 sqmm Cu PVC armoured cable as per IS 9968,1.1kV 4 sqmm PVC cable as per IS 9968,4 sqmm PVC cable,4 sqmm cable
RFP_6964,LSZH 1.1kV 1C 10 sqmm Cu PVC armoured cable as per IEC 60502-1,1C PVC armoured cable as per IEC 60502-1,PVC armoured cable,armoured cable
RFP_6965,FRLS 500V 12C 1.5 sqmm Cu XLPE armoured cable as per IEC 60502-1,FRLS 500V Cu armoured cable,FRLS armoured cable,FRLS cable
RFP_6966,440V 10C 4 sqmm Cu XLPE armoured cable as per IS 1554,10C XLPE armoured cable as per IS 1554,XLPE cable as per IS 1554,XLPE cable
RFP_6967,LSZH 300V 16C 2.5 sqmm Cu XLPE armoured cable as per IEC 60502-1,LSZH 16C XLPE cable as per IEC 60502-1,LSZH XLPE cable,XLPE cable
RFP_6968,LSZH 440V 5C 1 sqmm Cu XLPE armoured cable as per IS 1554,LSZH Cu armoured cable as per IS 1554,LSZH Cu cable,LSZH cable
RFP_6969,ZH 110kV 1C 630 sqmm Cu XLPE armoured cable as per IEC 60840,1C 630 sqmm Cu XLPE cable,630 sqmm XLPE cable,630 sqmm cable
RFP_6970,440V 24C 1.5 sqmm Cu XLPE armoured cable as per IS 694,24C 1.5 sqmm XLPE armoured cable,24C armoured cable,24C cable
RFP_6971,FR 1.1kV 2C 500 sqmm Al PVC armoured cable as per IS 1554,FR 500 sqmm PVC cable as per IS 1554,500 sqmm cable as per IS 1554,cable as per IS 1554
RFP_6972,FRLS 1.1kV 5C 1 sqmm Cu PVC armoured cable as per IS 9968,1.1kV Cu PVC armoured cable,1.1kV armoured cable,1.1kV cable
RFP_6973,FRLS 500V 10C 0.75 sqmm Cu XLPE armoured cable as per BS 5308-1,500V 10C 0.75 sqmm cable as per BS 5308-1,500V cable as per BS 5308-1,500V cable
RFP_6974,FR 440V 2C 1.5 sqmm Cu XLPE armoured cable as per IS 694,FR 1.5 sqmm Cu XLPE cable,FR Cu cable,Cu cable
RFP_6975,600V 1C 240 sqmm Al XLPE armoured cable as per IS 694,600V 240 sqmm Al cable as per IS 694,600V cable as per IS 694,600V cable
RFP_6976,FRLS 110kV 1C 630 sqmm Al XLPE armoured cable as per IEC 60840,FRLS 630 sqmm Al cable as per IEC 60840,630 sqmm cable as per IEC 60840,cable as per IEC 60840
RFP_6977,FR 440V 30C 1 sqmm Cu XLPE armoured cable as per IS 1554,FR 1 sqmm armoured cable as per IS 1554,FR armoured cable,FR cable
RFP_6978,FR 300V 1C 2.5 sqmm Cu XLPE armoured cable as per IEC 60502-1,FR 1C 2.5 sqmm XLPE cable,1C 2.5 sqmm cable,2.5 sqmm cable
RFP_6979,LSZH 500V 27C 4 sqmm Cu PVC armoured cable as per IS 1554,500V 4 sqmm Cu cable as per IS 1554,500V 4 sqmm cable,4 sqmm cable
RFP_6980,FR 1.1kV 24C 0.75 sqmm Cu XLPE armoured cable as per IS 1554,1.1kV 24C XLPE cable as per IS 1554,24C cable as per IS 1554,cable as per IS 1554
RFP_6981,LSZH 3.3kV 1C 120 sqmm Cu XLPE armoured cable as per IEC 60502-1,3.3kV 1C XLPE cable as per IEC 60502-1,3.3kV 1C cable,3.3kV cable
RFP_6982,FRLS 3.3kV 3C 185 sqmm Cu EPR armoured cable as per IS 7098-1,Cu EPR armoured cable as per IS 7098-1,EPR cable as per IS 7098-1,EPR cable
RFP_6983,LSZH 1.1kV 2C 1.5 sqmm Cu PVC armoured cable as per IEC 60502-1,LSZH 1.1kV 1.5 sqmm armoured cable,1.5 sqmm armoured cable,armoured cable
RFP_6984,11kV 1C 150 sqmm Al XLPE armoured cable as per IEC 60502-1,11kV 150 sqmm XLPE armoured cable,150 sqmm XLPE cable,XLPE cable
RFP_6985,FR 300V 16C 0.75 sqmm Cu PVC armoured cable as per IEC 60502-1,FR 16C armoured cable as per IEC 60502-1,FR armoured cable,FR cable
RFP_6986,6.6kV 3C 95 sqmm Cu XLPE armoured cable as per IEC 60502-1,6.6kV Cu XLPE armoured cable,Cu XLPE cable,Cu cable
RFP_6987,FR 1.1kV 7C 2.5 sqmm Cu XLPE armoured cable as per IEC 60502-1,7C 2.5 sqmm armoured cable as per IEC 60502-1,2.5 sqmm armoured cable,armoured cable
RFP_6988,ZH 500V 3C 1.5 sqmm Cu PVC armoured cable as per IEC 60245,ZH Cu PVC cable as per IEC 60245,Cu PVC cable,PVC cable
RFP_6989,ZH 33kV 1C 50 sqmm Cu XLPE armoured cable as per IEC 60502-2,ZH 33kV 1C Cu cable,1C Cu cable,Cu cable
RFP_6990,1.1kV 5C 1 sqmm Cu XLPE armoured cable as per BS 5308,1.1kV 5C XLPE armoured cable,1.1kV 5C cable,5C cable
RFP_6991,FR 1.1kV 30C 4 sqmm Cu XLPE armoured cable as per IEC 60502-1,30C 4 sqmm XLPE cable as per IEC 60502-1,XLPE cable as per IEC 60502-1,XLPE cable
RFP_6992,FRLS 500V 27C 2.5 sqmm Cu PVC armoured cable as per IS 1554,FRLS 500V 27C armoured cable,500V 27C cable,27C cable
RFP_6993,LSZH 300V 12C 2.5 sqmm Cu XLPE armoured cable as per BS 5308-1,LSZH 300V Cu armoured cable,Cu armoured cable,armoured cable
RFP_6994,300V 4C 1.5 sqmm Cu XLPE armoured cable as per BS 5308-1,4C Cu XLPE armoured cable,XLPE armoured cable,XLPE cable
RFP_6995,Fire Survival 440V 3C 70 sqmm Cu Mineral (MI) armoured cable as per IEC 60331,Fire Survival Cu Mineral (MI) armoured cable as per IEC 60331,Cu Mineral (MI) cable as per IEC 60331,Cu Mineral (MI) cable
RFP_6996,LSZH 220kV 1C 630 sqmm Cu XLPE armoured cable as per IEC 62067,LSZH 220kV XLPE armoured cable,220kV XLPE cable,220kV cable
RFP_6997,LSZH 500V 3C 120 sqmm Cu PVC armoured cable as per IEC 60502-1,500V 3C PVC cable as per IEC 60502-1,500V PVC cable,PVC cable
RFP_6998,LSZH 300V 24C 1 sqmm Cu XLPE armoured cable as per IEC 60502-1,300V 24C 1 sqmm cable as per IEC 60502-1,300V 1 sqmm cable,300V cable
RFP_6999,FR 500V 4C 35 sqmm Cu PVC armoured cable as per IEC 60245,500V Cu armoured cable as per IEC 60245,500V Cu cable,500V cable
RFP_7000,LSZH 1.1kV 16C 1 sqmm Cu XLPE armoured cable as per IEC 60502-1,LSZH 1.1kV armoured cable as per IEC 60502-1,1.1kV cable as per IEC 60502-1,cable as per IEC 60502-1
