rfp_id,sku_id,category,final_score,structured_score,semantic_score,standards_score
RFP_0001,SKU_269,partially matching,0.7098403175671895,0.6666666666666666,0.588356614112854,1.0
RFP_0002,SKU_277,partially matching,0.5930261115233104,0.8333333333333334,0.5878648161888123,0.0
RFP_0003,SKU_270,matching,0.7668242375055949,0.8333333333333334,0.5005252361297607,1.0
RFP_0004,SKU_125,matching,0.7467240989208221,0.7,0.6557469964027405,1.0
RFP_0005,SKU_206,partially matching,0.6997900982697804,0.6666666666666666,0.5548558831214905,1.0
RFP_0006,SKU_111,partially matching,0.7130126682194797,0.8181818181818182,0.34640586376190186,1.0
RFP_0007,SKU_246,partially matching,0.655409946044286,0.9166666666666666,0.6569220423698425,0.0
RFP_0008,SKU_257,matching,0.7321325421333313,0.7,0.607108473777771,1.0
RFP_0009,SKU_163,matching,0.74303297996521,0.8,0.4767765998840332,1.0
RFP_0010,SKU_233,matching,0.7924606204032898,0.8,0.6415354013442993,1.0
RFP_0011,SKU_265,partially matching,0.562261289358139,0.8,0.5408709645271301,0.0
RFP_0012,SKU_291,matching,0.7932322561740874,0.8,0.6441075205802917,1.0
RFP_0013,SKU_188,partially matching,0.7143089830875398,0.75,0.4643632769584656,1.0
RFP_0014,SKU_278,partially matching,0.6602936267852784,0.5,0.7009787559509277,1.0
RFP_0015,SKU_114,matching,0.8000034689903259,0.9,0.5000115633010864,1.0
RFP_0016,SKU_202,partially matching,0.5111442630107587,0.6153846153846154,0.6781731843948364,0.0
RFP_0017,SKU_217,partially matching,0.6574297587076823,0.5833333333333334,0.5525436401367188,1.0
RFP_0018,SKU_248,matching,0.751534354686737,0.7,0.6717811822891235,1.0
RFP_0019,SKU_107,partially matching,0.5483014751564372,0.2727272727272727,0.7064594626426697,1.0
RFP_0020,SKU_205,matching,0.7999017384919254,0.8181818181818182,0.6360360980033875,1.0
RFP_0021,SKU_220,matching,0.8355334726246921,0.8181818181818182,0.7548085451126099,1.0
RFP_0022,SKU_152,partially matching,0.6467366125848558,0.8888888888888888,0.6743072271347046,0.0
RFP_0023,SKU_152,partially matching,0.6073084672292073,0.4166666666666667,0.6632504463195801,1.0
RFP_0024,SKU_105,partially matching,0.5571504950523376,0.75,0.6071683168411255,0.0
RFP_0025,SKU_188,partially matching,0.6587023754914602,0.9166666666666666,0.6678968071937561,0.0
RFP_0026,SKU_265,matching,0.817564110322432,0.9090909090909091,0.5433955192565918,1.0
RFP_0027,SKU_176,partially matching,0.5836867581714283,0.7272727272727273,0.7335013151168823,0.0
RFP_0028,SKU_210,partially matching,0.6245224714279174,0.5,0.5817415714263916,1.0
RFP_0029,SKU_286,matching,0.7557767998088489,0.7272727272727273,0.6404681205749512,1.0
RFP_0030,SKU_166,matching,0.732357735525478,0.7272727272727273,0.5624045729637146,1.0
RFP_0031,SKU_152,matching,0.8157403436574069,0.8181818181818182,0.6888314485549927,1.0
RFP_0032,SKU_146,partially matching,0.5472336292266845,0.7,0.6574454307556152,0.0
RFP_0033,SKU_299,partially matching,0.688431300719579,0.6666666666666666,0.5169932246208191,1.0
RFP_0034,SKU_219,partially matching,0.5889651646980872,0.7692307692307693,0.6811659336090088,0.0
RFP_0035,SKU_176,matching,0.7681082895168891,0.7692307692307693,0.6116430163383484,1.0
RFP_0036,SKU_272,partially matching,0.557681597362865,0.7272727272727273,0.6468174457550049,0.0
RFP_0037,SKU_230,matching,0.7289742310841878,0.6666666666666666,0.6521363258361816,1.0
RFP_0038,SKU_152,matching,0.8201794366041819,0.8333333333333334,0.6783758997917175,1.0
RFP_0039,SKU_176,partially matching,0.6861778855323792,0.6,0.6205929517745972,1.0
RFP_0040,SKU_185,partially matching,0.649167788028717,0.5,0.6638926267623901,1.0
RFP_0041,SKU_250,partially matching,0.7006889251562265,0.6923076923076923,0.5151169300079346,1.0
RFP_0042,SKU_193,partially matching,0.6261569597504355,0.5454545454545454,0.5114322900772095,1.0
RFP_0043,SKU_230,partially matching,0.6849410878287421,0.5555555555555556,0.6905443668365479,1.0
RFP_0044,SKU_272,matching,0.8448145671324296,0.9090909090909091,0.634230375289917,1.0
RFP_0045,SKU_254,partially matching,0.6601620376110078,0.5,0.7005401253700256,1.0
RFP_0046,SKU_276,matching,0.7713848352432251,0.75,0.654616117477417,1.0
RFP_0047,SKU_249,partially matching,0.6689921953461386,0.5454545454545454,0.6542164087295532,1.0
RFP_0048,SKU_233,partially matching,0.6937118887901306,0.6,0.645706295967102,1.0
RFP_0049,SKU_281,partially matching,0.6245877065441825,0.5454545454545454,0.506201446056366,1.0
RFP_0050,SKU_248,partially matching,0.6950238148371379,0.5833333333333334,0.6778571605682373,1.0
RFP_0051,SKU_294,partially matching,0.6169483501177568,0.46153846153846156,0.6205970644950867,1.0
RFP_0052,SKU_152,partially matching,0.5332760830720266,0.6666666666666666,0.6664758324623108,0.0
RFP_0053,SKU_272,matching,0.7264075994491577,0.7,0.5880253314971924,1.0
RFP_0054,SKU_154,partially matching,0.6867685079574586,0.6,0.6225616931915283,1.0
RFP_0055,SKU_160,partially matching,0.5323123653729757,0.6666666666666666,0.6632634401321411,0.0
RFP_0056,SKU_276,partially matching,0.6410962522029877,0.5,0.6369875073432922,1.0
RFP_0057,SKU_252,partially matching,0.6815918127695719,0.5833333333333334,0.6330838203430176,1.0
RFP_0058,SKU_272,matching,0.7246992111206054,0.7,0.5823307037353516,1.0
RFP_0059,SKU_280,matching,0.7414551626552235,0.7272727272727273,0.5927293300628662,1.0
RFP_0060,SKU_234,partially matching,0.5789052300983005,0.7777777777777778,0.6333878040313721,0.0
RFP_0061,SKU_297,partially matching,0.5432389974594116,0.7,0.6441299915313721,0.0
RFP_0062,SKU_151,partially matching,0.6452972811001998,0.5384615384615384,0.5868883728981018,1.0
RFP_0063,SKU_290,partially matching,0.7021102959459478,0.6363636363636364,0.6130949258804321,1.0
RFP_0064,SKU_270,partially matching,0.540788327730619,0.7692307692307693,0.5205764770507812,0.0
RFP_0065,SKU_219,matching,0.7349746731611397,0.6923076923076923,0.629402756690979,1.0
RFP_0066,SKU_107,partially matching,0.5519580086072285,0.6666666666666666,0.7287489175796509,0.0
RFP_0067,SKU_225,matching,0.7286221985633556,0.6153846153846154,0.7364329695701599,1.0
RFP_0068,SKU_257,partially matching,0.6031973797541399,0.46153846153846156,0.5747604966163635,1.0
RFP_0069,SKU_138,matching,0.7925725877285004,0.75,0.7252419590950012,1.0
RFP_0070,SKU_107,partially matching,0.5702033162117004,0.7,0.7340110540390015,0.0
RFP_0071,SKU_147,partially matching,0.5697161436080933,0.75,0.6490538120269775,0.0
RFP_0072,SKU_186,matching,0.7667064905166625,0.75,0.639021635055542,1.0
RFP_0073,SKU_282,matching,0.793123178757154,0.7692307692307693,0.6950259804725647,1.0
RFP_0074,SKU_111,partially matching,0.7110233813524247,0.8,0.3700779378414154,1.0
RFP_0075,SKU_257,partially matching,0.6975436741655523,0.6363636363636364,0.5978728532791138,1.0
RFP_0076,SKU_189,matching,0.720043780406316,0.6666666666666666,0.6223681569099426,1.0
RFP_0077,SKU_246,partially matching,0.5155776878197987,0.6666666666666666,0.6074811816215515,0.0
RFP_0078,SKU_273,matching,0.7553661823272706,0.75,0.6012206077575684,1.0
RFP_0079,SKU_183,partially matching,0.615365211168925,0.8333333333333334,0.6623284816741943,0.0
RFP_0080,SKU_278,partially matching,0.7076309084892274,0.6,0.6921030282974243,1.0
RFP_0081,SKU_188,partially matching,0.6894800265630086,0.6666666666666666,0.520488977432251,1.0
RFP_0082,SKU_265,matching,0.7505350997814766,0.7692307692307693,0.5530657172203064,1.0
RFP_0083,SKU_263,partially matching,0.5460506578286488,0.6666666666666666,0.7090577483177185,0.0
RFP_0084,SKU_246,partially matching,0.5531462680209767,0.7272727272727273,0.6316996812820435,0.0
RFP_0085,SKU_259,matching,0.7919210235277812,0.8333333333333334,0.5841811895370483,1.0
RFP_0086,SKU_253,partially matching,0.44547807986919696,0.5384615384615384,0.5874910354614258,0.0
RFP_0087,SKU_228,matching,0.7545454978942872,0.75,0.598484992980957,1.0
RFP_0088,SKU_146,partially matching,0.5288122838193721,0.36363636363636365,0.4899803400039673,1.0
RFP_0089,SKU_259,partially matching,0.5996860173615542,0.8181818181818182,0.6353170275688171,0.0
RFP_0090,SKU_146,partially matching,0.5172634661197661,0.7,0.5575448870658875,0.0
RFP_0091,SKU_111,partially matching,0.7071362069019904,0.7692307692307693,0.4084027409553528,1.0
RFP_0092,SKU_277,matching,0.7605629146099091,0.8,0.5352097153663635,1.0
RFP_0093,SKU_291,partially matching,0.557157529484142,0.7272727272727273,0.6450705528259277,0.0
RFP_0094,SKU_176,partially matching,0.581509124315702,0.7692307692307693,0.6563124656677246,0.0
RFP_0095,SKU_233,matching,0.7611927877772937,0.7272727272727273,0.6585214138031006,1.0
RFP_0096,SKU_131,partially matching,0.6349170863628388,0.5,0.6163902878761292,1.0
RFP_0097,SKU_183,partially matching,0.4228859088637612,0.45454545454545453,0.6520439386367798,0.0
RFP_0098,SKU_190,matching,0.8361465897825029,0.8888888888888888,0.6390071511268616,1.0
RFP_0099,SKU_238,matching,0.8126361072063446,0.8,0.7087870240211487,1.0
RFP_0100,SKU_141,partially matching,0.7148802240689596,0.6666666666666666,0.6051563024520874,1.0
RFP_0101,SKU_252,matching,0.7317153958173899,0.6923076923076923,0.618538498878479,1.0
RFP_0102,SKU_284,partially matching,0.599241417646408,0.5,0.4974713921546936,1.0
RFP_0103,SKU_248,partially matching,0.6995146159942334,0.6153846153846154,0.6394076943397522,1.0
RFP_0104,SKU_193,partially matching,0.7058033704757689,0.7,0.5193445682525635,1.0
RFP_0105,SKU_257,partially matching,0.6816099052245801,0.6153846153846154,0.5797253251075745,1.0
RFP_0106,SKU_176,matching,0.7413722032850438,0.6363636363636364,0.7439679503440857,1.0
RFP_0107,SKU_293,partially matching,0.6055534958839417,0.5,0.5185116529464722,1.0
RFP_0108,SKU_165,partially matching,0.5720338463783264,0.8,0.5734461545944214,0.0
RFP_0109,SKU_272,partially matching,0.5534300327301025,0.7,0.6781001091003418,0.0
RFP_0110,SKU_190,partially matching,0.5378131031990051,0.7,0.6260436773300171,0.0
RFP_0111,SKU_293,partially matching,0.6677505373954773,0.6,0.5591684579849243,1.0
RFP_0112,SKU_250,partially matching,0.6345662035725332,0.5454545454545454,0.5394631028175354,1.0
RFP_0113,SKU_201,partially matching,0.6418842890045859,0.5454545454545454,0.5638567209243774,1.0
RFP_0114,SKU_186,matching,0.8033652404944103,0.8333333333333334,0.6223285794258118,1.0
RFP_0115,SKU_206,partially matching,0.6820429379289801,0.6363636363636364,0.5462037324905396,1.0
RFP_0116,SKU_176,partially matching,0.5107553601264954,0.6,0.7025178670883179,0.0
RFP_0117,SKU_266,partially matching,0.6676047856157477,0.6363636363636364,0.49807655811309814,1.0
RFP_0118,SKU_212,partially matching,0.7061854124069213,0.6,0.6872847080230713,1.0
RFP_0119,SKU_102,matching,0.7248423034494573,0.6363636363636364,0.6888682842254639,1.0
RFP_0120,SKU_185,partially matching,0.5464139055122028,0.7272727272727273,0.6092584729194641,0.0
RFP_0121,SKU_252,partially matching,0.6116190791130065,0.5,0.538730263710022,1.0
RFP_0122,SKU_130,partially matching,0.6747441210530021,0.5454545454545454,0.6733894944190979,1.0
RFP_0123,SKU_176,matching,0.747170020233501,0.7272727272727273,0.6117788553237915,1.0
RFP_0124,SKU_123,partially matching,0.6950416415929794,0.7,0.48347213864326477,1.0
RFP_0125,SKU_193,partially matching,0.6350849555598366,0.5555555555555556,0.524357259273529,1.0
RFP_0126,SKU_277,matching,0.7559330761432648,0.75,0.6031102538108826,1.0
RFP_0127,SKU_277,partially matching,0.5750470360120137,0.4166666666666667,0.5557123422622681,1.0
RFP_0128,SKU_204,partially matching,0.5398189572187571,0.6923076923076923,0.6455503702163696,0.0
RFP_0129,SKU_258,partially matching,0.6660669545332591,0.5833333333333334,0.5813342928886414,1.0
RFP_0130,SKU_286,partially matching,0.5629258345473896,0.7272727272727273,0.6642982363700867,0.0
RFP_0131,SKU_137,partially matching,0.48343254327774043,0.5,0.7781084775924683,0.0
RFP_0132,SKU_257,partially matching,0.7149393041928609,0.6666666666666666,0.6053532361984253,1.0
RFP_0133,SKU_280,partially matching,0.5591885447502136,0.75,0.6139618158340454,0.0
RFP_0134,SKU_169,matching,0.7496865312258403,0.8333333333333334,0.4433995485305786,1.0
RFP_0135,SKU_230,partially matching,0.5495473980903626,0.75,0.5818246603012085,0.0
RFP_0136,SKU_201,matching,0.795958266655604,0.8333333333333334,0.5976386666297913,1.0
RFP_0137,SKU_185,partially matching,0.4998341739177704,0.6,0.6661139130592346,0.0
RFP_0138,SKU_190,partially matching,0.5481128394603729,0.7,0.6603761315345764,0.0
RFP_0139,SKU_252,matching,0.7537077080119741,0.7272727272727273,0.6335711479187012,1.0
RFP_0140,SKU_188,partially matching,0.6680519366806204,0.6363636363636364,0.49956706166267395,1.0
RFP_0141,SKU_162,partially matching,0.6437212208906811,0.5833333333333334,0.5068485140800476,1.0
RFP_0142,SKU_108,matching,0.7815513339909641,0.8181818181818182,0.5748680830001831,1.0
RFP_0143,SKU_111,partially matching,0.5474123020966848,0.9166666666666666,0.29692989587783813,0.0
RFP_0144,SKU_257,partially matching,0.6079455971717835,0.5,0.5264853239059448,1.0
RFP_0145,SKU_135,matching,0.7243824509473946,0.6923076923076923,0.5940953493118286,1.0
RFP_0146,SKU_188,matching,0.8173336549238726,0.9090909090909091,0.5426273345947266,1.0
RFP_0147,SKU_132,partially matching,0.6314320186773936,0.5833333333333334,0.4658845067024231,1.0
RFP_0148,SKU_284,matching,0.7679347336292266,0.8,0.5597824454307556,1.0
RFP_0149,SKU_220,matching,0.7528454264005024,0.6666666666666666,0.731706976890564,1.0
RFP_0150,SKU_293,matching,0.7633835547500187,0.7777777777777778,0.5816488862037659,1.0
RFP_0151,SKU_176,matching,0.7408822921606211,0.6923076923076923,0.649094820022583,1.0
RFP_0152,SKU_102,partially matching,0.6482419687968035,0.46153846153846156,0.7249091267585754,1.0
RFP_0153,SKU_212,partially matching,0.6549435138702393,0.5,0.6831450462341309,1.0
RFP_0154,SKU_152,partially matching,0.7033324042956035,0.5833333333333334,0.7055524587631226,1.0
RFP_0155,SKU_225,partially matching,0.5845226775516164,0.7272727272727273,0.7362877130508423,0.0
RFP_0156,SKU_188,partially matching,0.6085829940709201,0.8181818181818182,0.6649736166000366,0.0
RFP_0157,SKU_264,partially matching,0.6165553904496707,0.9230769230769231,0.516723096370697,0.0
RFP_0158,SKU_265,partially matching,0.5323157099577096,0.6923076923076923,0.6205395460128784,0.0
RFP_0159,SKU_165,matching,0.7529577553272246,0.75,0.5931925177574158,1.0
RFP_0160,SKU_274,partially matching,0.7006520179601816,0.6923076923076923,0.5149939060211182,1.0
RFP_0161,SKU_228,partially matching,0.5540838068181819,0.36363636363636365,0.57421875,1.0
RFP_0162,SKU_176,matching,0.785735011100769,0.75,0.7024500370025635,1.0
RFP_0163,SKU_254,partially matching,0.6854159633318584,0.5833333333333334,0.6458309888839722,1.0
RFP_0164,SKU_185,partially matching,0.5561667929996144,0.7272727272727273,0.6417680978775024,0.0
RFP_0165,SKU_278,matching,0.7603977501392365,0.7,0.7013258337974548,1.0
RFP_0166,SKU_195,partially matching,0.5894894659519195,0.8,0.6316315531730652,0.0
RFP_0167,SKU_288,partially matching,0.5970294585594764,0.7692307692307693,0.7080469131469727,0.0
RFP_0168,SKU_231,matching,0.7433214664459229,0.7,0.6444048881530762,1.0
RFP_0169,SKU_272,matching,0.7942397475242615,0.8,0.6474658250808716,1.0
RFP_0170,SKU_206,partially matching,0.4675556341807048,0.5833333333333334,0.586296558380127,0.0
RFP_0171,SKU_290,matching,0.7416235029697418,0.7,0.6387450098991394,1.0
RFP_0172,SKU_124,matching,0.7677048802375794,0.75,0.6423496007919312,1.0
RFP_0173,SKU_257,matching,0.7602517774471871,0.7692307692307693,0.5854546427726746,1.0
RFP_0174,SKU_241,partially matching,0.5644733369350433,0.75,0.6315777897834778,0.0
RFP_0175,SKU_284,partially matching,0.6318699040196158,0.5454545454545454,0.5304754376411438,1.0
RFP_0176,SKU_106,matching,0.7934694290161133,0.9,0.47823143005371094,1.0
RFP_0177,SKU_102,partially matching,0.5712740491737018,0.7272727272727273,0.6921256184577942,0.0
RFP_0178,SKU_224,partially matching,0.49712278292729306,0.6153846153846154,0.6314349174499512,0.0
RFP_0179,SKU_280,partially matching,0.6933502237002056,0.5833333333333334,0.6722785234451294,1.0
RFP_0180,SKU_252,partially matching,0.5837434313514016,0.45454545454545453,0.521569013595581,1.0
RFP_0181,SKU_137,partially matching,0.45289090492508627,0.45454545454545453,0.75206059217453,0.0
RFP_0182,SKU_259,partially matching,0.5679621826518666,0.7272727272727273,0.6810860633850098,0.0
RFP_0183,SKU_117,partially matching,0.6830060958862305,0.7,0.44335365295410156,1.0
RFP_0184,SKU_259,partially matching,0.6355648756027221,0.9,0.6185495853424072,0.0
RFP_0185,SKU_124,partially matching,0.6129627301142766,0.8461538461538461,0.6329526901245117,0.0
RFP_0186,SKU_185,matching,0.8579557597637177,0.9,0.6931858658790588,1.0
RFP_0187,SKU_252,partially matching,0.6780604665095991,0.6153846153846154,0.5678938627243042,1.0
RFP_0188,SKU_259,partially matching,0.5394857195707468,0.6923076923076923,0.6444395780563354,0.0
RFP_0189,SKU_272,matching,0.8108629266421001,0.8333333333333334,0.6473208665847778,1.0
RFP_0190,SKU_183,partially matching,0.5413669358600269,0.7272727272727273,0.5924352407455444,0.0
RFP_0191,SKU_286,partially matching,0.6173357568003914,0.45454545454545453,0.6335434317588806,1.0
RFP_0192,SKU_141,matching,0.7347582817077636,0.7,0.6158609390258789,1.0
RFP_0193,SKU_109,partially matching,0.7153271158536274,0.6666666666666666,0.606645941734314,1.0
RFP_0194,SKU_277,partially matching,0.6327330708503723,0.9,0.6091102361679077,0.0
RFP_0195,SKU_299,matching,0.7363519668579102,0.75,0.5378398895263672,1.0
RFP_0196,SKU_257,partially matching,0.6659659067789714,0.5833333333333334,0.5809974670410156,1.0
RFP_0197,SKU_188,partially matching,0.5714094010266391,0.8181818181818182,0.5410616397857666,0.0
RFP_0198,SKU_236,partially matching,0.7174633496337466,0.7777777777777778,0.4285815358161926,1.0
RFP_0199,SKU_286,matching,0.7995118618011474,0.8,0.6650395393371582,1.0
RFP_0200,SKU_270,partially matching,0.7078736066818236,0.7,0.5262453556060791,1.0
RFP_0201,SKU_291,matching,0.7684191416610371,0.7272727272727273,0.6826092600822449,1.0
RFP_0202,SKU_248,partially matching,0.5691232562065125,0.8,0.5637441873550415,0.0
RFP_0203,SKU_233,matching,0.8601030290126801,0.9,0.7003434300422668,1.0
RFP_0204,SKU_257,partially matching,0.5983253616553086,0.46153846153846156,0.5585204362869263,1.0
RFP_0205,SKU_257,partially matching,0.48695393800735476,0.6,0.6231797933578491,0.0
RFP_0206,SKU_284,partially matching,0.7171962765546944,0.6923076923076923,0.5701414346694946,1.0
RFP_0207,SKU_258,matching,0.7915252089500426,0.8,0.6384173631668091,1.0
RFP_0208,SKU_277,partially matching,0.6620331267515818,0.5833333333333334,0.5678882002830505,1.0
RFP_0209,SKU_259,matching,0.750883013010025,0.75,0.5862767100334167,1.0
RFP_0210,SKU_176,partially matching,0.6782712558905284,0.5833333333333334,0.6220152974128723,1.0
RFP_0211,SKU_135,matching,0.744596791267395,0.75,0.5653226375579834,1.0
RFP_0212,SKU_294,matching,0.7486543297767638,0.75,0.5788477659225464,1.0
RFP_0213,SKU_211,matching,0.8257636620448185,0.8461538461538461,0.6756224632263184,1.0
RFP_0214,SKU_211,partially matching,0.6856727343339186,0.5384615384615384,0.721473217010498,1.0
RFP_0215,SKU_140,partially matching,0.6553422331809997,0.5,0.6844741106033325,1.0
RFP_0216,SKU_176,partially matching,0.5490193724632263,0.7,0.6633979082107544,0.0
RFP_0217,SKU_125,partially matching,0.5161791920661926,0.7,0.5539306402206421,0.0
RFP_0218,SKU_294,partially matching,0.6961364979093725,0.6363636363636364,0.5931822657585144,1.0
RFP_0219,SKU_297,partially matching,0.5568753253329883,0.7272727272727273,0.6441298723220825,0.0
RFP_0220,SKU_280,partially matching,0.616489906494434,0.8461538461538461,0.6447099447250366,0.0
RFP_0221,SKU_115,matching,0.8388162553310394,0.8,0.7960541844367981,1.0
RFP_0222,SKU_233,partially matching,0.6557896792888641,0.9,0.6859655976295471,0.0
RFP_0223,SKU_272,matching,0.7278285165627798,0.6666666666666666,0.648317277431488,1.0
RFP_0224,SKU_135,matching,0.7960232106122105,0.8181818181818182,0.6231076717376709,1.0
RFP_0225,SKU_233,matching,0.7513643113466408,0.6923076923076923,0.6840348839759827,1.0
RFP_0226,SKU_293,matching,0.7239905536174773,0.7,0.5799685120582581,1.0
RFP_0227,SKU_206,matching,0.7673640310764314,0.8,0.5578801035881042,1.0
RFP_0228,SKU_144,partially matching,0.5852569341659546,0.75,0.7008564472198486,0.0
RFP_0229,SKU_248,partially matching,0.7016710579395293,0.6,0.6722368597984314,1.0
RFP_0230,SKU_233,matching,0.7552417576313017,0.7,0.6841391921043396,1.0
RFP_0231,SKU_300,partially matching,0.6091291467348735,0.8333333333333334,0.641541600227356,0.0
RFP_0232,SKU_137,partially matching,0.7076362008398229,0.6363636363636364,0.6315146088600159,1.0
RFP_0233,SKU_277,partially matching,0.623649001121521,0.5,0.5788300037384033,1.0
RFP_0234,SKU_206,partially matching,0.4537259141604106,0.5833333333333334,0.540197491645813,0.0
RFP_0235,SKU_219,partially matching,0.6233716666698456,0.8,0.7445722222328186,0.0
RFP_0236,SKU_280,matching,0.7937233249346416,0.8333333333333334,0.5901888608932495,1.0
RFP_0237,SKU_192,partially matching,0.5927908003330231,0.8,0.6426360011100769,0.0
RFP_0238,SKU_253,partially matching,0.5708862841129303,0.75,0.6529542803764343,0.0
RFP_0239,SKU_173,partially matching,0.5483869162889627,0.6923076923076923,0.6741102337837219,0.0
RFP_0240,SKU_173,partially matching,0.6021968438075139,0.8461538461538461,0.5970664024353027,0.0
RFP_0241,SKU_218,partially matching,0.609358398272441,0.5384615384615384,0.4670920968055725,1.0
RFP_0242,SKU_187,partially matching,0.6009043915705248,0.9090909090909091,0.48786312341690063,0.0
RFP_0243,SKU_217,partially matching,0.6378771220262234,0.6153846153846154,0.43394938111305237,1.0
RFP_0244,SKU_240,matching,0.7854929914841284,0.7692307692307693,0.669592022895813,1.0
RFP_0245,SKU_125,matching,0.7415682673454285,0.7,0.6385608911514282,1.0
RFP_0246,SKU_165,partially matching,0.715110215315452,0.6923076923076923,0.5631878972053528,1.0
RFP_0247,SKU_113,partially matching,0.44522870366389933,0.46153846153846156,0.7148649096488953,0.0
RFP_0248,SKU_124,matching,0.7439462244510651,0.7,0.6464874148368835,1.0
RFP_0249,SKU_156,matching,0.8018657055768099,0.8181818181818182,0.6425826549530029,1.0
RFP_0250,SKU_268,matching,0.7818672624501315,0.8181818181818182,0.5759211778640747,1.0
RFP_0251,SKU_166,partially matching,0.7128115793069203,0.6666666666666666,0.5982608199119568,1.0
RFP_0252,SKU_249,matching,0.7549477111209522,0.7272727272727273,0.6377044916152954,1.0
RFP_0253,SKU_185,matching,0.7648025810718535,0.7,0.7160086035728455,1.0
RFP_0254,SKU_236,partially matching,0.71057092953812,0.7272727272727273,0.4897818863391876,1.0
RFP_0255,SKU_105,matching,0.7586859881877899,0.75,0.6122866272926331,1.0
RFP_0256,SKU_130,partially matching,0.5470246266235005,0.7272727272727273,0.6112942099571228,0.0
RFP_0257,SKU_259,partially matching,0.5663161288608204,0.7272727272727273,0.675599217414856,0.0
RFP_0258,SKU_158,partially matching,0.7071148698146528,0.6153846153846154,0.6647418737411499,1.0
RFP_0259,SKU_124,partially matching,0.688587764898936,0.5833333333333334,0.656403660774231,1.0
RFP_0260,SKU_252,partially matching,0.6967240651448567,0.6666666666666666,0.5446357727050781,1.0
RFP_0261,SKU_144,matching,0.7880738496780395,0.8,0.6269128322601318,1.0
RFP_0262,SKU_115,matching,0.7655986607074736,0.7,0.7186622023582458,1.0
RFP_0263,SKU_291,matching,0.7870089223751655,0.7692307692307693,0.6746451258659363,1.0
RFP_0264,SKU_163,matching,0.7722942630449932,0.8333333333333334,0.5187586545944214,1.0
RFP_0265,SKU_214,partially matching,0.6042100667953492,0.5,0.5140335559844971,1.0
RFP_0266,SKU_257,partially matching,0.7151280164718627,0.7,0.550426721572876,1.0
RFP_0267,SKU_286,partially matching,0.6466110527515412,0.5,0.6553701758384705,1.0
RFP_0268,SKU_107,partially matching,0.5637262669476596,0.8181818181818182,0.515451192855835,0.0
RFP_0269,SKU_176,matching,0.865041168530782,0.9166666666666666,0.6890261173248291,1.0
RFP_0270,SKU_248,partially matching,0.6490773797035216,0.5,0.6635912656784058,1.0
RFP_0271,SKU_185,partially matching,0.47857249975204463,0.6,0.5952416658401489,0.0
RFP_0272,SKU_280,partially matching,0.6195074993830461,0.46153846153846156,0.629127562046051,1.0
RFP_0273,SKU_176,partially matching,0.5679588496685029,0.75,0.643196165561676,0.0
RFP_0274,SKU_158,partially matching,0.580185722387754,0.7692307692307693,0.651901125907898,0.0
RFP_0275,SKU_152,matching,0.8675728424028917,0.9090909090909091,0.7100912928581238,1.0
RFP_0276,SKU_173,matching,0.7798174321651459,0.75,0.6827247738838196,1.0
RFP_0277,SKU_131,partially matching,0.6013838648796082,0.8,0.6712795495986938,0.0
RFP_0278,SKU_176,matching,0.7461047768592834,0.7,0.6536825895309448,1.0
RFP_0279,SKU_225,partially matching,0.5566791971524556,0.6666666666666666,0.7444862127304077,0.0
RFP_0280,SKU_282,matching,0.7404837330182392,0.6666666666666666,0.69050133228302,1.0
RFP_0281,SKU_199,partially matching,0.6225134074687957,0.5,0.5750446915626526,1.0
RFP_0282,SKU_176,partially matching,0.5142396027391607,0.6363636363636364,0.6535259485244751,0.0
RFP_0283,SKU_210,matching,0.8002736727396647,0.8333333333333334,0.6120233535766602,1.0
RFP_0284,SKU_217,partially matching,0.6024561357039672,0.5384615384615384,0.4440845549106598,1.0
RFP_0285,SKU_230,matching,0.7859473705291748,0.75,0.703157901763916,1.0
RFP_0286,SKU_252,partially matching,0.5065492471059163,0.6666666666666666,0.5773863792419434,0.0
RFP_0287,SKU_125,partially matching,0.6694002787272135,0.5833333333333334,0.5924453735351562,1.0
RFP_0288,SKU_252,partially matching,0.6335774481296539,0.5,0.6119248270988464,1.0
RFP_0289,SKU_274,partially matching,0.7127114534378052,0.7,0.5423715114593506,1.0
RFP_0290,SKU_152,partially matching,0.6237139425494453,0.45454545454545453,0.6548040509223938,1.0
RFP_0291,SKU_238,partially matching,0.5891806905919856,0.36363636363636365,0.6912083625793457,1.0
RFP_0292,SKU_125,partially matching,0.4564725677172343,0.5833333333333334,0.5493530035018921,0.0
RFP_0293,SKU_237,matching,0.7605459809303283,0.8,0.5351532697677612,1.0
RFP_0294,SKU_257,matching,0.7910798993977635,0.8181818181818182,0.6066299676895142,1.0
RFP_0295,SKU_101,matching,0.757231205701828,0.7,0.69077068567276,1.0
RFP_0296,SKU_107,partially matching,0.6101934452851613,0.9166666666666666,0.50620037317276,0.0
RFP_0297,SKU_240,partially matching,0.4514303922653198,0.5,0.6714346408843994,0.0
RFP_0298,SKU_265,partially matching,0.7035439670085906,0.7,0.511813223361969,1.0
RFP_0299,SKU_187,partially matching,0.6196934981779618,0.9090909090909091,0.5504934787750244,0.0
RFP_0300,SKU_230,partially matching,0.6930654048919678,0.6,0.6435513496398926,1.0
RFP_0301,SKU_188,partially matching,0.563293993473053,0.8,0.5443133115768433,0.0
RFP_0302,SKU_183,matching,0.8605317397551102,0.9090909090909091,0.6866209506988525,1.0
RFP_0303,SKU_205,partially matching,0.680849266052246,0.6,0.6028308868408203,1.0
RFP_0304,SKU_101,partially matching,0.7115891520793622,0.6153846153846154,0.6796561479568481,1.0
RFP_0305,SKU_165,partially matching,0.4471814117648385,0.45454545454545453,0.7330289483070374,0.0
RFP_0306,SKU_256,partially matching,0.6964366932710011,0.6666666666666666,0.5436778664588928,1.0
RFP_0307,SKU_153,partially matching,0.5367990752061209,0.4166666666666667,0.42821913957595825,1.0
RFP_0308,SKU_211,partially matching,0.4711824999915229,0.5555555555555556,0.6446824073791504,0.0
RFP_0309,SKU_281,matching,0.7527622759342194,0.75,0.5925409197807312,1.0
RFP_0310,SKU_176,partially matching,0.6781755546728769,0.5833333333333334,0.6216962933540344,1.0
RFP_0311,SKU_139,partially matching,0.6248998204867046,0.8333333333333334,0.6941105127334595,0.0
RFP_0312,SKU_277,partially matching,0.620702862739563,0.5,0.56900954246521,1.0
RFP_0313,SKU_228,matching,0.7459976375102997,0.75,0.5699921250343323,1.0
RFP_0314,SKU_285,matching,0.7868662416934966,0.75,0.706220805644989,1.0
RFP_0315,SKU_191,partially matching,0.5981715982610529,0.36363636363636365,0.7211780548095703,1.0
RFP_0316,SKU_240,partially matching,0.5541471123695373,0.7,0.6804903745651245,0.0
RFP_0317,SKU_201,partially matching,0.6748573581377666,0.5833333333333334,0.6106356382369995,1.0
RFP_0318,SKU_105,matching,0.7483368884433399,0.7272727272727273,0.6156684160232544,1.0
RFP_0319,SKU_115,matching,0.7595002015431722,0.6666666666666666,0.7538895606994629,1.0
RFP_0320,SKU_261,partially matching,0.5467838178981435,0.7272727272727273,0.6104915142059326,0.0
RFP_0321,SKU_144,partially matching,0.5747879376778235,0.7692307692307693,0.6339085102081299,0.0
RFP_0322,SKU_190,partially matching,0.5761180634681995,0.38461538461538464,0.6127012372016907,1.0
RFP_0323,SKU_228,partially matching,0.6499777295372702,0.5454545454545454,0.5908348560333252,1.0
RFP_0324,SKU_265,matching,0.7817804137865703,0.8333333333333334,0.5503791570663452,1.0
RFP_0325,SKU_111,matching,0.7691084802150727,0.9,0.39702826738357544,1.0
RFP_0326,SKU_230,matching,0.7902760496506325,0.7692307692307693,0.6855355501174927,1.0
RFP_0327,SKU_192,partially matching,0.6465214133262634,0.9,0.6550713777542114,0.0
RFP_0328,SKU_152,matching,0.7730929732322693,0.75,0.660309910774231,1.0
RFP_0329,SKU_293,matching,0.7256402015686034,0.7,0.5854673385620117,1.0
RFP_0330,SKU_288,partially matching,0.6507896163246849,0.5454545454545454,0.593541145324707,1.0
RFP_0331,SKU_276,partially matching,0.6557746805927971,0.5454545454545454,0.6101580262184143,1.0
RFP_0332,SKU_214,partially matching,0.5800399913237645,0.8461538461538461,0.5232102274894714,0.0
RFP_0333,SKU_125,matching,0.8205675601959228,0.8,0.7352252006530762,1.0
RFP_0334,SKU_176,matching,0.7961659252643585,0.75,0.7372197508811951,1.0
RFP_0335,SKU_294,partially matching,0.6971284324472601,0.6363636363636364,0.5964887142181396,1.0
RFP_0336,SKU_220,matching,0.779295164346695,0.7,0.7643172144889832,1.0
RFP_0337,SKU_282,matching,0.736807640393575,0.6666666666666666,0.6782476902008057,1.0
RFP_0338,SKU_288,partially matching,0.605674570798874,0.5,0.5189152359962463,1.0
RFP_0339,SKU_152,partially matching,0.658069270849228,0.9,0.693564236164093,0.0
RFP_0340,SKU_280,matching,0.7809708943733802,0.7692307692307693,0.6545183658599854,1.0
RFP_0341,SKU_252,partially matching,0.558182293176651,0.4,0.5272743105888367,1.0
RFP_0342,SKU_220,partially matching,0.4774387102860671,0.5384615384615384,0.6940264701843262,0.0
RFP_0343,SKU_236,matching,0.7719323708460881,0.8461538461538461,0.4961848258972168,1.0
RFP_0344,SKU_174,partially matching,0.5412055790424346,0.7,0.637351930141449,0.0
RFP_0345,SKU_241,partially matching,0.5737739196190468,0.7692307692307693,0.630528450012207,0.0
RFP_0346,SKU_299,matching,0.7625238060951234,0.8,0.5417460203170776,1.0
RFP_0347,SKU_131,partially matching,0.6957795858383178,0.6,0.6525986194610596,1.0
RFP_0348,SKU_208,partially matching,0.5802914679050446,0.75,0.6843048930168152,0.0
RFP_0349,SKU_158,partially matching,0.7082517345746357,0.6666666666666666,0.5830613374710083,1.0
RFP_0350,SKU_196,partially matching,0.5667611539363862,0.75,0.6392038464546204,0.0
RFP_0351,SKU_107,partially matching,0.6606353402137757,0.5,0.7021178007125854,1.0
RFP_0352,SKU_259,partially matching,0.5890383265235207,0.45454545454545453,0.5392186641693115,1.0
RFP_0353,SKU_155,matching,0.7490258721204903,0.6923076923076923,0.676240086555481,1.0
RFP_0354,SKU_262,partially matching,0.6603871790262369,0.6923076923076923,0.3807777762413025,1.0
RFP_0355,SKU_211,matching,0.8143701997670261,0.8181818181818182,0.6842643022537231,1.0
RFP_0356,SKU_123,matching,0.7537113276394931,0.8181818181818182,0.4820680618286133,1.0
RFP_0357,SKU_160,partially matching,0.6915031790733337,0.6,0.6383439302444458,1.0
RFP_0358,SKU_206,partially matching,0.7103286325931548,0.7,0.5344287753105164,1.0
RFP_0359,SKU_222,partially matching,0.6420833031336466,0.8333333333333334,0.7513887882232666,0.0
RFP_0360,SKU_272,matching,0.7729207098484039,0.8,0.5764023661613464,1.0
RFP_0361,SKU_173,partially matching,0.663583767414093,0.5,0.7119458913803101,1.0
RFP_0362,SKU_293,partially matching,0.6537327448527019,0.5833333333333334,0.5402202606201172,1.0
RFP_0363,SKU_144,matching,0.7212178905804951,0.6666666666666666,0.6262818574905396,1.0
RFP_0364,SKU_150,partially matching,0.6122042081572793,0.45454545454545453,0.6164382696151733,1.0
RFP_0365,SKU_109,partially matching,0.6449554546312852,0.9090909090909091,0.6347000002861023,0.0
RFP_0366,SKU_211,matching,0.817446372906367,0.8333333333333334,0.6692656874656677,1.0
RFP_0367,SKU_210,matching,0.7904160811350895,0.8461538461538461,0.5577971935272217,1.0
RFP_0368,SKU_113,partially matching,0.5799913536418568,0.7272727272727273,0.7211833000183105,0.0
RFP_0369,SKU_288,partially matching,0.5349765186960047,0.36363636363636365,0.5105277895927429,1.0
RFP_0370,SKU_125,partially matching,0.7104271650314331,0.6,0.7014238834381104,1.0
RFP_0371,SKU_236,partially matching,0.7196744989265096,0.7272727272727273,0.5201271176338196,1.0
RFP_0372,SKU_236,partially matching,0.6601115385691325,0.5833333333333334,0.5614829063415527,1.0
RFP_0373,SKU_185,partially matching,0.6889906326929729,0.5833333333333334,0.6577465534210205,1.0
RFP_0374,SKU_206,partially matching,0.7016317923863729,0.6666666666666666,0.5609948635101318,1.0
RFP_0375,SKU_196,matching,0.7595191379388173,0.6666666666666666,0.75395268201828,1.0
RFP_0376,SKU_176,matching,0.7942722645672886,0.8181818181818182,0.6172711849212646,1.0
RFP_0377,SKU_238,matching,0.7201299850757306,0.6153846153846154,0.7081255912780762,1.0
RFP_0378,SKU_191,partially matching,0.6192335367202759,0.4,0.7307784557342529,1.0
RFP_0379,SKU_184,partially matching,0.6233974397182465,0.6,0.41132479906082153,1.0
RFP_0380,SKU_185,partially matching,0.564956749569286,0.7272727272727273,0.6710679531097412,0.0
RFP_0381,SKU_253,partially matching,0.572711550272428,0.7692307692307693,0.6269872188568115,0.0
RFP_0382,SKU_206,partially matching,0.6505073527495067,0.5833333333333334,0.5294689536094666,1.0
RFP_0383,SKU_184,matching,0.7230719089508058,0.8,0.41023969650268555,1.0
RFP_0384,SKU_193,partially matching,0.6820033510526021,0.6666666666666666,0.495566725730896,1.0
RFP_0385,SKU_107,partially matching,0.5178520028407757,0.6153846153846154,0.7005323171615601,0.0
RFP_0386,SKU_228,matching,0.7738854995140663,0.7692307692307693,0.6309003829956055,1.0
RFP_0387,SKU_189,partially matching,0.5775753180185954,0.8333333333333334,0.5363621711730957,0.0
RFP_0388,SKU_193,partially matching,0.6975616037845611,0.7,0.49187201261520386,1.0
RFP_0389,SKU_162,partially matching,0.7027842044830321,0.7,0.5092806816101074,1.0
RFP_0390,SKU_176,partially matching,0.543897533416748,0.7,0.6463251113891602,0.0
RFP_0391,SKU_291,partially matching,0.6626498623327776,0.9090909090909091,0.6936813592910767,0.0
RFP_0392,SKU_183,partially matching,0.6019815504550934,0.8,0.6732718348503113,0.0
RFP_0393,SKU_251,partially matching,0.6004732370376586,0.8,0.6682441234588623,0.0
RFP_0394,SKU_257,partially matching,0.5764879575142494,0.7692307692307693,0.6395752429962158,0.0
RFP_0395,SKU_205,matching,0.7999017384919254,0.8181818181818182,0.6360360980033875,1.0
RFP_0396,SKU_210,partially matching,0.5809049844741822,0.8,0.6030166149139404,0.0
RFP_0397,SKU_249,partially matching,0.6611261524937369,0.5454545454545454,0.6279962658882141,1.0
RFP_0398,SKU_115,partially matching,0.6929236279593574,0.5555555555555556,0.7171528339385986,1.0
RFP_0399,SKU_246,partially matching,0.5830818944507175,0.7777777777777778,0.6473100185394287,0.0
RFP_0400,SKU_111,partially matching,0.7080470949411393,0.8,0.36015698313713074,1.0
RFP_0401,SKU_250,partially matching,0.5316655646670948,0.7272727272727273,0.560097336769104,0.0
RFP_0402,SKU_286,partially matching,0.7018595094030553,0.6363636363636364,0.6122589707374573,1.0
RFP_0403,SKU_132,matching,0.7575129655274477,0.8181818181818182,0.49474018812179565,1.0
RFP_0404,SKU_144,matching,0.7973357141017914,0.8,0.6577857136726379,1.0
RFP_0405,SKU_210,matching,0.7242074961012059,0.6363636363636364,0.6867522597312927,1.0
RFP_0406,SKU_278,partially matching,0.5949398046190089,0.36363636363636365,0.7104054093360901,1.0
RFP_0407,SKU_247,partially matching,0.7190165991132909,0.6363636363636364,0.6694492697715759,1.0
RFP_0408,SKU_274,partially matching,0.6501504719257354,0.6,0.5005015730857849,1.0
RFP_0409,SKU_281,partially matching,0.6612353126207988,0.5833333333333334,0.5652288198471069,1.0
RFP_0410,SKU_290,partially matching,0.6469660838445027,0.9166666666666666,0.6287758350372314,0.0
RFP_0411,SKU_141,matching,0.7666536023983588,0.7692307692307693,0.6067940592765808,1.0
RFP_0412,SKU_276,partially matching,0.6172900557518006,0.5,0.5576335191726685,1.0
RFP_0413,SKU_147,matching,0.7553133498538624,0.7272727272727273,0.6389232873916626,1.0
RFP_0414,SKU_102,partially matching,0.7033941008827902,0.5454545454545454,0.7688894271850586,1.0
RFP_0415,SKU_107,partially matching,0.6878537037155845,0.5454545454545454,0.7170881032943726,1.0
RFP_0416,SKU_107,partially matching,0.536732571775263,0.6363636363636364,0.7285025119781494,0.0
RFP_0417,SKU_228,matching,0.8096495761321141,0.8461538461538461,0.6219088435173035,1.0
RFP_0418,SKU_247,partially matching,0.6726108529350974,0.5454545454545454,0.666278600692749,1.0
RFP_0419,SKU_160,partially matching,0.5086300690968831,0.6666666666666666,0.584322452545166,0.0
RFP_0420,SKU_299,partially matching,0.5938822209835053,0.5,0.47960740327835083,1.0
RFP_0421,SKU_152,partially matching,0.6494609177112579,0.9,0.6648697257041931,0.0
RFP_0422,SKU_272,matching,0.7951150059700012,0.8,0.6503833532333374,1.0
RFP_0423,SKU_172,partially matching,0.6092140390322759,0.8461538461538461,0.6204570531845093,0.0
RFP_0424,SKU_280,partially matching,0.6425892233848571,0.9,0.6419640779495239,0.0
RFP_0425,SKU_291,partially matching,0.7095784420316869,0.6363636363636364,0.6379887461662292,1.0
RFP_0426,SKU_111,partially matching,0.718861573934555,0.8,0.39620524644851685,1.0
RFP_0427,SKU_162,partially matching,0.4866384406884511,0.6666666666666666,0.5110170245170593,0.0
RFP_0428,SKU_280,partially matching,0.7029580885713751,0.6363636363636364,0.615920901298523,1.0
RFP_0429,SKU_217,partially matching,0.6982649188150059,0.7272727272727273,0.44876185059547424,1.0
RFP_0430,SKU_225,partially matching,0.5655247569084167,0.3,0.7184158563613892,1.0
RFP_0431,SKU_109,matching,0.7898175358772277,0.8,0.6327251195907593,1.0
RFP_0432,SKU_205,partially matching,0.5248241563638051,0.6666666666666666,0.638302743434906,0.0
RFP_0433,SKU_259,matching,0.8123469306872442,0.8461538461538461,0.6309000253677368,1.0
RFP_0434,SKU_135,matching,0.8273466567198435,0.8333333333333334,0.7022666335105896,1.0
RFP_0435,SKU_141,matching,0.7233458399772643,0.7,0.5778194665908813,1.0
RFP_0436,SKU_208,partially matching,0.615212905406952,0.8,0.7173763513565063,0.0
RFP_0437,SKU_257,matching,0.7813188672065734,0.8,0.6043962240219116,1.0
RFP_0438,SKU_286,partially matching,0.6508958816528321,0.5,0.6696529388427734,1.0
RFP_0439,SKU_183,matching,0.747194982658733,0.7272727272727273,0.611862063407898,1.0
RFP_0440,SKU_229,partially matching,0.5818494260311127,0.8,0.6061647534370422,0.0
RFP_0441,SKU_257,partially matching,0.664461648464203,0.6,0.5482054948806763,1.0
RFP_0442,SKU_299,partially matching,0.6936483502388,0.7,0.4788278341293335,1.0
RFP_0443,SKU_252,partially matching,0.6683946609497071,0.6,0.5613155364990234,1.0
RFP_0444,SKU_173,partially matching,0.6781016208908774,0.5454545454545454,0.6845811605453491,1.0
RFP_0445,SKU_109,partially matching,0.6842552284399668,0.5833333333333334,0.6419618725776672,1.0
RFP_0446,SKU_240,partially matching,0.5154843275363629,0.6153846153846154,0.6926400661468506,0.0
RFP_0447,SKU_254,matching,0.7991645634174347,0.75,0.747215211391449,1.0
RFP_0448,SKU_252,matching,0.7310574054718018,0.7,0.6035246849060059,1.0
RFP_0449,SKU_139,partially matching,0.6175206151875583,0.8181818181818182,0.6947656869888306,0.0
RFP_0450,SKU_176,partially matching,0.5526723523934682,0.6666666666666666,0.731130063533783,0.0
RFP_0451,SKU_283,matching,0.8029322975211672,0.7777777777777778,0.7134780287742615,1.0
RFP_0452,SKU_176,matching,0.8111518720785778,0.8333333333333334,0.6482840180397034,1.0
RFP_0453,SKU_265,matching,0.7247684180736542,0.75,0.4992280602455139,1.0
RFP_0454,SKU_160,partially matching,0.4791601896286011,0.6,0.5972006320953369,0.0
RFP_0455,SKU_162,partially matching,0.670587437803095,0.6363636363636364,0.5080187320709229,1.0
RFP_0456,SKU_291,partially matching,0.696446990966797,0.6,0.6548233032226562,1.0
RFP_0457,SKU_224,partially matching,0.7144287725289662,0.6666666666666666,0.6036514639854431,1.0
RFP_0458,SKU_272,matching,0.7688996076583863,0.75,0.6463320255279541,1.0
RFP_0459,SKU_200,partially matching,0.6086836947844578,0.8461538461538461,0.618689239025116,0.0
RFP_0460,SKU_105,matching,0.7793724715709687,0.75,0.6812415719032288,1.0
RFP_0461,SKU_272,partially matching,0.709601887067159,0.6666666666666666,0.587561845779419,1.0
RFP_0462,SKU_105,partially matching,0.6046905199686686,0.8333333333333334,0.6267461776733398,0.0
RFP_0463,SKU_219,partially matching,0.5933283978038364,0.7777777777777778,0.6814650297164917,0.0
RFP_0464,SKU_259,matching,0.7403708100318909,0.75,0.5512360334396362,1.0
RFP_0465,SKU_160,partially matching,0.5944459915161133,0.8,0.6481533050537109,0.0
RFP_0466,SKU_272,matching,0.7630947947502136,0.8,0.5436493158340454,1.0
RFP_0467,SKU_101,matching,0.7456039190292358,0.7,0.6520130634307861,1.0
RFP_0468,SKU_143,partially matching,0.5239568939575783,0.7692307692307693,0.464471697807312,0.0
RFP_0469,SKU_248,partially matching,0.5975432991981506,0.8,0.6584776639938354,0.0
RFP_0470,SKU_257,partially matching,0.6479310750961303,0.9,0.6597702503204346,0.0
RFP_0471,SKU_160,partially matching,0.5918251525272022,0.7272727272727273,0.7606292963027954,0.0
RFP_0472,SKU_105,matching,0.7422964870929718,0.7,0.640988290309906,1.0
RFP_0473,SKU_206,matching,0.7655410766601562,0.8,0.5518035888671875,1.0
RFP_0474,SKU_250,partially matching,0.6013401356610385,0.8181818181818182,0.6408307552337646,0.0
RFP_0475,SKU_291,partially matching,0.7148233418281262,0.6153846153846154,0.6904367804527283,1.0
RFP_0476,SKU_111,partially matching,0.7039217412471772,0.8,0.3464058041572571,1.0
RFP_0477,SKU_280,partially matching,0.5683020710945129,0.8,0.5610069036483765,0.0
RFP_0478,SKU_173,partially matching,0.5637533297905555,0.7692307692307693,0.5971264839172363,0.0
RFP_0479,SKU_240,partially matching,0.5680550943721424,0.7272727272727273,0.6813957691192627,0.0
RFP_0480,SKU_248,partially matching,0.6302341461181641,0.9,0.6007804870605469,0.0
RFP_0481,SKU_288,matching,0.7515017162669788,0.7272727272727273,0.6262178421020508,1.0
RFP_0482,SKU_261,partially matching,0.6669099569320679,0.9,0.7230331897735596,0.0
RFP_0483,SKU_228,matching,0.7959852662953464,0.8181818181818182,0.6229811906814575,1.0
RFP_0484,SKU_257,matching,0.8367308497428894,0.9,0.6224361658096313,1.0
RFP_0485,SKU_257,partially matching,0.6302269321221572,0.5384615384615384,0.5366538763046265,1.0
RFP_0486,SKU_223,matching,0.7793532004723183,0.7692307692307693,0.6491260528564453,1.0
RFP_0487,SKU_238,partially matching,0.6889710762284018,0.5454545454545454,0.7208126783370972,1.0
RFP_0488,SKU_240,partially matching,0.5551210582256316,0.7,0.6837368607521057,0.0
RFP_0489,SKU_172,partially matching,0.6593122382958729,0.6666666666666666,0.4199296832084656,1.0
RFP_0490,SKU_206,partially matching,0.6821307202180227,0.6666666666666666,0.4959912896156311,1.0
RFP_0491,SKU_272,partially matching,0.6868553042411805,0.6,0.6228510141372681,1.0
RFP_0492,SKU_214,matching,0.7569510963830082,0.8181818181818182,0.49286729097366333,1.0
RFP_0493,SKU_272,matching,0.7538948546756397,0.7272727272727273,0.6341949701309204,1.0
RFP_0494,SKU_163,partially matching,0.6976003836501729,0.7272727272727273,0.446546733379364,1.0
RFP_0495,SKU_188,matching,0.820318667455153,0.9090909090909091,0.5525773763656616,1.0
RFP_0496,SKU_286,matching,0.746421080827713,0.7,0.6547369360923767,1.0
RFP_0497,SKU_211,matching,0.7520665673109201,0.6923076923076923,0.6863757371902466,1.0
RFP_0498,SKU_114,partially matching,0.6496650675932567,0.5833333333333334,0.5266613364219666,1.0
RFP_0499,SKU_252,partially matching,0.6781003052538092,0.6363636363636364,0.5330616235733032,1.0
RFP_0500,SKU_252,partially matching,0.6620112001895904,0.6,0.5400373339653015,1.0
RFP_0501,SKU_102,partially matching,0.688495592095635,0.5454545454545454,0.7192277312278748,1.0
RFP_0502,SKU_299,matching,0.7521334638962378,0.7692307692307693,0.5583935976028442,1.0
RFP_0503,SKU_211,partially matching,0.6914020280043285,0.5833333333333334,0.6657845377922058,1.0
RFP_0504,SKU_107,partially matching,0.639183404228904,0.45454545454545453,0.7063689231872559,1.0
RFP_0505,SKU_115,partially matching,0.6783856809139251,0.9,0.7612856030464172,0.0
RFP_0506,SKU_236,partially matching,0.7030003455969003,0.6923076923076923,0.5228216648101807,1.0
RFP_0507,SKU_217,partially matching,0.6282041947046917,0.5833333333333334,0.455125093460083,1.0
RFP_0508,SKU_259,partially matching,0.6167486933144657,0.8181818181818182,0.6921926140785217,0.0
RFP_0509,SKU_288,partially matching,0.642186729113261,0.5833333333333334,0.5017335414886475,1.0
RFP_0510,SKU_206,partially matching,0.5861134133555672,0.45454545454545453,0.5294689536094666,1.0
RFP_0511,SKU_274,partially matching,0.5557182242472967,0.4166666666666667,0.49128296971321106,1.0
RFP_0512,SKU_176,matching,0.8285197019577026,0.8,0.7617323398590088,1.0
RFP_0513,SKU_217,partially matching,0.6347562015056609,0.6,0.44918733835220337,1.0
RFP_0514,SKU_266,matching,0.814504724740982,0.9,0.5483490824699402,1.0
RFP_0515,SKU_265,partially matching,0.5597567611270481,0.7777777777777778,0.5695595741271973,0.0
RFP_0516,SKU_187,partially matching,0.5954021825240209,0.8461538461538461,0.5744175314903259,0.0
RFP_0517,SKU_291,partially matching,0.6467206080754597,0.9166666666666666,0.6279575824737549,0.0
RFP_0518,SKU_206,matching,0.7588590135941138,0.7692307692307693,0.5808120965957642,1.0
RFP_0519,SKU_192,partially matching,0.6311918421225114,0.9090909090909091,0.588821291923523,0.0
RFP_0520,SKU_152,matching,0.8188629190127055,0.8333333333333334,0.6739875078201294,1.0
RFP_0521,SKU_160,partially matching,0.6195010701815288,0.8333333333333334,0.6761146783828735,0.0
RFP_0522,SKU_277,matching,0.7492910861968993,0.75,0.580970287322998,1.0
RFP_0523,SKU_269,matching,0.7698880434036255,0.8,0.566293478012085,1.0
RFP_0524,SKU_115,partially matching,0.6191109147938816,0.8181818181818182,0.7000666856765747,0.0
RFP_0525,SKU_273,matching,0.7403393815864217,0.7272727272727273,0.5890100598335266,1.0
RFP_0526,SKU_228,partially matching,0.6179368615150451,0.5,0.5597895383834839,1.0
RFP_0527,SKU_107,partially matching,0.6367582581259987,0.45454545454545453,0.6982851028442383,1.0
RFP_0528,SKU_102,matching,0.7824702382087707,0.7,0.7749007940292358,1.0
RFP_0529,SKU_107,partially matching,0.6474365908365984,0.46153846153846156,0.7222245335578918,1.0
RFP_0530,SKU_272,partially matching,0.575259017944336,0.75,0.6675300598144531,0.0
RFP_0531,SKU_272,partially matching,0.6831410353000347,0.6153846153846154,0.5848290920257568,1.0
RFP_0532,SKU_152,matching,0.812649170557658,0.8333333333333334,0.6532750129699707,1.0
RFP_0533,SKU_140,partially matching,0.7097102825458232,0.6153846153846154,0.6733932495117188,1.0
RFP_0534,SKU_162,partially matching,0.6696309620683843,0.6363636363636364,0.5048304796218872,1.0
RFP_0535,SKU_261,partially matching,0.6699918985366822,0.6,0.5666396617889404,1.0
RFP_0536,SKU_176,partially matching,0.5650459555479196,0.6923076923076923,0.7296403646469116,0.0
RFP_0537,SKU_214,partially matching,0.6481752077738445,0.5833333333333334,0.5216951370239258,1.0
RFP_0538,SKU_101,partially matching,0.6861590431796181,0.5555555555555556,0.694604218006134,1.0
RFP_0539,SKU_183,partially matching,0.6918655673662821,0.5833333333333334,0.6673296689987183,1.0
RFP_0540,SKU_220,partially matching,0.6302384257316589,0.4,0.7674614191055298,1.0
RFP_0541,SKU_107,matching,0.7795274208892475,0.7272727272727273,0.719636857509613,1.0
RFP_0542,SKU_273,partially matching,0.6723169843355814,0.5833333333333334,0.6021677255630493,1.0
RFP_0543,SKU_204,matching,0.8607326961480655,0.9230769230769231,0.6639807820320129,1.0
RFP_0544,SKU_206,matching,0.7380280435085296,0.75,0.5434268116950989,1.0
RFP_0545,SKU_160,partially matching,0.5884105931628834,0.7272727272727273,0.7492474317550659,0.0
RFP_0546,SKU_299,matching,0.7458406796822181,0.7692307692307693,0.5374176502227783,1.0
RFP_0547,SKU_184,partially matching,0.527764089902242,0.4166666666666667,0.3981025218963623,1.0
RFP_0548,SKU_281,partially matching,0.6581285278002422,0.5833333333333334,0.5548728704452515,1.0
RFP_0549,SKU_238,partially matching,0.5951941843216235,0.38461538461538464,0.6762883067131042,1.0
RFP_0550,SKU_219,partially matching,0.6320030775937168,0.8181818181818182,0.7430405616760254,0.0
RFP_0551,SKU_259,matching,0.8863285720348357,1.0,0.6210952401161194,1.0
RFP_0552,SKU_209,partially matching,0.508926522731781,0.6,0.69642174243927,0.0
RFP_0553,SKU_176,partially matching,0.4985673129558563,0.6,0.6618910431861877,0.0
RFP_0554,SKU_152,matching,0.7872743659549288,0.7777777777777778,0.6612849235534668,1.0
RFP_0555,SKU_265,partially matching,0.5468414962291718,0.75,0.5728049874305725,0.0
RFP_0556,SKU_288,partially matching,0.6458074846050956,0.5454545454545454,0.5769340395927429,1.0
RFP_0557,SKU_277,partially matching,0.6925666575248426,0.6153846153846154,0.616247832775116,1.0
RFP_0558,SKU_230,partially matching,0.7045104448611921,0.6153846153846154,0.6560604572296143,1.0
RFP_0559,SKU_176,matching,0.7687989961017261,0.7272727272727273,0.6838754415512085,1.0
RFP_0560,SKU_125,matching,0.7221907262618725,0.6153846153846154,0.7149947285652161,1.0
RFP_0561,SKU_257,matching,0.7984578529993693,0.8333333333333334,0.6059706211090088,1.0
RFP_0562,SKU_113,partially matching,0.5473800063133241,0.3,0.6579333543777466,1.0
RFP_0563,SKU_176,partially matching,0.5153202826326544,0.6363636363636364,0.6571282148361206,0.0
RFP_0564,SKU_182,partially matching,0.5130114013498479,0.6363636363636364,0.6494319438934326,0.0
RFP_0565,SKU_256,partially matching,0.7190651059150694,0.7,0.5635503530502319,1.0
RFP_0566,SKU_232,partially matching,0.6883728806789104,0.6153846153846154,0.6022685766220093,1.0
RFP_0567,SKU_217,partially matching,0.6557079190557653,0.6363636363636364,0.4584203362464905,1.0
RFP_0568,SKU_281,partially matching,0.7023058315118154,0.6666666666666666,0.5632416605949402,1.0
RFP_0569,SKU_107,matching,0.8292791334065523,0.8181818181818182,0.733960747718811,1.0
RFP_0570,SKU_124,partially matching,0.7017213051135724,0.6153846153846154,0.6467633247375488,1.0
RFP_0571,SKU_176,partially matching,0.601355781880292,0.8181818181818182,0.6408829092979431,0.0
RFP_0572,SKU_252,partially matching,0.5419003427028656,0.7,0.639667809009552,0.0
RFP_0573,SKU_217,partially matching,0.5570514372803947,0.45454545454545453,0.43259570002555847,1.0
RFP_0574,SKU_151,matching,0.7425932288169861,0.7,0.6419774293899536,1.0
RFP_0575,SKU_176,partially matching,0.5609776675701141,0.75,0.6199255585670471,0.0
RFP_0576,SKU_285,partially matching,0.619997117916743,0.8333333333333334,0.6777681708335876,0.0
RFP_0577,SKU_277,matching,0.8342051386833191,0.9,0.614017128944397,1.0
RFP_0578,SKU_251,not matching,0.4092617392539978,0.5,0.5308724641799927,0.0
RFP_0579,SKU_102,partially matching,0.548327612876892,0.7,0.6610920429229736,0.0
RFP_0580,SKU_272,matching,0.7705145299434661,0.75,0.651715099811554,1.0
RFP_0581,SKU_220,partially matching,0.7091543356577557,0.5833333333333334,0.7249588966369629,1.0
RFP_0582,SKU_176,partially matching,0.7034050166606902,0.6,0.678016722202301,1.0
RFP_0583,SKU_211,partially matching,0.7071074669177715,0.6153846153846154,0.6647171974182129,1.0
RFP_0584,SKU_176,partially matching,0.555832996735206,0.6923076923076923,0.6989305019378662,0.0
RFP_0585,SKU_115,matching,0.7483362038930257,0.6666666666666666,0.7166762351989746,1.0
RFP_0586,SKU_206,partially matching,0.5408527314662933,0.75,0.5528424382209778,0.0
RFP_0587,SKU_228,partially matching,0.6210674285888671,0.5,0.5702247619628906,1.0
RFP_0588,SKU_206,partially matching,0.677706164580125,0.6153846153846154,0.5667128562927246,1.0
RFP_0589,SKU_291,matching,0.7250063327642586,0.6923076923076923,0.596174955368042,1.0
RFP_0590,SKU_159,matching,0.764443850517273,0.75,0.6314795017242432,1.0
RFP_0591,SKU_288,matching,0.809794549147288,0.8333333333333334,0.6437596082687378,1.0
RFP_0592,SKU_259,partially matching,0.5989456653594971,0.8,0.6631522178649902,0.0
RFP_0593,SKU_130,matching,0.7550438284873962,0.7,0.6834794282913208,1.0
RFP_0594,SKU_137,partially matching,0.46551427461884237,0.45454545454545453,0.794138491153717,0.0
RFP_0595,SKU_257,partially matching,0.6306728698990562,0.5454545454545454,0.5264853239059448,1.0
RFP_0596,SKU_208,partially matching,0.5931650033363929,0.7692307692307693,0.6951653957366943,0.0
RFP_0597,SKU_299,partially matching,0.688411416610082,0.6666666666666666,0.5169269442558289,1.0
RFP_0598,SKU_234,partially matching,0.7189008474349976,0.7,0.5630028247833252,1.0
RFP_0599,SKU_132,partially matching,0.7068921994079242,0.7272727272727273,0.4775194525718689,1.0
RFP_0600,SKU_264,matching,0.7633996109167736,0.8333333333333334,0.4891098141670227,1.0
RFP_0601,SKU_137,partially matching,0.6221070170402527,0.5,0.5736900568008423,1.0
RFP_0602,SKU_252,partially matching,0.6116623858610789,0.8333333333333334,0.6499857306480408,0.0
RFP_0603,SKU_285,matching,0.760685349594463,0.7272727272727273,0.6568299531936646,1.0
RFP_0604,SKU_257,partially matching,0.553112347017635,0.7272727272727273,0.6315866112709045,0.0
RFP_0605,SKU_102,partially matching,0.6990020994956676,0.6153846153846154,0.6376993060112,1.0
RFP_0606,SKU_272,partially matching,0.7117271800835927,0.6666666666666666,0.594646155834198,1.0
RFP_0607,SKU_157,matching,0.7677653876217929,0.8181818181818182,0.5289149284362793,1.0
RFP_0608,SKU_210,matching,0.7481542766094207,0.75,0.5771809220314026,1.0
RFP_0609,SKU_288,partially matching,0.6021102786064148,0.8,0.6737009286880493,0.0
RFP_0610,SKU_116,partially matching,0.6505741812966086,0.5454545454545454,0.5928230285644531,1.0
RFP_0611,SKU_141,partially matching,0.6457403936169364,0.5454545454545454,0.5767104029655457,1.0
RFP_0612,SKU_176,matching,0.7310302793979644,0.7,0.6034342646598816,1.0
RFP_0613,SKU_105,matching,0.7553685545921325,0.7,0.6845618486404419,1.0
RFP_0614,SKU_111,matching,0.7201142904433337,0.8181818181818182,0.3700779378414154,1.0
RFP_0615,SKU_210,partially matching,0.5812165048989383,0.8181818181818182,0.5737519860267639,0.0
RFP_0616,SKU_115,matching,0.7878894805908203,0.7,0.7929649353027344,1.0
RFP_0617,SKU_257,matching,0.8330098433928057,0.9090909090909091,0.5948812961578369,1.0
RFP_0618,SKU_228,matching,0.7310143371423086,0.6666666666666666,0.6589366793632507,1.0
RFP_0619,SKU_130,matching,0.753481917656385,0.7692307692307693,0.5628884434700012,1.0
RFP_0620,SKU_285,partially matching,0.6055239081382752,0.8,0.6850796937942505,0.0
RFP_0621,SKU_296,partially matching,0.619998323917389,0.4,0.7333277463912964,1.0
RFP_0622,SKU_240,partially matching,0.716348106127519,0.6153846153846154,0.6955193281173706,1.0
RFP_0623,SKU_157,partially matching,0.4402466394684531,0.5454545454545454,0.5583978891372681,0.0
RFP_0624,SKU_206,partially matching,0.7078802943229674,0.7,0.5262676477432251,1.0
RFP_0625,SKU_105,partially matching,0.4836861491203308,0.6,0.612287163734436,0.0
RFP_0626,SKU_260,partially matching,0.6155587633450825,0.4166666666666667,0.6907514333724976,1.0
RFP_0627,SKU_189,matching,0.7269440134366354,0.6666666666666666,0.6453689336776733,1.0
RFP_0628,SKU_111,matching,0.7788245817025503,0.9166666666666666,0.4016374945640564,1.0
RFP_0629,SKU_206,matching,0.7821899334589641,0.8333333333333334,0.5517442226409912,1.0
RFP_0630,SKU_277,matching,0.7730248689651489,0.8,0.5767495632171631,1.0
RFP_0631,SKU_105,matching,0.8246614257494609,0.8333333333333334,0.693315863609314,1.0
RFP_0632,SKU_265,matching,0.8163017690181733,0.9,0.5543392300605774,1.0
RFP_0633,SKU_269,matching,0.7694860875606537,0.8,0.564953625202179,1.0
RFP_0634,SKU_160,partially matching,0.5903326749801636,0.75,0.7177755832672119,0.0
RFP_0635,SKU_231,partially matching,0.7020044604937237,0.5833333333333334,0.701125979423523,1.0
RFP_0636,SKU_123,matching,0.7437114000320435,0.8,0.4790380001068115,1.0
RFP_0637,SKU_257,matching,0.7272196829319,0.7,0.5907322764396667,1.0
RFP_0638,SKU_257,partially matching,0.5572050799926123,0.4166666666666667,0.49623915553092957,1.0
RFP_0639,SKU_189,partially matching,0.5715632200241089,0.75,0.6552107334136963,0.0
RFP_0640,SKU_249,partially matching,0.594222491979599,0.8,0.6474083065986633,0.0
RFP_0641,SKU_192,partially matching,0.5757528534302345,0.7692307692307693,0.6371248960494995,0.0
RFP_0642,SKU_283,partially matching,0.6810955920002677,0.5454545454545454,0.6945610642433167,1.0
RFP_0643,SKU_257,matching,0.7214900453885396,0.6666666666666666,0.627189040184021,1.0
RFP_0644,SKU_112,matching,0.7352011382579804,0.75,0.5340037941932678,1.0
RFP_0645,SKU_262,partially matching,0.7077597439289094,0.75,0.442532479763031,1.0
RFP_0646,SKU_107,matching,0.7821151446212422,0.7272727272727273,0.7282626032829285,1.0
RFP_0647,SKU_257,matching,0.7992699994490697,0.8461538461538461,0.587310254573822,1.0
RFP_0648,SKU_252,partially matching,0.7139669472521002,0.6363636363636364,0.6526170969009399,1.0
RFP_0649,SKU_272,partially matching,0.6235460758209228,0.5,0.5784869194030762,1.0
RFP_0650,SKU_231,partially matching,0.6900152866656963,0.6153846153846154,0.6077432632446289,1.0
RFP_0651,SKU_228,partially matching,0.6913173193281348,0.6363636363636364,0.5771183371543884,1.0
RFP_0652,SKU_107,partially matching,0.5940487569028681,0.36363636363636365,0.7074352502822876,1.0
RFP_0653,SKU_193,matching,0.7230600655078887,0.75,0.49353355169296265,1.0
RFP_0654,SKU_119,partially matching,0.6657239139080048,1.0,0.5524130463600159,0.0
RFP_0655,SKU_278,partially matching,0.5186792502036461,0.23076923076923078,0.6776487827301025,1.0
RFP_0656,SKU_257,matching,0.7206842926832346,0.6923076923076923,0.5817681550979614,1.0
RFP_0657,SKU_147,partially matching,0.5519364237785339,0.75,0.5897880792617798,0.0
RFP_0658,SKU_125,matching,0.72743771870931,0.6666666666666666,0.6470146179199219,1.0
RFP_0659,SKU_218,partially matching,0.6361606280008951,0.5833333333333334,0.4816465377807617,1.0
RFP_0660,SKU_300,matching,0.7829084793726604,0.8333333333333334,0.5541393756866455,1.0
RFP_0661,SKU_209,partially matching,0.5675902187824249,0.7,0.7253007292747498,0.0
RFP_0662,SKU_217,matching,0.7461925497421851,0.7692307692307693,0.5385905504226685,1.0
RFP_0663,SKU_275,matching,0.7615074455738067,0.8,0.5383581519126892,1.0
RFP_0664,SKU_137,partially matching,0.5020216208237868,0.5384615384615384,0.7759695053100586,0.0
RFP_0665,SKU_151,partially matching,0.5528448283672333,0.7,0.6761494278907776,0.0
RFP_0666,SKU_111,partially matching,0.7110233813524247,0.8,0.3700779378414154,1.0
RFP_0667,SKU_248,partially matching,0.6116616156968204,0.8181818181818182,0.6752356886863708,0.0
RFP_0668,SKU_233,matching,0.8025885701179505,0.8,0.6752952337265015,1.0
RFP_0669,SKU_119,partially matching,0.6121220870451494,0.9090909090909091,0.5252554416656494,0.0
RFP_0670,SKU_269,partially matching,0.7071557482083639,0.6666666666666666,0.5794080495834351,1.0
RFP_0671,SKU_115,matching,0.7899439226497302,0.7272727272727273,0.7543585300445557,1.0
RFP_0672,SKU_214,partially matching,0.6027557730674744,0.5,0.5091859102249146,1.0
RFP_0673,SKU_124,partially matching,0.7092728668993169,0.6363636363636364,0.6369701623916626,1.0
RFP_0674,SKU_188,matching,0.8284622652964158,0.9090909090909091,0.5797227025032043,1.0
RFP_0675,SKU_176,partially matching,0.6763670841852825,0.5833333333333334,0.6156680583953857,1.0
RFP_0676,SKU_250,partially matching,0.6599985067660992,0.6153846153846154,0.5076873302459717,1.0
RFP_0677,SKU_161,matching,0.7604411771664252,0.7692307692307693,0.5860859751701355,1.0
RFP_0678,SKU_300,partially matching,0.5475480328906666,0.7272727272727273,0.6130388975143433,0.0
RFP_0679,SKU_160,partially matching,0.5646299492229114,0.7272727272727273,0.6699786186218262,0.0
RFP_0680,SKU_229,partially matching,0.716939741373062,0.7,0.5564658045768738,1.0
RFP_0681,SKU_246,partially matching,0.54770827293396,0.7,0.6590275764465332,0.0
RFP_0682,SKU_218,partially matching,0.6540034914558583,0.6363636363636364,0.4527389109134674,1.0
RFP_0683,SKU_197,partially matching,0.6786098100922324,0.5454545454545454,0.6862751245498657,1.0
RFP_0684,SKU_130,partially matching,0.5674540272125831,0.7692307692307693,0.6094621419906616,0.0
RFP_0685,SKU_208,partially matching,0.5460894783337911,0.6666666666666666,0.7091871500015259,0.0
RFP_0686,SKU_107,matching,0.7694345859380869,0.6923076923076923,0.7442691326141357,1.0
RFP_0687,SKU_272,matching,0.789125382900238,0.8,0.6304179430007935,1.0
RFP_0688,SKU_259,partially matching,0.5330278635025024,0.7,0.6100928783416748,0.0
RFP_0689,SKU_237,partially matching,0.5323397437731425,0.3333333333333333,0.5522435903549194,1.0
RFP_0690,SKU_227,partially matching,0.7095785319805146,0.6,0.6985951066017151,1.0
RFP_0691,SKU_262,partially matching,0.6365761691873724,0.6363636363636364,0.39464783668518066,1.0
RFP_0692,SKU_274,matching,0.7810492793718975,0.8333333333333334,0.547942042350769,1.0
RFP_0693,SKU_252,matching,0.7332585871219635,0.7,0.6108619570732117,1.0
RFP_0694,SKU_248,partially matching,0.6080307364463806,0.4,0.693435788154602,1.0
RFP_0695,SKU_272,matching,0.741425872932781,0.7272727272727273,0.5926316976547241,1.0
RFP_0696,SKU_152,matching,0.8309014155314518,0.8461538461538461,0.6927483081817627,1.0
RFP_0697,SKU_162,partially matching,0.6765595907514745,0.6363636363636364,0.5279259085655212,1.0
RFP_0698,SKU_284,partially matching,0.6459130018949508,0.6,0.48637667298316956,1.0
RFP_0699,SKU_293,partially matching,0.6768789355571454,0.6153846153846154,0.5639554262161255,1.0
RFP_0700,SKU_114,matching,0.7732650260130565,0.8333333333333334,0.5219945311546326,1.0
RFP_0701,SKU_109,partially matching,0.6819102406501769,0.6,0.6063674688339233,1.0
RFP_0702,SKU_299,matching,0.7753688064488498,0.8181818181818182,0.5542596578598022,1.0
RFP_0703,SKU_250,partially matching,0.5925591289997101,0.8,0.6418637633323669,0.0
RFP_0704,SKU_250,matching,0.7802902844819155,0.8181818181818182,0.5706645846366882,1.0
RFP_0705,SKU_276,partially matching,0.654388028383255,0.5,0.6812934279441833,1.0
RFP_0706,SKU_272,matching,0.7736145606407752,0.7692307692307693,0.6299972534179688,1.0
RFP_0707,SKU_146,partially matching,0.5660690903663635,0.75,0.6368969678878784,0.0
RFP_0708,SKU_176,partially matching,0.6775304118792216,0.5833333333333334,0.6195458173751831,1.0
RFP_0709,SKU_208,partially matching,0.5370667060216268,0.6666666666666666,0.6791112422943115,0.0
RFP_0710,SKU_154,matching,0.7369293868541718,0.7,0.6230979561805725,1.0
RFP_0711,SKU_225,partially matching,0.6438628334265488,0.46153846153846156,0.710312008857727,1.0
RFP_0712,SKU_185,matching,0.8388255550311161,0.8461538461538461,0.719162106513977,1.0
RFP_0713,SKU_176,partially matching,0.7192499538262684,0.6666666666666666,0.6197220683097839,1.0
RFP_0714,SKU_221,partially matching,0.6973506271839143,0.6,0.6578354239463806,1.0
RFP_0715,SKU_185,matching,0.7704357743263244,0.7,0.7347859144210815,1.0
RFP_0716,SKU_273,matching,0.7955180076035586,0.8181818181818182,0.6214236617088318,1.0
RFP_0717,SKU_252,partially matching,0.629578367688439,0.5454545454545454,0.5228369832038879,1.0
RFP_0718,SKU_131,partially matching,0.6931470374266306,0.5833333333333334,0.6716012358665466,1.0
RFP_0719,SKU_284,partially matching,0.7128411154855381,0.7272727272727273,0.49734917283058167,1.0
RFP_0720,SKU_285,partially matching,0.6159236637028781,0.8181818181818182,0.68944251537323,0.0
RFP_0721,SKU_115,matching,0.7427873929341633,0.6666666666666666,0.6981801986694336,1.0
RFP_0722,SKU_277,partially matching,0.6704177260398865,0.6,0.5680590867996216,1.0
RFP_0723,SKU_256,matching,0.7247954975474964,0.7272727272727273,0.5371971130371094,1.0
RFP_0724,SKU_294,partially matching,0.7154076715310413,0.6666666666666666,0.6069144606590271,1.0
RFP_0725,SKU_272,matching,0.7891577482223511,0.8,0.6305258274078369,1.0
RFP_0726,SKU_259,matching,0.8463589390118917,0.9166666666666666,0.6267520189285278,1.0
RFP_0727,SKU_102,partially matching,0.48296680829741734,0.5454545454545454,0.7007984519004822,0.0
RFP_0728,SKU_157,matching,0.8123831331729889,0.9,0.5412771105766296,1.0
RFP_0729,SKU_186,matching,0.7957894650372592,0.8181818181818182,0.622328519821167,1.0
RFP_0730,SKU_189,partially matching,0.6722363750139873,0.5833333333333334,0.6018990278244019,1.0
RFP_0731,SKU_276,partially matching,0.5703693151473999,0.75,0.651231050491333,0.0
RFP_0732,SKU_259,partially matching,0.618204851104663,0.5384615384615384,0.4965802729129791,1.0
RFP_0733,SKU_192,partially matching,0.6482459088166554,0.9166666666666666,0.6330419182777405,0.0
RFP_0734,SKU_248,matching,0.758657796274532,0.7272727272727273,0.6500714421272278,1.0
RFP_0735,SKU_266,partially matching,0.6580126702785491,0.6,0.5267089009284973,1.0
RFP_0736,SKU_102,matching,0.7272935589154561,0.6666666666666666,0.6465340852737427,1.0
RFP_0737,SKU_296,partially matching,0.6266404708226523,0.4166666666666667,0.7276904582977295,1.0
RFP_0738,SKU_250,partially matching,0.6702910000627691,0.6363636363636364,0.5070306062698364,1.0
RFP_0739,SKU_196,partially matching,0.5366496948095468,0.6923076923076923,0.634986162185669,0.0
RFP_0740,SKU_288,partially matching,0.5754775702953339,0.4,0.5849252343177795,1.0
RFP_0741,SKU_115,partially matching,0.5296278675397237,0.6666666666666666,0.6543151140213013,0.0
RFP_0742,SKU_162,partially matching,0.6713712150400335,0.6363636363636364,0.5106313228607178,1.0
RFP_0743,SKU_157,partially matching,0.6115251441796621,0.9166666666666666,0.5106393694877625,0.0
RFP_0744,SKU_277,partially matching,0.7006749590237935,0.6666666666666666,0.5578054189682007,1.0
RFP_0745,SKU_115,matching,0.8258270767602054,0.8181818181818182,0.7224538922309875,1.0
RFP_0746,SKU_258,matching,0.7933439089701726,0.8461538461538461,0.567556619644165,1.0
RFP_0747,SKU_191,partially matching,0.6066072980562847,0.8333333333333334,0.6331354379653931,0.0
RFP_0748,SKU_207,partially matching,0.6753141982988877,0.9090909090909091,0.7358958125114441,0.0
RFP_0749,SKU_252,partially matching,0.6192710638046264,0.5,0.5642368793487549,1.0
RFP_0750,SKU_234,partially matching,0.6874837452715093,0.6363636363636364,0.5643397569656372,1.0
RFP_0751,SKU_105,matching,0.8039692809948555,0.7692307692307693,0.7311796545982361,1.0
RFP_0752,SKU_185,partially matching,0.6181858030232517,0.8181818181818182,0.6969829797744751,0.0
RFP_0753,SKU_265,matching,0.7893201199444857,0.8181818181818182,0.6007640361785889,1.0
RFP_0754,SKU_248,partially matching,0.5942355632781983,0.8,0.6474518775939941,0.0
RFP_0755,SKU_188,partially matching,0.5769015385554387,0.8461538461538461,0.5127487182617188,0.0
RFP_0756,SKU_102,matching,0.7267750863845532,0.6153846153846154,0.7302759289741516,1.0
RFP_0757,SKU_160,partially matching,0.5736262798309326,0.7,0.7454209327697754,0.0
RFP_0758,SKU_107,partially matching,0.5052678863207499,0.5833333333333334,0.7120040655136108,0.0
RFP_0759,SKU_163,partially matching,0.7063860684633254,0.75,0.43795356154441833,1.0
RFP_0760,SKU_257,matching,0.763607238806211,0.7692307692307693,0.5966395139694214,1.0
RFP_0761,SKU_107,partially matching,0.5765644530455272,0.3333333333333333,0.6996592879295349,1.0
RFP_0762,SKU_206,partially matching,0.7025707622369131,0.6666666666666666,0.5641247630119324,1.0
RFP_0763,SKU_173,matching,0.7884050965309144,0.75,0.7113503217697144,1.0
RFP_0764,SKU_189,matching,0.7413554381240497,0.7272727272727273,0.5923969149589539,1.0
RFP_0765,SKU_265,partially matching,0.5433215611510807,0.7777777777777778,0.5147755742073059,0.0
RFP_0766,SKU_210,partially matching,0.6830949187278748,0.6,0.6103163957595825,1.0
RFP_0767,SKU_249,matching,0.7217803498109181,0.6666666666666666,0.6281567215919495,1.0
RFP_0768,SKU_272,partially matching,0.6983411316688244,0.6153846153846154,0.6354960799217224,1.0
RFP_0769,SKU_216,matching,0.8147345689210026,0.8181818181818182,0.6854788661003113,1.0
RFP_0770,SKU_227,matching,0.8337206569584934,0.8181818181818182,0.7487658262252808,1.0
RFP_0771,SKU_210,matching,0.7822451857003299,0.8181818181818182,0.5771809220314026,1.0
RFP_0772,SKU_198,partially matching,0.6726985196272532,0.5833333333333334,0.6034395098686218,1.0
RFP_0773,SKU_220,partially matching,0.7048838476339976,0.5833333333333334,0.7107239365577698,1.0
RFP_0774,SKU_160,partially matching,0.5544809937477111,0.7,0.6816033124923706,0.0
RFP_0775,SKU_124,partially matching,0.6046839078267416,0.4166666666666667,0.6545019149780273,1.0
RFP_0776,SKU_299,matching,0.7822941018984868,0.8461538461538461,0.5307239294052124,1.0
RFP_0777,SKU_157,partially matching,0.6039217114448547,0.5,0.5130723714828491,1.0
RFP_0778,SKU_290,matching,0.7253294359553943,0.7272727272727273,0.5389769077301025,1.0
RFP_0779,SKU_272,matching,0.7491377245296131,0.7272727272727273,0.618337869644165,1.0
RFP_0780,SKU_139,partially matching,0.44858900308609007,0.5,0.6619633436203003,0.0
RFP_0781,SKU_195,partially matching,0.7133789901550001,0.6153846153846154,0.6856222748756409,1.0
RFP_0782,SKU_206,partially matching,0.6699654345328991,0.6153846153846154,0.5409104228019714,1.0
RFP_0783,SKU_296,partially matching,0.7160450696945191,0.6,0.7201502323150635,1.0
RFP_0784,SKU_107,partially matching,0.5514575232159007,0.2727272727272727,0.7169796228408813,1.0
RFP_0785,SKU_269,partially matching,0.6837320983409881,0.7,0.4457736611366272,1.0
RFP_0786,SKU_147,partially matching,0.5860272971066562,0.8181818181818182,0.5897879600524902,0.0
RFP_0787,SKU_277,partially matching,0.6984435399373372,0.6666666666666666,0.5503673553466797,1.0
RFP_0788,SKU_272,matching,0.8022089568051425,0.8181818181818182,0.6437268257141113,1.0
RFP_0789,SKU_228,partially matching,0.5842556357383728,0.8,0.6141854524612427,0.0
RFP_0790,SKU_160,partially matching,0.5245352645715078,0.6666666666666666,0.6373397707939148,0.0
RFP_0791,SKU_294,matching,0.7887903479012577,0.8181818181818182,0.5989981293678284,1.0
RFP_0792,SKU_176,matching,0.8193017820517223,0.8333333333333334,0.6754503846168518,1.0
RFP_0793,SKU_234,matching,0.7377924810756336,0.7272727272727273,0.5805203914642334,1.0
RFP_0794,SKU_240,partially matching,0.5553564006632025,0.6363636363636364,0.7905819416046143,0.0
RFP_0795,SKU_115,matching,0.8540366126940799,0.8461538461538461,0.7698656320571899,1.0
RFP_0796,SKU_268,partially matching,0.7035184275020252,0.7272727272727273,0.46627354621887207,1.0
RFP_0797,SKU_250,partially matching,0.5892338156700134,0.8,0.6307793855667114,0.0
RFP_0798,SKU_258,matching,0.7606935909161201,0.7692307692307693,0.5869273543357849,1.0
RFP_0799,SKU_250,partially matching,0.5730832815170288,0.75,0.6602776050567627,0.0
RFP_0800,SKU_252,matching,0.7578738331794739,0.75,0.6095794439315796,1.0
RFP_0801,SKU_256,partially matching,0.7059103278013377,0.6923076923076923,0.5325216054916382,1.0
RFP_0802,SKU_288,matching,0.8127258280913034,0.8333333333333334,0.6535305380821228,1.0
RFP_0803,SKU_130,matching,0.762583244930614,0.7272727272727273,0.663156270980835,1.0
RFP_0804,SKU_233,matching,0.738372798760732,0.6666666666666666,0.6834648847579956,1.0
RFP_0805,SKU_163,partially matching,0.5707495776089755,0.8181818181818182,0.5388622283935547,0.0
RFP_0806,SKU_147,partially matching,0.5531163811683655,0.75,0.5937212705612183,0.0
RFP_0807,SKU_137,partially matching,0.6907796079462225,0.6363636363636364,0.5753259658813477,1.0
RFP_0808,SKU_193,matching,0.7252900253642689,0.7272727272727273,0.5388455390930176,1.0
RFP_0809,SKU_240,matching,0.7524953094812539,0.6923076923076923,0.6878048777580261,1.0
RFP_0810,SKU_165,matching,0.7285993933677672,0.7,0.5953313112258911,1.0
RFP_0811,SKU_189,partially matching,0.6292583048343658,0.5,0.5975276827812195,1.0
RFP_0812,SKU_282,partially matching,0.5443238337834676,0.6666666666666666,0.7033016681671143,0.0
RFP_0813,SKU_280,partially matching,0.5433020532131195,0.75,0.5610068440437317,0.0
RFP_0814,SKU_123,matching,0.7407147735357285,0.8,0.46904924511909485,1.0
RFP_0815,SKU_137,partially matching,0.6720052361488342,0.6,0.5733507871627808,1.0
RFP_0816,SKU_284,partially matching,0.6615557973201458,0.6153846153846154,0.5128782987594604,1.0
RFP_0817,SKU_206,matching,0.7486377230057351,0.7692307692307693,0.5467411279678345,1.0
RFP_0818,SKU_257,partially matching,0.5367945020849054,0.36363636363636365,0.5165877342224121,1.0
RFP_0819,SKU_185,partially matching,0.6873218516508739,0.5833333333333334,0.6521839499473572,1.0
RFP_0820,SKU_257,partially matching,0.603954573652961,0.45454545454545453,0.5889394879341125,1.0
RFP_0821,SKU_237,partially matching,0.7038199126720428,0.7,0.5127330422401428,1.0
RFP_0822,SKU_291,partially matching,0.6646078386090017,0.5454545454545454,0.6396018862724304,1.0
RFP_0823,SKU_250,partially matching,0.7094476779301961,0.6666666666666666,0.587047815322876,1.0
RFP_0824,SKU_230,partially matching,0.6693236984989859,0.5454545454545454,0.6553214192390442,1.0
RFP_0825,SKU_236,partially matching,0.6022576405451848,0.8461538461538461,0.5972690582275391,0.0
RFP_0826,SKU_239,partially matching,0.5512060610147622,0.6923076923076923,0.6835073828697205,0.0
RFP_0827,SKU_256,matching,0.7891114083203403,0.8181818181818182,0.6000683307647705,1.0
RFP_0828,SKU_247,matching,0.7499197363853454,0.7,0.6663991212844849,1.0
RFP_0829,SKU_276,matching,0.8190775838765232,0.8181818181818182,0.6999555826187134,1.0
RFP_0830,SKU_208,partially matching,0.6863596161206563,0.9166666666666666,0.7600876092910767,0.0
RFP_0831,SKU_265,matching,0.7269029806960712,0.7272727272727273,0.5442220568656921,1.0
RFP_0832,SKU_123,partially matching,0.6867104917764664,0.75,0.37236830592155457,1.0
RFP_0833,SKU_299,partially matching,0.6986416399478912,0.7,0.49547213315963745,1.0
RFP_0834,SKU_176,partially matching,0.6659066178581932,0.5454545454545454,0.6439311504364014,1.0
RFP_0835,SKU_176,matching,0.7569064617156982,0.7,0.6896882057189941,1.0
RFP_0836,SKU_115,partially matching,0.6130566378434499,0.4166666666666667,0.6824110150337219,1.0
RFP_0837,SKU_105,matching,0.7404390573501587,0.7,0.6347968578338623,1.0
RFP_0838,SKU_259,partially matching,0.5767421153458683,0.8181818181818182,0.558837354183197,0.0
RFP_0839,SKU_135,partially matching,0.4325972636540731,0.4166666666666667,0.7475464344024658,0.0
RFP_0840,SKU_272,matching,0.7460184812545776,0.7,0.6533949375152588,1.0
RFP_0841,SKU_190,partially matching,0.6393299639225005,0.5,0.6310998797416687,1.0
RFP_0842,SKU_261,partially matching,0.6248351243409244,0.8181818181818182,0.7191473841667175,0.0
RFP_0843,SKU_210,partially matching,0.6952792639082128,0.6363636363636364,0.5903248190879822,1.0
RFP_0844,SKU_252,matching,0.7953416168689729,0.8,0.6511387228965759,1.0
RFP_0845,SKU_211,partially matching,0.6111201423865098,0.46153846153846156,0.6011697053909302,1.0
RFP_0846,SKU_137,partially matching,0.6499858048829166,0.8181818181818182,0.8029829859733582,0.0
RFP_0847,SKU_265,partially matching,0.6005286971728008,0.8333333333333334,0.6128734350204468,0.0
RFP_0848,SKU_288,matching,0.7254568099975585,0.7,0.5848560333251953,1.0
RFP_0849,SKU_257,partially matching,0.6686884705836957,0.6153846153846154,0.5366538763046265,1.0
RFP_0850,SKU_259,partially matching,0.6586521620100194,0.6363636363636364,0.46823447942733765,1.0
RFP_0851,SKU_199,matching,0.8104940785811499,0.8461538461538461,0.6247238516807556,1.0
RFP_0852,SKU_183,partially matching,0.49561318159103396,0.6,0.6520439386367798,0.0
RFP_0853,SKU_198,partially matching,0.6603305261868697,0.5384615384615384,0.6369991898536682,1.0
RFP_0854,SKU_208,partially matching,0.5524250534864572,0.6923076923076923,0.6875706911087036,0.0
RFP_0855,SKU_286,partially matching,0.6280257723548195,0.45454545454545453,0.6691768169403076,1.0
RFP_0856,SKU_232,partially matching,0.5572635293006898,0.4,0.5242117643356323,1.0
RFP_0857,SKU_206,partially matching,0.6220922865650871,0.5454545454545454,0.4978833794593811,1.0
RFP_0858,SKU_252,matching,0.8021907356652347,0.8181818181818182,0.6436660885810852,1.0
RFP_0859,SKU_165,partially matching,0.5744865834712982,0.8,0.5816219449043274,0.0
RFP_0860,SKU_234,partially matching,0.6656779050827026,0.6,0.5522596836090088,1.0
RFP_0861,SKU_277,partially matching,0.5719449758529663,0.4,0.5731499195098877,1.0
RFP_0862,SKU_125,matching,0.8045716968449679,0.8181818181818182,0.6516026258468628,1.0
RFP_0863,SKU_282,partially matching,0.6655864477157593,0.9,0.7186214923858643,0.0
RFP_0864,SKU_272,partially matching,0.5991801967987648,0.7692307692307693,0.7152160406112671,0.0
RFP_0865,SKU_131,matching,0.8147651282223789,0.8181818181818182,0.6855807304382324,1.0
RFP_0866,SKU_226,matching,0.7762613562020388,0.8181818181818182,0.5572348237037659,1.0
RFP_0867,SKU_252,partially matching,0.6733731309572857,0.5833333333333334,0.605688214302063,1.0
RFP_0868,SKU_257,partially matching,0.6509910782178243,0.9166666666666666,0.6421924829483032,0.0
RFP_0869,SKU_234,partially matching,0.629563651301644,0.5454545454545454,0.5227879285812378,1.0
RFP_0870,SKU_152,matching,0.832108302299793,0.8461538461538461,0.6967712640762329,1.0
RFP_0871,SKU_294,partially matching,0.584746104478836,0.4,0.6158203482627869,1.0
RFP_0872,SKU_291,partially matching,0.5370623091856639,0.3333333333333333,0.567985475063324,1.0
RFP_0873,SKU_229,partially matching,0.5629335751900306,0.7692307692307693,0.5943939685821533,0.0
RFP_0874,SKU_285,matching,0.7647408138621936,0.7272727272727273,0.6703481674194336,1.0
RFP_0875,SKU_259,matching,0.8349290175871416,0.9090909090909091,0.60127854347229,1.0
RFP_0876,SKU_277,partially matching,0.7025726908987218,0.6363636363636364,0.614636242389679,1.0
RFP_0877,SKU_160,partially matching,0.700333692630132,0.6666666666666666,0.5566678643226624,1.0
RFP_0878,SKU_176,partially matching,0.485062841574351,0.5833333333333334,0.6446539163589478,0.0
RFP_0879,SKU_225,partially matching,0.6947613396427847,0.5454545454545454,0.7401135563850403,1.0
RFP_0880,SKU_299,partially matching,0.6652551894004528,0.6153846153846154,0.5252096056938171,1.0
RFP_0881,SKU_193,partially matching,0.5735590934753418,0.8,0.5785303115844727,0.0
RFP_0882,SKU_233,partially matching,0.6499591513113542,0.9090909090909091,0.6513789892196655,0.0
RFP_0883,SKU_272,matching,0.7282458861668903,0.6666666666666666,0.6497085094451904,1.0
RFP_0884,SKU_204,partially matching,0.5087130004709417,0.6363636363636364,0.6351039409637451,0.0
RFP_0885,SKU_121,partially matching,0.588395607471466,0.4,0.6279853582382202,1.0
RFP_0886,SKU_250,matching,0.7686025500297546,0.8,0.5620085000991821,1.0
RFP_0887,SKU_173,partially matching,0.6762368303078872,0.5384615384615384,0.6900202035903931,1.0
RFP_0888,SKU_299,partially matching,0.6251149036667563,0.5454545454545454,0.5079587697982788,1.0
RFP_0889,SKU_299,partially matching,0.5687753121058147,0.8333333333333334,0.5070288181304932,0.0
RFP_0890,SKU_132,matching,0.7673300846264912,0.8461538461538461,0.4808438718318939,1.0
RFP_0891,SKU_234,partially matching,0.655531112353007,0.5833333333333334,0.5462148189544678,1.0
RFP_0892,SKU_109,matching,0.8193824258717624,0.8181818181818182,0.7009717226028442,1.0
RFP_0893,SKU_276,partially matching,0.6600484587929465,0.5454545454545454,0.6244039535522461,1.0
RFP_0894,SKU_115,partially matching,0.6547233045101166,0.5,0.6824110150337219,1.0
RFP_0895,SKU_236,partially matching,0.6871786741109995,0.6923076923076923,0.47008275985717773,1.0
RFP_0896,SKU_294,partially matching,0.6335797369480134,0.5,0.6119324564933777,1.0
RFP_0897,SKU_248,partially matching,0.6151467204093932,0.5,0.550489068031311,1.0
RFP_0898,SKU_130,partially matching,0.6926028311252594,0.6,0.642009437084198,1.0
RFP_0899,SKU_268,partially matching,0.7056195226999429,0.6923076923076923,0.531552255153656,1.0
RFP_0900,SKU_137,partially matching,0.4354319155216217,0.4,0.784773051738739,0.0
RFP_0901,SKU_257,partially matching,0.7031691280695107,0.6923076923076923,0.5233842730522156,1.0
RFP_0902,SKU_288,partially matching,0.5795568964698098,0.45454545454545453,0.5076138973236084,1.0
RFP_0903,SKU_162,matching,0.7750444571177164,0.8333333333333334,0.527925968170166,1.0
RFP_0904,SKU_162,partially matching,0.48637190063794455,0.6666666666666666,0.5101285576820374,0.0
RFP_0905,SKU_105,partially matching,0.7041112953966313,0.6363636363636364,0.6197649240493774,1.0
RFP_0906,SKU_248,partially matching,0.652979063987732,0.5,0.6765968799591064,1.0
RFP_0907,SKU_216,partially matching,0.6111400246620178,0.8,0.7038000822067261,0.0
RFP_0908,SKU_224,matching,0.7243164328428415,0.6923076923076923,0.5938752889633179,1.0
RFP_0909,SKU_209,partially matching,0.5251857334917241,0.6363636363636364,0.69001305103302,0.0
RFP_0910,SKU_199,partially matching,0.6629148582617441,0.5833333333333334,0.570827305316925,1.0
RFP_0911,SKU_236,partially matching,0.5743808428446452,0.8333333333333334,0.5257139205932617,0.0
RFP_0912,SKU_214,partially matching,0.6542100667953492,0.6,0.5140335559844971,1.0
RFP_0913,SKU_167,matching,0.7415495693683625,0.75,0.5551652312278748,1.0
RFP_0914,SKU_250,partially matching,0.5758029213318459,0.7692307692307693,0.6372917890548706,0.0
RFP_0915,SKU_254,matching,0.7613232683051716,0.7272727272727273,0.6589563488960266,1.0
RFP_0916,SKU_211,matching,0.8251653148577764,0.8461538461538461,0.6736279726028442,1.0
RFP_0917,SKU_176,matching,0.7538794902654795,0.6923076923076923,0.6924188137054443,1.0
RFP_0918,SKU_195,matching,0.7504684041846883,0.7272727272727273,0.6227734684944153,1.0
RFP_0919,SKU_237,partially matching,0.4683504407222454,0.6153846153846154,0.5355271100997925,0.0
RFP_0920,SKU_272,partially matching,0.5517857670783997,0.7,0.6726192235946655,0.0
RFP_0921,SKU_158,matching,0.737554908882488,0.7272727272727273,0.5797284841537476,1.0
RFP_0922,SKU_107,partially matching,0.5292960047721863,0.75,0.5143200159072876,0.0
RFP_0923,SKU_137,partially matching,0.4673125527121804,0.45454545454545453,0.8001327514648438,0.0
RFP_0924,SKU_156,partially matching,0.5207460338419134,0.6363636363636364,0.6752140522003174,0.0
RFP_0925,SKU_219,partially matching,0.5060132324695588,0.6,0.686710774898529,0.0
RFP_0926,SKU_280,partially matching,0.6484098454316457,0.9166666666666666,0.6335883736610413,0.0
RFP_0927,SKU_204,matching,0.853220150562433,0.9230769230769231,0.6389389634132385,1.0
RFP_0928,SKU_167,partially matching,0.6343819894573905,0.5454545454545454,0.5388490557670593,1.0
RFP_0929,SKU_137,partially matching,0.48492923378944397,0.5,0.7830974459648132,0.0
RFP_0930,SKU_185,partially matching,0.4877430657545726,0.5833333333333334,0.6535879969596863,0.0
RFP_0931,SKU_107,partially matching,0.6388895822895897,0.4444444444444444,0.7222245335578918,1.0
RFP_0932,SKU_224,matching,0.7500539183616637,0.7,0.6668463945388794,1.0
RFP_0933,SKU_233,matching,0.8398755073547364,0.9,0.6329183578491211,1.0
RFP_0934,SKU_265,partially matching,0.6392720460891723,0.9,0.6309068202972412,0.0
RFP_0935,SKU_125,partially matching,0.7104899287223816,0.6,0.701633095741272,1.0
RFP_0936,SKU_230,matching,0.8557567238807677,0.9,0.6858557462692261,1.0
RFP_0937,SKU_270,matching,0.7738055792721836,0.8181818181818182,0.549048900604248,1.0
RFP_0938,SKU_199,partially matching,0.6910203476746877,0.6666666666666666,0.5256233811378479,1.0
RFP_0939,SKU_144,partially matching,0.5989857998761264,0.8181818181818182,0.6329829692840576,0.0
RFP_0940,SKU_171,matching,0.7255572071442238,0.7692307692307693,0.46980607509613037,1.0
RFP_0941,SKU_107,partially matching,0.6097787141799926,0.4,0.6992623805999756,1.0
RFP_0942,SKU_153,partially matching,0.6620692094167073,0.6666666666666666,0.4291195869445801,1.0
RFP_0943,SKU_248,partially matching,0.6930682341257732,0.5833333333333334,0.6713385581970215,1.0
RFP_0944,SKU_199,partially matching,0.6682404691522772,0.6363636363636364,0.5001955032348633,1.0
RFP_0945,SKU_176,partially matching,0.7023802692239935,0.6363636363636364,0.613994836807251,1.0
RFP_0946,SKU_126,matching,0.8243336041768392,0.9166666666666666,0.5533342361450195,1.0
RFP_0947,SKU_233,partially matching,0.6321573219516061,0.45454545454545453,0.682948648929596,1.0
RFP_0948,SKU_176,matching,0.7914890160927406,0.7692307692307693,0.6895787715911865,1.0
RFP_0949,SKU_236,partially matching,0.7161589115858078,0.75,0.470529705286026,1.0
RFP_0950,SKU_284,partially matching,0.7023160417874654,0.6666666666666666,0.5632756948471069,1.0
RFP_0951,SKU_256,matching,0.7333064864982257,0.7272727272727273,0.5655670762062073,1.0
RFP_0952,SKU_189,partially matching,0.6804604530334473,0.6,0.6015348434448242,1.0
RFP_0953,SKU_240,matching,0.7901916852364173,0.7692307692307693,0.6852543354034424,1.0
RFP_0954,SKU_217,partially matching,0.7032397238107828,0.6923076923076923,0.5236195921897888,1.0
RFP_0955,SKU_158,partially matching,0.6762719869613647,0.6,0.5875732898712158,1.0
RFP_0956,SKU_265,partially matching,0.6842134555180868,0.6666666666666666,0.5029337406158447,1.0
RFP_0957,SKU_136,partially matching,0.7199736773967742,0.7,0.5665789246559143,1.0
RFP_0958,SKU_281,partially matching,0.6376937728661758,0.5384615384615384,0.561543345451355,1.0
RFP_0959,SKU_111,partially matching,0.7080470949411393,0.8,0.36015698313713074,1.0
RFP_0960,SKU_176,matching,0.7941600322723388,0.8,0.6472001075744629,1.0
RFP_0961,SKU_210,matching,0.740635242828956,0.6923076923076923,0.6482713222503662,1.0
RFP_0962,SKU_147,partially matching,0.5254088342189789,0.7,0.5846961140632629,0.0
RFP_0963,SKU_101,partially matching,0.7016259257610027,0.6153846153846154,0.6464453935623169,1.0
RFP_0964,SKU_205,partially matching,0.6249503718482123,0.5555555555555556,0.49057531356811523,1.0
RFP_0965,SKU_193,partially matching,0.570131622932174,0.45454545454545453,0.4761963188648224,1.0
RFP_0966,SKU_281,partially matching,0.553870689868927,0.75,0.5962356328964233,0.0
RFP_0967,SKU_107,partially matching,0.4865674235604026,0.5454545454545454,0.7128005027770996,0.0
RFP_0968,SKU_188,partially matching,0.6550841017202897,0.9090909090909091,0.6684621572494507,0.0
RFP_0969,SKU_206,partially matching,0.544413936138153,0.75,0.5647131204605103,0.0
RFP_0970,SKU_272,partially matching,0.5322605629762014,0.6666666666666666,0.6630907654762268,0.0
RFP_0971,SKU_125,matching,0.7634659469127654,0.7,0.711553156375885,1.0
RFP_0972,SKU_274,partially matching,0.661851376753587,0.6153846153846154,0.5138635635375977,1.0
RFP_0973,SKU_278,partially matching,0.4812921621582724,0.5454545454545454,0.6952162981033325,0.0
RFP_0974,SKU_176,matching,0.8896570301972904,0.9230769230769231,0.7603952288627625,1.0
RFP_0975,SKU_251,partially matching,0.4592553377151489,0.6,0.5308511257171631,0.0
RFP_0976,SKU_229,partially matching,0.478318190574646,0.6,0.5943939685821533,0.0
RFP_0977,SKU_276,matching,0.8056279778480531,0.8,0.6854265928268433,1.0
RFP_0978,SKU_265,matching,0.7547161904248325,0.8181818181818182,0.48541760444641113,1.0
RFP_0979,SKU_101,matching,0.7211248511617834,0.6363636363636364,0.676476776599884,1.0
RFP_0980,SKU_250,partially matching,0.6652045572345907,0.6363636363636364,0.4900757968425751,1.0
RFP_0981,SKU_124,partially matching,0.6733600775400799,0.5833333333333334,0.605644702911377,1.0
RFP_0982,SKU_159,matching,0.7812929570674896,0.8,0.6043098568916321,1.0
RFP_0983,SKU_250,partially matching,0.6992265492677688,0.7,0.49742183089256287,1.0
RFP_0984,SKU_257,partially matching,0.535798442363739,0.7,0.6193281412124634,0.0
RFP_0985,SKU_218,matching,0.7305792590746514,0.7692307692307693,0.48654624819755554,1.0
RFP_0986,SKU_157,partially matching,0.6544580101966857,0.6,0.5148600339889526,1.0
RFP_0987,SKU_147,partially matching,0.6561949253082275,0.9,0.6873164176940918,0.0
RFP_0988,SKU_144,matching,0.7439253032207489,0.7,0.6464176774024963,1.0
RFP_0989,SKU_257,partially matching,0.5842732033946297,0.45454545454545453,0.5233349204063416,1.0
RFP_0990,SKU_130,partially matching,0.6098396200400134,0.46153846153846156,0.5969012975692749,1.0
RFP_0991,SKU_114,matching,0.8095098300413652,0.9090909090909091,0.5165479183197021,1.0
RFP_0992,SKU_115,matching,0.7508134027322133,0.6666666666666666,0.7249335646629333,1.0
RFP_0993,SKU_232,partially matching,0.6941711003130133,0.6363636363636364,0.5866309404373169,1.0
RFP_0994,SKU_227,partially matching,0.674078392982483,0.5,0.7469279766082764,1.0
RFP_0995,SKU_185,partially matching,0.4461219608783722,0.5,0.653739869594574,0.0
RFP_0996,SKU_266,partially matching,0.6491536378860474,0.6,0.4971787929534912,1.0
RFP_0997,SKU_240,partially matching,0.7003224651018778,0.5833333333333334,0.6955193281173706,1.0
RFP_0998,SKU_273,partially matching,0.5927411397298177,0.4166666666666667,0.6146926879882812,1.0
RFP_0999,SKU_206,partially matching,0.6541970173517864,0.5833333333333334,0.5417678356170654,1.0
RFP_1000,SKU_198,partially matching,0.5587352514266968,0.75,0.6124508380889893,0.0
RFP_1001,SKU_162,matching,0.7216498970985412,0.7,0.5721663236618042,1.0
RFP_1002,SKU_290,partially matching,0.6096361114428593,0.8461538461538461,0.6218639612197876,0.0
RFP_1003,SKU_286,matching,0.7580229889262806,0.7272727272727273,0.6479554176330566,1.0
RFP_1004,SKU_152,matching,0.8596666296323141,0.9166666666666666,0.671110987663269,1.0
RFP_1005,SKU_185,matching,0.8592738866806031,0.9,0.6975796222686768,1.0
RFP_1006,SKU_155,matching,0.8259405533472697,0.8333333333333334,0.6975796222686768,1.0
RFP_1007,SKU_261,partially matching,0.5929108467969028,0.8181818181818182,0.6127331256866455,0.0
RFP_1008,SKU_286,matching,0.746094682583442,0.6923076923076923,0.6664694547653198,1.0
RFP_1009,SKU_276,matching,0.8013846158981324,0.8,0.6712820529937744,1.0
RFP_1010,SKU_217,partially matching,0.6400179271514599,0.6153846153846154,0.4410853981971741,1.0
RFP_1011,SKU_219,partially matching,0.5897410741219153,0.7692307692307693,0.6837522983551025,0.0
RFP_1012,SKU_280,partially matching,0.5529009174216877,0.7272727272727273,0.6308818459510803,0.0
RFP_1013,SKU_228,partially matching,0.6263065874576568,0.5,0.5876886248588562,1.0
RFP_1014,SKU_160,matching,0.7646373450756072,0.75,0.6321244835853577,1.0
RFP_1015,SKU_146,partially matching,0.5424748182296752,0.7,0.641582727432251,0.0
RFP_1016,SKU_257,partially matching,0.6642289261023204,0.5833333333333334,0.575207531452179,1.0
RFP_1017,SKU_246,partially matching,0.5737153759369483,0.7692307692307693,0.6303333044052124,0.0
RFP_1018,SKU_278,matching,0.8218222704800693,0.8181818181818182,0.7091045379638672,1.0
RFP_1019,SKU_288,partially matching,0.6665848354498545,0.5833333333333334,0.5830605626106262,1.0
RFP_1020,SKU_183,partially matching,0.44638542532920833,0.5,0.6546180844306946,0.0
RFP_1021,SKU_160,partially matching,0.6227903425693512,0.8,0.7426344752311707,0.0
RFP_1022,SKU_154,partially matching,0.5635990153659474,0.7272727272727273,0.6665421724319458,0.0
RFP_1023,SKU_252,partially matching,0.5908916354179382,0.8,0.6363054513931274,0.0
RFP_1024,SKU_115,matching,0.7550537168979645,0.7,0.6835123896598816,1.0
RFP_1025,SKU_178,partially matching,0.7075558801492055,0.6666666666666666,0.580741822719574,1.0
RFP_1026,SKU_163,matching,0.7541980949315159,0.8181818181818182,0.48369061946868896,1.0
RFP_1027,SKU_290,partially matching,0.68447234080388,0.6153846153846154,0.5892667770385742,1.0
RFP_1028,SKU_135,matching,0.8133372274312107,0.8181818181818182,0.6808210611343384,1.0
RFP_1029,SKU_259,matching,0.7241697093615165,0.7692307692307693,0.4651810824871063,1.0
RFP_1030,SKU_252,matching,0.7276089159341959,0.6923076923076923,0.6048502326011658,1.0
RFP_1031,SKU_299,partially matching,0.6935877760251363,0.6666666666666666,0.5341814756393433,1.0
RFP_1032,SKU_288,partially matching,0.7186733424663543,0.7,0.5622444748878479,1.0
RFP_1033,SKU_291,partially matching,0.6244477609793345,0.8333333333333334,0.6926036477088928,0.0
RFP_1034,SKU_103,partially matching,0.6018323209550646,0.8888888888888888,0.5246262550354004,0.0
RFP_1035,SKU_107,partially matching,0.6384952745654366,0.45454545454545453,0.7040751576423645,1.0
RFP_1036,SKU_192,partially matching,0.6536731263001759,0.9166666666666666,0.6511326432228088,0.0
RFP_1037,SKU_228,partially matching,0.578716383377711,0.8333333333333334,0.5401657223701477,0.0
RFP_1038,SKU_212,partially matching,0.6145187457402548,0.4166666666666667,0.6872847080230713,1.0
RFP_1039,SKU_183,partially matching,0.6508111639456315,0.9090909090909091,0.6542190313339233,0.0
RFP_1040,SKU_166,partially matching,0.537780636548996,0.75,0.5426021218299866,0.0
RFP_1041,SKU_261,partially matching,0.6920366565386455,0.5833333333333334,0.6678999662399292,1.0
RFP_1042,SKU_299,partially matching,0.6177112978238326,0.5384615384615384,0.4949350953102112,1.0
RFP_1043,SKU_157,partially matching,0.6439203480879465,0.5833333333333334,0.5075122714042664,1.0
RFP_1044,SKU_230,matching,0.7845862925052642,0.75,0.6986209750175476,1.0
RFP_1045,SKU_265,partially matching,0.6438546581701798,0.9090909090909091,0.6310306787490845,0.0
RFP_1046,SKU_160,partially matching,0.6985283335049948,0.6666666666666666,0.5506500005722046,1.0
RFP_1047,SKU_141,matching,0.7747488310703865,0.7692307692307693,0.6337781548500061,1.0
RFP_1048,SKU_217,partially matching,0.6221096614996593,0.5833333333333334,0.43480998277664185,1.0
RFP_1049,SKU_274,partially matching,0.706437176465988,0.7,0.5214572548866272,1.0
RFP_1050,SKU_188,matching,0.7333947420120239,0.75,0.5279824733734131,1.0
RFP_1051,SKU_233,partially matching,0.7185670072382147,0.6363636363636364,0.6679506301879883,1.0
RFP_1052,SKU_259,partially matching,0.6012003064155578,0.5,0.5040010213851929,1.0
RFP_1053,SKU_114,partially matching,0.6035505473613739,0.9,0.5118351578712463,0.0
RFP_1054,SKU_189,partially matching,0.6855411285703832,0.6363636363636364,0.5578643679618835,1.0
RFP_1055,SKU_176,partially matching,0.7168669899304707,0.6666666666666666,0.6117788553237915,1.0
RFP_1056,SKU_275,partially matching,0.556749027967453,0.8,0.52249675989151,0.0
RFP_1057,SKU_152,partially matching,0.5803653148087589,0.8181818181818182,0.5709146857261658,0.0
RFP_1058,SKU_135,partially matching,0.47313284277915957,0.5,0.7437761425971985,0.0
RFP_1059,SKU_299,matching,0.7702236858281222,0.8181818181818182,0.5371092557907104,1.0
RFP_1060,SKU_220,matching,0.8374636259945956,0.8181818181818182,0.7612423896789551,1.0
RFP_1061,SKU_165,partially matching,0.4302626689275106,0.4166666666666667,0.7397644519805908,0.0
RFP_1062,SKU_158,partially matching,0.559206701408733,0.7272727272727273,0.651901125907898,0.0
RFP_1063,SKU_272,matching,0.8494767427444458,0.9,0.6649224758148193,1.0
RFP_1064,SKU_112,partially matching,0.5680210021409122,0.8181818181818182,0.5297669768333435,0.0
RFP_1065,SKU_281,matching,0.7650652518639198,0.7692307692307693,0.6014995574951172,1.0
RFP_1066,SKU_176,matching,0.808802604675293,0.8,0.6960086822509766,1.0
RFP_1067,SKU_115,matching,0.7864674579013478,0.7272727272727273,0.7427703142166138,1.0
RFP_1068,SKU_225,partially matching,0.5642773866653443,0.3,0.7142579555511475,1.0
RFP_1069,SKU_115,matching,0.7376455241983586,0.6363636363636364,0.7315456867218018,1.0
RFP_1070,SKU_107,partially matching,0.5075694541136424,0.5833333333333334,0.7196759581565857,0.0
RFP_1071,SKU_176,matching,0.7472453724254262,0.7272727272727273,0.612030029296875,1.0
RFP_1072,SKU_257,partially matching,0.6188714842001597,0.8333333333333334,0.6740160584449768,0.0
RFP_1073,SKU_166,partially matching,0.5990797129544345,0.8181818181818182,0.633296012878418,0.0
RFP_1074,SKU_291,matching,0.8171610573927561,0.8333333333333334,0.6683146357536316,1.0
RFP_1075,SKU_185,matching,0.8693480356173082,0.9090909090909091,0.7160086035728455,1.0
RFP_1076,SKU_217,partially matching,0.5577157221057198,0.45454545454545453,0.43480998277664185,1.0
RFP_1077,SKU_160,partially matching,0.5234738071759542,0.6666666666666666,0.6338015794754028,0.0
RFP_1078,SKU_130,partially matching,0.6465693175792695,0.5,0.6552310585975647,1.0
RFP_1079,SKU_286,partially matching,0.5312441853376535,0.6923076923076923,0.6169677972793579,0.0
RFP_1080,SKU_210,partially matching,0.6126615363817949,0.46153846153846156,0.6063076853752136,1.0
RFP_1081,SKU_284,partially matching,0.5407117751928476,0.6923076923076923,0.6485264301300049,0.0
RFP_1082,SKU_125,matching,0.8146958033243816,0.8333333333333334,0.6600971221923828,1.0
RFP_1083,SKU_236,matching,0.8120364447434743,0.9166666666666666,0.51234370470047,1.0
RFP_1084,SKU_185,matching,0.8029060721397401,0.8,0.6763535737991333,1.0
RFP_1085,SKU_280,matching,0.8111683038148014,0.8181818181818182,0.6735913157463074,1.0
RFP_1086,SKU_250,partially matching,0.662338415781657,0.5833333333333334,0.5689058303833008,1.0
RFP_1087,SKU_236,matching,0.730832290649414,0.8,0.4361076354980469,1.0
RFP_1088,SKU_183,partially matching,0.5297385891278584,0.6666666666666666,0.6546841859817505,0.0
RFP_1089,SKU_233,partially matching,0.6115115026632945,0.8333333333333334,0.649482786655426,0.0
RFP_1090,SKU_135,matching,0.7504001644941476,0.6923076923076923,0.6808210611343384,1.0
RFP_1091,SKU_105,partially matching,0.563023853302002,0.75,0.6267461776733398,0.0
RFP_1092,SKU_176,matching,0.8035761323842137,0.8181818181818182,0.6482840776443481,1.0
RFP_1093,SKU_260,matching,0.7593833208084106,0.7,0.6979444026947021,1.0
RFP_1094,SKU_274,matching,0.8207375705242157,0.9,0.569125235080719,1.0
RFP_1095,SKU_248,partially matching,0.6927922169367473,0.5833333333333334,0.6704185009002686,1.0
RFP_1096,SKU_257,partially matching,0.5416994094848633,0.7,0.6389980316162109,0.0
RFP_1097,SKU_146,partially matching,0.6179016389630057,0.5454545454545454,0.4839145541191101,1.0
RFP_1098,SKU_233,matching,0.7330574472745259,0.6666666666666666,0.6657470464706421,1.0
RFP_1099,SKU_117,matching,0.7734978153155401,0.8461538461538461,0.5014029741287231,1.0
RFP_1100,SKU_123,partially matching,0.7041845988143574,0.7272727272727273,0.46849411725997925,1.0
RFP_1101,SKU_149,partially matching,0.5520132303237915,0.8,0.5067107677459717,0.0
RFP_1102,SKU_141,partially matching,0.644124524159865,0.9090909090909091,0.6319302320480347,0.0
RFP_1103,SKU_188,partially matching,0.5640636444091797,0.8,0.5468788146972656,0.0
RFP_1104,SKU_152,matching,0.8078963306817142,0.8181818181818182,0.6626847386360168,1.0
RFP_1105,SKU_284,partially matching,0.5955062806606293,0.5,0.4850209355354309,1.0
RFP_1106,SKU_173,partially matching,0.5979532475654896,0.38461538461538464,0.6854851841926575,1.0
RFP_1107,SKU_249,partially matching,0.5739371716976166,0.75,0.6631239056587219,0.0
RFP_1108,SKU_135,partially matching,0.6914913231676275,0.6363636363636364,0.5776983499526978,1.0
RFP_1109,SKU_107,partially matching,0.5606353223323821,0.3,0.7021177411079407,1.0
RFP_1110,SKU_270,matching,0.8114092989401385,0.9090909090909091,0.5228794813156128,1.0
RFP_1111,SKU_227,partially matching,0.713905421892802,0.5833333333333334,0.7407958507537842,1.0
RFP_1112,SKU_160,partially matching,0.4734540402889251,0.6,0.5781801342964172,0.0
RFP_1113,SKU_115,matching,0.8253714144229889,0.8,0.7512380480766296,1.0
RFP_1114,SKU_160,partially matching,0.5691196858882903,0.7,0.730398952960968,0.0
RFP_1115,SKU_176,matching,0.8563844680786132,0.9,0.6879482269287109,1.0
RFP_1116,SKU_275,partially matching,0.5981697122255961,0.8333333333333334,0.6050101518630981,0.0
RFP_1117,SKU_261,partially matching,0.5505943607200275,0.7272727272727273,0.6231933236122131,0.0
RFP_1118,SKU_299,partially matching,0.6784893338496869,0.6153846153846154,0.5693234205245972,1.0
RFP_1119,SKU_135,matching,0.7453288446773183,0.7272727272727273,0.6056416034698486,1.0
RFP_1120,SKU_261,partially matching,0.56803719997406,0.7,0.7267906665802002,0.0
RFP_1121,SKU_189,matching,0.7248957097530364,0.7,0.5829856991767883,1.0
RFP_1122,SKU_259,partially matching,0.5726728845101137,0.46153846153846156,0.47301217913627625,1.0
RFP_1123,SKU_256,partially matching,0.5515849828720093,0.75,0.5886166095733643,0.0
RFP_1124,SKU_295,partially matching,0.710864681005478,0.7,0.536215603351593,1.0
RFP_1125,SKU_256,matching,0.7529502868652345,0.8,0.5098342895507812,1.0
RFP_1126,SKU_247,matching,0.7824802449116339,0.7692307692307693,0.6595495343208313,1.0
RFP_1127,SKU_107,partially matching,0.6663632869720459,0.5,0.7212109565734863,1.0
RFP_1128,SKU_107,partially matching,0.5842511307109486,0.7272727272727273,0.7353825569152832,0.0
RFP_1129,SKU_160,partially matching,0.5465784907341003,0.7,0.6552616357803345,0.0
RFP_1130,SKU_176,partially matching,0.6091050505638123,0.8,0.6970168352127075,0.0
RFP_1131,SKU_299,partially matching,0.6225249447605827,0.5454545454545454,0.49932557344436646,1.0
RFP_1132,SKU_103,partially matching,0.6540821254253388,0.6,0.5136070847511292,1.0
RFP_1133,SKU_274,partially matching,0.691854586203893,0.6666666666666666,0.528404176235199,1.0
RFP_1134,SKU_206,partially matching,0.6998211768957285,0.6923076923076923,0.5122244358062744,1.0
RFP_1135,SKU_234,partially matching,0.6018269493029668,0.8461538461538461,0.595833420753479,0.0
RFP_1136,SKU_274,partially matching,0.5918364253911106,0.8181818181818182,0.6091517210006714,0.0
RFP_1137,SKU_176,partially matching,0.5775742521652809,0.7692307692307693,0.6431962251663208,0.0
RFP_1138,SKU_116,matching,0.7502018462527882,0.7272727272727273,0.6218849420547485,1.0
RFP_1139,SKU_266,partially matching,0.6262352444908836,0.5454545454545454,0.5116932392120361,1.0
RFP_1140,SKU_248,partially matching,0.6985507547855376,0.6,0.6618358492851257,1.0
RFP_1141,SKU_188,partially matching,0.6549867471059163,0.9166666666666666,0.6555113792419434,0.0
RFP_1142,SKU_188,matching,0.7548470726379981,0.7692307692307693,0.5674389600753784,1.0
RFP_1143,SKU_109,matching,0.8173094286368443,0.8461538461538461,0.6474416851997375,1.0
RFP_1144,SKU_158,partially matching,0.6747284293174745,0.6,0.5824280977249146,1.0
RFP_1145,SKU_130,partially matching,0.6371131360530853,0.5,0.6237104535102844,1.0
RFP_1146,SKU_220,matching,0.8232765197753906,0.8,0.7442550659179688,1.0
RFP_1147,SKU_115,matching,0.7966378331184387,0.75,0.7387927770614624,1.0
RFP_1148,SKU_115,matching,0.8717284603552384,0.9090909090909091,0.7239433526992798,1.0
RFP_1149,SKU_186,matching,0.7215954740842183,0.6666666666666666,0.6275404691696167,1.0
RFP_1150,SKU_185,partially matching,0.5963784615198772,0.8333333333333334,0.5990393161773682,0.0
RFP_1151,SKU_130,matching,0.762322963367809,0.7272727272727273,0.6622886657714844,1.0
RFP_1152,SKU_170,partially matching,0.5628171324729919,0.8,0.5427237749099731,0.0
RFP_1153,SKU_150,matching,0.7523409258235585,0.7272727272727273,0.6290152072906494,1.0
RFP_1154,SKU_229,matching,0.7363354802131652,0.75,0.5377849340438843,1.0
RFP_1155,SKU_266,matching,0.7345605015754699,0.75,0.5318683385848999,1.0
RFP_1156,SKU_281,partially matching,0.7069461425145467,0.6666666666666666,0.5787093639373779,1.0
RFP_1157,SKU_206,partially matching,0.657088092657236,0.9230769230769231,0.651832103729248,0.0
RFP_1158,SKU_277,partially matching,0.6719367325305938,0.6,0.5731224417686462,1.0
RFP_1159,SKU_272,partially matching,0.6840992991740886,0.6153846153846154,0.58802330493927,1.0
RFP_1160,SKU_109,matching,0.7370415568351745,0.7,0.6234718561172485,1.0
RFP_1161,SKU_141,partially matching,0.7035056347196753,0.6363636363636364,0.6177460551261902,1.0
RFP_1162,SKU_183,partially matching,0.672344813563607,0.5454545454545454,0.6653918027877808,1.0
RFP_1163,SKU_111,partially matching,0.6716834585775029,0.7272727272727273,0.36015698313713074,1.0
RFP_1164,SKU_125,matching,0.7970770767101876,0.7692307692307693,0.7082056403160095,1.0
RFP_1165,SKU_206,partially matching,0.5790694859894839,0.8181818181818182,0.5665952563285828,0.0
RFP_1166,SKU_272,partially matching,0.5840185653079639,0.7272727272727273,0.7346073389053345,0.0
RFP_1167,SKU_202,matching,0.7547751784324646,0.7,0.6825839281082153,1.0
RFP_1168,SKU_189,matching,0.7241963942845662,0.6666666666666666,0.6362102031707764,1.0
RFP_1169,SKU_117,matching,0.7335167997413212,0.7777777777777778,0.48209303617477417,1.0
RFP_1170,SKU_206,partially matching,0.7115631540616354,0.6666666666666666,0.5940994024276733,1.0
RFP_1171,SKU_117,partially matching,0.6345493763685226,0.6,0.4484979212284088,1.0
RFP_1172,SKU_257,partially matching,0.530194100508323,0.6923076923076923,0.6134675145149231,0.0
RFP_1173,SKU_155,matching,0.7361479063828786,0.6666666666666666,0.6760485768318176,1.0
RFP_1174,SKU_236,matching,0.7230301390994678,0.7272727272727273,0.5313125848770142,1.0
RFP_1175,SKU_293,matching,0.7989234666029612,0.8333333333333334,0.6075226664543152,1.0
RFP_1176,SKU_173,partially matching,0.6574225544929504,0.5,0.6914085149765015,1.0
RFP_1177,SKU_105,matching,0.7734595130790363,0.7272727272727273,0.6994104981422424,1.0
RFP_1178,SKU_234,partially matching,0.6836782450025731,0.6363636363636364,0.5516547560691833,1.0
RFP_1179,SKU_300,partially matching,0.5775021901497475,0.7692307692307693,0.642956018447876,0.0
RFP_1180,SKU_250,matching,0.7840911177071659,0.8181818181818182,0.5833340287208557,1.0
RFP_1181,SKU_299,partially matching,0.5651534806598316,0.7272727272727273,0.6717237234115601,0.0
RFP_1182,SKU_155,partially matching,0.5228479201143438,0.6363636363636364,0.6822203397750854,0.0
RFP_1183,SKU_228,partially matching,0.6016813357671102,0.4166666666666667,0.6444933414459229,1.0
RFP_1184,SKU_137,partially matching,0.49590115330436013,0.5454545454545454,0.743912935256958,0.0
RFP_1185,SKU_214,partially matching,0.669689273292368,0.6363636363636364,0.5050248503684998,1.0
RFP_1186,SKU_277,partially matching,0.5579069560224359,0.36363636363636365,0.5869625806808472,1.0
RFP_1187,SKU_185,partially matching,0.5718340387711158,0.7692307692307693,0.624062180519104,0.0
RFP_1188,SKU_225,partially matching,0.5705589166054359,0.7692307692307693,0.6198117733001709,0.0
RFP_1189,SKU_228,partially matching,0.6428116538307884,0.5454545454545454,0.5669479370117188,1.0
RFP_1190,SKU_299,partially matching,0.6114537935990554,0.5384615384615384,0.4740767478942871,1.0
RFP_1191,SKU_101,matching,0.7439336180686951,0.7,0.6464453935623169,1.0
RFP_1192,SKU_176,matching,0.7813844680786133,0.75,0.6879482269287109,1.0
RFP_1193,SKU_170,matching,0.7873620728651682,0.8333333333333334,0.5689846873283386,1.0
RFP_1194,SKU_152,matching,0.7961643576622008,0.8,0.6538811922073364,1.0
RFP_1195,SKU_272,matching,0.7527895092964172,0.75,0.5926316976547241,1.0
RFP_1196,SKU_275,matching,0.7743808964888255,0.8333333333333334,0.525714099407196,1.0
RFP_1197,SKU_176,partially matching,0.5733154784549366,0.7272727272727273,0.6989303827285767,0.0
RFP_1198,SKU_211,partially matching,0.6997353613376618,0.6,0.6657845377922058,1.0
RFP_1199,SKU_288,partially matching,0.6952578981717428,0.6666666666666666,0.5397485494613647,1.0
RFP_1200,SKU_286,partially matching,0.666530124165795,0.5454545454545454,0.6460095047950745,1.0
RFP_1201,SKU_137,partially matching,0.6553238254327041,0.5384615384615384,0.6203101873397827,1.0
RFP_1202,SKU_161,matching,0.7406006466258657,0.7272727272727273,0.5898809432983398,1.0
RFP_1203,SKU_228,partially matching,0.5917786551846398,0.4444444444444444,0.5651881098747253,1.0
RFP_1204,SKU_219,matching,0.7314499815305073,0.6666666666666666,0.6603888273239136,1.0
RFP_1205,SKU_188,partially matching,0.4707848126238042,0.6363636363636364,0.5086766481399536,0.0
RFP_1206,SKU_259,matching,0.8419464631514115,0.9090909090909091,0.6246700286865234,1.0
RFP_1207,SKU_163,partially matching,0.6785489966471989,0.6666666666666666,0.48405221104621887,1.0
RFP_1208,SKU_277,matching,0.7544136455425849,0.7692307692307693,0.5659942030906677,1.0
RFP_1209,SKU_193,partially matching,0.5828614870707194,0.8333333333333334,0.5539827346801758,0.0
RFP_1210,SKU_259,partially matching,0.5529232144355773,0.8,0.5097440481185913,0.0
RFP_1211,SKU_231,partially matching,0.647022525288842,0.5454545454545454,0.5809841752052307,1.0
RFP_1212,SKU_241,partially matching,0.5798244118690491,0.8,0.5994147062301636,0.0
RFP_1213,SKU_286,partially matching,0.6514980554580689,0.5,0.6716601848602295,1.0
RFP_1214,SKU_137,partially matching,0.5436629533767701,0.6,0.8122098445892334,0.0
RFP_1215,SKU_192,partially matching,0.5939469304951754,0.8181818181818182,0.6161867380142212,0.0
RFP_1216,SKU_247,partially matching,0.5786783218383789,0.4,0.5955944061279297,1.0
RFP_1217,SKU_176,matching,0.7461210846900939,0.7,0.65373694896698,1.0
RFP_1218,SKU_223,matching,0.8148730066689578,0.8181818181818182,0.6859403252601624,1.0
RFP_1219,SKU_288,partially matching,0.5564011693000793,0.7,0.6880038976669312,0.0
RFP_1220,SKU_219,partially matching,0.5729121685028076,0.7,0.7430405616760254,0.0
RFP_1221,SKU_163,partially matching,0.7193477720022201,0.75,0.4811592400074005,1.0
RFP_1222,SKU_288,partially matching,0.704599424203237,0.6666666666666666,0.5708869695663452,1.0
RFP_1223,SKU_103,matching,0.7267763018608093,0.75,0.5059210062026978,1.0
RFP_1224,SKU_162,matching,0.7934221307436626,0.8333333333333334,0.5891848802566528,1.0
RFP_1225,SKU_299,partially matching,0.6920786052942276,0.7,0.47359535098075867,1.0
RFP_1226,SKU_105,partially matching,0.5657037734985352,0.75,0.6356792449951172,0.0
RFP_1227,SKU_185,matching,0.7645983219146728,0.7,0.7153277397155762,1.0
RFP_1228,SKU_224,matching,0.7353524883588154,0.6666666666666666,0.6733971834182739,1.0
RFP_1229,SKU_219,partially matching,0.6082109729448955,0.8333333333333334,0.6384810209274292,0.0
RFP_1230,SKU_228,matching,0.7872593164443971,0.8,0.6241977214813232,1.0
RFP_1231,SKU_284,partially matching,0.6708906883543189,0.6363636363636364,0.5090295672416687,1.0
RFP_1232,SKU_176,matching,0.8070835938820473,0.7692307692307693,0.741560697555542,1.0
RFP_1233,SKU_174,partially matching,0.5455283430906442,0.6923076923076923,0.6645816564559937,0.0
RFP_1234,SKU_211,matching,0.7538567808958201,0.6923076923076923,0.6923431158065796,1.0
RFP_1235,SKU_221,partially matching,0.657526377656243,0.5454545454545454,0.6159970164299011,1.0
RFP_1236,SKU_137,partially matching,0.4584144545925988,0.4444444444444444,0.7873074412345886,0.0
RFP_1237,SKU_264,matching,0.7564334300431339,0.8181818181818182,0.49114173650741577,1.0
RFP_1238,SKU_153,partially matching,0.5590494773604653,0.45454545454545453,0.43925583362579346,1.0
RFP_1239,SKU_152,partially matching,0.5460568904876708,0.7,0.6535229682922363,0.0
RFP_1240,SKU_206,partially matching,0.6974269469579061,0.6666666666666666,0.5469787120819092,1.0
RFP_1241,SKU_234,partially matching,0.5576365470886231,0.75,0.6087884902954102,0.0
RFP_1242,SKU_266,matching,0.8054816348986191,0.9090909090909091,0.5031206011772156,1.0
RFP_1243,SKU_299,matching,0.7419171386294894,0.7777777777777778,0.510094165802002,1.0
RFP_1244,SKU_147,partially matching,0.6512906134128571,0.5,0.6709687113761902,1.0
RFP_1245,SKU_240,partially matching,0.6979941248893737,0.6,0.6599804162979126,1.0
RFP_1246,SKU_163,matching,0.7219552278518677,0.75,0.4898507595062256,1.0
RFP_1247,SKU_257,matching,0.7934128681818644,0.8333333333333334,0.5891540050506592,1.0
RFP_1248,SKU_192,partially matching,0.6206850151220957,0.8333333333333334,0.6800611615180969,0.0
RFP_1249,SKU_288,matching,0.7635302971709859,0.7272727272727273,0.666313111782074,1.0
RFP_1250,SKU_252,matching,0.7952847182750702,0.8,0.6509490609169006,1.0
RFP_1251,SKU_257,partially matching,0.7015751620133717,0.6666666666666666,0.5608060956001282,1.0
RFP_1252,SKU_259,partially matching,0.6942152315920049,0.6363636363636364,0.5867780447006226,1.0
RFP_1253,SKU_125,partially matching,0.6750656227270762,0.5833333333333334,0.6113298535346985,1.0
RFP_1254,SKU_189,matching,0.7428126107562671,0.7272727272727273,0.5972541570663452,1.0
RFP_1255,SKU_165,partially matching,0.47551875160290646,0.6153846153846154,0.5594214797019958,0.0
RFP_1256,SKU_277,partially matching,0.5853413356675041,0.4444444444444444,0.5437303781509399,1.0
RFP_1257,SKU_188,matching,0.820318667455153,0.9090909090909091,0.5525773763656616,1.0
RFP_1258,SKU_180,matching,0.828865361213684,0.9,0.5962178707122803,1.0
RFP_1259,SKU_272,partially matching,0.6856659452120464,0.5833333333333334,0.6466642618179321,1.0
RFP_1260,SKU_296,matching,0.7930014621127734,0.7272727272727273,0.7645503282546997,1.0
RFP_1261,SKU_252,matching,0.7283639132976532,0.7,0.594546377658844,1.0
RFP_1262,SKU_297,partially matching,0.6115834573904674,0.8333333333333334,0.6497226357460022,0.0
RFP_1263,SKU_288,partially matching,0.6716301600138346,0.5833333333333334,0.5998783111572266,1.0
RFP_1264,SKU_259,partially matching,0.6277692635854085,0.9166666666666666,0.564786434173584,0.0
RFP_1265,SKU_189,matching,0.7927486101786296,0.8333333333333334,0.586939811706543,1.0
RFP_1266,SKU_123,matching,0.7621412171767308,0.8461538461538461,0.46354764699935913,1.0
RFP_1267,SKU_280,partially matching,0.5459006428718567,0.7,0.653002142906189,0.0
RFP_1268,SKU_232,partially matching,0.651650015332482,0.5454545454545454,0.5964091420173645,1.0
RFP_1269,SKU_190,partially matching,0.6634276409943898,0.9166666666666666,0.6836476922035217,0.0
RFP_1270,SKU_236,partially matching,0.6447332227771932,0.6363636363636364,0.42183801531791687,1.0
RFP_1271,SKU_300,partially matching,0.6509446402390797,0.9166666666666666,0.6420376896858215,0.0
RFP_1272,SKU_176,matching,0.7945357909569373,0.7692307692307693,0.6997346878051758,1.0
RFP_1273,SKU_228,partially matching,0.5921522639014505,0.45454545454545453,0.5495984554290771,1.0
RFP_1274,SKU_132,matching,0.7393890827894212,0.8,0.46463027596473694,1.0
RFP_1275,SKU_176,matching,0.7607699285853993,0.7272727272727273,0.6571118831634521,1.0
RFP_1276,SKU_176,matching,0.8679229296170747,0.9230769230769231,0.6879482269287109,1.0
RFP_1277,SKU_265,partially matching,0.5785019925007453,0.7692307692307693,0.6462886929512024,0.0
RFP_1278,SKU_277,matching,0.7785174429416657,0.8,0.5950581431388855,1.0
RFP_1279,SKU_252,partially matching,0.5569655537605286,0.4,0.5232185125350952,1.0
RFP_1280,SKU_272,matching,0.7783912530312171,0.7692307692307693,0.6459195613861084,1.0
RFP_1281,SKU_250,matching,0.7802957395712535,0.8333333333333334,0.5454302430152893,1.0
RFP_1282,SKU_252,partially matching,0.6414250590584494,0.5454545454545454,0.5623259544372559,1.0
RFP_1283,SKU_208,partially matching,0.6451974193255107,0.8333333333333334,0.76176917552948,0.0
RFP_1284,SKU_273,partially matching,0.6695608854293824,0.6,0.5652029514312744,1.0
RFP_1285,SKU_176,matching,0.8170730081471531,0.8181818181818182,0.693273663520813,1.0
RFP_1286,SKU_286,partially matching,0.6685985185883261,0.5454545454545454,0.6529041528701782,1.0
RFP_1287,SKU_144,partially matching,0.6194244503974915,0.9,0.5647481679916382,0.0
RFP_1288,SKU_166,matching,0.7897335304663731,0.8461538461538461,0.5555220246315002,1.0
RFP_1289,SKU_264,matching,0.8168587923049926,0.9,0.5561959743499756,1.0
RFP_1290,SKU_272,partially matching,0.6930862540548498,0.6363636363636364,0.5830147862434387,1.0
RFP_1291,SKU_160,partially matching,0.602242242372953,0.7692307692307693,0.7254228591918945,0.0
RFP_1292,SKU_207,partially matching,0.6753141982988877,0.9090909090909091,0.7358958125114441,0.0
RFP_1293,SKU_154,partially matching,0.44981715083122253,0.5,0.6660571694374084,0.0
RFP_1294,SKU_262,partially matching,0.6906010698188435,0.7272727272727273,0.42321568727493286,1.0
RFP_1295,SKU_274,matching,0.7286309242248534,0.75,0.5121030807495117,1.0
RFP_1296,SKU_156,partially matching,0.682673333088557,0.5833333333333334,0.6366888880729675,1.0
RFP_1297,SKU_165,partially matching,0.5481787919998169,0.75,0.5772626399993896,0.0
RFP_1298,SKU_246,matching,0.8360838695005937,0.9090909090909091,0.6051280498504639,1.0
RFP_1299,SKU_220,partially matching,0.5983626957123096,0.38461538461538464,0.6868500113487244,1.0
RFP_1300,SKU_166,partially matching,0.5784818589687347,0.8,0.5949395298957825,0.0
RFP_1301,SKU_210,partially matching,0.6276912152767182,0.5,0.5923040509223938,1.0
RFP_1302,SKU_284,partially matching,0.7090728839238485,0.6666666666666666,0.5857985019683838,1.0
RFP_1303,SKU_280,partially matching,0.5898475766181945,0.8,0.6328252553939819,0.0
RFP_1304,SKU_131,matching,0.8028241753578187,0.8,0.676080584526062,1.0
RFP_1305,SKU_228,partially matching,0.6652704954147339,0.6,0.5509016513824463,1.0
RFP_1306,SKU_268,matching,0.7213488459587096,0.7,0.5711628198623657,1.0
RFP_1307,SKU_172,matching,0.7896501044432322,0.8333333333333334,0.5766114592552185,1.0
RFP_1308,SKU_210,matching,0.720613997632807,0.6363636363636364,0.6747739315032959,1.0
RFP_1309,SKU_191,partially matching,0.5851759711901348,0.3333333333333333,0.7283643484115601,1.0
RFP_1310,SKU_184,partially matching,0.5771141409873963,0.5,0.4237138032913208,1.0
RFP_1311,SKU_259,matching,0.7280480336059223,0.7272727272727273,0.548038899898529,1.0
RFP_1312,SKU_207,partially matching,0.6677495241165161,0.9,0.7258317470550537,0.0
RFP_1313,SKU_277,partially matching,0.6679011702537536,0.6,0.5596705675125122,1.0
RFP_1314,SKU_152,partially matching,0.7117110495383923,0.6153846153846154,0.680062472820282,1.0
RFP_1315,SKU_259,partially matching,0.5962378323078156,0.8,0.6541261076927185,0.0
RFP_1316,SKU_115,matching,0.7876201461661945,0.7272727272727273,0.7466126084327698,1.0
RFP_1317,SKU_160,partially matching,0.5778072893619537,0.7,0.7593576312065125,0.0
RFP_1318,SKU_277,partially matching,0.6188742220401764,0.5,0.5629140734672546,1.0
RFP_1319,SKU_227,partially matching,0.6140861769517263,0.4166666666666667,0.6858428120613098,1.0
RFP_1320,SKU_233,matching,0.7357316017150879,0.7,0.619105339050293,1.0
RFP_1321,SKU_285,partially matching,0.6093022015961734,0.8181818181818182,0.6673709750175476,0.0
RFP_1322,SKU_246,partially matching,0.643241411447525,0.9,0.6441380381584167,0.0
RFP_1323,SKU_236,partially matching,0.7035664081573485,0.7,0.5118880271911621,1.0
RFP_1324,SKU_200,partially matching,0.5645906031131744,0.75,0.6319686770439148,0.0
RFP_1325,SKU_123,partially matching,0.6663595110177993,0.7,0.3878650367259979,1.0
RFP_1326,SKU_217,partially matching,0.5642736426808617,0.45454545454545453,0.45666971802711487,1.0
RFP_1327,SKU_152,partially matching,0.7114635352904981,0.6153846153846154,0.679237425327301,1.0
RFP_1328,SKU_185,partially matching,0.5584165096282958,0.7,0.6947216987609863,0.0
RFP_1329,SKU_164,partially matching,0.48081282973289485,0.5,0.7693760991096497,0.0
RFP_1330,SKU_206,partially matching,0.7031549294789632,0.6666666666666666,0.5660719871520996,1.0
RFP_1331,SKU_102,matching,0.8128058997067538,0.8181818181818182,0.6790499687194824,1.0
RFP_1332,SKU_288,partially matching,0.6091755509376526,0.5,0.5305851697921753,1.0
RFP_1333,SKU_293,partially matching,0.5733554950127235,0.7692307692307693,0.6291337013244629,0.0
RFP_1334,SKU_246,partially matching,0.4791232292468731,0.6153846153846154,0.5714364051818848,0.0
RFP_1335,SKU_280,partially matching,0.7184499680995942,0.7,0.5614998936653137,1.0
RFP_1336,SKU_204,matching,0.7292664495798258,0.6923076923076923,0.6103753447532654,1.0
RFP_1337,SKU_210,partially matching,0.6657077352205913,0.5833333333333334,0.5801368951797485,1.0
RFP_1338,SKU_257,matching,0.7699567258358002,0.8,0.5665224194526672,1.0
RFP_1339,SKU_198,matching,0.7259917755921681,0.6666666666666666,0.6421948075294495,1.0
RFP_1340,SKU_107,partially matching,0.5052679220835368,0.5833333333333334,0.7120041847229004,0.0
RFP_1341,SKU_176,matching,0.7265126784642537,0.6666666666666666,0.6439311504364014,1.0
RFP_1342,SKU_137,partially matching,0.6054428528655659,0.7272727272727273,0.8060216307640076,0.0
RFP_1343,SKU_259,matching,0.8379775448278948,0.9090909090909091,0.6114403009414673,1.0
RFP_1344,SKU_176,partially matching,0.6072954714298249,0.8,0.6909849047660828,0.0
RFP_1345,SKU_156,partially matching,0.58591624101003,0.4166666666666667,0.5919430255889893,1.0
RFP_1346,SKU_152,matching,0.7350371678670247,0.6666666666666666,0.6723461151123047,1.0
RFP_1347,SKU_249,matching,0.7385662583204415,0.6923076923076923,0.6413747072219849,1.0
RFP_1348,SKU_204,matching,0.7754874169826507,0.75,0.6682913899421692,1.0
RFP_1349,SKU_284,matching,0.7417232047427784,0.7272727272727273,0.5936228036880493,1.0
RFP_1350,SKU_288,partially matching,0.491302231947581,0.5833333333333334,0.6654518842697144,0.0
RFP_1351,SKU_132,matching,0.7240044674048056,0.7692307692307693,0.46463027596473694,1.0
RFP_1352,SKU_137,partially matching,0.4734980344772339,0.5,0.7449934482574463,0.0
RFP_1353,SKU_296,partially matching,0.6575805723667145,0.5,0.6919352412223816,1.0
RFP_1354,SKU_272,partially matching,0.6867595175902048,0.5833333333333334,0.6503095030784607,1.0
RFP_1355,SKU_179,partially matching,0.6752134691585194,0.7272727272727273,0.37192368507385254,1.0
RFP_1356,SKU_176,matching,0.7577963780273091,0.7272727272727273,0.6472000479698181,1.0
RFP_1357,SKU_192,partially matching,0.5902045965194702,0.8,0.6340153217315674,0.0
RFP_1358,SKU_107,partially matching,0.5330504357814789,0.75,0.5268347859382629,0.0
RFP_1359,SKU_160,partially matching,0.5174406965573628,0.6666666666666666,0.6136912107467651,0.0
RFP_1360,SKU_252,partially matching,0.6904270415122693,0.6153846153846154,0.6091157793998718,1.0
RFP_1361,SKU_272,partially matching,0.7105556780641729,0.6363636363636364,0.6412461996078491,1.0
RFP_1362,SKU_293,partially matching,0.6525075896219774,0.9090909090909091,0.6598737835884094,0.0
RFP_1363,SKU_115,partially matching,0.716203015500849,0.6363636363636364,0.6600706577301025,1.0
RFP_1364,SKU_193,partially matching,0.6398595015207926,0.5833333333333334,0.4939761161804199,1.0
RFP_1365,SKU_297,partially matching,0.5889363944530487,0.8,0.6297879815101624,0.0
RFP_1366,SKU_206,matching,0.734530085325241,0.75,0.531766951084137,1.0
RFP_1367,SKU_259,matching,0.8873261213302612,1.0,0.6244204044342041,1.0
RFP_1368,SKU_172,partially matching,0.6931129097938538,0.7,0.4770430326461792,1.0
RFP_1369,SKU_212,partially matching,0.6995360414187113,0.5833333333333334,0.6928979158401489,1.0
RFP_1370,SKU_259,partially matching,0.6508397844102647,0.8888888888888888,0.6879844665527344,0.0
RFP_1371,SKU_106,partially matching,0.6007784177859624,0.9166666666666666,0.4748169481754303,0.0
RFP_1372,SKU_193,matching,0.7375240793594948,0.7692307692307693,0.5096956491470337,1.0
RFP_1373,SKU_211,partially matching,0.6193546134691972,0.46153846153846156,0.6286179423332214,1.0
RFP_1374,SKU_228,partially matching,0.7182646632194518,0.7,0.5608822107315063,1.0
RFP_1375,SKU_299,matching,0.7905345884236423,0.8181818181818182,0.6048122644424438,1.0
RFP_1376,SKU_173,partially matching,0.6488034445505877,0.46153846153846156,0.7267807126045227,1.0
RFP_1377,SKU_160,partially matching,0.6372677723566691,0.8333333333333334,0.7353370189666748,0.0
RFP_1378,SKU_211,matching,0.7338479121526083,0.6666666666666666,0.668381929397583,1.0
RFP_1379,SKU_276,matching,0.80851615468661,0.8333333333333334,0.6394982933998108,1.0
RFP_1380,SKU_203,matching,0.7436380516399037,0.7272727272727273,0.6000056266784668,1.0
RFP_1381,SKU_219,partially matching,0.6312951532277195,0.8181818181818182,0.7406808137893677,0.0
RFP_1382,SKU_241,partially matching,0.5996082511815158,0.8181818181818182,0.635057806968689,0.0
RFP_1383,SKU_211,matching,0.7833635142216315,0.7692307692307693,0.6624937653541565,1.0
RFP_1384,SKU_116,partially matching,0.700351535732096,0.6363636363636364,0.607232391834259,1.0
RFP_1385,SKU_262,partially matching,0.6265256290252392,0.6153846153846154,0.39611107110977173,1.0
RFP_1386,SKU_171,partially matching,0.6920492887496947,0.7,0.4734976291656494,1.0
RFP_1387,SKU_160,partially matching,0.5520559728145599,0.7,0.6735199093818665,0.0
RFP_1388,SKU_160,partially matching,0.5667376361109994,0.45454545454545453,0.464883029460907,1.0
RFP_1389,SKU_183,partially matching,0.4971030235290527,0.6,0.6570100784301758,0.0
RFP_1390,SKU_293,matching,0.8362346013387043,0.9166666666666666,0.5930042266845703,1.0
RFP_1391,SKU_176,partially matching,0.6586438932202079,0.5454545454545454,0.6197220683097839,1.0
RFP_1392,SKU_204,partially matching,0.4644170977852561,0.5454545454545454,0.6389660835266113,0.0
RFP_1393,SKU_267,matching,0.7398007204899422,0.7692307692307693,0.5172844529151917,1.0
RFP_1394,SKU_154,partially matching,0.51897602723195,0.6153846153846154,0.7042790651321411,0.0
RFP_1395,SKU_183,partially matching,0.44563106298446653,0.5,0.6521035432815552,0.0
RFP_1396,SKU_184,partially matching,0.6619340593164618,0.6363636363636364,0.4791741371154785,1.0
RFP_1397,SKU_277,matching,0.7783770647915926,0.8181818181818182,0.5642871856689453,1.0
RFP_1398,SKU_228,matching,0.7264828215945851,0.7272727272727273,0.5428215265274048,1.0
RFP_1399,SKU_250,partially matching,0.7140707920898091,0.7272727272727273,0.5014480948448181,1.0
RFP_1400,SKU_250,partially matching,0.6852857311566671,0.6666666666666666,0.5065079927444458,1.0
RFP_1401,SKU_143,matching,0.7630891094605128,0.8333333333333334,0.48807480931282043,1.0
RFP_1402,SKU_210,matching,0.7738026201725006,0.8,0.5793420672416687,1.0
RFP_1403,SKU_185,partially matching,0.6682458221912384,0.9,0.7274860739707947,0.0
RFP_1404,SKU_213,partially matching,0.6342452983061473,0.8333333333333334,0.7252621054649353,0.0
RFP_1405,SKU_248,matching,0.7886813455157811,0.7777777777777778,0.6659748554229736,1.0
RFP_1406,SKU_132,matching,0.7400730550289154,0.8,0.466910183429718,1.0
RFP_1407,SKU_262,partially matching,0.6632163723309834,0.6666666666666666,0.4329434633255005,1.0
RFP_1408,SKU_272,partially matching,0.6812184810638429,0.6,0.6040616035461426,1.0
RFP_1409,SKU_274,partially matching,0.7143516014922748,0.7272727272727273,0.5023841261863708,1.0
RFP_1410,SKU_268,matching,0.756135874069654,0.7692307692307693,0.5717349648475647,1.0
RFP_1411,SKU_165,partially matching,0.543366265296936,0.75,0.5612208843231201,0.0
RFP_1412,SKU_233,matching,0.7506858547528585,0.6666666666666666,0.7245084047317505,1.0
RFP_1413,SKU_262,matching,0.7293985337018967,0.8,0.4313284456729889,1.0
RFP_1414,SKU_233,matching,0.7846541037926307,0.7692307692307693,0.6667957305908203,1.0
RFP_1415,SKU_252,matching,0.722644038995107,0.6666666666666666,0.6310356855392456,1.0
RFP_1416,SKU_124,partially matching,0.7078543896024878,0.6363636363636364,0.6322419047355652,1.0
RFP_1417,SKU_214,partially matching,0.6686190361326392,0.6363636363636364,0.5014573931694031,1.0
RFP_1418,SKU_205,matching,0.7904681411656467,0.8181818181818182,0.6045907735824585,1.0
RFP_1419,SKU_206,partially matching,0.7023966868718465,0.6666666666666666,0.563544511795044,1.0
RFP_1420,SKU_158,partially matching,0.7091648280620575,1.0,0.6972160935401917,0.0
RFP_1421,SKU_140,matching,0.7402201978059915,0.6923076923076923,0.6468878388404846,1.0
RFP_1422,SKU_210,partially matching,0.6707377309148962,0.6363636363636364,0.50851970911026,1.0
RFP_1423,SKU_176,partially matching,0.6087235086494022,0.7777777777777778,0.7327820658683777,0.0
RFP_1424,SKU_137,partially matching,0.6080022703517567,0.7272727272727273,0.8145530223846436,0.0
RFP_1425,SKU_291,partially matching,0.6363171815872193,0.9,0.6210572719573975,0.0
RFP_1426,SKU_214,partially matching,0.5984008312225342,0.9,0.49466943740844727,0.0
RFP_1427,SKU_299,partially matching,0.5301803290843964,0.75,0.5172677636146545,0.0
RFP_1428,SKU_257,matching,0.8379484077294668,0.9166666666666666,0.5987169146537781,1.0
RFP_1429,SKU_193,partially matching,0.7168466817248951,0.7272727272727273,0.510701060295105,1.0
RFP_1430,SKU_259,matching,0.799456278483073,0.8333333333333334,0.6092987060546875,1.0
RFP_1431,SKU_259,matching,0.7688409268856049,0.8,0.5628030896186829,1.0
RFP_1432,SKU_227,partially matching,0.4551818192005157,0.5,0.6839393973350525,0.0
RFP_1433,SKU_176,partially matching,0.5672395733686594,0.6923076923076923,0.7369524240493774,0.0
RFP_1434,SKU_299,matching,0.725277841091156,0.75,0.50092613697052,1.0
RFP_1435,SKU_105,matching,0.7731701007256142,0.7692307692307693,0.6285157203674316,1.0
RFP_1436,SKU_224,partially matching,0.591317998445951,0.7692307692307693,0.6890087127685547,0.0
RFP_1437,SKU_107,partially matching,0.7090468506018321,0.5833333333333334,0.724600613117218,1.0
RFP_1438,SKU_158,partially matching,0.6792092740535736,0.6,0.5973642468452454,1.0
RFP_1439,SKU_146,partially matching,0.5588359287151924,0.7692307692307693,0.5807351469993591,0.0
RFP_1440,SKU_101,partially matching,0.6473909676074983,0.5,0.6579698920249939,1.0
RFP_1441,SKU_204,partially matching,0.5098716432398016,0.6363636363636364,0.6389660835266113,0.0
RFP_1442,SKU_224,matching,0.7784743070602418,0.75,0.6782476902008057,1.0
RFP_1443,SKU_205,matching,0.7479640543460846,0.75,0.576546847820282,1.0
RFP_1444,SKU_198,partially matching,0.7165145093744452,0.6363636363636364,0.6611089706420898,1.0
RFP_1445,SKU_257,partially matching,0.5401223508211282,0.6923076923076923,0.6465616822242737,0.0
RFP_1446,SKU_206,partially matching,0.5390542209148407,0.75,0.546847403049469,0.0
RFP_1447,SKU_214,matching,0.7421804600291781,0.7777777777777778,0.5109719038009644,1.0
RFP_1448,SKU_251,partially matching,0.4504824976126353,0.5833333333333334,0.5293861031532288,0.0
RFP_1449,SKU_249,partially matching,0.7065462405031377,0.6363636363636364,0.6278814077377319,1.0
RFP_1450,SKU_266,matching,0.7765189197930422,0.8181818181818182,0.5580933690071106,1.0
RFP_1451,SKU_233,partially matching,0.4944424510002136,0.6,0.6481415033340454,0.0
RFP_1452,SKU_236,partially matching,0.7084006022323261,0.7272727272727273,0.48254746198654175,1.0
RFP_1453,SKU_192,partially matching,0.5784613132476807,0.8,0.5948710441589355,0.0
RFP_1454,SKU_254,matching,0.7213911612828572,0.6666666666666666,0.6268594264984131,1.0
RFP_1455,SKU_160,partially matching,0.4905106191451733,0.6153846153846154,0.609394371509552,0.0
RFP_1456,SKU_288,matching,0.7987022638320922,0.8,0.6623408794403076,1.0
RFP_1457,SKU_299,matching,0.774237076441447,0.8333333333333334,0.5252346992492676,1.0
RFP_1458,SKU_160,partially matching,0.5274511218070983,0.7,0.5915037393569946,0.0
RFP_1459,SKU_293,partially matching,0.6785543138330633,0.6363636363636364,0.5345749855041504,1.0
RFP_1460,SKU_265,matching,0.7316400408744812,0.75,0.522133469581604,1.0
RFP_1461,SKU_257,partially matching,0.583271884255939,0.7777777777777778,0.6479433178901672,0.0
RFP_1462,SKU_210,partially matching,0.651737074719535,0.5555555555555556,0.5798643231391907,1.0
RFP_1463,SKU_253,matching,0.7863461315631866,0.8,0.6211537718772888,1.0
RFP_1464,SKU_274,partially matching,0.6944173832734426,0.6666666666666666,0.5369468331336975,1.0
RFP_1465,SKU_203,partially matching,0.6876557285135443,0.6363636363636364,0.5649130344390869,1.0
RFP_1466,SKU_257,matching,0.7797353711995212,0.8181818181818182,0.5688148736953735,1.0
RFP_1467,SKU_256,matching,0.7373820474514594,0.7692307692307693,0.5092222094535828,1.0
RFP_1468,SKU_137,partially matching,0.6942324871366674,0.6363636363636364,0.5868355631828308,1.0
RFP_1469,SKU_259,matching,0.7349820911884308,0.75,0.5332736372947693,1.0
RFP_1470,SKU_294,partially matching,0.6924006993120366,0.6363636363636364,0.580729603767395,1.0
RFP_1471,SKU_269,partially matching,0.7046821971734365,0.6666666666666666,0.5711628794670105,1.0
RFP_1472,SKU_108,partially matching,0.7072963138421375,0.6666666666666666,0.5798766016960144,1.0
RFP_1473,SKU_176,partially matching,0.6829922795295715,0.6,0.6099742650985718,1.0
RFP_1474,SKU_123,matching,0.7471686700979869,0.8333333333333334,0.43500667810440063,1.0
RFP_1475,SKU_225,partially matching,0.7105754594008129,0.5833333333333334,0.7296959757804871,1.0
RFP_1476,SKU_252,partially matching,0.6905663371086121,0.6,0.6352211236953735,1.0
RFP_1477,SKU_257,partially matching,0.6567236542701722,0.6,0.5224121809005737,1.0
RFP_1478,SKU_300,partially matching,0.5440619837154042,0.7272727272727273,0.6014187335968018,0.0
RFP_1479,SKU_190,matching,0.8011527028950778,0.8181818181818182,0.640205979347229,1.0
RFP_1480,SKU_275,partially matching,0.5753408590952556,0.8333333333333334,0.5289139747619629,0.0
RFP_1481,SKU_109,matching,0.7269731575792486,0.6363636363636364,0.6959711313247681,1.0
RFP_1482,SKU_176,matching,0.7284225014539865,0.6923076923076923,0.6075621843338013,1.0
RFP_1483,SKU_123,matching,0.7504845944317904,0.8181818181818182,0.4713122844696045,1.0
RFP_1484,SKU_228,partially matching,0.5593738904366127,0.7692307692307693,0.5825283527374268,0.0
RFP_1485,SKU_256,partially matching,0.7012216925621033,0.7,0.5040723085403442,1.0
RFP_1486,SKU_176,partially matching,0.5173274000485738,0.6666666666666666,0.6133135557174683,0.0
RFP_1487,SKU_223,partially matching,0.6340426109053872,0.45454545454545453,0.6892329454421997,1.0
RFP_1488,SKU_147,partially matching,0.7145888621156866,0.6363636363636364,0.654690146446228,1.0
RFP_1489,SKU_275,matching,0.8735961794853211,1.0,0.5786539316177368,1.0
RFP_1490,SKU_222,partially matching,0.5557594855626424,0.6666666666666666,0.7414205074310303,0.0
RFP_1491,SKU_188,partially matching,0.5773103072093083,0.8461538461538461,0.5141112804412842,0.0
RFP_1492,SKU_147,partially matching,0.582502681016922,0.75,0.69167560338974,0.0
RFP_1493,SKU_259,partially matching,0.6411225591714567,0.6153846153846154,0.4447675049304962,1.0
RFP_1494,SKU_253,partially matching,0.5566093683242798,0.75,0.6053645610809326,0.0
RFP_1495,SKU_253,matching,0.7302810211976369,0.6666666666666666,0.656492292881012,1.0
RFP_1496,SKU_195,matching,0.8196903089682261,0.8333333333333334,0.6767454743385315,1.0
RFP_1497,SKU_160,partially matching,0.5661088905551217,0.45454545454545453,0.4627872109413147,1.0
RFP_1498,SKU_125,partially matching,0.5985218850049105,0.8181818181818182,0.6314365863800049,0.0
RFP_1499,SKU_123,partially matching,0.5789814750353496,0.8333333333333334,0.5410493612289429,0.0
RFP_1500,SKU_218,partially matching,0.5984201431274414,0.5,0.4947338104248047,1.0
RFP_1501,SKU_102,matching,0.8175424933433533,0.8,0.7251416444778442,1.0
RFP_1502,SKU_206,matching,0.7362345467914235,0.7272727272727273,0.5753272771835327,1.0
RFP_1503,SKU_185,partially matching,0.6053133721535022,0.38461538461538464,0.7100189328193665,1.0
RFP_1504,SKU_288,partially matching,0.5828305006027221,0.75,0.6927683353424072,0.0
RFP_1505,SKU_228,partially matching,0.5945920566717784,0.8333333333333334,0.5930846333503723,0.0
RFP_1506,SKU_272,matching,0.769804173707962,0.75,0.6493472456932068,1.0
RFP_1507,SKU_167,partially matching,0.6861676389520819,0.6363636363636364,0.5599527359008789,1.0
RFP_1508,SKU_107,partially matching,0.5909999549388886,0.75,0.7199998497962952,0.0
RFP_1509,SKU_233,partially matching,0.6050910353660583,0.8,0.6836367845535278,0.0
RFP_1510,SKU_257,partially matching,0.5215528806050618,0.6666666666666666,0.6273984909057617,0.0
RFP_1511,SKU_176,partially matching,0.703797120314378,0.6153846153846154,0.6536827087402344,1.0
RFP_1512,SKU_233,partially matching,0.7080302715301514,0.6,0.6934342384338379,1.0
RFP_1513,SKU_259,matching,0.7432685673236847,0.8,0.477561891078949,1.0
RFP_1514,SKU_293,partially matching,0.6887162381952459,0.6363636363636364,0.5684480667114258,1.0
RFP_1515,SKU_176,partially matching,0.7153442973440343,0.6363636363636364,0.657208263874054,1.0
RFP_1516,SKU_132,matching,0.7205252707004548,0.75,0.4850842356681824,1.0
RFP_1517,SKU_185,partially matching,0.6050001442432403,0.8,0.6833338141441345,0.0
RFP_1518,SKU_275,matching,0.782353314486417,0.8181818181818182,0.5775413513183594,1.0
RFP_1519,SKU_264,matching,0.8660930395126343,1.0,0.5536434650421143,1.0
RFP_1520,SKU_277,partially matching,0.7067359978502448,0.6363636363636364,0.6285139322280884,1.0
RFP_1521,SKU_109,partially matching,0.7000920588319952,0.6363636363636364,0.6063674688339233,1.0
RFP_1522,SKU_108,partially matching,0.5953391412893931,0.8333333333333334,0.5955749154090881,0.0
RFP_1523,SKU_248,partially matching,0.6509419262409211,0.5,0.6698064208030701,1.0
RFP_1524,SKU_225,partially matching,0.6637729167938233,0.5,0.7125763893127441,1.0
RFP_1525,SKU_257,partially matching,0.6241431635159713,0.5384615384615384,0.5163746476173401,1.0
RFP_1526,SKU_199,partially matching,0.6827581584453584,0.6,0.6091938614845276,1.0
RFP_1527,SKU_105,partially matching,0.642012995481491,0.5,0.640043318271637,1.0
RFP_1528,SKU_217,partially matching,0.7089478671550751,0.7,0.5298262238502502,1.0
RFP_1529,SKU_223,partially matching,0.681854275862376,0.5833333333333334,0.6339586973190308,1.0
RFP_1530,SKU_236,matching,0.7509768960150807,0.8181818181818182,0.47295328974723816,1.0
RFP_1531,SKU_176,matching,0.8172419428825379,0.8,0.7241398096084595,1.0
RFP_1532,SKU_185,matching,0.7468668897946675,0.6666666666666666,0.7117785215377808,1.0
RFP_1533,SKU_218,partially matching,0.7115246962417257,0.7272727272727273,0.4929611086845398,1.0
RFP_1534,SKU_188,partially matching,0.6865608712037404,0.6666666666666666,0.5107584595680237,1.0
RFP_1535,SKU_270,partially matching,0.5624200721581778,0.4166666666666667,0.5136224627494812,1.0
RFP_1536,SKU_176,partially matching,0.647087778036411,0.8461538461538461,0.7467028498649597,0.0
RFP_1537,SKU_228,partially matching,0.5989915866118212,0.46153846153846156,0.5607411861419678,1.0
RFP_1538,SKU_291,partially matching,0.5566327214241028,0.75,0.6054424047470093,0.0
RFP_1539,SKU_113,partially matching,0.6282120249488137,0.45454545454545453,0.6697976589202881,1.0
RFP_1540,SKU_272,partially matching,0.6569776998625861,0.5555555555555556,0.5973330736160278,1.0
RFP_1541,SKU_116,partially matching,0.6049750942450303,0.46153846153846156,0.5806862115859985,1.0
RFP_1542,SKU_161,matching,0.7498989354480396,0.7272727272727273,0.6208752393722534,1.0
RFP_1543,SKU_273,matching,0.7767227411270141,0.8,0.5890758037567139,1.0
RFP_1544,SKU_293,partially matching,0.5995728817853061,0.8181818181818182,0.6349399089813232,0.0
RFP_1545,SKU_288,matching,0.744864214550365,0.7272727272727273,0.6040928363800049,1.0
RFP_1546,SKU_291,partially matching,0.6448102214119651,0.5454545454545454,0.5736098289489746,1.0
RFP_1547,SKU_107,partially matching,0.5588296413421632,0.3,0.696098804473877,1.0
RFP_1548,SKU_254,partially matching,0.5039782935922796,0.6363636363636364,0.6193215847015381,0.0
RFP_1549,SKU_189,partially matching,0.5081447601318358,0.7,0.5271492004394531,0.0
RFP_1550,SKU_300,matching,0.79314651626807,0.8461538461538461,0.5668986439704895,1.0
RFP_1551,SKU_157,partially matching,0.6452106336752574,0.5833333333333334,0.511813223361969,1.0
RFP_1552,SKU_193,partially matching,0.5677281459172567,0.4166666666666667,0.5313160419464111,1.0
RFP_1553,SKU_115,matching,0.7371630484407599,0.6363636363636364,0.7299374341964722,1.0
RFP_1554,SKU_236,partially matching,0.7041405975818633,0.7,0.5138019919395447,1.0
RFP_1555,SKU_199,matching,0.7315787911415099,0.7,0.6052626371383667,1.0
RFP_1556,SKU_299,partially matching,0.5023271103700002,0.6666666666666666,0.5633125901222229,0.0
RFP_1557,SKU_205,partially matching,0.670177725950877,0.5833333333333334,0.5950368642807007,1.0
RFP_1558,SKU_190,matching,0.8594157934188842,0.9,0.6980526447296143,1.0
RFP_1559,SKU_261,matching,0.734352989991506,0.6666666666666666,0.6700655221939087,1.0
RFP_1560,SKU_103,matching,0.7687992374102275,0.8333333333333334,0.5071085691452026,1.0
RFP_1561,SKU_137,partially matching,0.6211347341537476,0.5,0.5704491138458252,1.0
RFP_1562,SKU_176,matching,0.8081030130386353,0.8,0.6936767101287842,1.0
RFP_1563,SKU_132,partially matching,0.6450798367078487,0.6153846153846154,0.4579584300518036,1.0
RFP_1564,SKU_230,matching,0.8609604378541311,0.9166666666666666,0.6754236817359924,1.0
RFP_1565,SKU_183,matching,0.8665886736833133,0.9230769230769231,0.6835007071495056,1.0
RFP_1566,SKU_107,partially matching,0.604635339975357,0.9,0.5154511332511902,0.0
RFP_1567,SKU_238,partially matching,0.5800706545511882,0.3333333333333333,0.7113466262817383,1.0
RFP_1568,SKU_131,matching,0.7295706291993458,0.6666666666666666,0.6541243195533752,1.0
RFP_1569,SKU_152,matching,0.7846701383590697,0.75,0.6989004611968994,1.0
RFP_1570,SKU_258,partially matching,0.7093033035596212,0.6666666666666666,0.5865665674209595,1.0
RFP_1571,SKU_250,matching,0.748252488266338,0.7272727272727273,0.6153870820999146,1.0
RFP_1572,SKU_193,matching,0.7421523025402657,0.7692307692307693,0.5251230597496033,1.0
RFP_1573,SKU_154,partially matching,0.6861845016479493,0.6,0.6206150054931641,1.0
RFP_1574,SKU_281,matching,0.7391579042781482,0.7272727272727273,0.5850718021392822,1.0
RFP_1575,SKU_249,matching,0.7564710985530507,0.7272727272727273,0.64278244972229,1.0
RFP_1576,SKU_176,partially matching,0.5709318350661885,0.7272727272727273,0.6909849047660828,0.0
RFP_1577,SKU_268,matching,0.7573590507874122,0.7692307692307693,0.5758122205734253,1.0
RFP_1578,SKU_176,matching,0.7971335649490356,0.8,0.6571118831634521,1.0
RFP_1579,SKU_228,matching,0.7744948983192443,0.8,0.581649661064148,1.0
RFP_1580,SKU_154,partially matching,0.6579849522847396,0.5384615384615384,0.6291806101799011,1.0
RFP_1581,SKU_109,matching,0.7726071431086614,0.8461538461538461,0.49843406677246094,1.0
RFP_1582,SKU_160,partially matching,0.5944636344909668,0.75,0.7315454483032227,0.0
RFP_1583,SKU_115,matching,0.7869256507266651,0.7272727272727273,0.7442976236343384,1.0
RFP_1584,SKU_105,matching,0.7366609334945677,0.7,0.6222031116485596,1.0
RFP_1585,SKU_266,matching,0.7735094825426738,0.8333333333333334,0.5228093862533569,1.0
RFP_1586,SKU_216,partially matching,0.6232409192965581,0.8461538461538461,0.6672133207321167,0.0
RFP_1587,SKU_115,matching,0.7878115057945252,0.75,0.7093716859817505,1.0
RFP_1588,SKU_102,partially matching,0.6518222630023955,0.5,0.6727408766746521,1.0
RFP_1589,SKU_280,partially matching,0.7124177748506719,0.6363636363636364,0.6474531888961792,1.0
RFP_1590,SKU_257,matching,0.7699567794799804,0.8,0.5665225982666016,1.0
RFP_1591,SKU_109,matching,0.8011009899052708,0.8181818181818182,0.6400336027145386,1.0
RFP_1592,SKU_251,partially matching,0.5453236361344656,0.6666666666666666,0.7066343426704407,0.0
RFP_1593,SKU_160,partially matching,0.5657953262329102,0.75,0.6359844207763672,0.0
RFP_1594,SKU_228,partially matching,0.5974927145701188,0.46153846153846156,0.5557449460029602,1.0
RFP_1595,SKU_162,matching,0.8267847895622253,0.9,0.5892826318740845,1.0
RFP_1596,SKU_193,matching,0.7451129784950843,0.7692307692307693,0.534991979598999,1.0
RFP_1597,SKU_135,matching,0.7215816882940438,0.6923076923076923,0.5847594738006592,1.0
RFP_1598,SKU_234,matching,0.7433354964623085,0.7692307692307693,0.5290670394897461,1.0
RFP_1599,SKU_151,partially matching,0.5998132705688477,0.8,0.6660442352294922,0.0
RFP_1600,SKU_125,partially matching,0.514805918931961,0.7,0.5493530631065369,0.0
RFP_1601,SKU_219,partially matching,0.6767496986822649,0.9090909090909091,0.7406808137893677,0.0
RFP_1602,SKU_137,partially matching,0.6745544830958048,0.5833333333333334,0.609626054763794,1.0
RFP_1603,SKU_167,matching,0.7415876260170571,0.7692307692307693,0.5232408046722412,1.0
RFP_1604,SKU_261,partially matching,0.6552453618783217,0.5384615384615384,0.6200486421585083,1.0
RFP_1605,SKU_252,partially matching,0.5776043971379599,0.4166666666666667,0.5642368793487549,1.0
RFP_1606,SKU_234,matching,0.7236074090003968,0.7,0.5786913633346558,1.0
RFP_1607,SKU_290,partially matching,0.6906663139661153,0.6666666666666666,0.5244432687759399,1.0
RFP_1608,SKU_278,partially matching,0.6527491450309753,0.5,0.6758304834365845,1.0
RFP_1609,SKU_257,partially matching,0.595143504275216,0.4444444444444444,0.5764042735099792,1.0
RFP_1610,SKU_255,partially matching,0.5673533192047706,0.7692307692307693,0.6091264486312866,0.0
RFP_1611,SKU_250,matching,0.7687976717948914,0.8,0.5626589059829712,1.0
RFP_1612,SKU_107,partially matching,0.5191121220588684,0.6,0.730373740196228,0.0
RFP_1613,SKU_220,partially matching,0.6123604794343314,0.4166666666666667,0.6800904870033264,1.0
RFP_1614,SKU_152,partially matching,0.6952289680639903,0.5833333333333334,0.6785410046577454,1.0
RFP_1615,SKU_217,partially matching,0.7034314751625061,0.7,0.511438250541687,1.0
RFP_1616,SKU_101,partially matching,0.6060035506884257,0.8333333333333334,0.6311229467391968,0.0
RFP_1617,SKU_154,partially matching,0.5799214353928199,0.7692307692307693,0.6510201692581177,0.0
RFP_1618,SKU_257,partially matching,0.6181455552577972,0.5,0.5604851841926575,1.0
RFP_1619,SKU_230,matching,0.8523461699485779,0.9,0.6744872331619263,1.0
RFP_1620,SKU_266,matching,0.8111321290334066,0.9166666666666666,0.5093293190002441,1.0
RFP_1621,SKU_272,matching,0.7888510644435882,0.8,0.6295035481452942,1.0
RFP_1622,SKU_265,matching,0.735980378664457,0.7692307692307693,0.5045499801635742,1.0
RFP_1623,SKU_227,partially matching,0.4320816836573861,0.45454545454545453,0.682696521282196,0.0
RFP_1624,SKU_176,matching,0.8023110151290893,0.8,0.6743700504302979,1.0
RFP_1625,SKU_300,partially matching,0.5843686726960269,0.8181818181818182,0.5842592120170593,0.0
RFP_1626,SKU_217,partially matching,0.6290391037861507,0.5833333333333334,0.45790812373161316,1.0
RFP_1627,SKU_284,matching,0.7301849365234374,0.7,0.600616455078125,1.0
RFP_1628,SKU_293,partially matching,0.7151900378557352,0.6923076923076923,0.5634539723396301,1.0
RFP_1629,SKU_111,partially matching,0.6893289171987109,0.7777777777777778,0.3348000943660736,1.0
RFP_1630,SKU_176,partially matching,0.5808689366687427,0.7272727272727273,0.7241085767745972,0.0
RFP_1631,SKU_277,partially matching,0.6386580743572929,0.5454545454545454,0.5531026721000671,1.0
RFP_1632,SKU_193,matching,0.746318077124082,0.7692307692307693,0.5390089750289917,1.0
RFP_1633,SKU_104,matching,0.7361085096995037,0.8333333333333334,0.39813947677612305,1.0
RFP_1634,SKU_278,matching,0.7445427735646566,0.6666666666666666,0.7040314674377441,1.0
RFP_1635,SKU_293,partially matching,0.6244744994423606,0.5454545454545454,0.505824089050293,1.0
RFP_1636,SKU_199,partially matching,0.6753340542316437,0.6,0.5844468474388123,1.0
RFP_1637,SKU_176,partially matching,0.5306045109575445,0.6363636363636364,0.7080756425857544,0.0
RFP_1638,SKU_259,matching,0.7646298507849376,0.8333333333333334,0.4932106137275696,1.0
RFP_1639,SKU_185,matching,0.7368595150800852,0.6923076923076923,0.6356855630874634,1.0
RFP_1640,SKU_198,matching,0.811022804180781,0.8333333333333334,0.6478537917137146,1.0
RFP_1641,SKU_131,matching,0.8015807926654817,0.8,0.6719359755516052,1.0
RFP_1642,SKU_107,matching,0.7347076470201666,0.6363636363636364,0.7217527627944946,1.0
RFP_1643,SKU_253,partially matching,0.47695064412222965,0.5555555555555556,0.6639095544815063,0.0
RFP_1644,SKU_188,matching,0.8277119441465899,0.9090909090909091,0.5772216320037842,1.0
RFP_1645,SKU_204,partially matching,0.5302521435114054,0.6923076923076923,0.613660991191864,0.0
RFP_1646,SKU_176,partially matching,0.4949425439039866,0.5833333333333334,0.6775862574577332,0.0
RFP_1647,SKU_230,matching,0.7745837341655384,0.7272727272727273,0.703157901763916,1.0
RFP_1648,SKU_276,partially matching,0.6838616238700019,0.5555555555555556,0.6869461536407471,1.0
RFP_1649,SKU_230,partially matching,0.4163961074569008,0.45454545454545453,0.6304112672805786,0.0
RFP_1650,SKU_107,partially matching,0.6039814408008869,0.38461538461538464,0.7055791616439819,1.0
RFP_1651,SKU_269,partially matching,0.6765633126099904,0.6666666666666666,0.4774332642555237,1.0
RFP_1652,SKU_256,partially matching,0.6996817914339213,0.6923076923076923,0.5117598176002502,1.0
RFP_1653,SKU_117,partially matching,0.6643693466981252,0.6666666666666666,0.4367867112159729,1.0
RFP_1654,SKU_103,matching,0.7777830376074863,0.8461538461538461,0.5156870484352112,1.0
RFP_1655,SKU_178,matching,0.833618660767873,0.9166666666666666,0.5842844247817993,1.0
RFP_1656,SKU_105,matching,0.7528156717618306,0.6666666666666666,0.7316077947616577,1.0
RFP_1657,SKU_188,partially matching,0.6160125090525701,0.8461538461538461,0.6431186199188232,0.0
RFP_1658,SKU_239,partially matching,0.6208428282004137,0.46153846153846156,0.6335786581039429,1.0
RFP_1659,SKU_280,partially matching,0.5744186249646274,0.8181818181818182,0.5510923862457275,0.0
RFP_1660,SKU_131,partially matching,0.6501500308513641,0.9,0.6671667695045471,0.0
RFP_1661,SKU_252,matching,0.7211127837498983,0.6666666666666666,0.6259315013885498,1.0
RFP_1662,SKU_240,matching,0.7419891317685445,0.6666666666666666,0.6955193281173706,1.0
RFP_1663,SKU_188,partially matching,0.649759916825728,0.9090909090909091,0.6507148742675781,0.0
RFP_1664,SKU_291,partially matching,0.6402008056640625,0.5,0.634002685546875,1.0
RFP_1665,SKU_163,partially matching,0.6441650156791394,0.6153846153846154,0.4549090266227722,1.0
RFP_1666,SKU_248,partially matching,0.5945860940676468,0.46153846153846156,0.5460562109947205,1.0
RFP_1667,SKU_114,partially matching,0.5950049317800081,0.9230769230769231,0.44488823413848877,0.0
RFP_1668,SKU_259,partially matching,0.5319570243358612,0.75,0.5231900811195374,0.0
RFP_1669,SKU_103,matching,0.7727311948935192,0.8333333333333334,0.5202150940895081,1.0
RFP_1670,SKU_278,matching,0.7940687596797944,0.75,0.7302291989326477,1.0
RFP_1671,SKU_288,partially matching,0.6323205278979407,0.5555555555555556,0.5151425004005432,1.0
RFP_1672,SKU_102,matching,0.7537175834178924,0.7,0.6790586113929749,1.0
RFP_1673,SKU_234,partially matching,0.7074667771657308,0.6666666666666666,0.5804448127746582,1.0
RFP_1674,SKU_206,matching,0.7626078844070434,0.8,0.5420262813568115,1.0
RFP_1675,SKU_107,partially matching,0.619129051764806,0.4166666666666667,0.7026523947715759,1.0
RFP_1676,SKU_253,partially matching,0.4473640203475952,0.5,0.6578800678253174,0.0
RFP_1677,SKU_196,partially matching,0.5741094639668098,0.7692307692307693,0.6316469311714172,0.0
RFP_1678,SKU_225,partially matching,0.52356938123703,0.6,0.7452312707901001,0.0
RFP_1679,SKU_157,matching,0.76437112363902,0.8181818181818182,0.5176007151603699,1.0
RFP_1680,SKU_107,partially matching,0.5593288540840149,0.3,0.6977628469467163,1.0
RFP_1681,SKU_110,partially matching,0.6431783895600927,0.7272727272727273,0.2651400864124298,1.0
RFP_1682,SKU_272,matching,0.7463715314865111,0.7,0.6545717716217041,1.0
RFP_1683,SKU_286,partially matching,0.5416454076766968,0.7,0.6388180255889893,0.0
RFP_1684,SKU_248,partially matching,0.6751682498238303,0.5454545454545454,0.6748032569885254,1.0
RFP_1685,SKU_249,partially matching,0.5931540966033936,0.4,0.6438469886779785,1.0
RFP_1686,SKU_299,matching,0.7706880132357279,0.8333333333333334,0.5134044885635376,1.0
RFP_1687,SKU_245,matching,0.7660818457603455,0.8,0.5536061525344849,1.0
RFP_1688,SKU_184,partially matching,0.7051943501600852,0.7692307692307693,0.4019298851490021,1.0
RFP_1689,SKU_124,matching,0.7708606243133544,0.75,0.6528687477111816,1.0
RFP_1690,SKU_160,partially matching,0.6974055225198919,0.6363636363636364,0.5974123477935791,1.0
RFP_1691,SKU_160,partially matching,0.6713727951049805,0.9,0.7379093170166016,0.0
RFP_1692,SKU_249,partially matching,0.5708973705768585,0.75,0.6529912352561951,0.0
RFP_1693,SKU_281,partially matching,0.5896955866080065,0.46153846153846156,0.5297545194625854,1.0
RFP_1694,SKU_117,matching,0.7416714125209385,0.7777777777777778,0.5092750787734985,1.0
RFP_1695,SKU_257,partially matching,0.7143337150414784,0.6666666666666666,0.6033346056938171,1.0
RFP_1696,SKU_160,partially matching,0.6225427210330963,0.8,0.741809070110321,0.0
RFP_1697,SKU_219,partially matching,0.572817964445461,0.7272727272727273,0.697272002696991,0.0
RFP_1698,SKU_257,partially matching,0.7015278274362737,0.6363636363636364,0.6111533641815186,1.0
RFP_1699,SKU_278,partially matching,0.6578603982925415,0.5,0.6928679943084717,1.0
RFP_1700,SKU_158,matching,0.7497921705245971,0.7,0.6659739017486572,1.0
RFP_1701,SKU_144,partially matching,0.6603821158409118,0.6,0.5346070528030396,1.0
RFP_1702,SKU_123,partially matching,0.5896189014116924,0.8333333333333334,0.5765074491500854,0.0
RFP_1703,SKU_107,partially matching,0.6385947666384957,0.45454545454545453,0.7044067978858948,1.0
RFP_1704,SKU_185,partially matching,0.44817841053009033,0.5,0.6605947017669678,0.0
RFP_1705,SKU_185,matching,0.8376730362574261,0.8333333333333334,0.7366878986358643,1.0
RFP_1706,SKU_259,partially matching,0.5119603534539541,0.6666666666666666,0.5954234004020691,0.0
RFP_1707,SKU_126,partially matching,0.7047968934882771,0.7272727272727273,0.4705350995063782,1.0
RFP_1708,SKU_160,partially matching,0.44877732212726884,0.5384615384615384,0.5984885096549988,0.0
RFP_1709,SKU_192,partially matching,0.6527361234029134,0.9166666666666666,0.6480093002319336,0.0
RFP_1710,SKU_274,matching,0.7808055010708896,0.8181818181818182,0.5723819732666016,1.0
RFP_1711,SKU_107,partially matching,0.46648125052452083,0.5,0.7216041684150696,0.0
RFP_1712,SKU_259,partially matching,0.6663838982582093,0.6,0.5546129941940308,1.0
RFP_1713,SKU_233,partially matching,0.6580302715301514,0.5,0.6934342384338379,1.0
RFP_1714,SKU_121,partially matching,0.596445914109548,0.4166666666666667,0.6270419359207153,1.0
RFP_1715,SKU_111,matching,0.731611731377515,0.8181818181818182,0.4084027409553528,1.0
RFP_1716,SKU_188,matching,0.803362353031452,0.8461538461538461,0.6009514331817627,1.0
RFP_1717,SKU_284,partially matching,0.6284362294457175,0.5454545454545454,0.5190298557281494,1.0
RFP_1718,SKU_277,matching,0.7484115432609211,0.7272727272727273,0.6159172654151917,1.0
RFP_1719,SKU_124,partially matching,0.7138854821523031,0.6666666666666666,0.6018404960632324,1.0
RFP_1720,SKU_281,partially matching,0.6582663933436077,0.5833333333333334,0.5553324222564697,1.0
RFP_1721,SKU_295,partially matching,0.6790464991872961,0.6363636363636364,0.536215603351593,1.0
RFP_1722,SKU_272,partially matching,0.6953001682574933,0.6153846153846154,0.6253595352172852,1.0
RFP_1723,SKU_299,matching,0.7264522444118153,0.7272727272727273,0.5427196025848389,1.0
RFP_1724,SKU_152,matching,0.8700429476224458,0.9230769230769231,0.6950149536132812,1.0
RFP_1725,SKU_195,partially matching,0.6161787788073222,0.8333333333333334,0.6650403738021851,0.0
RFP_1726,SKU_240,partially matching,0.5293797453244526,0.6666666666666666,0.653488039970398,0.0
RFP_1727,SKU_176,partially matching,0.6724516828854878,0.9166666666666666,0.7137278318405151,0.0
RFP_1728,SKU_252,matching,0.7274365743001301,0.6666666666666666,0.6470108032226562,1.0
RFP_1729,SKU_259,partially matching,0.5961216211318969,0.8,0.6537387371063232,0.0
RFP_1730,SKU_277,matching,0.7558141520390145,0.7692307692307693,0.5706625580787659,1.0
RFP_1731,SKU_131,partially matching,0.6875274340311686,0.5833333333333334,0.6528692245483398,1.0
RFP_1732,SKU_206,partially matching,0.6664285296743566,0.6363636363636364,0.4941557049751282,1.0
RFP_1733,SKU_291,partially matching,0.5960012793540954,0.4,0.6533375978469849,1.0
RFP_1734,SKU_274,matching,0.729596437107433,0.7272727272727273,0.5532002449035645,1.0
RFP_1735,SKU_233,partially matching,0.6700133896791018,0.9230769230769231,0.6949164271354675,0.0
RFP_1736,SKU_276,partially matching,0.6260820865631103,0.5,0.5869402885437012,1.0
RFP_1737,SKU_299,matching,0.7266860723495483,0.75,0.5056202411651611,1.0
RFP_1738,SKU_102,matching,0.7524161299069723,0.6666666666666666,0.7302759885787964,1.0
RFP_1739,SKU_228,matching,0.7896825221451846,0.8181818181818182,0.6019720435142517,1.0
RFP_1740,SKU_123,matching,0.7583589342507449,0.8181818181818182,0.4975600838661194,1.0
RFP_1741,SKU_293,partially matching,0.7178728997707366,0.7,0.5595763325691223,1.0
RFP_1742,SKU_223,matching,0.8645109577612444,0.9090909090909091,0.6998850107192993,1.0
RFP_1743,SKU_160,partially matching,0.591422892700542,0.7272727272727273,0.7592884302139282,0.0
RFP_1744,SKU_231,partially matching,0.6792716662089031,0.5833333333333334,0.6253499984741211,1.0
RFP_1745,SKU_219,partially matching,0.5114946300333196,0.6363636363636364,0.6443760395050049,0.0
RFP_1746,SKU_275,partially matching,0.650249740939874,0.6153846153846154,0.4751914441585541,1.0
RFP_1747,SKU_252,matching,0.8003191259774296,0.8181818181818182,0.6374273896217346,1.0
RFP_1748,SKU_249,matching,0.7954748690128326,0.8,0.6515828967094421,1.0
RFP_1749,SKU_261,matching,0.772794246673584,0.75,0.6593141555786133,1.0
RFP_1750,SKU_200,partially matching,0.6490617020563646,0.9090909090909091,0.6483874917030334,0.0
RFP_1751,SKU_241,not matching,0.41973390579223635,0.5,0.5657796859741211,0.0
RFP_1752,SKU_259,partially matching,0.5630223564126275,0.45454545454545453,0.45249876379966736,1.0
RFP_1753,SKU_220,matching,0.7303671175783331,0.6363636363636364,0.7072843313217163,1.0
RFP_1754,SKU_252,matching,0.8117474118868511,0.8333333333333334,0.6502691507339478,1.0
RFP_1755,SKU_188,matching,0.759046662847201,0.8333333333333334,0.4745999872684479,1.0
RFP_1756,SKU_131,partially matching,0.6465156912803649,0.5,0.6550523042678833,1.0
RFP_1757,SKU_228,matching,0.7393915891647338,0.75,0.5479719638824463,1.0
RFP_1758,SKU_130,partially matching,0.6668985426425933,0.6,0.5563284754753113,1.0
RFP_1759,SKU_170,partially matching,0.587436619130048,0.8181818181818182,0.5944857001304626,0.0
RFP_1760,SKU_111,matching,0.7549854828552767,0.9090909090909091,0.3348000943660736,1.0
RFP_1761,SKU_125,matching,0.7661026207300332,0.6923076923076923,0.7331625819206238,1.0
RFP_1762,SKU_214,partially matching,0.6725198084657842,0.6363636363636364,0.5144599676132202,1.0
RFP_1763,SKU_188,partially matching,0.6641857211406414,0.6153846153846154,0.5216447114944458,1.0
RFP_1764,SKU_252,partially matching,0.6610285838445027,0.9166666666666666,0.6756508350372314,0.0
RFP_1765,SKU_165,partially matching,0.4825989966209118,0.6153846153846154,0.5830222964286804,0.0
RFP_1766,SKU_183,matching,0.8300009443209722,0.8461538461538461,0.6897467374801636,1.0
RFP_1767,SKU_102,partially matching,0.7046009876511314,0.5454545454545454,0.7729123830795288,1.0
RFP_1768,SKU_288,matching,0.7495209943164478,0.7272727272727273,0.6196154356002808,1.0
RFP_1769,SKU_252,partially matching,0.6733374754587809,0.5833333333333334,0.6055693626403809,1.0
RFP_1770,SKU_160,partially matching,0.5420268308032643,0.7272727272727273,0.5946348905563354,0.0
RFP_1771,SKU_293,matching,0.7907095591227213,0.8333333333333334,0.5801429748535156,1.0
RFP_1772,SKU_105,matching,0.7350131539198068,0.6923076923076923,0.6295310258865356,1.0
RFP_1773,SKU_115,matching,0.8384017745653789,0.8333333333333334,0.7391170263290405,1.0
RFP_1774,SKU_163,partially matching,0.624132416340021,0.9230769230769231,0.5419798493385315,0.0
RFP_1775,SKU_224,matching,0.727722704410553,0.7,0.5924090147018433,1.0
RFP_1776,SKU_206,matching,0.7690453020009127,0.8181818181818182,0.5331813097000122,1.0
RFP_1777,SKU_273,partially matching,0.5774993739344857,0.45454545454545453,0.5007554888725281,1.0
RFP_1778,SKU_291,matching,0.8557372152805329,0.9,0.6857907176017761,1.0
RFP_1779,SKU_277,partially matching,0.6594508747259775,0.5833333333333334,0.5592806935310364,1.0
RFP_1780,SKU_278,partially matching,0.5002315918604533,0.5833333333333334,0.6952164173126221,0.0
RFP_1781,SKU_176,partially matching,0.556084713110557,0.6923076923076923,0.6997695565223694,0.0
RFP_1782,SKU_192,partially matching,0.5425391554832458,0.7,0.6417971849441528,0.0
RFP_1783,SKU_154,partially matching,0.5946045290340076,0.7272727272727273,0.7698938846588135,0.0
RFP_1784,SKU_176,partially matching,0.7184049864610036,0.6666666666666666,0.6169055104255676,1.0
RFP_1785,SKU_252,partially matching,0.7182568311691284,0.7,0.5608561038970947,1.0
RFP_1786,SKU_230,partially matching,0.6903267482916515,0.5833333333333334,0.6622002720832825,1.0
RFP_1787,SKU_230,matching,0.8051865843209354,0.8181818181818182,0.6536522507667542,1.0
RFP_1788,SKU_132,partially matching,0.6145224630832672,0.9,0.5484082102775574,0.0
RFP_1789,SKU_210,partially matching,0.6939538245017711,0.6153846153846154,0.6208717226982117,1.0
RFP_1790,SKU_124,partially matching,0.7023366610209147,0.5833333333333334,0.7022333145141602,1.0
RFP_1791,SKU_230,matching,0.7916023483643164,0.7692307692307693,0.689956545829773,1.0
RFP_1792,SKU_249,partially matching,0.706628834659403,0.6363636363636364,0.6281567215919495,1.0
RFP_1793,SKU_293,partially matching,0.6217904012936812,0.5384615384615384,0.5085321068763733,1.0
RFP_1794,SKU_220,partially matching,0.5335614854639227,0.6363636363636364,0.7179322242736816,0.0
RFP_1795,SKU_253,partially matching,0.5962477564811707,0.8,0.6541591882705688,0.0
RFP_1796,SKU_232,partially matching,0.5178601582845052,0.6666666666666666,0.6150894165039062,0.0
RFP_1797,SKU_107,partially matching,0.4859215118668296,0.5454545454545454,0.710647463798523,0.0
RFP_1798,SKU_125,matching,0.7472419699033102,0.6666666666666666,0.7130287885665894,1.0
RFP_1799,SKU_185,partially matching,0.6632945716381073,0.5,0.7109819054603577,1.0
RFP_1800,SKU_101,matching,0.7592402826655995,0.7272727272727273,0.6520130634307861,1.0
RFP_1801,SKU_113,partially matching,0.6776963569901207,0.5454545454545454,0.6832302808761597,1.0
RFP_1802,SKU_260,partially matching,0.6091219623883566,0.4166666666666667,0.6692954301834106,1.0
RFP_1803,SKU_257,partially matching,0.606023508310318,0.5,0.5200783610343933,1.0
RFP_1804,SKU_195,partially matching,0.6065379706296055,0.8181818181818182,0.6581568717956543,0.0
RFP_1805,SKU_228,partially matching,0.574025297164917,0.8,0.5800843238830566,0.0
RFP_1806,SKU_259,partially matching,0.7098506271839142,0.7,0.5328354239463806,1.0
RFP_1807,SKU_176,matching,0.7549597452987324,0.7272727272727273,0.6377446055412292,1.0
RFP_1808,SKU_243,partially matching,0.5471243826242593,0.6923076923076923,0.6699017882347107,0.0
RFP_1809,SKU_154,partially matching,0.5468271905725652,0.6363636363636364,0.7621512413024902,0.0
RFP_1810,SKU_252,partially matching,0.6511466443538665,0.6,0.5038221478462219,1.0
RFP_1811,SKU_268,matching,0.7476490020751954,0.75,0.5754966735839844,1.0
RFP_1812,SKU_107,matching,0.7518412252267201,0.6666666666666666,0.7283596396446228,1.0
RFP_1813,SKU_160,partially matching,0.588704526424408,0.8,0.6290150880813599,0.0
RFP_1814,SKU_121,matching,0.8439992394712237,0.8888888888888888,0.6651826500892639,1.0
RFP_1815,SKU_284,partially matching,0.5716375907262166,0.4166666666666667,0.5443475246429443,1.0
RFP_1816,SKU_281,matching,0.7918978049204899,0.8461538461538461,0.5627362728118896,1.0
RFP_1817,SKU_272,matching,0.8000399708747863,0.8,0.6667999029159546,1.0
RFP_1818,SKU_240,partially matching,0.6958625376224519,0.6,0.6528751254081726,1.0
RFP_1819,SKU_280,matching,0.8610697372393175,0.9090909090909091,0.6884142756462097,1.0
RFP_1820,SKU_299,partially matching,0.5570704460144043,0.8,0.5235681533813477,0.0
RFP_1821,SKU_257,matching,0.7521552205085755,0.75,0.5905174016952515,1.0
RFP_1822,SKU_252,partially matching,0.6458503704804641,0.5384615384615384,0.5887320041656494,1.0
RFP_1823,SKU_152,partially matching,0.6944060663382212,0.5833333333333334,0.6757979989051819,1.0
RFP_1824,SKU_101,matching,0.7606700301170348,0.7,0.7022334337234497,1.0
RFP_1825,SKU_198,partially matching,0.6158571443774483,0.45454545454545453,0.6286147236824036,1.0
RFP_1826,SKU_236,matching,0.7341642141342164,0.75,0.5305473804473877,1.0
RFP_1827,SKU_204,matching,0.8040178298950196,0.8,0.6800594329833984,1.0
RFP_1828,SKU_228,partially matching,0.6786646251495068,0.6153846153846154,0.5699077248573303,1.0
RFP_1829,SKU_206,matching,0.7655410766601562,0.8,0.5518035888671875,1.0
RFP_1830,SKU_206,matching,0.7749492923418682,0.8333333333333334,0.5276087522506714,1.0
RFP_1831,SKU_257,partially matching,0.6753772561366742,0.6153846153846154,0.5589498281478882,1.0
RFP_1832,SKU_266,partially matching,0.565958281358083,0.4166666666666667,0.5254164934158325,1.0
RFP_1833,SKU_248,partially matching,0.7108544235046093,0.6153846153846154,0.6772070527076721,1.0
RFP_1834,SKU_210,partially matching,0.7137180864810944,0.7,0.5457269549369812,1.0
RFP_1835,SKU_147,matching,0.7438740074634551,0.75,0.5629133582115173,1.0
RFP_1836,SKU_176,matching,0.7233487064188178,0.6363636363636364,0.683889627456665,1.0
RFP_1837,SKU_176,matching,0.810735011100769,0.8,0.7024500370025635,1.0
RFP_1838,SKU_221,partially matching,0.6545208136240641,0.5833333333333334,0.5428471565246582,1.0
RFP_1839,SKU_193,matching,0.7561500370502472,0.8,0.520500123500824,1.0
RFP_1840,SKU_257,partially matching,0.5999876439571381,0.5,0.4999588131904602,1.0
RFP_1841,SKU_261,partially matching,0.5829856276512146,0.8,0.6099520921707153,0.0
RFP_1842,SKU_105,partially matching,0.6753526727358501,0.5833333333333334,0.6122866868972778,1.0
RFP_1843,SKU_135,partially matching,0.7135093649228414,0.6666666666666666,0.6005867719650269,1.0
RFP_1844,SKU_275,partially matching,0.5974688867727915,0.8333333333333334,0.6026740670204163,0.0
RFP_1845,SKU_185,partially matching,0.4722672440788962,0.5454545454545454,0.6651332378387451,0.0
RFP_1846,SKU_299,partially matching,0.5839162913235751,0.8181818181818182,0.5827512741088867,0.0
RFP_1847,SKU_278,partially matching,0.6263372502543709,0.45454545454545453,0.6635484099388123,1.0
RFP_1848,SKU_277,matching,0.7297010253776204,0.7272727272727273,0.5535488724708557,1.0
RFP_1849,SKU_273,partially matching,0.6948550993745977,0.6363636363636364,0.5889109373092651,1.0
RFP_1850,SKU_216,matching,0.7754058848727834,0.7272727272727273,0.7058984041213989,1.0
RFP_1851,SKU_173,matching,0.7346739788850147,0.6666666666666666,0.6711354851722717,1.0
RFP_1852,SKU_246,partially matching,0.60885236064593,0.8333333333333334,0.6406189799308777,0.0
RFP_1853,SKU_101,partially matching,0.6121013283729553,0.8,0.7070044279098511,0.0
RFP_1854,SKU_206,partially matching,0.6887452418153936,0.6363636363636364,0.5685447454452515,1.0
RFP_1855,SKU_290,matching,0.8504800415956058,0.9230769230769231,0.6298052668571472,1.0
RFP_1856,SKU_102,matching,0.7634405016899108,0.7,0.7114683389663696,1.0
RFP_1857,SKU_115,partially matching,0.7077586710453034,0.6,0.6925289034843445,1.0
RFP_1858,SKU_272,partially matching,0.5996904253959656,0.8,0.6656347513198853,0.0
RFP_1859,SKU_217,partially matching,0.5976424377698164,0.5384615384615384,0.42803889513015747,1.0
RFP_1860,SKU_286,matching,0.7577156435359609,0.7272727272727273,0.6469309329986572,1.0
RFP_1861,SKU_215,partially matching,0.6020412564277648,0.8,0.6734708547592163,0.0
RFP_1862,SKU_272,partially matching,0.704118591005152,0.6363636363636364,0.6197892427444458,1.0
RFP_1863,SKU_257,matching,0.7365741680968891,0.7272727272727273,0.5764593482017517,1.0
RFP_1864,SKU_290,partially matching,0.6766890162771398,0.6363636363636364,0.5283573269844055,1.0
RFP_1865,SKU_163,partially matching,0.6688539822896322,0.6666666666666666,0.4517354965209961,1.0
RFP_1866,SKU_188,partially matching,0.5988844481381503,0.8181818181818182,0.6326451301574707,0.0
RFP_1867,SKU_162,partially matching,0.6476738313833872,0.5833333333333334,0.5200238823890686,1.0
RFP_1868,SKU_253,matching,0.8121972170743075,0.8181818181818182,0.6770210266113281,1.0
RFP_1869,SKU_206,partially matching,0.7103422311636118,0.6923076923076923,0.5472946166992188,1.0
RFP_1870,SKU_240,partially matching,0.5303196827570598,0.5833333333333334,0.7955100536346436,0.0
RFP_1871,SKU_217,partially matching,0.6654064655303955,0.6,0.5513548851013184,1.0
RFP_1872,SKU_141,matching,0.7320382356643675,0.7,0.6067941188812256,1.0
RFP_1873,SKU_288,partially matching,0.7044303352182562,0.6363636363636364,0.62082839012146,1.0
RFP_1874,SKU_257,matching,0.7910798993977635,0.8181818181818182,0.6066299676895142,1.0
RFP_1875,SKU_286,partially matching,0.6121071855227153,0.8333333333333334,0.6514683961868286,0.0
RFP_1876,SKU_277,partially matching,0.6761336569602674,0.6153846153846154,0.561471164226532,1.0
RFP_1877,SKU_153,matching,0.7278464188942542,0.7692307692307693,0.47743678092956543,1.0
RFP_1878,SKU_138,matching,0.8251263585957613,0.8181818181818182,0.7201181650161743,1.0
RFP_1879,SKU_250,matching,0.8050621151924133,0.9,0.5168737173080444,1.0
RFP_1880,SKU_183,matching,0.8614694579081101,0.9090909090909091,0.6897466778755188,1.0
RFP_1881,SKU_125,partially matching,0.6734969832680442,0.5454545454545454,0.6692323684692383,1.0
RFP_1882,SKU_166,partially matching,0.5870849291483562,0.8333333333333334,0.5680608749389648,0.0
RFP_1883,SKU_200,partially matching,0.6558912595113118,0.9166666666666666,0.6585264205932617,0.0
RFP_1884,SKU_210,partially matching,0.6380173802375793,0.5,0.6267246007919312,1.0
RFP_1885,SKU_105,matching,0.8174505392710367,0.8333333333333334,0.6692795753479004,1.0
RFP_1886,SKU_281,partially matching,0.6924841517751867,0.6363636363636364,0.5810077786445618,1.0
RFP_1887,SKU_280,matching,0.7417545286508707,0.6923076923076923,0.6520022749900818,1.0
RFP_1888,SKU_112,partially matching,0.5502746930489173,0.7692307692307693,0.5521976947784424,0.0
RFP_1889,SKU_268,matching,0.7701417446136474,0.8,0.5671391487121582,1.0
RFP_1890,SKU_233,partially matching,0.6018303540619937,0.8181818181818182,0.642464816570282,0.0
RFP_1891,SKU_141,matching,0.7779394447803498,0.8,0.5931314826011658,1.0
RFP_1892,SKU_210,matching,0.7861953464421358,0.8181818181818182,0.5903481245040894,1.0
RFP_1893,SKU_191,partially matching,0.5852982083956401,0.3333333333333333,0.7287718057632446,1.0
RFP_1894,SKU_223,partially matching,0.689951209046624,0.5454545454545454,0.7240797877311707,1.0
RFP_1895,SKU_288,partially matching,0.7087407906850178,0.6666666666666666,0.5846915245056152,1.0
RFP_1896,SKU_286,matching,0.7419204143377451,0.6923076923076923,0.6525552272796631,1.0
RFP_1897,SKU_160,partially matching,0.553310610850652,0.6666666666666666,0.7332575917243958,0.0
RFP_1898,SKU_274,partially matching,0.6854558726151785,0.6666666666666666,0.5070751309394836,1.0
RFP_1899,SKU_185,partially matching,0.42110679962418296,0.45454545454545453,0.6461135745048523,0.0
RFP_1900,SKU_159,matching,0.766301351123386,0.7777777777777778,0.5913748741149902,1.0
RFP_1901,SKU_210,partially matching,0.6290815114974975,0.5,0.5969383716583252,1.0
RFP_1902,SKU_266,partially matching,0.6548887729644775,0.6,0.5162959098815918,1.0
RFP_1903,SKU_161,matching,0.7294338909479288,0.6923076923076923,0.6109334826469421,1.0
RFP_1904,SKU_163,partially matching,0.6352978825569153,0.6,0.4509929418563843,1.0
RFP_1905,SKU_280,partially matching,0.5426759790290485,0.7272727272727273,0.5967987179756165,0.0
RFP_1906,SKU_103,partially matching,0.5782561256335332,0.8461538461538461,0.5172640085220337,0.0
RFP_1907,SKU_153,partially matching,0.5430891414483388,0.4166666666666667,0.4491860270500183,1.0
RFP_1908,SKU_160,matching,0.7983836975964633,0.8181818181818182,0.6309759616851807,1.0
RFP_1909,SKU_257,partially matching,0.612080846230189,0.8333333333333334,0.6513805985450745,0.0
RFP_1910,SKU_234,partially matching,0.6296355702660301,0.5454545454545454,0.5230276584625244,1.0
RFP_1911,SKU_277,partially matching,0.6861722881143744,0.6363636363636364,0.5599682331085205,1.0
RFP_1912,SKU_214,partially matching,0.6989567903371958,0.6923076923076923,0.509343147277832,1.0
RFP_1913,SKU_250,partially matching,0.6413357778029009,0.9090909090909091,0.6226344108581543,0.0
RFP_1914,SKU_172,partially matching,0.6410971492528916,0.6,0.4703238308429718,1.0
RFP_1915,SKU_234,matching,0.7725425720214845,0.8,0.5751419067382812,1.0
RFP_1916,SKU_296,partially matching,0.6078787977878863,0.38461538461538464,0.718570351600647,1.0
RFP_1917,SKU_252,partially matching,0.6786911716063817,0.6666666666666666,0.484526127576828,1.0
RFP_1918,SKU_272,partially matching,0.5645878076553345,0.7,0.7152926921844482,0.0
RFP_1919,SKU_225,partially matching,0.6160965323448182,0.4,0.720321774482727,1.0
RFP_1920,SKU_293,partially matching,0.633269570090554,0.5454545454545454,0.5351409912109375,1.0
RFP_1921,SKU_225,matching,0.7358346754854375,0.6363636363636364,0.725509524345398,1.0
RFP_1922,SKU_219,partially matching,0.5427411516507467,0.6666666666666666,0.6980260610580444,0.0
RFP_1923,SKU_283,partially matching,0.6333834490992807,0.45454545454545453,0.6870357394218445,1.0
RFP_1924,SKU_206,partially matching,0.6541394352912904,0.6,0.5137981176376343,1.0
RFP_1925,SKU_124,partially matching,0.6942855060100555,0.6,0.6476183533668518,1.0
RFP_1926,SKU_228,partially matching,0.5453296473393073,0.7692307692307693,0.5357142090797424,0.0
RFP_1927,SKU_259,partially matching,0.5913482097062198,0.8181818181818182,0.6075243353843689,0.0
RFP_1928,SKU_260,partially matching,0.6802938082001426,0.5454545454545454,0.6918884515762329,1.0
RFP_1929,SKU_256,partially matching,0.6291217982769013,0.5,0.5970726609230042,1.0
RFP_1930,SKU_107,matching,0.7814933549274097,0.7272727272727273,0.7261899709701538,1.0
RFP_1931,SKU_107,partially matching,0.6402747530203599,0.46153846153846156,0.6983517408370972,1.0
RFP_1932,SKU_250,matching,0.7791533052921296,0.8,0.5971776843070984,1.0
RFP_1933,SKU_257,partially matching,0.6188714663187663,0.8333333333333334,0.674015998840332,0.0
RFP_1934,SKU_288,matching,0.7381518970836292,0.7272727272727273,0.5817184448242188,1.0
RFP_1935,SKU_257,partially matching,0.6328529655933379,0.5,0.6095098853111267,1.0
RFP_1936,SKU_265,partially matching,0.5720986127853394,0.8,0.5736620426177979,0.0
RFP_1937,SKU_160,partially matching,0.5267593522866567,0.6666666666666666,0.6447533965110779,0.0
RFP_1938,SKU_144,matching,0.7343450557101856,0.7272727272727273,0.5690289735794067,1.0
RFP_1939,SKU_237,partially matching,0.6130870163440705,0.5,0.5436233878135681,1.0
RFP_1940,SKU_276,partially matching,0.7156343156641181,0.6363636363636364,0.658174991607666,1.0
RFP_1941,SKU_107,partially matching,0.4864200871724349,0.5384615384615384,0.7239643931388855,0.0
RFP_1942,SKU_258,matching,0.7246169030666352,0.7,0.5820563435554504,1.0
RFP_1943,SKU_259,partially matching,0.7064262588818868,0.6666666666666666,0.5769764184951782,1.0
RFP_1944,SKU_103,matching,0.8172329962253571,0.9,0.5574433207511902,1.0
RFP_1945,SKU_266,matching,0.8071243365605671,0.9166666666666666,0.4959700107574463,1.0
RFP_1946,SKU_157,partially matching,0.6672270774841309,0.6,0.5574235916137695,1.0
RFP_1947,SKU_123,partially matching,0.6394257217645645,0.6,0.4647524058818817,1.0
RFP_1948,SKU_132,matching,0.7389693260192871,0.8,0.46323108673095703,1.0
RFP_1949,SKU_278,partially matching,0.6177097022533417,0.8,0.7256990075111389,0.0
RFP_1950,SKU_176,partially matching,0.538793396949768,0.7,0.6293113231658936,0.0
RFP_1951,SKU_217,partially matching,0.5789369523525238,0.5,0.42978984117507935,1.0
RFP_1952,SKU_248,matching,0.8484192371368409,0.9,0.6613974571228027,1.0
RFP_1953,SKU_102,matching,0.7338239868481953,0.6666666666666666,0.6683021783828735,1.0
RFP_1954,SKU_250,matching,0.7773453441533176,0.8181818181818182,0.5608481168746948,1.0
RFP_1955,SKU_107,partially matching,0.6732807040214539,0.5,0.7442690134048462,1.0
RFP_1956,SKU_102,matching,0.8678066551685333,0.9,0.7260221838951111,1.0
RFP_1957,SKU_117,partially matching,0.7008786559104918,0.7,0.5029288530349731,1.0
RFP_1958,SKU_176,partially matching,0.5647157040926126,0.6923076923076923,0.7285395264625549,0.0
RFP_1959,SKU_125,partially matching,0.6845992267131806,0.6,0.6153307557106018,1.0
RFP_1960,SKU_259,partially matching,0.6408671408891677,0.6,0.46955713629722595,1.0
RFP_1961,SKU_113,matching,0.7549690842628478,0.7,0.6832302808761597,1.0
RFP_1962,SKU_243,matching,0.7585482727397572,0.7272727272727273,0.6497063636779785,1.0
RFP_1963,SKU_248,partially matching,0.5344101369380951,0.75,0.5313671231269836,0.0
RFP_1964,SKU_212,partially matching,0.698423014084498,0.5833333333333334,0.6891878247261047,1.0
RFP_1965,SKU_284,partially matching,0.5901427547136943,0.8333333333333334,0.5782536268234253,0.0
RFP_1966,SKU_146,partially matching,0.5307234346866607,0.7,0.6024114489555359,0.0
RFP_1967,SKU_107,partially matching,0.6670344829559327,0.5,0.7234482765197754,1.0
RFP_1968,SKU_207,partially matching,0.6988484436815435,0.6363636363636364,0.6022220849990845,1.0
RFP_1969,SKU_166,partially matching,0.6005868640812961,0.8181818181818182,0.6383198499679565,0.0
RFP_1970,SKU_259,partially matching,0.6605375046079809,0.6363636363636364,0.47451895475387573,1.0
RFP_1971,SKU_284,partially matching,0.6729769289493561,0.6,0.5765897631645203,1.0
RFP_1972,SKU_227,matching,0.7840930949557912,0.7272727272727273,0.7348557710647583,1.0
RFP_1973,SKU_176,matching,0.8077256441116334,0.8,0.6924188137054443,1.0
RFP_1974,SKU_185,partially matching,0.5405037959416708,0.6666666666666666,0.690568208694458,0.0
RFP_1975,SKU_252,partially matching,0.6385812022469259,0.5454545454545454,0.5528464317321777,1.0
RFP_1976,SKU_293,matching,0.7724778056144714,0.8,0.5749260187149048,1.0
RFP_1977,SKU_137,partially matching,0.5168166973374106,0.5454545454545454,0.8136314153671265,0.0
RFP_1978,SKU_152,matching,0.8668378015359242,0.9166666666666666,0.6950148940086365,1.0
RFP_1979,SKU_201,partially matching,0.6330983698368073,0.5,0.6103278994560242,1.0
RFP_1980,SKU_259,partially matching,0.6453920190150921,0.6153846153846154,0.45899903774261475,1.0
RFP_1981,SKU_210,matching,0.8118313650290172,0.8333333333333334,0.6505489945411682,1.0
RFP_1982,SKU_108,partially matching,0.5162798901398976,0.6666666666666666,0.6098218560218811,0.0
RFP_1983,SKU_176,matching,0.7861470222473144,0.8,0.6204900741577148,1.0
RFP_1984,SKU_277,partially matching,0.6812762022018433,0.6,0.6042540073394775,1.0
RFP_1985,SKU_124,matching,0.827315096060435,0.8333333333333334,0.702161431312561,1.0
RFP_1986,SKU_219,partially matching,0.6142166164788333,0.8181818181818182,0.6837523579597473,0.0
RFP_1987,SKU_257,partially matching,0.6470248557054079,0.9230769230769231,0.618287980556488,0.0
RFP_1988,SKU_219,matching,0.7384487282146106,0.7272727272727273,0.5827078819274902,1.0
RFP_1989,SKU_193,matching,0.7417539715766908,0.75,0.5558465719223022,1.0
RFP_1990,SKU_211,matching,0.8122231450947848,0.8181818181818182,0.6771074533462524,1.0
RFP_1991,SKU_265,partially matching,0.4782336115837097,0.6,0.5941120386123657,0.0
RFP_1992,SKU_261,partially matching,0.4932571331659953,0.5833333333333334,0.6719682216644287,0.0
RFP_1993,SKU_299,partially matching,0.6876615246136983,0.6666666666666666,0.5144273042678833,1.0
RFP_1994,SKU_272,matching,0.7348003923892974,0.7,0.616001307964325,1.0
RFP_1995,SKU_130,partially matching,0.6937950412432352,0.5833333333333334,0.673761248588562,1.0
RFP_1996,SKU_299,partially matching,0.5539589217075935,0.7692307692307693,0.5644784569740295,0.0
RFP_1997,SKU_157,partially matching,0.7049599051475524,0.7,0.5165330171585083,1.0
RFP_1998,SKU_197,partially matching,0.6560111939907074,0.5,0.6867039799690247,1.0
RFP_1999,SKU_235,partially matching,0.625242034594218,0.8333333333333334,0.6952512264251709,0.0
RFP_2000,SKU_212,partially matching,0.6695100009441376,0.9,0.7317000031471252,0.0
RFP_2001,SKU_107,partially matching,0.67132350043817,0.9090909090909091,0.7225934863090515,0.0
RFP_2002,SKU_154,partially matching,0.638594251871109,0.5,0.62864750623703,1.0
RFP_2003,SKU_152,partially matching,0.6271633527495644,0.45454545454545453,0.6663020849227905,1.0
RFP_2004,SKU_234,partially matching,0.5899918881329623,0.8181818181818182,0.6030032634735107,0.0
RFP_2005,SKU_246,matching,0.792246427861127,0.8181818181818182,0.6105183959007263,1.0
RFP_2006,SKU_210,partially matching,0.5786905805269877,0.8333333333333334,0.5400797128677368,0.0
RFP_2007,SKU_101,matching,0.7558181285858154,0.7,0.6860604286193848,1.0
RFP_2008,SKU_276,partially matching,0.7074637536819164,0.6153846153846154,0.6659048199653625,1.0
RFP_2009,SKU_199,matching,0.7315650224685668,0.7,0.6052167415618896,1.0
RFP_2010,SKU_300,partially matching,0.6171292199538304,0.8461538461538461,0.6468409895896912,0.0
RFP_2011,SKU_211,partially matching,0.4980661153793335,0.6,0.6602203845977783,0.0
RFP_2012,SKU_234,partially matching,0.7104186375935873,0.6666666666666666,0.5902843475341797,1.0
RFP_2013,SKU_190,partially matching,0.6042297330769626,0.8181818181818182,0.6504627466201782,0.0
RFP_2014,SKU_257,partially matching,0.5956378665837375,0.8181818181818182,0.6218231916427612,0.0
RFP_2015,SKU_165,partially matching,0.4586594621340434,0.5833333333333334,0.5566426515579224,0.0
RFP_2016,SKU_192,partially matching,0.6911554217338562,1.0,0.637184739112854,0.0
RFP_2017,SKU_155,partially matching,0.4657908537171104,0.5454545454545454,0.6435452699661255,0.0
RFP_2018,SKU_149,matching,0.7596450448036194,0.8,0.532150149345398,1.0
RFP_2019,SKU_261,partially matching,0.545012104511261,0.75,0.5667070150375366,0.0
RFP_2020,SKU_294,partially matching,0.5774446487426759,0.4,0.5914821624755859,1.0
RFP_2021,SKU_228,partially matching,0.5732597589492798,0.8,0.5775325298309326,0.0
RFP_2022,SKU_272,matching,0.7433789323676716,0.7272727272727273,0.5991418957710266,1.0
RFP_2023,SKU_259,partially matching,0.7171995013952255,0.75,0.4739983379840851,1.0
RFP_2024,SKU_234,matching,0.7437420964241028,0.75,0.5624736547470093,1.0
RFP_2025,SKU_212,matching,0.7416935523351034,0.6666666666666666,0.6945340633392334,1.0
RFP_2026,SKU_254,matching,0.737403946573084,0.6363636363636364,0.7307404279708862,1.0
RFP_2027,SKU_268,matching,0.7447222828865052,0.75,0.5657409429550171,1.0
RFP_2028,SKU_228,partially matching,0.6783655578439887,0.6363636363636364,0.5339457988739014,1.0
RFP_2029,SKU_261,partially matching,0.5750861048698426,0.75,0.6669536828994751,0.0
RFP_2030,SKU_248,partially matching,0.6134930564807012,0.8461538461538461,0.6347204446792603,0.0
RFP_2031,SKU_131,matching,0.8038337853821842,0.8181818181818182,0.6491429209709167,1.0
RFP_2032,SKU_193,partially matching,0.5927229344844818,0.5,0.4757431149482727,1.0
RFP_2033,SKU_233,matching,0.7893734157085419,0.8,0.6312447190284729,1.0
RFP_2034,SKU_258,partially matching,0.6165991260455205,0.8461538461538461,0.6450740098953247,0.0
RFP_2035,SKU_257,matching,0.7960435417565432,0.8181818181818182,0.6231754422187805,1.0
RFP_2036,SKU_176,matching,0.7688464175571095,0.7272727272727273,0.6840335130691528,1.0
RFP_2037,SKU_176,partially matching,0.5292924841245015,0.6666666666666666,0.653197169303894,0.0
RFP_2038,SKU_276,matching,0.8043079376220703,0.8,0.6810264587402344,1.0
RFP_2039,SKU_253,matching,0.7216074903806051,0.6666666666666666,0.6275805234909058,1.0
RFP_2040,SKU_112,matching,0.81924702723821,0.9166666666666666,0.5363789796829224,1.0
RFP_2041,SKU_231,matching,0.7308885568922217,0.6363636363636364,0.7090224623680115,1.0
RFP_2042,SKU_208,partially matching,0.648095832268397,0.8333333333333334,0.7714305520057678,0.0
RFP_2043,SKU_152,partially matching,0.7039053956667582,0.5833333333333334,0.7074624300003052,1.0
RFP_2044,SKU_185,partially matching,0.6186898668607077,0.4166666666666667,0.7011884450912476,1.0
RFP_2045,SKU_259,matching,0.8320812582969666,0.9,0.6069375276565552,1.0
RFP_2046,SKU_227,partially matching,0.6279395401477814,0.4,0.7597984671592712,1.0
RFP_2047,SKU_236,partially matching,0.5671614282661014,0.7777777777777778,0.5942417979240417,0.0
RFP_2048,SKU_217,partially matching,0.6002646662972191,0.5454545454545454,0.4251246452331543,1.0
RFP_2049,SKU_250,partially matching,0.7133419286121021,0.7272727272727273,0.4990185499191284,1.0
RFP_2050,SKU_259,partially matching,0.5930989590558139,0.8181818181818182,0.6133601665496826,0.0
RFP_2051,SKU_225,partially matching,0.6670586943626404,0.5,0.7235289812088013,1.0
RFP_2052,SKU_160,partially matching,0.5514833390712738,0.7,0.6716111302375793,0.0
RFP_2053,SKU_299,partially matching,0.6968657672405243,0.7,0.4895525574684143,1.0
RFP_2054,SKU_144,matching,0.8360732939508226,0.8888888888888888,0.6387628316879272,1.0
RFP_2055,SKU_163,matching,0.738254150748253,0.8,0.4608471691608429,1.0
RFP_2056,SKU_107,partially matching,0.4865633209546407,0.6666666666666666,0.5107666254043579,0.0
RFP_2057,SKU_170,partially matching,0.5381438612937928,0.75,0.5438128709793091,0.0
RFP_2058,SKU_114,matching,0.8124068578084309,0.9166666666666666,0.5135784149169922,1.0
RFP_2059,SKU_143,partially matching,0.6720238501375372,0.6363636363636364,0.51280677318573,1.0
RFP_2060,SKU_162,partially matching,0.7134453773498535,0.7,0.5448179244995117,1.0
RFP_2061,SKU_257,partially matching,0.6711334645748139,0.6,0.5704448819160461,1.0
RFP_2062,SKU_176,partially matching,0.5634769212115894,0.7272727272727273,0.6661351919174194,0.0
RFP_2063,SKU_299,partially matching,0.6807165319269354,0.6363636363636364,0.5417823791503906,1.0
RFP_2064,SKU_293,partially matching,0.6146287838617961,0.8333333333333334,0.6598737239837646,0.0
RFP_2065,SKU_162,partially matching,0.7018963396549225,0.7,0.506321132183075,1.0
RFP_2066,SKU_209,partially matching,0.5294068892796834,0.6666666666666666,0.653578519821167,0.0
RFP_2067,SKU_193,partially matching,0.5791027990254489,0.8181818181818182,0.5667062997817993,0.0
RFP_2068,SKU_299,partially matching,0.6722031647508795,0.6363636363636364,0.5134044885635376,1.0
RFP_2069,SKU_206,matching,0.7693820178508759,0.8,0.5646067261695862,1.0
RFP_2070,SKU_299,matching,0.7276086877692829,0.7272727272727273,0.5465744137763977,1.0
RFP_2071,SKU_193,partially matching,0.6477002958456675,0.5833333333333334,0.5201120972633362,1.0
RFP_2072,SKU_277,partially matching,0.6173872590065002,0.5,0.5579575300216675,1.0
RFP_2073,SKU_107,matching,0.7685448527336121,0.7,0.7284828424453735,1.0
RFP_2074,SKU_277,partially matching,0.6633181373278301,0.5833333333333334,0.5721715688705444,1.0
RFP_2075,SKU_280,matching,0.7319927275180815,0.7,0.6066424250602722,1.0
RFP_2076,SKU_257,partially matching,0.6827513272112067,0.6363636363636364,0.5485650300979614,1.0
RFP_2077,SKU_103,matching,0.7307177792895925,0.7272727272727273,0.5569380521774292,1.0
RFP_2078,SKU_269,partially matching,0.6883959542621265,0.7272727272727273,0.41586530208587646,1.0
RFP_2079,SKU_280,partially matching,0.5435614228248596,0.75,0.5618714094161987,0.0
RFP_2080,SKU_218,matching,0.7719329873720806,0.8333333333333334,0.5175544023513794,1.0
RFP_2081,SKU_132,partially matching,0.5832456688086192,0.8333333333333334,0.555263340473175,0.0
RFP_2082,SKU_125,partially matching,0.6668117880821227,0.5,0.7227059602737427,1.0
RFP_2083,SKU_206,matching,0.7289860736240039,0.7272727272727273,0.5511656999588013,1.0
RFP_2084,SKU_219,partially matching,0.6082109729448955,0.8333333333333334,0.6384810209274292,0.0
RFP_2085,SKU_220,partially matching,0.6600759208202363,0.5,0.7002530694007874,1.0
RFP_2086,SKU_240,partially matching,0.7199869329279118,0.6363636363636364,0.6726837158203125,1.0
RFP_2087,SKU_250,partially matching,0.6371032519774004,0.9090909090909091,0.6085259914398193,0.0
RFP_2088,SKU_251,partially matching,0.6425791382789612,0.5,0.6419304609298706,1.0
RFP_2089,SKU_155,matching,0.8262864245818211,0.8461538461538461,0.6773650050163269,1.0
RFP_2090,SKU_105,matching,0.818436374989423,0.8181818181818182,0.6978182196617126,1.0
RFP_2091,SKU_278,partially matching,0.611666484673818,0.4166666666666667,0.6777771711349487,1.0
RFP_2092,SKU_125,matching,0.7604899287223816,0.7,0.701633095741272,1.0
RFP_2093,SKU_208,partially matching,0.6123507201671601,0.8,0.7078357338905334,0.0
RFP_2094,SKU_252,partially matching,0.6479996540329673,0.5454545454545454,0.5842412710189819,1.0
RFP_2095,SKU_204,partially matching,0.4951467990875244,0.6,0.650489330291748,0.0
RFP_2096,SKU_272,matching,0.7391770601272583,0.7,0.6305902004241943,1.0
RFP_2097,SKU_259,partially matching,0.6691203409975226,0.6363636363636364,0.5031284093856812,1.0
RFP_2098,SKU_189,partially matching,0.7011247277259827,0.6,0.6704157590866089,1.0
RFP_2099,SKU_152,matching,0.8596595747904343,0.9090909090909091,0.6837137341499329,1.0
RFP_2100,SKU_155,partially matching,0.6322431821089525,0.46153846153846156,0.6715798377990723,1.0
RFP_2101,SKU_210,partially matching,0.7100463802164252,0.6363636363636364,0.6395485401153564,1.0
RFP_2102,SKU_162,partially matching,0.7031894147396087,0.7,0.5106313824653625,1.0
RFP_2103,SKU_124,partially matching,0.5720165133476257,0.75,0.6567217111587524,0.0
RFP_2104,SKU_152,partially matching,0.5015064065272992,0.6153846153846154,0.6460469961166382,0.0
RFP_2105,SKU_280,matching,0.7593116581439971,0.75,0.614372193813324,1.0
RFP_2106,SKU_185,partially matching,0.5179020697420293,0.6363636363636364,0.6657341718673706,0.0
RFP_2107,SKU_246,partially matching,0.5353596766789754,0.6666666666666666,0.6734211444854736,0.0
RFP_2108,SKU_182,partially matching,0.55940818465673,0.6923076923076923,0.710847795009613,0.0
RFP_2109,SKU_278,partially matching,0.663894885778427,0.5,0.7129829525947571,1.0
RFP_2110,SKU_176,matching,0.7297593057155609,0.7,0.5991976857185364,1.0
RFP_2111,SKU_288,partially matching,0.539330106973648,0.7,0.6311003565788269,0.0
RFP_2112,SKU_118,matching,0.728888280283321,0.7272727272727273,0.5508397221565247,1.0
RFP_2113,SKU_228,partially matching,0.600588858127594,0.8,0.66862952709198,0.0
RFP_2114,SKU_152,partially matching,0.5948516217145053,0.8181818181818182,0.6192023754119873,0.0
RFP_2115,SKU_217,partially matching,0.6643359780311584,0.6,0.5477865934371948,1.0
RFP_2116,SKU_192,partially matching,0.5416893243789672,0.7,0.6389644145965576,0.0
RFP_2117,SKU_152,partially matching,0.5190697459074167,0.6923076923076923,0.5763863325119019,0.0
RFP_2118,SKU_152,partially matching,0.5679572116244923,0.7272727272727273,0.6810694932937622,0.0
RFP_2119,SKU_210,partially matching,0.6644312062046744,0.5454545454545454,0.6390131115913391,1.0
RFP_2120,SKU_125,partially matching,0.666650769927285,0.5454545454545454,0.646411657333374,1.0
RFP_2121,SKU_272,partially matching,0.6315126121044159,0.5,0.605042040348053,1.0
RFP_2122,SKU_160,partially matching,0.5717726496549753,0.6923076923076923,0.7520626783370972,0.0
RFP_2123,SKU_259,partially matching,0.538140309940685,0.7272727272727273,0.5816798210144043,0.0
RFP_2124,SKU_250,partially matching,0.6355372091134389,0.9166666666666666,0.5906795859336853,0.0
RFP_2125,SKU_277,matching,0.7566817336612277,0.7777777777777778,0.5593094825744629,1.0
RFP_2126,SKU_139,partially matching,0.5102821290493011,0.6,0.7009404301643372,0.0
RFP_2127,SKU_180,partially matching,0.5912800994786349,0.8181818181818182,0.6072973012924194,0.0
RFP_2128,SKU_135,partially matching,0.4036521559411829,0.36363636363636365,0.7394465804100037,0.0
RFP_2129,SKU_246,partially matching,0.700878947431391,0.6363636363636364,0.6089904308319092,1.0
RFP_2130,SKU_183,partially matching,0.6549066603183746,0.9,0.6830222010612488,0.0
RFP_2131,SKU_115,matching,0.7662084221839904,0.75,0.6373614072799683,1.0
RFP_2132,SKU_152,partially matching,0.6577942510445912,0.9166666666666666,0.6648697257041931,0.0
RFP_2133,SKU_277,matching,0.7743515697392551,0.8181818181818182,0.5508688688278198,1.0
RFP_2134,SKU_188,matching,0.7734452334317294,0.8181818181818182,0.5478477478027344,1.0
RFP_2135,SKU_265,partially matching,0.7122851689656575,0.6666666666666666,0.5965061187744141,1.0
RFP_2136,SKU_166,partially matching,0.6267314314842224,0.9,0.5891047716140747,0.0
RFP_2137,SKU_108,partially matching,0.6002078611117143,0.46153846153846156,0.5647954344749451,1.0
RFP_2138,SKU_146,partially matching,0.5831614017486573,0.8,0.6105380058288574,0.0
RFP_2139,SKU_245,partially matching,0.671644123395284,0.6666666666666666,0.46103596687316895,1.0
RFP_2140,SKU_265,partially matching,0.5801386872927348,0.8333333333333334,0.544906735420227,0.0
RFP_2141,SKU_241,partially matching,0.5679154208073249,0.7692307692307693,0.611000120639801,0.0
RFP_2142,SKU_208,partially matching,0.4526219367980957,0.5,0.6754064559936523,0.0
RFP_2143,SKU_206,matching,0.7723686304959385,0.8181818181818182,0.5442590713500977,1.0
RFP_2144,SKU_225,partially matching,0.4733803033828735,0.5,0.7446010112762451,0.0
RFP_2145,SKU_259,partially matching,0.6527026693026226,0.5833333333333334,0.536786675453186,1.0
RFP_2146,SKU_299,matching,0.7595461428165435,0.8,0.5318204760551453,1.0
RFP_2147,SKU_257,matching,0.8470290442307791,0.9166666666666666,0.6289857029914856,1.0
RFP_2148,SKU_123,matching,0.7573057929674785,0.8333333333333334,0.46879708766937256,1.0
RFP_2149,SKU_211,matching,0.8231662909189861,0.8333333333333334,0.6883320808410645,1.0
RFP_2150,SKU_185,partially matching,0.4233946881510995,0.45454545454545453,0.653739869594574,0.0
RFP_2151,SKU_192,partially matching,0.6414985477924346,0.9,0.638328492641449,0.0
RFP_2152,SKU_248,partially matching,0.6036709037694065,0.8181818181818182,0.6485999822616577,0.0
RFP_2153,SKU_211,partially matching,0.4926788449287415,0.6,0.6422628164291382,0.0
RFP_2154,SKU_115,partially matching,0.6084593084725467,0.8181818181818182,0.6645613312721252,0.0
RFP_2155,SKU_264,matching,0.8244263728459675,0.9166666666666666,0.5536434650421143,1.0
RFP_2156,SKU_160,partially matching,0.49914838617498225,0.6363636363636364,0.6032218933105469,0.0
RFP_2157,SKU_161,matching,0.8054176489512126,0.8333333333333334,0.6291699409484863,1.0
RFP_2158,SKU_257,partially matching,0.6462868253389995,0.5833333333333334,0.5154005289077759,1.0
RFP_2159,SKU_185,partially matching,0.6646597047646841,0.9166666666666666,0.6877545714378357,0.0
RFP_2160,SKU_176,partially matching,0.5275990804036458,0.6666666666666666,0.647552490234375,0.0
RFP_2161,SKU_125,partially matching,0.6730538547039031,0.6,0.576846182346344,1.0
RFP_2162,SKU_266,matching,0.7864511410395305,0.8333333333333334,0.5659482479095459,1.0
RFP_2163,SKU_107,partially matching,0.4623582482337951,0.5,0.7078608274459839,0.0
RFP_2164,SKU_223,partially matching,0.5859249880680671,0.7692307692307693,0.6710320115089417,0.0
RFP_2165,SKU_272,partially matching,0.6752346797422929,0.9090909090909091,0.7356307506561279,0.0
RFP_2166,SKU_230,partially matching,0.696071235338847,0.5833333333333334,0.6813485622406006,1.0
RFP_2167,SKU_184,partially matching,0.6443398773670197,0.6,0.4811329245567322,1.0
RFP_2168,SKU_277,partially matching,0.6267671227455138,0.5,0.5892237424850464,1.0
RFP_2169,SKU_123,partially matching,0.6957766830921173,0.7,0.48592227697372437,1.0
RFP_2170,SKU_206,matching,0.7732259452342987,0.8,0.5774198174476624,1.0
RFP_2171,SKU_161,partially matching,0.6598036706447601,0.6,0.5326789021492004,1.0
RFP_2172,SKU_265,matching,0.7573461055755615,0.8,0.5244870185852051,1.0
RFP_2173,SKU_130,partially matching,0.6031479358673095,0.8,0.6771597862243652,0.0
RFP_2174,SKU_224,partially matching,0.7019015137965863,0.6153846153846154,0.6473640203475952,1.0
RFP_2175,SKU_225,partially matching,0.6260581632455191,0.4166666666666667,0.7257494330406189,1.0
RFP_2176,SKU_233,matching,0.7673588107932698,0.7272727272727273,0.6790748238563538,1.0
RFP_2177,SKU_201,partially matching,0.6923894886787121,0.6153846153846154,0.6156572699546814,1.0
RFP_2178,SKU_225,matching,0.7554970403512318,0.6666666666666666,0.7405456900596619,1.0
RFP_2179,SKU_107,partially matching,0.4884558417580344,0.5454545454545454,0.7190952301025391,0.0
RFP_2180,SKU_277,matching,0.7255016516555439,0.7272727272727273,0.5395509600639343,1.0
RFP_2181,SKU_203,partially matching,0.6921765863895416,0.7,0.4739219546318054,1.0
RFP_2182,SKU_124,partially matching,0.5670365503201118,0.7692307692307693,0.6080705523490906,0.0
RFP_2183,SKU_102,matching,0.8812326050721682,0.9230769230769231,0.7323138117790222,1.0
RFP_2184,SKU_107,partially matching,0.7080031315485638,0.5833333333333334,0.7211215496063232,1.0
RFP_2185,SKU_176,partially matching,0.48755019704500835,0.5833333333333334,0.6529451012611389,0.0
RFP_2186,SKU_135,partially matching,0.7114055295785269,0.6666666666666666,0.5935739874839783,1.0
RFP_2187,SKU_236,partially matching,0.6496811845085837,0.5454545454545454,0.5898463726043701,1.0
RFP_2188,SKU_103,partially matching,0.6151701947053273,0.9166666666666666,0.5227895379066467,0.0
RFP_2189,SKU_257,partially matching,0.6576077143351238,0.5833333333333334,0.5531368255615234,1.0
RFP_2190,SKU_231,partially matching,0.53196315964063,0.6666666666666666,0.6620994210243225,0.0
RFP_2191,SKU_178,matching,0.7334265172481538,0.75,0.528088390827179,1.0
RFP_2192,SKU_272,matching,0.7527941118587147,0.7272727272727273,0.6305258274078369,1.0
RFP_2193,SKU_259,matching,0.7553618550300598,0.75,0.6012061834335327,1.0
RFP_2194,SKU_250,matching,0.7612839725884524,0.8181818181818182,0.5073102116584778,1.0
RFP_2195,SKU_291,matching,0.86258366541429,0.9090909090909091,0.6934607028961182,1.0
RFP_2196,SKU_167,partially matching,0.6575068811575573,0.5833333333333334,0.552800714969635,1.0
RFP_2197,SKU_102,partially matching,0.6102632013234226,0.8181818181818182,0.6705743074417114,0.0
RFP_2198,SKU_259,partially matching,0.6107209483782451,0.8333333333333334,0.6468476057052612,0.0
RFP_2199,SKU_272,partially matching,0.7123604496320088,0.6666666666666666,0.5967570543289185,1.0
RFP_2200,SKU_182,partially matching,0.5281628986199697,0.6666666666666666,0.6494318842887878,0.0
RFP_2201,SKU_290,matching,0.7442434778580298,0.7692307692307693,0.5320936441421509,1.0
RFP_2202,SKU_101,matching,0.7882142892250648,0.7692307692307693,0.6786630153656006,1.0
RFP_2203,SKU_123,matching,0.8021979189836062,0.9230769230769231,0.4688648581504822,1.0
RFP_2204,SKU_158,partially matching,0.5551096092570912,0.7272727272727273,0.6382441520690918,0.0
RFP_2205,SKU_115,partially matching,0.7161702925508673,0.6363636363636364,0.6599615812301636,1.0
RFP_2206,SKU_211,matching,0.8048108696937561,0.8,0.682702898979187,1.0
RFP_2207,SKU_236,partially matching,0.5893318680199711,0.8181818181818182,0.6008031964302063,0.0
RFP_2208,SKU_221,partially matching,0.6107739865779878,0.5,0.5359132885932922,1.0
RFP_2209,SKU_206,matching,0.7739687291058628,0.8181818181818182,0.5495927333831787,1.0
RFP_2210,SKU_176,partially matching,0.5755030166019093,0.7272727272727273,0.7062221765518188,0.0
RFP_2211,SKU_152,matching,0.7649696599353444,0.7272727272727273,0.671110987663269,1.0
RFP_2212,SKU_276,partially matching,0.6079048243435947,0.8181818181818182,0.6627130508422852,0.0
RFP_2213,SKU_154,partially matching,0.4965270280838012,0.6,0.6550900936126709,0.0
RFP_2214,SKU_248,matching,0.8184010962645214,0.8333333333333334,0.6724480986595154,1.0
RFP_2215,SKU_299,partially matching,0.7008075952529906,0.7,0.5026919841766357,1.0
RFP_2216,SKU_160,partially matching,0.5363952060540517,0.6666666666666666,0.6768729090690613,0.0
RFP_2217,SKU_210,partially matching,0.6302842356941916,0.5454545454545454,0.5251898765563965,1.0
RFP_2218,SKU_173,partially matching,0.614099426401986,0.4444444444444444,0.6395906805992126,1.0
RFP_2219,SKU_228,partially matching,0.6910203987901862,0.6363636363636364,0.5761286020278931,1.0
RFP_2220,SKU_225,partially matching,0.5647237241268157,0.3,0.715745747089386,1.0
RFP_2221,SKU_185,partially matching,0.5285174330075582,0.6666666666666666,0.6506136655807495,0.0
RFP_2222,SKU_224,partially matching,0.6869277238845826,0.6,0.6230924129486084,1.0
RFP_2223,SKU_193,partially matching,0.6478530565897624,0.5833333333333334,0.5206212997436523,1.0
RFP_2224,SKU_126,partially matching,0.5991750313685491,0.8461538461538461,0.5869936943054199,0.0
RFP_2225,SKU_286,partially matching,0.5695390641689301,0.75,0.6484635472297668,0.0
RFP_2226,SKU_123,matching,0.7756609608729681,0.9166666666666666,0.39109209179878235,1.0
RFP_2227,SKU_107,partially matching,0.6630986094474793,0.5,0.7103286981582642,1.0
RFP_2228,SKU_203,matching,0.7358188759196889,0.7272727272727273,0.573941707611084,1.0
RFP_2229,SKU_211,matching,0.7779459010470997,0.7272727272727273,0.7143651247024536,1.0
RFP_2230,SKU_160,partially matching,0.5250861366589864,0.6666666666666666,0.6391760110855103,0.0
RFP_2231,SKU_299,matching,0.7668897179040042,0.8181818181818182,0.5259960293769836,1.0
RFP_2232,SKU_261,matching,0.7368881253095774,0.6923076923076923,0.635780930519104,1.0
RFP_2233,SKU_188,partially matching,0.5390636444091796,0.75,0.5468788146972656,0.0
RFP_2234,SKU_146,partially matching,0.5426473687995563,0.7272727272727273,0.5967033505439758,0.0
RFP_2235,SKU_209,partially matching,0.5098682641983032,0.6,0.6995608806610107,0.0
RFP_2236,SKU_299,partially matching,0.6720751697366888,0.6363636363636364,0.5129778385162354,1.0
RFP_2237,SKU_224,matching,0.764790094982494,0.7272727272727273,0.6705124378204346,1.0
RFP_2238,SKU_124,partially matching,0.5460575293410908,0.7272727272727273,0.6080705523490906,0.0
RFP_2239,SKU_253,matching,0.7535962224006651,0.7,0.6786540746688843,1.0
RFP_2240,SKU_107,partially matching,0.549061902364095,0.6666666666666666,0.7190952301025391,0.0
RFP_2241,SKU_152,partially matching,0.6618186235427856,0.5,0.7060620784759521,1.0
RFP_2242,SKU_225,partially matching,0.6658133447170258,0.5,0.7193778157234192,1.0
RFP_2243,SKU_185,matching,0.7794078301299703,0.7272727272727273,0.7192382216453552,1.0
RFP_2244,SKU_272,matching,0.735525232553482,0.7,0.6184174418449402,1.0
RFP_2245,SKU_286,partially matching,0.6467486500740052,0.5,0.6558288335800171,1.0
RFP_2246,SKU_277,partially matching,0.5956974826075814,0.45454545454545453,0.5614158511161804,1.0
RFP_2247,SKU_182,partially matching,0.4753546582327949,0.5555555555555556,0.6585896015167236,0.0
RFP_2248,SKU_206,partially matching,0.6875677009423573,0.6666666666666666,0.5141145586967468,1.0
RFP_2249,SKU_257,matching,0.7986791803286626,0.8461538461538461,0.5853408575057983,1.0
RFP_2250,SKU_206,partially matching,0.7116576492786406,0.7,0.5388588309288025,1.0
RFP_2251,SKU_189,partially matching,0.692392921447754,0.6,0.6413097381591797,1.0
RFP_2252,SKU_125,matching,0.734554153138941,0.6363636363636364,0.7212411165237427,1.0
RFP_2253,SKU_272,partially matching,0.6771225730578105,0.5833333333333334,0.618186354637146,1.0
RFP_2254,SKU_299,partially matching,0.5405782878398895,0.75,0.5519276261329651,0.0
RFP_2255,SKU_294,matching,0.7748778095612159,0.7692307692307693,0.634208083152771,1.0
RFP_2256,SKU_210,partially matching,0.6769145945707957,0.5833333333333334,0.6174930930137634,1.0
RFP_2257,SKU_274,partially matching,0.6775112563913519,0.6363636363636364,0.5310981273651123,1.0
RFP_2258,SKU_162,partially matching,0.5332085430622101,0.75,0.5273618102073669,0.0
RFP_2259,SKU_119,partially matching,0.5706606713208285,0.8181818181818182,0.5385658740997314,0.0
RFP_2260,SKU_272,matching,0.7244094073772429,0.7,0.5813646912574768,1.0
RFP_2261,SKU_217,partially matching,0.6410842388868332,0.6,0.47028079628944397,1.0
RFP_2262,SKU_262,partially matching,0.6180056989192962,0.6,0.39335232973098755,1.0
RFP_2263,SKU_233,partially matching,0.6487315535545348,0.5,0.6624385118484497,1.0
RFP_2264,SKU_130,matching,0.7662005543708801,0.75,0.6373351812362671,1.0
RFP_2265,SKU_284,partially matching,0.6654293531721289,0.6363636363636364,0.4908251166343689,1.0
RFP_2266,SKU_214,partially matching,0.6896495958169302,0.6666666666666666,0.521054208278656,1.0
RFP_2267,SKU_162,matching,0.7425926804542542,0.75,0.5586422681808472,1.0
RFP_2268,SKU_137,partially matching,0.48380871415138244,0.5,0.7793623805046082,0.0
RFP_2269,SKU_107,matching,0.7704113125801086,0.7,0.7347043752670288,1.0
RFP_2270,SKU_248,matching,0.7754189848899842,0.75,0.6680632829666138,1.0
RFP_2271,SKU_284,partially matching,0.7100613315900166,0.6666666666666666,0.5890933275222778,1.0
RFP_2272,SKU_206,matching,0.7458268573650948,0.7692307692307693,0.5373715758323669,1.0
RFP_2273,SKU_102,partially matching,0.5088630080223083,0.6,0.6962100267410278,0.0
RFP_2274,SKU_107,partially matching,0.7073484758536022,0.5833333333333334,0.7189393639564514,1.0
RFP_2275,SKU_253,partially matching,0.6520886957645415,0.5,0.6736289858818054,1.0
RFP_2276,SKU_220,partially matching,0.47600266716696993,0.5454545454545454,0.6775846481323242,0.0
RFP_2277,SKU_265,matching,0.737725298679792,0.7692307692307693,0.5103663802146912,1.0
RFP_2278,SKU_257,matching,0.7200979351997374,0.7,0.5669931173324585,1.0
RFP_2279,SKU_138,partially matching,0.5405636061321606,0.2727272727272727,0.6806665658950806,1.0
RFP_2280,SKU_236,partially matching,0.5264976024627686,0.75,0.5049920082092285,0.0
RFP_2281,SKU_250,partially matching,0.6878933926423391,0.6666666666666666,0.5152001976966858,1.0
RFP_2282,SKU_185,matching,0.7339947695081883,0.6363636363636364,0.7193765044212341,1.0
RFP_2283,SKU_225,partially matching,0.5679623218683096,0.3076923076923077,0.7137205600738525,1.0
RFP_2284,SKU_107,partially matching,0.6187011857827505,0.4166666666666667,0.7012261748313904,1.0
RFP_2285,SKU_284,partially matching,0.6861166054552252,0.6363636363636364,0.5597826242446899,1.0
RFP_2286,SKU_257,partially matching,0.6787091319377605,0.6153846153846154,0.5700560808181763,1.0
RFP_2287,SKU_103,partially matching,0.708529818058014,0.7,0.5284327268600464,1.0
RFP_2288,SKU_192,partially matching,0.6499514361222585,0.9166666666666666,0.6387270092964172,0.0
RFP_2289,SKU_137,partially matching,0.39844039136713205,0.36363636363636365,0.722074031829834,0.0
RFP_2290,SKU_205,partially matching,0.672204492489497,0.5833333333333334,0.6017927527427673,1.0
RFP_2291,SKU_162,partially matching,0.649968859553337,0.6,0.49989619851112366,1.0
RFP_2292,SKU_272,matching,0.745463067293167,0.7,0.6515435576438904,1.0
RFP_2293,SKU_107,matching,0.7677420496940612,0.7,0.7258068323135376,1.0
RFP_2294,SKU_254,matching,0.7222573692148382,0.6363636363636364,0.6802518367767334,1.0
RFP_2295,SKU_173,partially matching,0.7100312525575811,0.6363636363636364,0.6394981145858765,1.0
RFP_2296,SKU_261,partially matching,0.5325148907991556,0.6923076923076923,0.6212034821510315,0.0
RFP_2297,SKU_193,partially matching,0.7092851102352142,0.7,0.5309503674507141,1.0
RFP_2298,SKU_144,matching,0.7242400169372558,0.7,0.5808000564575195,1.0
RFP_2299,SKU_147,partially matching,0.5554457485675811,0.7,0.6848191618919373,0.0
RFP_2300,SKU_209,partially matching,0.5199703574180603,0.6,0.7332345247268677,0.0
RFP_2301,SKU_160,partially matching,0.5757879972457886,0.7,0.7526266574859619,0.0
RFP_2302,SKU_115,matching,0.829229888049039,0.8181818181818182,0.7337965965270996,1.0
RFP_2303,SKU_167,partially matching,0.5884162724018097,0.9,0.461387574672699,0.0
RFP_2304,SKU_107,partially matching,0.44195380427620623,0.45454545454545453,0.7156035900115967,0.0
RFP_2305,SKU_274,partially matching,0.7084587037563324,0.7,0.5281956791877747,1.0
RFP_2306,SKU_250,partially matching,0.5190875470638274,0.7,0.563625156879425,0.0
RFP_2307,SKU_109,matching,0.849823574586348,0.9090909090909091,0.6509270668029785,1.0
RFP_2308,SKU_246,matching,0.7834292471408844,0.8,0.611430823802948,1.0
RFP_2309,SKU_257,partially matching,0.5836217721303305,0.4166666666666667,0.5842947959899902,1.0
RFP_2310,SKU_254,matching,0.7248565196990966,0.6,0.7495217323303223,1.0
RFP_2311,SKU_205,matching,0.7805392828854647,0.8181818181818182,0.5714945793151855,1.0
RFP_2312,SKU_173,partially matching,0.5645782362331043,0.7272727272727273,0.6698062419891357,0.0
RFP_2313,SKU_208,partially matching,0.5125008528049175,0.6153846153846154,0.6826951503753662,0.0
RFP_2314,SKU_277,partially matching,0.6046632069807787,0.46153846153846156,0.5796465873718262,1.0
RFP_2315,SKU_210,partially matching,0.6627269791232215,0.5555555555555556,0.6164973378181458,1.0
RFP_2316,SKU_276,matching,0.7809382259845734,0.8,0.6031274199485779,1.0
RFP_2317,SKU_231,matching,0.7359426101048787,0.6666666666666666,0.6753642559051514,1.0
RFP_2318,SKU_137,partially matching,0.5180821814320304,0.5454545454545454,0.8178496956825256,0.0
RFP_2319,SKU_248,partially matching,0.6907440463701884,0.5833333333333334,0.6635912656784058,1.0
RFP_2320,SKU_189,matching,0.7762238144874574,0.8,0.5874127149581909,1.0
RFP_2321,SKU_210,partially matching,0.6136742133360642,0.46153846153846156,0.6096832752227783,1.0
RFP_2322,SKU_272,matching,0.7237739026546477,0.7,0.5792463421821594,1.0
RFP_2323,SKU_284,partially matching,0.6006570696830749,0.5,0.5021902322769165,1.0
RFP_2324,SKU_152,partially matching,0.5461200784553181,0.7272727272727273,0.6082790493965149,0.0
RFP_2325,SKU_241,partially matching,0.6511725700818576,0.9230769230769231,0.6321136951446533,0.0
RFP_2326,SKU_124,matching,0.7722938786853444,0.7272727272727273,0.695525050163269,1.0
RFP_2327,SKU_147,matching,0.7555988242992988,0.7692307692307693,0.5699447989463806,1.0
RFP_2328,SKU_210,matching,0.7788871049880981,0.8,0.5962903499603271,1.0
RFP_2329,SKU_274,matching,0.7361509263515473,0.75,0.5371697545051575,1.0
RFP_2330,SKU_137,partially matching,0.5425307924097235,0.6363636363636364,0.7478299140930176,0.0
RFP_2331,SKU_257,matching,0.7475860416889191,0.75,0.5752868056297302,1.0
RFP_2332,SKU_285,matching,0.7831459641456604,0.75,0.6938198804855347,1.0
RFP_2333,SKU_115,partially matching,0.656573474407196,0.5,0.6885782480239868,1.0
RFP_2334,SKU_186,matching,0.8590645051919497,0.9230769230769231,0.6584201455116272,1.0
RFP_2335,SKU_211,partially matching,0.5874265616590326,0.36363636363636365,0.6853612661361694,1.0
RFP_2336,SKU_102,matching,0.8372499088446299,0.8333333333333334,0.7352774739265442,1.0
RFP_2337,SKU_152,partially matching,0.6123901406923931,0.8333333333333334,0.6524115800857544,0.0
RFP_2338,SKU_259,matching,0.8358975811438127,0.9090909090909091,0.6045070886611938,1.0
RFP_2339,SKU_103,partially matching,0.6057008743286133,0.9,0.5190029144287109,0.0
RFP_2340,SKU_131,partially matching,0.7024285177389782,0.5833333333333334,0.7025395035743713,1.0
RFP_2341,SKU_186,partially matching,0.5271825512250264,0.6666666666666666,0.646164059638977,0.0
RFP_2342,SKU_291,partially matching,0.6147952437400819,0.5,0.549317479133606,1.0
RFP_2343,SKU_162,partially matching,0.5463197400936713,0.7692307692307693,0.5390145182609558,0.0
RFP_2344,SKU_276,matching,0.734393206009498,0.6923076923076923,0.6274645328521729,1.0
RFP_2345,SKU_123,partially matching,0.6457077328975385,0.6153846153846154,0.46005141735076904,1.0
RFP_2346,SKU_299,partially matching,0.699425345659256,0.7,0.49808448553085327,1.0
RFP_2347,SKU_176,partially matching,0.5142396027391607,0.6363636363636364,0.6535259485244751,0.0
RFP_2348,SKU_251,not matching,0.40454287528991695,0.5,0.5151429176330566,0.0
RFP_2349,SKU_211,partially matching,0.6532972555894119,0.5384615384615384,0.6135549545288086,1.0
RFP_2350,SKU_299,partially matching,0.7147551715373992,0.7,0.5491839051246643,1.0
RFP_2351,SKU_276,matching,0.7590503643859516,0.7272727272727273,0.6513800024986267,1.0
RFP_2352,SKU_189,matching,0.7241963585217794,0.6666666666666666,0.6362100839614868,1.0
RFP_2353,SKU_225,partially matching,0.5641161680221558,0.3,0.7137205600738525,1.0
RFP_2354,SKU_132,partially matching,0.5452970617347294,0.7777777777777778,0.5213605761528015,0.0
RFP_2355,SKU_257,matching,0.8445611341433092,0.9090909090909091,0.6333855986595154,1.0
RFP_2356,SKU_188,partially matching,0.5615912199020385,0.8,0.5386373996734619,0.0
RFP_2357,SKU_123,partially matching,0.6809639822353016,0.7272727272727273,0.39109206199645996,1.0
RFP_2358,SKU_248,partially matching,0.7191490287130529,0.6363636363636364,0.6698907017707825,1.0
RFP_2359,SKU_111,matching,0.7625925494865937,0.9090909090909091,0.36015698313713074,1.0
RFP_2360,SKU_176,matching,0.8207596421241761,0.8,0.7358654737472534,1.0
RFP_2361,SKU_232,partially matching,0.5362600326538085,0.7,0.6208667755126953,0.0
RFP_2362,SKU_209,partially matching,0.47301294803619387,0.5,0.7433764934539795,0.0
RFP_2363,SKU_147,partially matching,0.6512303676870134,0.8888888888888888,0.6892864108085632,0.0
RFP_2364,SKU_147,partially matching,0.7110706264322455,0.6363636363636364,0.6429626941680908,1.0
RFP_2365,SKU_272,partially matching,0.5596946716308593,0.7,0.6989822387695312,0.0
RFP_2366,SKU_159,partially matching,0.7098266211839823,0.6923076923076923,0.5455759167671204,1.0
RFP_2367,SKU_236,matching,0.8041405975818634,0.9,0.5138019919395447,1.0
RFP_2368,SKU_176,matching,0.7691600143909454,0.75,0.6472000479698181,1.0
RFP_2369,SKU_176,matching,0.7266521150415595,0.6363636363636364,0.6949009895324707,1.0
RFP_2370,SKU_163,matching,0.7318284263977637,0.7692307692307693,0.49071013927459717,1.0
RFP_2371,SKU_125,matching,0.7775449286807667,0.7272727272727273,0.7130285501480103,1.0
RFP_2372,SKU_299,partially matching,0.6718715900724584,0.6363636363636364,0.5122992396354675,1.0
RFP_2373,SKU_254,matching,0.8310918417843907,0.8181818181818182,0.7400031089782715,1.0
RFP_2374,SKU_166,matching,0.732174916159023,0.7272727272727273,0.561795175075531,1.0
RFP_2375,SKU_107,partially matching,0.5593288540840149,0.3,0.6977628469467163,1.0
RFP_2376,SKU_102,matching,0.7415106435616812,0.6666666666666666,0.6939243674278259,1.0
RFP_2377,SKU_105,partially matching,0.4774743715922038,0.5833333333333334,0.619359016418457,0.0
RFP_2378,SKU_158,matching,0.7324973534453998,0.7272727272727273,0.5628699660301208,1.0
RFP_2379,SKU_210,matching,0.8235189676284791,0.9,0.5783965587615967,1.0
RFP_2380,SKU_257,partially matching,0.6521497292952104,0.9090909090909091,0.6586809158325195,0.0
RFP_2381,SKU_118,partially matching,0.6814809436147864,0.6363636363636364,0.5443304181098938,1.0
RFP_2382,SKU_257,matching,0.7282777607440949,0.7,0.5942592024803162,1.0
RFP_2383,SKU_290,partially matching,0.7145058924501593,0.6363636363636364,0.6544135808944702,1.0
RFP_2384,SKU_257,matching,0.7201153874397277,0.7,0.5670512914657593,1.0
RFP_2385,SKU_212,partially matching,0.6591702862219377,0.9090909090909091,0.6820827722549438,0.0
RFP_2386,SKU_290,partially matching,0.6427014112472533,0.5,0.6423380374908447,1.0
RFP_2387,SKU_246,partially matching,0.5975282967090607,0.8,0.6584276556968689,0.0
RFP_2388,SKU_240,partially matching,0.5300205071767171,0.6666666666666666,0.6556239128112793,0.0
RFP_2389,SKU_115,partially matching,0.6398338331626012,0.8461538461538461,0.722523033618927,0.0
RFP_2390,SKU_272,matching,0.7964251220226288,0.8,0.654750406742096,1.0
RFP_2391,SKU_176,matching,0.9253918528556824,1.0,0.7513061761856079,1.0
RFP_2392,SKU_123,partially matching,0.7058489382266999,0.75,0.43616312742233276,1.0
RFP_2393,SKU_154,partially matching,0.6657347776673057,0.5454545454545454,0.6433583498001099,1.0
RFP_2394,SKU_160,partially matching,0.59223313331604,0.8,0.6407771110534668,0.0
RFP_2395,SKU_284,partially matching,0.5110534628232319,0.6666666666666666,0.5924004316329956,0.0
RFP_2396,SKU_102,partially matching,0.6699356840716468,0.5555555555555556,0.6405263543128967,1.0
RFP_2397,SKU_115,matching,0.755395742257436,0.6666666666666666,0.7402080297470093,1.0
RFP_2398,SKU_162,partially matching,0.5054779648780823,0.7,0.5182598829269409,0.0
RFP_2399,SKU_298,not matching,0.40253974416039207,0.45454545454545453,0.5842233896255493,0.0
RFP_2400,SKU_299,partially matching,0.670093446969986,0.6,0.5669781565666199,1.0
RFP_2401,SKU_107,partially matching,0.6634411275386811,0.5,0.7114704251289368,1.0
RFP_2402,SKU_219,partially matching,0.6691259423891704,0.5833333333333334,0.5915309190750122,1.0
RFP_2403,SKU_274,matching,0.7725438145073977,0.8181818181818182,0.5448430180549622,1.0
RFP_2404,SKU_277,partially matching,0.6699589431285857,0.6,0.5665298104286194,1.0
RFP_2405,SKU_276,partially matching,0.5683225284923207,0.7272727272727273,0.6822872161865234,0.0
RFP_2406,SKU_233,partially matching,0.6913686613241832,0.5833333333333334,0.6656733155250549,1.0
RFP_2407,SKU_277,partially matching,0.6007274649359964,0.45454545454545453,0.5781824588775635,1.0
RFP_2408,SKU_107,partially matching,0.7176024854183196,0.6,0.7253416180610657,1.0
RFP_2409,SKU_137,partially matching,0.551482040148515,0.6153846153846154,0.8126324415206909,0.0
RFP_2410,SKU_293,partially matching,0.5350677371025085,0.7,0.6168924570083618,0.0
RFP_2411,SKU_208,partially matching,0.678530752658844,0.9,0.76176917552948,0.0
RFP_2412,SKU_250,partially matching,0.6084502259890239,0.8333333333333334,0.6392785310745239,0.0
RFP_2413,SKU_210,partially matching,0.6993537897413427,0.6363636363636364,0.6039065718650818,1.0
RFP_2414,SKU_107,partially matching,0.6656978487968446,0.5,0.7189928293228149,1.0
RFP_2415,SKU_240,matching,0.755190017590156,0.6923076923076923,0.6967872381210327,1.0
RFP_2416,SKU_288,partially matching,0.5539452433586121,0.4,0.5131508111953735,1.0
RFP_2417,SKU_115,matching,0.7516556886526253,0.6923076923076923,0.6850061416625977,1.0
RFP_2418,SKU_290,matching,0.7984886805216471,0.8333333333333334,0.6060733795166016,1.0
RFP_2419,SKU_183,partially matching,0.6134955684343975,0.8333333333333334,0.656096339225769,0.0
RFP_2420,SKU_211,matching,0.8166508297125499,0.8333333333333334,0.6666138768196106,1.0
RFP_2421,SKU_293,partially matching,0.6520963175730272,0.9090909090909091,0.6585028767585754,0.0
RFP_2422,SKU_220,matching,0.7686387300491333,0.7,0.7287957668304443,1.0
RFP_2423,SKU_119,partially matching,0.6280619819959005,0.9166666666666666,0.5657621622085571,0.0
RFP_2424,SKU_183,matching,0.8551095962524413,0.9,0.6836986541748047,1.0
RFP_2425,SKU_101,partially matching,0.6729645826599815,0.5454545454545454,0.6674576997756958,1.0
RFP_2426,SKU_293,partially matching,0.6602798561255137,0.5833333333333334,0.5620439648628235,1.0
RFP_2427,SKU_125,matching,0.7359139155257832,0.7272727272727273,0.5742585062980652,1.0
RFP_2428,SKU_276,partially matching,0.6027910850264809,0.45454545454545453,0.5850611925125122,1.0
RFP_2429,SKU_278,partially matching,0.6121597290039062,0.8,0.7071990966796875,0.0
RFP_2430,SKU_113,partially matching,0.4904380836270072,0.5454545454545454,0.725702702999115,0.0
RFP_2431,SKU_162,partially matching,0.7083237608273825,0.6666666666666666,0.5833014249801636,1.0
RFP_2432,SKU_272,matching,0.8020711376116827,0.8461538461538461,0.5966473817825317,1.0
RFP_2433,SKU_228,partially matching,0.6856565038363138,0.5833333333333334,0.6466327905654907,1.0
RFP_2434,SKU_219,partially matching,0.621255224943161,0.8,0.7375174164772034,0.0
RFP_2435,SKU_272,partially matching,0.6040352225303649,0.5,0.5134507417678833,1.0
RFP_2436,SKU_130,partially matching,0.527590157588323,0.6666666666666666,0.6475227475166321,0.0
RFP_2437,SKU_272,partially matching,0.5643387198448181,0.7,0.714462399482727,0.0
RFP_2438,SKU_161,matching,0.7329462528228758,0.7,0.6098208427429199,1.0
RFP_2439,SKU_272,partially matching,0.505370682477951,0.6,0.6845689415931702,0.0
RFP_2440,SKU_152,partially matching,0.6939796308676403,0.5833333333333334,0.6743765473365784,1.0
RFP_2441,SKU_123,partially matching,0.6895090848207474,0.7,0.4650302827358246,1.0
RFP_2442,SKU_259,partially matching,0.6553713043530782,0.9166666666666666,0.6567932367324829,0.0
RFP_2443,SKU_165,partially matching,0.6740974525610606,0.5833333333333334,0.6081026196479797,1.0
RFP_2444,SKU_281,matching,0.790435258547465,0.8333333333333334,0.5792286396026611,1.0
RFP_2445,SKU_214,partially matching,0.6052700757980347,0.5,0.5175669193267822,1.0
RFP_2446,SKU_259,partially matching,0.5857820212841034,0.5,0.452606737613678,1.0
RFP_2447,SKU_158,partially matching,0.6675890066406944,0.5454545454545454,0.6495391130447388,1.0
RFP_2448,SKU_176,matching,0.7523947845805774,0.7272727272727273,0.6291947364807129,1.0
RFP_2449,SKU_176,matching,0.782054846561872,0.7692307692307693,0.6581315398216248,1.0
RFP_2450,SKU_125,partially matching,0.7162110084837132,0.6363636363636364,0.6600973010063171,1.0
RFP_2451,SKU_238,partially matching,0.6325227997519753,0.45454545454545453,0.6841669082641602,1.0
RFP_2452,SKU_206,matching,0.7208113800395619,0.7272727272727273,0.5239167213439941,1.0
RFP_2453,SKU_107,partially matching,0.6250908640297976,0.8181818181818182,0.7199998497962952,0.0
RFP_2454,SKU_137,partially matching,0.524339908361435,0.6,0.7477996945381165,0.0
RFP_2455,SKU_188,partially matching,0.4521247386932373,0.6,0.507082462310791,0.0
RFP_2456,SKU_233,matching,0.7914959898361793,0.7692307692307693,0.6896020174026489,1.0
RFP_2457,SKU_272,matching,0.7497948765754701,0.75,0.5826495885848999,1.0
RFP_2458,SKU_224,partially matching,0.718398922139948,0.6363636363636364,0.6673903465270996,1.0
RFP_2459,SKU_107,partially matching,0.6264358487996189,0.8181818181818182,0.7244831323623657,0.0
RFP_2460,SKU_123,partially matching,0.5054354846477509,0.75,0.4347849488258362,0.0
RFP_2461,SKU_135,partially matching,0.4527747652747414,0.45454545454545453,0.7516734600067139,0.0
RFP_2462,SKU_193,matching,0.7262438367713582,0.7272727272727273,0.5420249104499817,1.0
RFP_2463,SKU_112,matching,0.8030908703804016,0.9,0.5103029012680054,1.0
RFP_2464,SKU_201,matching,0.7361635354849008,0.6923076923076923,0.6333656311035156,1.0
RFP_2465,SKU_206,partially matching,0.5818748990694682,0.8333333333333334,0.5506941080093384,0.0
RFP_2466,SKU_160,partially matching,0.5886540830135345,0.8,0.6288469433784485,0.0
RFP_2467,SKU_176,matching,0.8369535413655367,0.8181818181818182,0.7595421075820923,1.0
RFP_2468,SKU_240,partially matching,0.5032740354537963,0.6,0.6775801181793213,0.0
RFP_2469,SKU_206,matching,0.7277415107597005,0.7272727272727273,0.5470171570777893,1.0
RFP_2470,SKU_141,matching,0.7870303538712589,0.8181818181818182,0.5931314826011658,1.0
RFP_2471,SKU_107,partially matching,0.7069267431894939,0.5833333333333334,0.7175335884094238,1.0
RFP_2472,SKU_152,partially matching,0.5957234561443329,0.8,0.6524115204811096,0.0
RFP_2473,SKU_265,partially matching,0.6668305033987219,0.6363636363636364,0.49549561738967896,1.0
RFP_2474,SKU_280,partially matching,0.5984768238934604,0.8181818181818182,0.6312863826751709,0.0
RFP_2475,SKU_278,partially matching,0.7071133852005005,0.6,0.690377950668335,1.0
RFP_2476,SKU_154,partially matching,0.5529352139342915,0.7272727272727273,0.6309961676597595,0.0
RFP_2477,SKU_234,matching,0.7459777783263812,0.7272727272727273,0.6078047156333923,1.0
RFP_2478,SKU_165,partially matching,0.5016996343930562,0.6666666666666666,0.5612210035324097,0.0
RFP_2479,SKU_276,partially matching,0.6240453674243047,0.8461538461538461,0.669894814491272,0.0
RFP_2480,SKU_240,matching,0.7540212452411652,0.7,0.6800708174705505,1.0
RFP_2481,SKU_275,partially matching,0.7002835273742676,0.7,0.5009450912475586,1.0
RFP_2482,SKU_193,partially matching,0.6653832022960369,0.6153846153846154,0.5256363153457642,1.0
RFP_2483,SKU_277,partially matching,0.6574695269266764,0.5833333333333334,0.5526762008666992,1.0
RFP_2484,SKU_276,partially matching,0.5366329848766327,0.7,0.6221099495887756,0.0
RFP_2485,SKU_278,partially matching,0.6107065578301747,0.4166666666666667,0.6745774149894714,1.0
RFP_2486,SKU_277,partially matching,0.5736490190029144,0.4,0.5788300633430481,1.0
RFP_2487,SKU_252,matching,0.7460058699954639,0.7272727272727273,0.6078983545303345,1.0
RFP_2488,SKU_283,partially matching,0.6367421291091225,0.45454545454545453,0.6982313394546509,1.0
RFP_2489,SKU_190,matching,0.792379903793335,0.8,0.6412663459777832,1.0
RFP_2490,SKU_236,partially matching,0.5611378729343415,0.8,0.5371262431144714,0.0
RFP_2491,SKU_219,partially matching,0.5723815560340881,0.7,0.7412718534469604,0.0
RFP_2492,SKU_211,matching,0.8545310616493225,0.9,0.6817702054977417,1.0
RFP_2493,SKU_272,partially matching,0.676331603527069,0.6,0.587772011756897,1.0
RFP_2494,SKU_227,matching,0.8503688885615421,0.8461538461538461,0.7576398849487305,1.0
RFP_2495,SKU_259,partially matching,0.5300691810938027,0.6923076923076923,0.6130511164665222,0.0
RFP_2496,SKU_219,partially matching,0.6318106559189883,0.8181818181818182,0.7423991560935974,0.0
RFP_2497,SKU_272,matching,0.7820218828591434,0.8181818181818182,0.5764365792274475,1.0
RFP_2498,SKU_176,matching,0.7846567343581807,0.7272727272727273,0.7367345690727234,1.0
RFP_2499,SKU_259,partially matching,0.6855020756071264,0.6363636363636364,0.5577341914176941,1.0
RFP_2500,SKU_252,partially matching,0.6012234232642434,0.45454545454545453,0.5798356533050537,1.0
RFP_2501,SKU_147,partially matching,0.5819030642509461,0.75,0.6896768808364868,0.0
RFP_2502,SKU_206,matching,0.7266053806651722,0.7272727272727273,0.5432300567626953,1.0
RFP_2503,SKU_300,partially matching,0.5413397073745727,0.7,0.6377990245819092,0.0
RFP_2504,SKU_248,matching,0.7734457265246999,0.7272727272727273,0.6993645429611206,1.0
RFP_2505,SKU_186,matching,0.7427514791488647,0.7,0.6425049304962158,1.0
RFP_2506,SKU_233,partially matching,0.6671855845234611,0.5454545454545454,0.6481943726539612,1.0
RFP_2507,SKU_105,partially matching,0.5130773836916143,0.6363636363636364,0.6496518850326538,0.0
RFP_2508,SKU_213,partially matching,0.6510819733142852,0.5,0.6702732443809509,1.0
RFP_2509,SKU_165,partially matching,0.542363769899715,0.7272727272727273,0.5957580208778381,0.0
RFP_2510,SKU_285,partially matching,0.6814487495205619,0.5454545454545454,0.6957382559776306,1.0
RFP_2511,SKU_269,partially matching,0.6682864626248677,0.6666666666666666,0.44984376430511475,1.0
RFP_2512,SKU_259,partially matching,0.6486520151297253,0.5833333333333334,0.5232844948768616,1.0
RFP_2513,SKU_163,matching,0.755471831560135,0.8,0.518239438533783,1.0
RFP_2514,SKU_257,partially matching,0.5960650351914493,0.8181818181818182,0.6232470870018005,0.0
RFP_2515,SKU_276,matching,0.796384835243225,0.8,0.654616117477417,1.0
RFP_2516,SKU_257,partially matching,0.5280457039674122,0.6666666666666666,0.6490412354469299,0.0
RFP_2517,SKU_299,matching,0.7638960507783024,0.8181818181818182,0.5160171389579773,1.0
RFP_2518,SKU_299,partially matching,0.5694600343704224,0.8,0.5648667812347412,0.0
RFP_2519,SKU_188,partially matching,0.48580157359441123,0.6666666666666666,0.5082274675369263,0.0
RFP_2520,SKU_212,partially matching,0.581377387046814,0.75,0.6879246234893799,0.0
RFP_2521,SKU_176,partially matching,0.7177563373859113,0.6153846153846154,0.7002134323120117,1.0
RFP_2522,SKU_161,matching,0.8066670848773076,0.8461538461538461,0.6119672060012817,1.0
RFP_2523,SKU_152,matching,0.8244904889510227,0.8461538461538461,0.6713785529136658,1.0
RFP_2524,SKU_185,partially matching,0.4990105390548706,0.6,0.6633684635162354,0.0
RFP_2525,SKU_230,matching,0.7846785604953765,0.75,0.6989285349845886,1.0
RFP_2526,SKU_257,matching,0.7279033243656159,0.7,0.5930110812187195,1.0
RFP_2527,SKU_155,partially matching,0.6343827261374547,0.8461538461538461,0.7043526768684387,0.0
RFP_2528,SKU_117,partially matching,0.6644633849461874,0.6666666666666666,0.4371001720428467,1.0
RFP_2529,SKU_274,partially matching,0.7194276284087788,0.7272727272727273,0.5193042159080505,1.0
RFP_2530,SKU_102,partially matching,0.6873113512992859,0.6,0.6243711709976196,1.0
RFP_2531,SKU_154,matching,0.8209872643152873,0.8333333333333334,0.6810686588287354,1.0
RFP_2532,SKU_273,partially matching,0.6014950970808666,0.8333333333333334,0.6160947680473328,0.0
RFP_2533,SKU_225,partially matching,0.49792364438374836,0.16666666666666666,0.7153010368347168,1.0
RFP_2534,SKU_259,matching,0.8234645231203599,0.9090909090909091,0.5630635619163513,1.0
RFP_2535,SKU_268,partially matching,0.7040558119614919,0.6666666666666666,0.5690749287605286,1.0
RFP_2536,SKU_197,matching,0.7532044319006113,0.6923076923076923,0.6901686191558838,1.0
RFP_2537,SKU_269,partially matching,0.6137586095116354,0.5454545454545454,0.470104455947876,1.0
RFP_2538,SKU_183,partially matching,0.6797457741366493,0.5555555555555556,0.6732266545295715,1.0
RFP_2539,SKU_144,matching,0.7242531597614288,0.7,0.5808438658714294,1.0
RFP_2540,SKU_154,partially matching,0.6345366491721227,0.8461538461538461,0.7048657536506653,0.0
RFP_2541,SKU_220,matching,0.7898738097060811,0.7272727272727273,0.7541248202323914,1.0
RFP_2542,SKU_249,partially matching,0.6411339819431305,0.5,0.6371132731437683,1.0
RFP_2543,SKU_299,partially matching,0.5555137634277344,0.8,0.5183792114257812,0.0
RFP_2544,SKU_257,partially matching,0.5145746106451208,0.6363636363636364,0.654642641544342,0.0
RFP_2545,SKU_173,partially matching,0.7162650108337403,0.6,0.7208833694458008,1.0
RFP_2546,SKU_166,partially matching,0.6113676382945135,0.8461538461538461,0.6276357173919678,0.0
RFP_2547,SKU_189,partially matching,0.6567315497181632,0.5454545454545454,0.613347589969635,1.0
RFP_2548,SKU_227,partially matching,0.6449255845763466,0.45454545454545453,0.725509524345398,1.0
RFP_2549,SKU_159,matching,0.7426632474769246,0.7272727272727273,0.5967562794685364,1.0
RFP_2550,SKU_268,partially matching,0.7160418895574716,0.6923076923076923,0.566293478012085,1.0
RFP_2551,SKU_185,partially matching,0.5818108558654785,0.8,0.6060361862182617,0.0
RFP_2552,SKU_278,partially matching,0.701565436522166,0.5833333333333334,0.6996625661849976,1.0
RFP_2553,SKU_167,matching,0.779072572176273,0.8461538461538461,0.5199854969978333,1.0
RFP_2554,SKU_131,partially matching,0.6684630133888938,0.5454545454545454,0.6524524688720703,1.0
RFP_2555,SKU_142,partially matching,0.7098574727773665,0.75,0.4495249092578888,1.0
RFP_2556,SKU_298,partially matching,0.6536476095517476,0.9166666666666666,0.6510475873947144,0.0
RFP_2557,SKU_300,partially matching,0.5776612818241119,0.8,0.5922042727470398,0.0
RFP_2558,SKU_157,partially matching,0.6481075803438823,0.5833333333333334,0.5214697122573853,1.0
RFP_2559,SKU_277,partially matching,0.6618787745634716,0.5833333333333334,0.5673736929893494,1.0
RFP_2560,SKU_291,partially matching,0.6091486990451813,0.8,0.6971623301506042,0.0
RFP_2561,SKU_188,matching,0.7343578031429878,0.7692307692307693,0.4991413950920105,1.0
RFP_2562,SKU_257,matching,0.7396005988121033,0.7,0.6320019960403442,1.0
RFP_2563,SKU_250,partially matching,0.5216764775606302,0.6923076923076923,0.5850754380226135,0.0
RFP_2564,SKU_263,partially matching,0.576498400248014,0.7692307692307693,0.6396100521087646,0.0
RFP_2565,SKU_272,partially matching,0.6653096238772074,0.5833333333333334,0.5788098573684692,1.0
RFP_2566,SKU_278,matching,0.7396399815877279,0.6666666666666666,0.6876888275146484,1.0
RFP_2567,SKU_231,partially matching,0.6692095973274925,0.5454545454545454,0.6549410820007324,1.0
RFP_2568,SKU_280,partially matching,0.5118125200271606,0.7,0.5393750667572021,0.0
RFP_2569,SKU_265,partially matching,0.6620104575699026,0.6363636363636364,0.47942879796028137,1.0
RFP_2570,SKU_228,matching,0.790826269713315,0.8181818181818182,0.60578453540802,1.0
RFP_2571,SKU_250,matching,0.7328809450973164,0.7272727272727273,0.5641486048698425,1.0
RFP_2572,SKU_231,matching,0.8071318129698435,0.8333333333333334,0.6348838210105896,1.0
RFP_2573,SKU_195,partially matching,0.6711289387482864,0.5384615384615384,0.6729938983917236,1.0
RFP_2574,SKU_102,partially matching,0.7157682478427887,0.6,0.7192274928092957,1.0
RFP_2575,SKU_111,partially matching,0.7054176717996599,0.8,0.3513922393321991,1.0
RFP_2576,SKU_252,partially matching,0.5273105303446453,0.3333333333333333,0.5354795455932617,1.0
RFP_2577,SKU_123,matching,0.7423829555511474,0.8,0.4746098518371582,1.0
RFP_2578,SKU_283,partially matching,0.6337401828982614,0.45454545454545453,0.6882248520851135,1.0
RFP_2579,SKU_154,partially matching,0.5347032481973821,0.6363636363636364,0.7217381000518799,0.0
RFP_2580,SKU_123,partially matching,0.6942520618438721,0.7,0.48084020614624023,1.0
RFP_2581,SKU_185,partially matching,0.46253387148563674,0.5384615384615384,0.6443436741828918,0.0
RFP_2582,SKU_174,partially matching,0.5495666682720184,0.7,0.6652222275733948,0.0
RFP_2583,SKU_185,partially matching,0.49953997135162354,0.6,0.6651332378387451,0.0
RFP_2584,SKU_130,partially matching,0.6834701597690582,0.6,0.6115671992301941,1.0
RFP_2585,SKU_257,partially matching,0.6227391064167023,0.5,0.5757970213890076,1.0
RFP_2586,SKU_119,partially matching,0.5691297737034885,0.8181818181818182,0.5334628820419312,0.0
RFP_2587,SKU_296,partially matching,0.6215567767620087,0.4,0.7385225892066956,1.0
RFP_2588,SKU_111,matching,0.7770662768320604,0.9090909090909091,0.4084027409553528,1.0
RFP_2589,SKU_243,matching,0.7219873634668497,0.6923076923076923,0.5861117243766785,1.0
RFP_2590,SKU_286,partially matching,0.5947554071744283,0.4166666666666667,0.6214069128036499,1.0
RFP_2591,SKU_152,partially matching,0.6272104281645554,0.46153846153846156,0.654803991317749,1.0
RFP_2592,SKU_224,partially matching,0.48986939237667965,0.6153846153846154,0.6072569489479065,0.0
RFP_2593,SKU_204,partially matching,0.717754012804765,0.6153846153846154,0.7002056837081909,1.0
RFP_2594,SKU_186,matching,0.8558593948682149,0.9166666666666666,0.658420205116272,1.0
RFP_2595,SKU_266,partially matching,0.6722792321985418,0.6363636363636364,0.5136580467224121,1.0
RFP_2596,SKU_252,matching,0.8093321363131205,0.8333333333333334,0.6422182321548462,1.0
RFP_2597,SKU_178,partially matching,0.7027590150182896,0.6363636363636364,0.6152573227882385,1.0
RFP_2598,SKU_141,matching,0.7467359672893177,0.7272727272727273,0.6103320121765137,1.0
RFP_2599,SKU_170,matching,0.7722302285107701,0.8181818181818182,0.5437977313995361,1.0
RFP_2600,SKU_163,partially matching,0.6392606586217879,0.6,0.4642021954059601,1.0
RFP_2601,SKU_236,matching,0.7755575266751376,0.8181818181818182,0.5548887252807617,1.0
RFP_2602,SKU_228,matching,0.7398558616638184,0.75,0.5495195388793945,1.0
RFP_2603,SKU_141,partially matching,0.619308453798294,0.5,0.5643615126609802,1.0
RFP_2604,SKU_272,matching,0.7378350387920032,0.7272727272727273,0.5806622505187988,1.0
RFP_2605,SKU_299,matching,0.7203318725932728,0.7272727272727273,0.5223183631896973,1.0
RFP_2606,SKU_236,matching,0.7324213147163392,0.75,0.5247377157211304,1.0
RFP_2607,SKU_257,partially matching,0.6688863495985666,0.5833333333333334,0.5907322764396667,1.0
RFP_2608,SKU_299,matching,0.7625223755836488,0.8,0.5417412519454956,1.0
RFP_2609,SKU_259,matching,0.8334320902824401,0.9,0.6114403009414673,1.0
RFP_2610,SKU_231,matching,0.8114630070599642,0.8181818181818182,0.6745736598968506,1.0
RFP_2611,SKU_257,matching,0.8098077728198125,0.8461538461538461,0.6224361658096313,1.0
RFP_2612,SKU_184,partially matching,0.6601857443650563,0.6666666666666666,0.4228413701057434,1.0
RFP_2613,SKU_188,matching,0.7660571959885685,0.8181818181818182,0.523220956325531,1.0
RFP_2614,SKU_276,partially matching,0.6683286168358542,0.5454545454545454,0.6520044803619385,1.0
RFP_2615,SKU_150,partially matching,0.63433678150177,0.5,0.6144559383392334,1.0
RFP_2616,SKU_234,partially matching,0.5348298338743356,0.6923076923076923,0.6289199590682983,0.0
RFP_2617,SKU_234,matching,0.778009995547208,0.8181818181818182,0.5630636215209961,1.0
RFP_2618,SKU_240,partially matching,0.5388080497582753,0.6666666666666666,0.6849157214164734,0.0
RFP_2619,SKU_250,matching,0.7928467956456271,0.8181818181818182,0.6125196218490601,1.0
RFP_2620,SKU_272,partially matching,0.6146551847457886,0.8,0.7155172824859619,0.0
RFP_2621,SKU_225,partially matching,0.5658142745494843,0.3,0.7193809151649475,1.0
RFP_2622,SKU_193,partially matching,0.6333871573209762,0.6,0.4446238577365875,1.0
RFP_2623,SKU_228,matching,0.7487535964358936,0.7272727272727273,0.6170574426651001,1.0
RFP_2624,SKU_160,matching,0.7211796700954436,0.7,0.5705989003181458,1.0
RFP_2625,SKU_162,partially matching,0.6429629604021709,0.5833333333333334,0.5043209791183472,1.0
RFP_2626,SKU_276,matching,0.7310675317590887,0.6363636363636364,0.7096190452575684,1.0
RFP_2627,SKU_240,partially matching,0.45860580205917356,0.5,0.6953526735305786,0.0
RFP_2628,SKU_299,partially matching,0.5646698236465454,0.8,0.5488994121551514,0.0
RFP_2629,SKU_205,partially matching,0.6719473892992194,0.6363636363636364,0.5125519037246704,1.0
RFP_2630,SKU_160,partially matching,0.5967479825019837,0.75,0.7391599416732788,0.0
RFP_2631,SKU_162,partially matching,0.4924056332844954,0.5384615384615384,0.7439162135124207,0.0
RFP_2632,SKU_107,partially matching,0.5642125400213095,0.3076923076923077,0.7012212872505188,1.0
RFP_2633,SKU_266,partially matching,0.6844797809918721,0.6666666666666666,0.5038214921951294,1.0
RFP_2634,SKU_123,partially matching,0.6663595288991928,0.7,0.3878650963306427,1.0
RFP_2635,SKU_230,matching,0.8160029855641453,0.8181818181818182,0.6897069215774536,1.0
RFP_2636,SKU_147,partially matching,0.5860272971066562,0.8181818181818182,0.5897879600524902,0.0
RFP_2637,SKU_124,matching,0.8184080700079601,0.8333333333333334,0.6724713444709778,1.0
RFP_2638,SKU_183,partially matching,0.6964607059955596,0.6,0.654869019985199,1.0
RFP_2639,SKU_259,matching,0.724729801308025,0.7272727272727273,0.5369781255722046,1.0
RFP_2640,SKU_109,matching,0.7248027702172597,0.6666666666666666,0.6382314562797546,1.0
RFP_2641,SKU_253,matching,0.8138744738968937,0.8181818181818182,0.682611882686615,1.0
RFP_2642,SKU_193,partially matching,0.7026681093069223,0.6923076923076923,0.5217142105102539,1.0
RFP_2643,SKU_185,partially matching,0.7052246272563933,0.6,0.6840820908546448,1.0
RFP_2644,SKU_288,matching,0.759695507179607,0.7272727272727273,0.653530478477478,1.0
RFP_2645,SKU_188,partially matching,0.6779484508129267,0.6923076923076923,0.4393153488636017,1.0
RFP_2646,SKU_176,partially matching,0.5380164379423314,0.6363636363636364,0.7327820658683777,0.0
RFP_2647,SKU_278,partially matching,0.561736379067103,0.3333333333333333,0.6502323746681213,1.0
RFP_2648,SKU_252,partially matching,0.6763758778572082,0.6,0.5879195928573608,1.0
RFP_2649,SKU_217,partially matching,0.6348225333473898,0.5454545454545454,0.5403175354003906,1.0
RFP_2650,SKU_228,partially matching,0.6195716480414073,0.8333333333333334,0.676349937915802,0.0
RFP_2651,SKU_224,matching,0.7718064427375793,0.75,0.6560214757919312,1.0
RFP_2652,SKU_248,partially matching,0.7030234456062316,0.6,0.676744818687439,1.0
RFP_2653,SKU_299,partially matching,0.6869702396484522,0.6923076923076923,0.4693879783153534,1.0
RFP_2654,SKU_206,partially matching,0.5672810912132263,0.75,0.6409369707107544,0.0
RFP_2655,SKU_234,partially matching,0.5130125840504964,0.6666666666666666,0.598930835723877,0.0
RFP_2656,SKU_182,partially matching,0.5900679281124702,0.7692307692307693,0.6848418116569519,0.0
RFP_2657,SKU_192,partially matching,0.6135713233397557,0.8461538461538461,0.6349813342094421,0.0
RFP_2658,SKU_147,partially matching,0.5036018366163427,0.6363636363636364,0.6180667281150818,0.0
RFP_2659,SKU_256,partially matching,0.553947901725769,0.75,0.5964930057525635,0.0
RFP_2660,SKU_137,partially matching,0.5442199945449828,0.6,0.8140666484832764,0.0
RFP_2661,SKU_103,matching,0.7479850977659226,0.8,0.4932836592197418,1.0
RFP_2662,SKU_125,partially matching,0.6567937233231285,0.5454545454545454,0.613554835319519,1.0
RFP_2663,SKU_160,partially matching,0.6009795963764191,0.75,0.7532653212547302,0.0
RFP_2664,SKU_114,partially matching,0.70821573138237,0.7,0.5273857712745667,1.0
RFP_2665,SKU_258,matching,0.7541400730609893,0.75,0.5971335768699646,1.0
RFP_2666,SKU_253,partially matching,0.5186609918420965,0.6363636363636364,0.6682639122009277,0.0
RFP_2667,SKU_137,partially matching,0.5911143807264474,0.6923076923076923,0.8165351152420044,0.0
RFP_2668,SKU_193,partially matching,0.6220245223778944,0.5384615384615384,0.5093125104904175,1.0
RFP_2669,SKU_272,matching,0.798918905583295,0.8181818181818182,0.6327599883079529,1.0
RFP_2670,SKU_291,partially matching,0.7059320708115895,0.6666666666666666,0.5753291249275208,1.0
RFP_2671,SKU_249,matching,0.8004022386941043,0.8181818181818182,0.6377044320106506,1.0
RFP_2672,SKU_221,matching,0.7239775132049213,0.7272727272727273,0.5344704985618591,1.0
RFP_2673,SKU_192,partially matching,0.5698242366313935,0.75,0.6494141221046448,0.0
RFP_2674,SKU_125,partially matching,0.7176410192793066,0.6363636363636364,0.6648640036582947,1.0
RFP_2675,SKU_274,partially matching,0.6656788031260172,0.5833333333333334,0.580040454864502,1.0
RFP_2676,SKU_176,matching,0.7595283340324055,0.7272727272727273,0.6529732346534729,1.0
RFP_2677,SKU_137,partially matching,0.441698964436849,0.4166666666666667,0.7778854370117188,0.0
RFP_2678,SKU_105,partially matching,0.5469095289707183,0.7,0.6563650965690613,0.0
RFP_2679,SKU_276,matching,0.7267222305138905,0.6666666666666666,0.6446296572685242,1.0
RFP_2680,SKU_277,matching,0.7652606248855591,0.8,0.5508687496185303,1.0
RFP_2681,SKU_118,partially matching,0.7170921802520751,0.7,0.556973934173584,1.0
RFP_2682,SKU_284,partially matching,0.6176053404808044,0.5,0.5586844682693481,1.0
RFP_2683,SKU_246,partially matching,0.5697122326264015,0.7692307692307693,0.6169894933700562,0.0
RFP_2684,SKU_228,partially matching,0.6288499116897583,0.5,0.5961663722991943,1.0
RFP_2685,SKU_297,partially matching,0.5107333118265325,0.6363636363636364,0.6418383121490479,0.0
RFP_2686,SKU_237,partially matching,0.6610023180643718,0.5833333333333334,0.5644521713256836,1.0
RFP_2687,SKU_131,matching,0.7509899914264679,0.7,0.6699666380882263,1.0
RFP_2688,SKU_204,matching,0.8594983478387197,0.9166666666666666,0.6705500483512878,1.0
RFP_2689,SKU_296,matching,0.8239181399345399,0.8,0.7463937997817993,1.0
RFP_2690,SKU_137,partially matching,0.4684853512507219,0.46153846153846156,0.792387068271637,0.0
RFP_2691,SKU_284,partially matching,0.7175821033807901,0.6923076923076923,0.5714275240898132,1.0
RFP_2692,SKU_231,partially matching,0.6182729045550028,0.8333333333333334,0.6720207929611206,0.0
RFP_2693,SKU_111,matching,0.7287381556901065,0.8181818181818182,0.39882415533065796,1.0
RFP_2694,SKU_173,partially matching,0.7006246427694958,0.5833333333333334,0.6965265870094299,1.0
RFP_2695,SKU_176,partially matching,0.6956642508506774,0.6,0.6522141695022583,1.0
RFP_2696,SKU_125,matching,0.7281511122530158,0.6363636363636364,0.6998976469039917,1.0
RFP_2697,SKU_188,partially matching,0.5667423210360787,0.45454545454545453,0.46489864587783813,1.0
RFP_2698,SKU_212,matching,0.7226403002555555,0.6153846153846154,0.7164933085441589,1.0
RFP_2699,SKU_144,partially matching,0.6891205365007573,0.6363636363636364,0.5697957277297974,1.0
RFP_2700,SKU_123,matching,0.7269249210755031,0.8333333333333334,0.3675275146961212,1.0
RFP_2701,SKU_265,partially matching,0.5454832971096039,0.75,0.5682776570320129,0.0
RFP_2702,SKU_176,partially matching,0.6939994313500144,0.5454545454545454,0.7375738620758057,1.0
RFP_2703,SKU_107,matching,0.7200609986598676,0.6153846153846154,0.7078956365585327,1.0
RFP_2704,SKU_198,partially matching,0.6447345793247223,0.5,0.649115264415741,1.0
RFP_2705,SKU_252,partially matching,0.7035943443124943,0.6363636363636364,0.6180417537689209,1.0
RFP_2706,SKU_124,matching,0.7442855060100555,0.7,0.6476183533668518,1.0
RFP_2707,SKU_147,partially matching,0.6266120054505089,0.5454545454545454,0.5129491090774536,1.0
RFP_2708,SKU_176,partially matching,0.557182330976833,0.7272727272727273,0.6451532244682312,0.0
RFP_2709,SKU_176,partially matching,0.6193390190601349,0.8,0.731130063533783,0.0
RFP_2710,SKU_105,partially matching,0.6607575990936974,0.5454545454545454,0.6267677545547485,1.0
RFP_2711,SKU_265,partially matching,0.686821170647939,0.6666666666666666,0.511626124382019,1.0
RFP_2712,SKU_219,partially matching,0.5831012070178986,0.75,0.6936706900596619,0.0
RFP_2713,SKU_290,partially matching,0.6050015846888225,0.8333333333333334,0.6277830600738525,0.0
RFP_2714,SKU_245,partially matching,0.6451198377392509,0.5454545454545454,0.5746418833732605,1.0
RFP_2715,SKU_152,partially matching,0.6567078133424122,0.9166666666666666,0.6612482666969299,0.0
RFP_2716,SKU_214,partially matching,0.602754110097885,0.5,0.5091803669929504,1.0
RFP_2717,SKU_228,partially matching,0.5681058417667042,0.7272727272727273,0.6815649271011353,0.0
RFP_2718,SKU_257,matching,0.7466109871864319,0.75,0.572036623954773,1.0
RFP_2719,SKU_185,partially matching,0.44267296195030215,0.5,0.6422432065010071,0.0
RFP_2720,SKU_152,partially matching,0.4891324679056803,0.5833333333333334,0.6582193374633789,0.0
RFP_2721,SKU_236,partially matching,0.6790312935908636,0.6666666666666666,0.4856598675251007,1.0
RFP_2722,SKU_185,partially matching,0.6437803208827972,0.5,0.6459344029426575,1.0
RFP_2723,SKU_275,matching,0.7732624053955077,0.8,0.5775413513183594,1.0
RFP_2724,SKU_248,partially matching,0.5974796692530314,0.8333333333333334,0.6027100086212158,0.0
RFP_2725,SKU_259,partially matching,0.7019257586110721,0.7272727272727273,0.4609646499156952,1.0
RFP_2726,SKU_252,partially matching,0.6784460465113322,0.5833333333333334,0.6225979328155518,1.0
RFP_2727,SKU_209,partially matching,0.48171762044613176,0.5384615384615384,0.7082895040512085,0.0
RFP_2728,SKU_102,matching,0.7289229447191412,0.6363636363636364,0.7024704217910767,1.0
RFP_2729,SKU_265,matching,0.7315995931625365,0.75,0.5219986438751221,1.0
RFP_2730,SKU_252,partially matching,0.7115328550338744,0.7,0.538442850112915,1.0
RFP_2731,SKU_253,partially matching,0.5981662956151096,0.8181818181818182,0.6302512884140015,0.0
RFP_2732,SKU_105,matching,0.7556493591178548,0.7272727272727273,0.640043318271637,1.0
RFP_2733,SKU_254,partially matching,0.7018287042776743,0.5833333333333334,0.7005401253700256,1.0
RFP_2734,SKU_166,partially matching,0.5670347392559052,0.75,0.6401157975196838,0.0
RFP_2735,SKU_298,partially matching,0.445463738991664,0.5384615384615384,0.5874432325363159,0.0
RFP_2736,SKU_111,partially matching,0.6830470949411392,0.75,0.36015698313713074,1.0
RFP_2737,SKU_238,matching,0.7736240446567535,0.7,0.7454134821891785,1.0
RFP_2738,SKU_115,matching,0.7675179015506397,0.7272727272727273,0.6796051263809204,1.0
RFP_2739,SKU_257,partially matching,0.5510635284277109,0.6923076923076923,0.6830322742462158,0.0
RFP_2740,SKU_123,matching,0.7902963489294053,0.9,0.4676544964313507,1.0
RFP_2741,SKU_252,partially matching,0.6722209215164185,0.6,0.5740697383880615,1.0
RFP_2742,SKU_201,partially matching,0.6553748052853805,0.5384615384615384,0.6204801201820374,1.0
RFP_2743,SKU_131,matching,0.8546744664510091,0.9166666666666666,0.6544704437255859,1.0
RFP_2744,SKU_206,matching,0.7383236229419707,0.75,0.5444120764732361,1.0
RFP_2745,SKU_107,partially matching,0.6210613191127777,0.8,0.736871063709259,0.0
RFP_2746,SKU_277,partially matching,0.6605242239104376,0.5555555555555556,0.6091548204421997,1.0
RFP_2747,SKU_131,partially matching,0.6957509934902191,0.6,0.6525033116340637,1.0
RFP_2748,SKU_105,matching,0.8260121325651806,0.8333333333333334,0.6978182196617126,1.0
RFP_2749,SKU_105,partially matching,0.717219324906667,0.6666666666666666,0.6129533052444458,1.0
RFP_2750,SKU_206,matching,0.7962285260359447,0.8333333333333334,0.5985395312309265,1.0
RFP_2751,SKU_183,partially matching,0.5507194638252257,0.7,0.6690648794174194,0.0
RFP_2752,SKU_200,partially matching,0.6380175633863969,0.9090909090909091,0.6115736961364746,0.0
RFP_2753,SKU_265,matching,0.7543869316577911,0.8,0.5146231055259705,1.0
RFP_2754,SKU_219,partially matching,0.5677468299865722,0.75,0.6424894332885742,0.0
RFP_2755,SKU_272,partially matching,0.6745101736651526,0.5555555555555556,0.6557746529579163,1.0
RFP_2756,SKU_195,partially matching,0.614113728205363,0.8333333333333334,0.6581568717956543,0.0
RFP_2757,SKU_162,partially matching,0.4866384406884511,0.6666666666666666,0.5110170245170593,0.0
RFP_2758,SKU_188,matching,0.7390927910804748,0.75,0.5469759702682495,1.0
RFP_2759,SKU_277,matching,0.7667904138565063,0.8,0.5559680461883545,1.0
RFP_2760,SKU_117,matching,0.7288874474438753,0.8181818181818182,0.3993217945098877,1.0
RFP_2761,SKU_272,partially matching,0.53412979443868,0.6666666666666666,0.6693215370178223,0.0
RFP_2762,SKU_272,partially matching,0.5005172078426068,0.6153846153846154,0.6427496671676636,0.0
RFP_2763,SKU_174,partially matching,0.6010137557983398,0.8,0.6700458526611328,0.0
RFP_2764,SKU_158,partially matching,0.6931002194231206,0.6363636363636364,0.5830613374710083,1.0
RFP_2765,SKU_155,matching,0.8062082556161014,0.8181818181818182,0.6570578217506409,1.0
RFP_2766,SKU_124,partially matching,0.6191476005774279,0.46153846153846156,0.6279278993606567,1.0
RFP_2767,SKU_105,partially matching,0.6854459285736083,0.6,0.6181530952453613,1.0
RFP_2768,SKU_210,partially matching,0.6936062475045521,0.6666666666666666,0.5342430472373962,1.0
RFP_2769,SKU_176,partially matching,0.47844894329706833,0.5833333333333334,0.6226075887680054,0.0
RFP_2770,SKU_130,matching,0.7486222326755523,0.75,0.5787407755851746,1.0
RFP_2771,SKU_291,partially matching,0.641126117923043,0.5454545454545454,0.5613294839859009,1.0
RFP_2772,SKU_156,matching,0.7237106561660767,0.7,0.5790355205535889,1.0
RFP_2773,SKU_276,partially matching,0.6797411658547141,0.5454545454545454,0.6900463104248047,1.0
RFP_2774,SKU_220,partially matching,0.708146611849467,0.5833333333333334,0.721599817276001,1.0
RFP_2775,SKU_107,partially matching,0.6407053369742173,0.46153846153846156,0.6997870206832886,1.0
RFP_2776,SKU_295,partially matching,0.6726404542272741,0.6363636363636364,0.5148621201515198,1.0
RFP_2777,SKU_278,matching,0.8682912766933442,0.9,0.7276375889778137,1.0
RFP_2778,SKU_277,matching,0.7652941167354583,0.8,0.5509803891181946,1.0
RFP_2779,SKU_160,partially matching,0.6215052604675293,0.8,0.7383508682250977,0.0
RFP_2780,SKU_252,partially matching,0.6300864317200401,0.5454545454545454,0.5245305299758911,1.0
RFP_2781,SKU_176,matching,0.7414272904396058,0.7,0.638090968132019,1.0
RFP_2782,SKU_138,matching,0.8009959936141968,0.75,0.7533199787139893,1.0
RFP_2783,SKU_123,matching,0.7603612211617556,0.8181818181818182,0.5042343735694885,1.0
RFP_2784,SKU_252,partially matching,0.6322567462921143,0.5,0.6075224876403809,1.0
RFP_2785,SKU_186,partially matching,0.6749473373095194,0.5833333333333334,0.6109355688095093,1.0
RFP_2786,SKU_186,matching,0.848477977514267,0.9,0.6615932583808899,1.0
RFP_2787,SKU_212,matching,0.8127583086490631,0.8,0.7091943621635437,1.0
RFP_2788,SKU_284,partially matching,0.6189182817935943,0.5,0.5630609393119812,1.0
RFP_2789,SKU_106,partially matching,0.506464100967754,0.7272727272727273,0.47609245777130127,0.0
RFP_2790,SKU_300,partially matching,0.4954227084463293,0.6363636363636364,0.5908029675483704,0.0
RFP_2791,SKU_198,partially matching,0.6016793509324392,0.4166666666666667,0.6444867253303528,1.0
RFP_2792,SKU_210,partially matching,0.6856133162975311,0.6,0.6187110543251038,1.0
RFP_2793,SKU_130,partially matching,0.6024535379626534,0.45454545454545453,0.5839360356330872,1.0
RFP_2794,SKU_162,partially matching,0.47148692553693594,0.6363636363636364,0.5110170245170593,0.0
RFP_2795,SKU_208,partially matching,0.507260262966156,0.6,0.69086754322052,0.0
RFP_2796,SKU_183,matching,0.7538633704185485,0.7,0.6795445680618286,1.0
RFP_2797,SKU_188,partially matching,0.5135832827199589,0.7272727272727273,0.49982306361198425,0.0
RFP_2798,SKU_288,partially matching,0.6392444830674391,0.5384615384615384,0.5667123794555664,1.0
RFP_2799,SKU_176,partially matching,0.5521923672069202,0.7272727272727273,0.6285200119018555,0.0
RFP_2800,SKU_211,partially matching,0.6506128191947937,0.5,0.668709397315979,1.0
RFP_2801,SKU_265,partially matching,0.6937593658765158,0.6666666666666666,0.5347534418106079,1.0
RFP_2802,SKU_125,partially matching,0.7154063636606389,0.6363636363636364,0.6574151515960693,1.0
RFP_2803,SKU_107,partially matching,0.6430721781470559,0.45454545454545453,0.7193315029144287,1.0
RFP_2804,SKU_184,partially matching,0.6347378467137996,0.6153846153846154,0.42348513007164,1.0
RFP_2805,SKU_183,partially matching,0.6878943204879762,0.6,0.6263144016265869,1.0
RFP_2806,SKU_155,matching,0.7221741670911963,0.6363636363636364,0.6799744963645935,1.0
RFP_2807,SKU_250,matching,0.7788423134730413,0.8461538461538461,0.5192179679870605,1.0
RFP_2808,SKU_112,matching,0.7649681654843417,0.8181818181818182,0.5195908546447754,1.0
RFP_2809,SKU_146,partially matching,0.5427885781634938,0.7272727272727273,0.5971740484237671,0.0
RFP_2810,SKU_274,matching,0.7675381151112644,0.8181818181818182,0.5281573534011841,1.0
RFP_2811,SKU_252,partially matching,0.6575389921665191,0.6,0.5251299738883972,1.0
RFP_2812,SKU_160,matching,0.735650325905193,0.7272727272727273,0.5733798742294312,1.0
RFP_2813,SKU_111,partially matching,0.6674787429662852,0.6923076923076923,0.4044163227081299,1.0
RFP_2814,SKU_130,partially matching,0.5270034702924582,0.3076923076923077,0.5771910548210144,1.0
RFP_2815,SKU_238,matching,0.746483959754308,0.6666666666666666,0.7105020880699158,1.0
RFP_2816,SKU_227,matching,0.7816482841968535,0.7,0.7721609473228455,1.0
RFP_2817,SKU_115,matching,0.7797885607589374,0.7272727272727273,0.7205073237419128,1.0
RFP_2818,SKU_114,matching,0.7671112504872408,0.8181818181818182,0.526734471321106,1.0
RFP_2819,SKU_215,partially matching,0.48048803011576335,0.5833333333333334,0.6294045448303223,0.0
RFP_2820,SKU_153,matching,0.7489376750859347,0.8181818181818182,0.46615588665008545,1.0
RFP_2821,SKU_257,matching,0.8066823462645214,0.8333333333333334,0.6333855986595154,1.0
RFP_2822,SKU_176,partially matching,0.5366158632131723,0.6923076923076923,0.6348733901977539,0.0
RFP_2823,SKU_206,matching,0.7866502848538486,0.8181818181818182,0.5918645858764648,1.0
RFP_2824,SKU_171,partially matching,0.7150440048087727,0.7272727272727273,0.5046921372413635,1.0
RFP_2825,SKU_233,partially matching,0.6908736149470012,0.5833333333333334,0.6640231609344482,1.0
RFP_2826,SKU_163,partially matching,0.683879387149444,0.6923076923076923,0.4590851366519928,1.0
RFP_2827,SKU_228,matching,0.7706383636364571,0.7692307692307693,0.620076596736908,1.0
RFP_2828,SKU_299,partially matching,0.7022937980981974,0.6923076923076923,0.5204665064811707,1.0
RFP_2829,SKU_152,matching,0.7901567807564369,0.7692307692307693,0.6851379871368408,1.0
RFP_2830,SKU_103,matching,0.7720404366652172,0.8333333333333334,0.5179125666618347,1.0
RFP_2831,SKU_278,partially matching,0.49922415415445964,0.5833333333333334,0.6918582916259766,0.0
RFP_2832,SKU_211,partially matching,0.5974917213122051,0.8333333333333334,0.6027501821517944,0.0
RFP_2833,SKU_107,matching,0.7357601100748234,0.6363636363636364,0.7252609729766846,1.0
RFP_2834,SKU_137,partially matching,0.6769380688667297,0.6,0.5897935628890991,1.0
RFP_2835,SKU_233,partially matching,0.5238998591899872,0.7,0.5796661972999573,0.0
RFP_2836,SKU_196,partially matching,0.6593385418256124,0.9166666666666666,0.6700173616409302,0.0
RFP_2837,SKU_102,matching,0.7648119390010835,0.75,0.6327064633369446,1.0
RFP_2838,SKU_188,partially matching,0.654029913743337,0.9166666666666666,0.6523219347000122,0.0
RFP_2839,SKU_252,partially matching,0.6435138803261977,0.5384615384615384,0.5809437036514282,1.0
RFP_2840,SKU_206,partially matching,0.6474346101284028,0.6,0.49144870042800903,1.0
RFP_2841,SKU_214,partially matching,0.653633677959442,0.6,0.5121122598648071,1.0
RFP_2842,SKU_257,partially matching,0.6065178361806003,0.8181818181818182,0.6580897569656372,0.0
RFP_2843,SKU_176,partially matching,0.6929558634757995,0.6,0.6431862115859985,1.0
RFP_2844,SKU_233,matching,0.8765441974004109,0.9166666666666666,0.7273695468902588,1.0
RFP_2845,SKU_259,partially matching,0.6497332537716085,0.6363636363636364,0.43850478529930115,1.0
RFP_2846,SKU_232,partially matching,0.5865687988021158,0.45454545454545453,0.5309869050979614,1.0
RFP_2847,SKU_184,partially matching,0.6230236649513244,0.6,0.41007888317108154,1.0
RFP_2848,SKU_240,partially matching,0.5039878064935858,0.6363636363636364,0.6193532943725586,0.0
RFP_2849,SKU_195,matching,0.7796325436005225,0.7692307692307693,0.6500571966171265,1.0
RFP_2850,SKU_183,partially matching,0.6953752378622691,0.5833333333333334,0.6790285706520081,1.0
RFP_2851,SKU_115,matching,0.8382786168501928,0.8461538461538461,0.7173389792442322,1.0
RFP_2852,SKU_272,partially matching,0.5788791647324195,0.7692307692307693,0.6475459337234497,0.0
RFP_2853,SKU_246,matching,0.756828773021698,0.75,0.6060959100723267,1.0
RFP_2854,SKU_236,partially matching,0.6983911303373483,0.6923076923076923,0.5074576139450073,1.0
RFP_2855,SKU_130,partially matching,0.6375003397464751,0.5,0.6250011324882507,1.0
RFP_2856,SKU_236,partially matching,0.5452637544045081,0.7692307692307693,0.5354945659637451,0.0
RFP_2857,SKU_158,matching,0.732149350643158,0.7,0.6071645021438599,1.0
RFP_2858,SKU_220,matching,0.7297440235431378,0.6153846153846154,0.7401723861694336,1.0
RFP_2859,SKU_288,matching,0.7562278509140015,0.75,0.6040928363800049,1.0
RFP_2860,SKU_185,partially matching,0.6641457617282868,0.9,0.7138192057609558,0.0
RFP_2861,SKU_259,matching,0.764320582151413,0.8,0.5477352738380432,1.0
RFP_2862,SKU_206,partially matching,0.7154054950584066,0.7272727272727273,0.5058971047401428,1.0
RFP_2863,SKU_233,partially matching,0.6512507200241089,0.9,0.6708357334136963,0.0
RFP_2864,SKU_220,partially matching,0.6441195628859779,0.45454545454545453,0.7228227853775024,1.0
RFP_2865,SKU_193,partially matching,0.6401992211739223,0.5833333333333334,0.4951085150241852,1.0
RFP_2866,SKU_152,partially matching,0.7080933213233949,0.6,0.6936444044113159,1.0
RFP_2867,SKU_265,matching,0.7370203703641891,0.8,0.4567345678806305,1.0
RFP_2868,SKU_160,partially matching,0.5937837998072306,0.8333333333333334,0.5903904438018799,0.0
RFP_2869,SKU_268,matching,0.7290506075729024,0.7272727272727273,0.5513808131217957,1.0
RFP_2870,SKU_154,partially matching,0.44240195934589094,0.46153846153846156,0.7054424285888672,0.0
RFP_2871,SKU_135,partially matching,0.41715618326113774,0.38461538461538464,0.7494949698448181,0.0
RFP_2872,SKU_152,matching,0.8710701664288838,0.9166666666666666,0.7091227769851685,1.0
RFP_2873,SKU_225,partially matching,0.5650539398193359,0.3,0.7168464660644531,1.0
RFP_2874,SKU_272,partially matching,0.5637354552745819,0.7,0.7124515175819397,0.0
RFP_2875,SKU_248,partially matching,0.6124573019417849,0.8181818181818182,0.6778879761695862,0.0
RFP_2876,SKU_249,matching,0.7715765237808228,0.75,0.6552550792694092,1.0
RFP_2877,SKU_238,partially matching,0.6153847987835224,0.38461538461538464,0.7435903549194336,1.0
RFP_2878,SKU_259,matching,0.7299876819957387,0.7272727272727273,0.55450439453125,1.0
RFP_2879,SKU_189,matching,0.7539712797511708,0.7272727272727273,0.6344497203826904,1.0
RFP_2880,SKU_228,matching,0.8444262504577638,0.9,0.6480875015258789,1.0
RFP_2881,SKU_206,matching,0.836778763624338,0.9230769230769231,0.5841343402862549,1.0
RFP_2882,SKU_176,matching,0.7925838139924137,0.8181818181818182,0.6116430163383484,1.0
RFP_2883,SKU_107,partially matching,0.4865673877976157,0.5454545454545454,0.7128003835678101,0.0
RFP_2884,SKU_293,partially matching,0.6475508630275726,0.9,0.6585028767585754,0.0
RFP_2885,SKU_253,partially matching,0.5654614806175232,0.75,0.6348716020584106,0.0
RFP_2886,SKU_274,partially matching,0.7107841074466705,0.7,0.5359470248222351,1.0
RFP_2887,SKU_252,matching,0.7641048014163971,0.75,0.630349338054657,1.0
RFP_2888,SKU_176,partially matching,0.5599309027194976,0.7,0.6997696757316589,0.0
RFP_2889,SKU_124,matching,0.767548257112503,0.75,0.6418275237083435,1.0
RFP_2890,SKU_152,partially matching,0.6074904143810272,0.4,0.6916347146034241,1.0
RFP_2891,SKU_300,partially matching,0.6046278550074651,0.8461538461538461,0.6051697731018066,0.0
RFP_2892,SKU_176,matching,0.7577963780273091,0.7272727272727273,0.6472000479698181,1.0
RFP_2893,SKU_184,partially matching,0.5982528307221153,0.5454545454545454,0.4184185266494751,1.0
RFP_2894,SKU_175,matching,0.7772062281767527,0.8333333333333334,0.5351318717002869,1.0
RFP_2895,SKU_165,partially matching,0.5470338463783264,0.75,0.5734461545944214,0.0
RFP_2896,SKU_238,matching,0.7568518062432608,0.6666666666666666,0.7450615763664246,1.0
RFP_2897,SKU_206,matching,0.7411957393993032,0.7272727272727273,0.5918645858764648,1.0
RFP_2898,SKU_229,matching,0.8161427855491639,0.9,0.5538092851638794,1.0
RFP_2899,SKU_293,partially matching,0.5647687375545501,0.75,0.6325624585151672,0.0
RFP_2900,SKU_280,partially matching,0.6700106561183929,0.6,0.5667021870613098,1.0
RFP_2901,SKU_188,matching,0.7885953883330028,0.8333333333333334,0.5730957388877869,1.0
RFP_2902,SKU_272,matching,0.7295667846997578,0.6666666666666666,0.6541115045547485,1.0
RFP_2903,SKU_105,partially matching,0.6956170439720153,0.6,0.6520568132400513,1.0
RFP_2904,SKU_173,matching,0.7612977873195301,0.7272727272727273,0.6588714122772217,1.0
RFP_2905,SKU_259,partially matching,0.6665165597742254,0.6363636363636364,0.4944491386413574,1.0
RFP_2906,SKU_252,partially matching,0.5888183075648088,0.46153846153846156,0.52683025598526,1.0
RFP_2907,SKU_155,matching,0.774447613954544,0.75,0.6648253798484802,1.0
RFP_2908,SKU_272,matching,0.7260448575019836,0.7,0.5868161916732788,1.0
RFP_2909,SKU_176,partially matching,0.7157956441243489,0.6666666666666666,0.6082077026367188,1.0
RFP_2910,SKU_248,matching,0.8075101641091433,0.8181818181818182,0.6613975167274475,1.0
RFP_2911,SKU_259,partially matching,0.6408652603626251,0.9,0.6362175345420837,0.0
RFP_2912,SKU_252,partially matching,0.7199091564525257,0.7272727272727273,0.520909309387207,1.0
RFP_2913,SKU_222,partially matching,0.6275046733292666,0.8181818181818182,0.7280458807945251,0.0
RFP_2914,SKU_123,partially matching,0.6077800691127777,0.9,0.525933563709259,0.0
RFP_2915,SKU_278,matching,0.7874431669712068,0.75,0.7081438899040222,1.0
RFP_2916,SKU_211,partially matching,0.5313994487126668,0.6666666666666666,0.6602203845977783,0.0
RFP_2917,SKU_107,matching,0.7686482608318328,0.7,0.7288275361061096,1.0
RFP_2918,SKU_146,partially matching,0.522962999343872,0.7,0.5765433311462402,0.0
RFP_2919,SKU_115,matching,0.7444893771951848,0.6363636363636364,0.7543585300445557,1.0
RFP_2920,SKU_272,partially matching,0.5679565548896789,0.7,0.7265218496322632,0.0
RFP_2921,SKU_291,partially matching,0.7048805181796733,0.6153846153846154,0.6572940349578857,1.0
RFP_2922,SKU_277,partially matching,0.7122289955615997,0.7,0.5407633185386658,1.0
RFP_2923,SKU_288,partially matching,0.5998661718585274,0.45454545454545453,0.5753114819526672,1.0
RFP_2924,SKU_272,partially matching,0.6061315536499023,0.8,0.6871051788330078,0.0
RFP_2925,SKU_231,partially matching,0.6901354849338532,0.6,0.6337849497795105,1.0
RFP_2926,SKU_275,matching,0.7766310731569925,0.8333333333333334,0.5332146883010864,1.0
RFP_2927,SKU_217,partially matching,0.6353248248497645,0.5833333333333334,0.4788605272769928,1.0
RFP_2928,SKU_277,partially matching,0.6158224302988786,0.46153846153846156,0.6168439984321594,1.0
RFP_2929,SKU_176,matching,0.8086736619472503,0.8,0.6955788731575012,1.0
RFP_2930,SKU_241,partially matching,0.6009586897763339,0.8181818181818182,0.639559268951416,0.0
RFP_2931,SKU_218,partially matching,0.6724214283319621,0.6923076923076923,0.4208919405937195,1.0
RFP_2932,SKU_221,partially matching,0.6385826289653778,0.5,0.628608763217926,1.0
RFP_2933,SKU_224,matching,0.8120555249127475,0.8181818181818182,0.6765487194061279,1.0
RFP_2934,SKU_114,partially matching,0.7054847506376414,0.6923076923076923,0.5311030149459839,1.0
RFP_2935,SKU_156,partially matching,0.7123123665650686,0.6666666666666666,0.5965967774391174,1.0
RFP_2936,SKU_250,matching,0.7797105339440433,0.8181818181818182,0.5687320828437805,1.0
RFP_2937,SKU_256,partially matching,0.6806667143648322,0.6363636363636364,0.5416163206100464,1.0
RFP_2938,SKU_294,partially matching,0.7094569583733876,0.6666666666666666,0.5870787501335144,1.0
RFP_2939,SKU_165,partially matching,0.7010372539361318,0.6666666666666666,0.5590130686759949,1.0
RFP_2940,SKU_155,partially matching,0.5644823562015187,0.7272727272727273,0.6694866418838501,0.0
RFP_2941,SKU_107,partially matching,0.6603678524494172,0.5,0.7012261748313904,1.0
RFP_2942,SKU_209,partially matching,0.5424075929018167,0.6923076923076923,0.6541791558265686,0.0
RFP_2943,SKU_248,matching,0.7654579547318545,0.8181818181818182,0.5212234854698181,1.0
RFP_2944,SKU_166,partially matching,0.6844325542449952,1.0,0.6147751808166504,0.0
RFP_2945,SKU_165,partially matching,0.7112910886605581,0.6666666666666666,0.5931925177574158,1.0
RFP_2946,SKU_214,matching,0.8067600746949513,0.9166666666666666,0.4947558045387268,1.0
RFP_2947,SKU_105,matching,0.8376508275667827,0.8333333333333334,0.7366138696670532,1.0
RFP_2948,SKU_184,partially matching,0.5684548578479074,0.45454545454545453,0.47060710191726685,1.0
RFP_2949,SKU_107,partially matching,0.5683475852012634,0.7,0.7278252840042114,0.0
RFP_2950,SKU_299,matching,0.7322822690010071,0.75,0.5242742300033569,1.0
RFP_2951,SKU_248,matching,0.8217558338091924,0.8461538461538461,0.662263035774231,1.0
RFP_2952,SKU_185,partially matching,0.6166401545206706,0.8333333333333334,0.6665782928466797,0.0
RFP_2953,SKU_228,partially matching,0.6825552040880376,0.6363636363636364,0.5479112863540649,1.0
RFP_2954,SKU_115,matching,0.7742000888694416,0.7272727272727273,0.70187908411026,1.0
RFP_2955,SKU_185,partially matching,0.7180834432442982,0.6666666666666666,0.6158336997032166,1.0
RFP_2956,SKU_107,matching,0.7266943876559917,0.6153846153846154,0.7300069332122803,1.0
RFP_2957,SKU_158,partially matching,0.6474557020447471,0.5454545454545454,0.5824280977249146,1.0
RFP_2958,SKU_210,matching,0.7567019045352936,0.75,0.6056730151176453,1.0
RFP_2959,SKU_210,matching,0.7710444629192352,0.75,0.6534815430641174,1.0
RFP_2960,SKU_250,matching,0.8218085272745652,0.9090909090909091,0.5575435757637024,1.0
RFP_2961,SKU_110,partially matching,0.6638473739990822,0.7692307692307693,0.2641066312789917,1.0
RFP_2962,SKU_115,partially matching,0.601853609085083,0.8,0.6728453636169434,0.0
RFP_2963,SKU_257,partially matching,0.6822196418588812,0.6363636363636364,0.54679274559021,1.0
RFP_2964,SKU_193,partially matching,0.6654046947305853,0.6363636363636364,0.49074292182922363,1.0
RFP_2965,SKU_192,partially matching,0.6479312856992085,0.9166666666666666,0.6319931745529175,0.0
RFP_2966,SKU_265,matching,0.7428765535354613,0.8,0.4762551784515381,1.0
RFP_2967,SKU_206,partially matching,0.7157410979270935,0.7,0.552470326423645,1.0
RFP_2968,SKU_104,matching,0.7490727511319248,0.8181818181818182,0.46660614013671875,1.0
RFP_2969,SKU_284,partially matching,0.6185394387978773,0.5384615384615384,0.49769556522369385,1.0
RFP_2970,SKU_239,matching,0.7314501245816549,0.6666666666666666,0.6603893041610718,1.0
RFP_2971,SKU_115,matching,0.8319663313302128,0.8181818181818182,0.742918074131012,1.0
RFP_2972,SKU_112,partially matching,0.5609441280364991,0.8,0.5364804267883301,0.0
RFP_2973,SKU_249,matching,0.8530946536497637,0.9090909090909091,0.6618306636810303,1.0
RFP_2974,SKU_173,matching,0.7660475145686756,0.7272727272727273,0.67470383644104,1.0
RFP_2975,SKU_211,partially matching,0.5751785214130696,0.38461538461538464,0.6095694303512573,1.0
RFP_2976,SKU_293,matching,0.7634558849864537,0.7777777777777778,0.5818899869918823,1.0
RFP_2977,SKU_149,partially matching,0.5665287819775668,0.8181818181818182,0.5247929096221924,0.0
RFP_2978,SKU_261,partially matching,0.6659859498341878,0.9166666666666666,0.6921753883361816,0.0
RFP_2979,SKU_236,partially matching,0.7093343238938938,0.7272727272727273,0.4856598675251007,1.0
RFP_2980,SKU_230,matching,0.7768450131783118,0.7692307692307693,0.6407654285430908,1.0
RFP_2981,SKU_259,partially matching,0.5813476204872131,0.8,0.6044920682907104,0.0
RFP_2982,SKU_193,partially matching,0.6489738265673319,0.5833333333333334,0.5243571996688843,1.0
RFP_2983,SKU_200,partially matching,0.5524673115123402,0.7272727272727273,0.6294364929199219,0.0
RFP_2984,SKU_272,partially matching,0.5336742838223775,0.6666666666666666,0.667803168296814,0.0
RFP_2985,SKU_234,partially matching,0.6503453294436137,0.5833333333333334,0.5289288759231567,1.0
RFP_2986,SKU_226,partially matching,0.535603541135788,0.75,0.5353451371192932,0.0
RFP_2987,SKU_107,partially matching,0.5679992198944092,0.7,0.7266640663146973,0.0
RFP_2988,SKU_276,matching,0.7321163503023294,0.6923076923076923,0.6198750138282776,1.0
RFP_2989,SKU_132,partially matching,0.6241794327894847,0.5833333333333334,0.4417092204093933,1.0
RFP_2990,SKU_272,partially matching,0.7062643071015675,0.6666666666666666,0.5764365792274475,1.0
RFP_2991,SKU_137,partially matching,0.6524306920441714,0.8181818181818182,0.8111326098442078,0.0
RFP_2992,SKU_221,partially matching,0.5878898819287619,0.4166666666666667,0.5985218286514282,1.0
RFP_2993,SKU_299,partially matching,0.5405782878398895,0.75,0.5519276261329651,0.0
RFP_2994,SKU_101,matching,0.7976913213729859,0.8,0.6589710712432861,1.0
RFP_2995,SKU_213,partially matching,0.5830651044845581,0.75,0.6935503482818604,0.0
RFP_2996,SKU_115,matching,0.8933617098764939,0.9090909090909091,0.7960541844367981,1.0
RFP_2997,SKU_259,partially matching,0.5957254138859835,0.8181818181818182,0.6221150159835815,0.0
RFP_2998,SKU_130,matching,0.7744539075427586,0.7777777777777778,0.6185500621795654,1.0
RFP_2999,SKU_160,partially matching,0.4644479552904765,0.5833333333333334,0.5759376287460327,0.0
RFP_3000,SKU_273,matching,0.7877824631604282,0.8181818181818182,0.5956385135650635,1.0
RFP_3001,SKU_280,partially matching,0.6183164439418098,0.45454545454545453,0.6368123888969421,1.0
RFP_3002,SKU_137,partially matching,0.6079389705107763,0.8461538461538461,0.6162068247795105,0.0
RFP_3003,SKU_147,matching,0.7359619498252867,0.7,0.6198731660842896,1.0
RFP_3004,SKU_229,partially matching,0.5318494260311126,0.7,0.6061647534370422,0.0
RFP_3005,SKU_250,partially matching,0.6476690729459127,0.9166666666666666,0.6311191320419312,0.0
RFP_3006,SKU_274,partially matching,0.5108392266126779,0.6923076923076923,0.548951268196106,0.0
RFP_3007,SKU_176,partially matching,0.7145834440534764,0.6363636363636364,0.6546720862388611,1.0
RFP_3008,SKU_132,matching,0.7578274826208751,0.8333333333333334,0.4705360531806946,1.0
RFP_3009,SKU_259,matching,0.779103684425354,0.8,0.5970122814178467,1.0
RFP_3010,SKU_212,matching,0.8224303285280863,0.8333333333333334,0.6858788728713989,1.0
RFP_3011,SKU_228,partially matching,0.5070819159348805,0.6666666666666666,0.5791619420051575,0.0
RFP_3012,SKU_297,partially matching,0.6814785122871398,1.0,0.6049283742904663,0.0
RFP_3013,SKU_193,matching,0.7259785305369983,0.7272727272727273,0.5411405563354492,1.0
RFP_3014,SKU_131,partially matching,0.5455337524414062,0.7,0.6517791748046875,0.0
RFP_3015,SKU_144,matching,0.7794200507077305,0.8181818181818182,0.5677638053894043,1.0
RFP_3016,SKU_274,partially matching,0.627085361697457,0.5454545454545454,0.5145269632339478,1.0
RFP_3017,SKU_277,partially matching,0.6729828298091889,0.6,0.5766094326972961,1.0
RFP_3018,SKU_131,partially matching,0.6852044807540045,0.5555555555555556,0.6914223432540894,1.0
RFP_3019,SKU_294,partially matching,0.6557750802773696,0.5384615384615384,0.6218143701553345,1.0
RFP_3020,SKU_160,partially matching,0.5303657710552215,0.7,0.6012192368507385,0.0
RFP_3021,SKU_206,partially matching,0.581032782793045,0.8,0.6034426093101501,0.0
RFP_3022,SKU_210,matching,0.8478277881940206,0.9166666666666666,0.6316481828689575,1.0
RFP_3023,SKU_113,partially matching,0.5811857591975819,0.7272727272727273,0.7251646518707275,0.0
RFP_3024,SKU_254,matching,0.7741645634174346,0.7,0.747215211391449,1.0
RFP_3025,SKU_185,matching,0.7462307234605152,0.6666666666666666,0.7096579670906067,1.0
RFP_3026,SKU_236,partially matching,0.685589009294143,0.6923076923076923,0.4647838771343231,1.0
RFP_3027,SKU_160,partially matching,0.5861790846694599,0.7272727272727273,0.741809070110321,0.0
RFP_3028,SKU_107,matching,0.7333078915422613,0.6363636363636364,0.717086911201477,1.0
RFP_3029,SKU_176,matching,0.7689108442176471,0.7272727272727273,0.6842482686042786,1.0
RFP_3030,SKU_273,partially matching,0.6031767725944519,0.5,0.5105892419815063,1.0
RFP_3031,SKU_207,partially matching,0.6346590022246044,0.8333333333333334,0.7266411185264587,0.0
RFP_3032,SKU_161,partially matching,0.6770321423357184,0.6363636363636364,0.5295010805130005,1.0
RFP_3033,SKU_130,matching,0.8352301895618439,0.9,0.6174339652061462,1.0
RFP_3034,SKU_250,matching,0.7501092374324798,0.8,0.5003641247749329,1.0
RFP_3035,SKU_260,partially matching,0.6770029943722945,0.5384615384615384,0.6925740838050842,1.0
RFP_3036,SKU_240,partially matching,0.6893422524134318,0.5833333333333334,0.6589186191558838,1.0
RFP_3037,SKU_300,partially matching,0.6490078886349996,0.9166666666666666,0.6355818510055542,0.0
RFP_3038,SKU_160,partially matching,0.4992137273152669,0.6666666666666666,0.5529346466064453,0.0
RFP_3039,SKU_182,partially matching,0.5716247032989155,0.7272727272727273,0.6932944655418396,0.0
RFP_3040,SKU_155,partially matching,0.6076308508714041,0.4166666666666667,0.6643250584602356,1.0
RFP_3041,SKU_266,matching,0.8288166745142502,0.9090909090909091,0.5809040665626526,1.0
RFP_3042,SKU_184,partially matching,0.5482158793343438,0.4444444444444444,0.4199788570404053,1.0
RFP_3043,SKU_111,matching,0.774615417285399,0.9090909090909091,0.4002332091331482,1.0
RFP_3044,SKU_239,partially matching,0.504810136014765,0.6363636363636364,0.6220943927764893,0.0
RFP_3045,SKU_231,matching,0.7386936982472738,0.6666666666666666,0.6845345497131348,1.0
RFP_3046,SKU_124,matching,0.7589016139507294,0.7,0.6963387131690979,1.0
RFP_3047,SKU_241,partially matching,0.6014324036511508,0.8181818181818182,0.6411383152008057,0.0
RFP_3048,SKU_196,partially matching,0.6353334691789415,0.8888888888888888,0.6362967491149902,0.0
RFP_3049,SKU_160,partially matching,0.5739721726287494,0.7272727272727273,0.7011193633079529,0.0
RFP_3050,SKU_182,partially matching,0.5660487483848224,0.7272727272727273,0.6747079491615295,0.0
RFP_3051,SKU_259,partially matching,0.6822983557527715,0.6363636363636364,0.5470551252365112,1.0
RFP_3052,SKU_277,matching,0.836378465457396,0.9090909090909091,0.6061100363731384,1.0
RFP_3053,SKU_211,matching,0.7779506932605396,0.7272727272727273,0.7143810987472534,1.0
RFP_3054,SKU_272,partially matching,0.48633036414782205,0.5833333333333334,0.6488789916038513,0.0
RFP_3055,SKU_176,matching,0.7446666430343281,0.7272727272727273,0.6034342646598816,1.0
RFP_3056,SKU_230,matching,0.860555750131607,0.9,0.7018525004386902,1.0
RFP_3057,SKU_248,partially matching,0.6269438765265725,0.45454545454545453,0.6655704975128174,1.0
RFP_3058,SKU_176,partially matching,0.4690242388031699,0.5454545454545454,0.6543232202529907,0.0
RFP_3059,SKU_154,partially matching,0.7044189805334264,0.6363636363636364,0.6207905411720276,1.0
RFP_3060,SKU_206,partially matching,0.550637286901474,0.75,0.5854576230049133,0.0
RFP_3061,SKU_241,partially matching,0.4852268099784851,0.6,0.6174226999282837,0.0
RFP_3062,SKU_147,partially matching,0.5427173923362385,0.7272727272727273,0.5969367623329163,0.0
RFP_3063,SKU_259,matching,0.7660128593444824,0.8,0.5533761978149414,1.0
RFP_3064,SKU_249,partially matching,0.5745293140411377,0.75,0.665097713470459,0.0
RFP_3065,SKU_272,matching,0.7884120941162109,0.8,0.6280403137207031,1.0
RFP_3066,SKU_107,partially matching,0.4202884634335836,0.4166666666666667,0.7065171003341675,0.0
RFP_3067,SKU_124,matching,0.786761724948883,0.75,0.7058724164962769,1.0
RFP_3068,SKU_229,partially matching,0.5676263689994812,0.8,0.558754563331604,0.0
RFP_3069,SKU_291,partially matching,0.6673943936824798,0.6,0.5579813122749329,1.0
RFP_3070,SKU_250,partially matching,0.5992177069187163,0.5,0.49739235639572144,1.0
RFP_3071,SKU_240,matching,0.7776099205017091,0.75,0.6753664016723633,1.0
RFP_3072,SKU_261,partially matching,0.504635917598551,0.6363636363636364,0.6215136647224426,0.0
RFP_3073,SKU_162,matching,0.7508882522583007,0.75,0.5862941741943359,1.0
RFP_3074,SKU_222,partially matching,0.5703164068552163,0.6923076923076923,0.7472085356712341,0.0
RFP_3075,SKU_217,partially matching,0.6262695620457333,0.5833333333333334,0.44867631793022156,1.0
RFP_3076,SKU_132,partially matching,0.6952383100986481,0.7,0.4841277003288269,1.0
RFP_3077,SKU_103,partially matching,0.570177964369456,0.8333333333333334,0.5117043256759644,0.0
RFP_3078,SKU_113,partially matching,0.5518245609907004,0.3076923076923077,0.659928023815155,1.0
RFP_3079,SKU_267,partially matching,0.5310607234636943,0.3333333333333333,0.5479801893234253,1.0
RFP_3080,SKU_257,partially matching,0.6573181788126627,0.5833333333333334,0.5521717071533203,1.0
RFP_3081,SKU_144,partially matching,0.6786606729030609,0.6,0.5955355763435364,1.0
RFP_3082,SKU_209,partially matching,0.5067973136901855,0.6,0.6893243789672852,0.0
RFP_3083,SKU_259,matching,0.7682564480946614,0.8461538461538461,0.4839317500591278,1.0
RFP_3084,SKU_123,partially matching,0.6923812744709161,0.6923076923076923,0.4874247610569,1.0
RFP_3085,SKU_211,partially matching,0.7086113636310285,0.6153846153846154,0.6697301864624023,1.0
RFP_3086,SKU_272,partially matching,0.6801458835601806,0.6,0.6004862785339355,1.0
RFP_3087,SKU_189,matching,0.7222436487674713,0.7,0.574145495891571,1.0
RFP_3088,SKU_291,partially matching,0.6120830622586337,0.8181818181818182,0.676640510559082,0.0
RFP_3089,SKU_206,matching,0.7491568735012641,0.7692307692307693,0.5484716296195984,1.0
RFP_3090,SKU_228,partially matching,0.6976810038089751,0.6,0.6589366793632507,1.0
RFP_3091,SKU_261,partially matching,0.6542118767897289,0.5833333333333334,0.5418173670768738,1.0
RFP_3092,SKU_185,matching,0.730303173715418,0.6363636363636364,0.7070711851119995,1.0
RFP_3093,SKU_257,partially matching,0.5712665319442749,0.75,0.654221773147583,0.0
RFP_3094,SKU_155,partially matching,0.6220354519107125,0.45454545454545453,0.6492090821266174,1.0
RFP_3095,SKU_103,matching,0.7537840247154235,0.8,0.5126134157180786,1.0
RFP_3096,SKU_160,partially matching,0.6393724322319031,0.9,0.6312414407730103,0.0
RFP_3097,SKU_246,partially matching,0.6085675636927287,0.8333333333333334,0.63966965675354,0.0
RFP_3098,SKU_238,partially matching,0.5749035716056824,0.75,0.6663452386856079,0.0
RFP_3099,SKU_190,partially matching,0.6444645166397095,0.9,0.6482150554656982,0.0
RFP_3100,SKU_131,partially matching,0.6232269539282872,0.8461538461538461,0.6671667695045471,0.0
RFP_3101,SKU_265,partially matching,0.5735812035473911,0.8181818181818182,0.5483009815216064,0.0
RFP_3102,SKU_205,partially matching,0.679584515094757,0.6,0.5986150503158569,1.0
RFP_3103,SKU_277,partially matching,0.6832905058677381,0.6153846153846154,0.5853273272514343,1.0
RFP_3104,SKU_265,partially matching,0.5679806342491737,0.7692307692307693,0.6112174987792969,0.0
RFP_3105,SKU_232,partially matching,0.5507422561828907,0.38461538461538464,0.5281152129173279,1.0
RFP_3106,SKU_201,matching,0.7890488684177399,0.8,0.6301628947257996,1.0
RFP_3107,SKU_259,matching,0.7622978134797169,0.8461538461538461,0.4640696346759796,1.0
RFP_3108,SKU_205,partially matching,0.5257456302642822,0.7,0.5858187675476074,0.0
RFP_3109,SKU_193,partially matching,0.6756516629999334,0.6363636363636364,0.5248994827270508,1.0
RFP_3110,SKU_259,partially matching,0.6528780877590179,0.9,0.6762602925300598,0.0
RFP_3111,SKU_294,partially matching,0.6441321730613709,0.5,0.6471072435379028,1.0
RFP_3112,SKU_212,matching,0.7505401929219564,0.6666666666666666,0.7240228652954102,1.0
RFP_3113,SKU_178,partially matching,0.617514119698451,0.5384615384615384,0.49427783489227295,1.0
RFP_3114,SKU_125,partially matching,0.49696183150464834,0.6363636363636364,0.5959333777427673,0.0
RFP_3115,SKU_204,partially matching,0.7150819236581976,0.6363636363636364,0.6563336849212646,1.0
RFP_3116,SKU_112,partially matching,0.7138995521598392,0.7777777777777778,0.4167022109031677,1.0
RFP_3117,SKU_270,matching,0.8184023059331453,0.9230769230769231,0.5228794813156128,1.0
RFP_3118,SKU_188,matching,0.7750929951667787,0.8,0.5836433172225952,1.0
RFP_3119,SKU_158,matching,0.8060411361130801,0.8181818181818182,0.6565007567405701,1.0
RFP_3120,SKU_293,partially matching,0.6659402966499328,0.6,0.5531343221664429,1.0
RFP_3121,SKU_253,partially matching,0.576363480091095,0.75,0.6712116003036499,0.0
RFP_3122,SKU_236,matching,0.8000806941227478,0.9090909090909091,0.48511746525764465,1.0
RFP_3123,SKU_300,matching,0.7511855125427247,0.75,0.587285041809082,1.0
RFP_3124,SKU_251,partially matching,0.5185261021960865,0.7272727272727273,0.5162991285324097,0.0
RFP_3125,SKU_236,matching,0.7400953617962924,0.8181818181818182,0.43668150901794434,1.0
RFP_3126,SKU_226,partially matching,0.6645778348048528,0.6666666666666666,0.43748167157173157,1.0
RFP_3127,SKU_155,partially matching,0.4692458786747672,0.5454545454545454,0.6550620198249817,0.0
RFP_3128,SKU_163,partially matching,0.6901257425546645,0.7,0.4670858085155487,1.0
RFP_3129,SKU_280,partially matching,0.5699095194989985,0.36363636363636365,0.6269711256027222,1.0
RFP_3130,SKU_176,partially matching,0.545235526561737,0.7,0.6507850885391235,0.0
RFP_3131,SKU_183,partially matching,0.5737943589687348,0.8,0.5793145298957825,0.0
RFP_3132,SKU_254,partially matching,0.6978243629137675,0.5833333333333334,0.6871923208236694,1.0
RFP_3133,SKU_141,partially matching,0.7123403151830037,0.6666666666666666,0.5966899394989014,1.0
RFP_3134,SKU_229,partially matching,0.5866496159480168,0.8461538461538461,0.5452423095703125,0.0
RFP_3135,SKU_290,partially matching,0.6714942757899944,0.6153846153846154,0.5460065603256226,1.0
RFP_3136,SKU_185,partially matching,0.6068844676017762,0.8,0.6896148920059204,0.0
RFP_3137,SKU_185,partially matching,0.6259146968523661,0.8333333333333334,0.6974934339523315,0.0
RFP_3138,SKU_107,partially matching,0.6588562488555909,0.5,0.6961874961853027,1.0
RFP_3139,SKU_206,partially matching,0.6555475776012127,0.6153846153846154,0.4928508996963501,1.0
RFP_3140,SKU_155,partially matching,0.528312920440327,0.2727272727272727,0.6398309469223022,1.0
RFP_3141,SKU_188,partially matching,0.7032302330840718,0.7272727272727273,0.4653128981590271,1.0
RFP_3142,SKU_223,partially matching,0.6521072030067443,0.5,0.673690676689148,1.0
RFP_3143,SKU_266,partially matching,0.6074526607990265,0.5,0.5248422026634216,1.0
RFP_3144,SKU_294,matching,0.7615209987530343,0.7692307692307693,0.5896853804588318,1.0
RFP_3145,SKU_151,partially matching,0.4577280976555564,0.5454545454545454,0.6166694164276123,0.0
RFP_3146,SKU_171,matching,0.7970776438713074,0.9,0.4902588129043579,1.0
RFP_3147,SKU_159,partially matching,0.6908072193463644,0.6666666666666666,0.52491295337677,1.0
RFP_3148,SKU_200,partially matching,0.5903195825490085,0.8181818181818182,0.6040955781936646,0.0
RFP_3149,SKU_123,partially matching,0.7036483000625264,0.7272727272727273,0.46670645475387573,1.0
RFP_3150,SKU_160,partially matching,0.634399541941556,0.8181818181818182,0.7510287761688232,0.0
RFP_3151,SKU_261,matching,0.8143911759058635,0.8333333333333334,0.6590816974639893,1.0
RFP_3152,SKU_277,partially matching,0.6721915642420451,0.5833333333333334,0.6017496585845947,1.0
RFP_3153,SKU_257,matching,0.7487601697444917,0.75,0.5792005658149719,1.0
RFP_3154,SKU_281,matching,0.7326088618148456,0.7272727272727273,0.5632416605949402,1.0
RFP_3155,SKU_267,partially matching,0.6311804690144278,0.5454545454545454,0.5281773209571838,1.0
RFP_3156,SKU_124,partially matching,0.4998904818838293,0.6363636363636364,0.6056955456733704,0.0
RFP_3157,SKU_289,partially matching,0.619566837946574,0.8333333333333334,0.6763339042663574,0.0
RFP_3158,SKU_131,partially matching,0.618129254762943,0.8461538461538461,0.6501744389533997,0.0
RFP_3159,SKU_291,partially matching,0.576040917634964,0.75,0.6701363921165466,0.0
RFP_3160,SKU_228,matching,0.7633991122245789,0.75,0.6279970407485962,1.0
RFP_3161,SKU_152,matching,0.7554453909397125,0.7,0.6848179697990417,1.0
RFP_3162,SKU_211,matching,0.8212209298060491,0.8461538461538461,0.6604800224304199,1.0
RFP_3163,SKU_264,partially matching,0.5854580442110697,0.8333333333333334,0.5626379251480103,0.0
RFP_3164,SKU_277,partially matching,0.6776996016502381,0.6,0.5923320055007935,1.0
RFP_3165,SKU_210,matching,0.8560524602731068,0.9166666666666666,0.6590637564659119,1.0
RFP_3166,SKU_176,partially matching,0.4935183758085424,0.6363636363636364,0.5844551920890808,0.0
RFP_3167,SKU_188,partially matching,0.5403543770313263,0.75,0.5511812567710876,0.0
RFP_3168,SKU_132,partially matching,0.609937427260659,0.5454545454545454,0.4573671817779541,1.0
RFP_3169,SKU_273,matching,0.7404364954341542,0.7272727272727273,0.5893337726593018,1.0
RFP_3170,SKU_173,partially matching,0.7104539513587951,0.6,0.7015131711959839,1.0
RFP_3171,SKU_158,partially matching,0.6679386893908184,0.5833333333333334,0.5875734090805054,1.0
RFP_3172,SKU_189,matching,0.7312622904777526,0.7,0.6042076349258423,1.0
RFP_3173,SKU_210,matching,0.7522066166767707,0.7692307692307693,0.5586374402046204,1.0
RFP_3174,SKU_206,matching,0.7485171487698188,0.7692307692307693,0.546339213848114,1.0
RFP_3175,SKU_252,partially matching,0.6856476306915282,0.6,0.6188254356384277,1.0
RFP_3176,SKU_176,matching,0.7586736261844635,0.7,0.6955787539482117,1.0
RFP_3177,SKU_185,partially matching,0.632916720555379,0.46153846153846156,0.6738249659538269,1.0
RFP_3178,SKU_280,partially matching,0.7068318957632238,0.6363636363636364,0.6288335919380188,1.0
RFP_3179,SKU_291,partially matching,0.5736411240967838,0.8181818181818182,0.5485007166862488,0.0
RFP_3180,SKU_233,matching,0.7365709451528695,0.6923076923076923,0.6347236633300781,1.0
RFP_3181,SKU_107,matching,0.736725007945841,0.6363636363636364,0.7284772992134094,1.0
RFP_3182,SKU_277,partially matching,0.5571955080215747,0.38461538461538464,0.5496260523796082,1.0
RFP_3183,SKU_223,partially matching,0.703724664908189,0.6153846153846154,0.6534411907196045,1.0
RFP_3184,SKU_236,partially matching,0.443236094713211,0.6,0.47745364904403687,0.0
RFP_3185,SKU_152,partially matching,0.585760748386383,0.8,0.6192024946212769,0.0
RFP_3186,SKU_288,partially matching,0.5974321565844796,0.45454545454545453,0.5671980977058411,1.0
RFP_3187,SKU_188,matching,0.7346930921077728,0.75,0.5323103070259094,1.0
RFP_3188,SKU_300,partially matching,0.5925341129302979,0.8,0.6417803764343262,0.0
RFP_3189,SKU_272,partially matching,0.7130550702412923,0.6666666666666666,0.5990724563598633,1.0
RFP_3190,SKU_233,partially matching,0.7192996973341161,0.6363636363636364,0.6703929305076599,1.0
RFP_3191,SKU_260,matching,0.7229829067533666,0.6363636363636364,0.6826702952384949,1.0
RFP_3192,SKU_256,matching,0.7775188485781352,0.8333333333333334,0.536173939704895,1.0
RFP_3193,SKU_204,matching,0.7914457431206336,0.7692307692307693,0.6894345283508301,1.0
RFP_3194,SKU_206,partially matching,0.5256480108607899,0.7272727272727273,0.5400388240814209,0.0
RFP_3195,SKU_107,partially matching,0.5702032625675201,0.7,0.7340108752250671,0.0
RFP_3196,SKU_132,matching,0.7491639641198244,0.8181818181818182,0.466910183429718,1.0
RFP_3197,SKU_231,matching,0.746268275150886,0.6923076923076923,0.6670480966567993,1.0
RFP_3198,SKU_206,partially matching,0.46146451234817504,0.6,0.5382150411605835,0.0
RFP_3199,SKU_228,partially matching,0.7029339854533856,0.6153846153846154,0.6508055925369263,1.0
RFP_3200,SKU_299,partially matching,0.6856998974626715,0.6363636363636364,0.5583935976028442,1.0
RFP_3201,SKU_257,partially matching,0.7183798323978077,0.7272727272727273,0.515811562538147,1.0
RFP_3202,SKU_173,matching,0.7897069027790657,0.7692307692307693,0.6836383938789368,1.0
RFP_3203,SKU_243,partially matching,0.6926099473779852,0.6363636363636364,0.5814270973205566,1.0
RFP_3204,SKU_217,partially matching,0.6026323300141554,0.5384615384615384,0.4446718692779541,1.0
RFP_3205,SKU_111,matching,0.8191084802150725,1.0,0.39702826738357544,1.0
RFP_3206,SKU_256,partially matching,0.6778990322893317,0.6363636363636364,0.5323907136917114,1.0
RFP_3207,SKU_189,matching,0.740371161699295,0.7,0.6345705389976501,1.0
RFP_3208,SKU_210,partially matching,0.6962157845497132,0.6,0.6540526151657104,1.0
RFP_3209,SKU_155,partially matching,0.469862518527291,0.5454545454545454,0.657117486000061,0.0
RFP_3210,SKU_224,matching,0.7394973874092101,0.7,0.6316579580307007,1.0
RFP_3211,SKU_158,partially matching,0.6934290761297399,0.6363636363636364,0.5841575264930725,1.0
RFP_3212,SKU_240,matching,0.7310867031415302,0.6666666666666666,0.6591778993606567,1.0
RFP_3213,SKU_225,partially matching,0.5476696670055389,0.7,0.6588988900184631,0.0
RFP_3214,SKU_142,partially matching,0.6131308794021606,0.9,0.5437695980072021,0.0
RFP_3215,SKU_105,matching,0.7287678798039754,0.6666666666666666,0.6514484882354736,1.0
RFP_3216,SKU_276,partially matching,0.679101006189982,0.5833333333333334,0.6247811317443848,1.0
RFP_3217,SKU_176,matching,0.7914272904396058,0.8,0.638090968132019,1.0
RFP_3218,SKU_189,matching,0.7923515883359042,0.8181818181818182,0.6108689308166504,1.0
RFP_3219,SKU_152,partially matching,0.6088358779748282,0.4166666666666667,0.6683418154716492,1.0
RFP_3220,SKU_157,partially matching,0.6479265133539835,0.5833333333333334,0.5208661556243896,1.0
RFP_3221,SKU_278,partially matching,0.6725639205712539,0.5384615384615384,0.6777771711349487,1.0
RFP_3222,SKU_293,matching,0.8399447222550709,0.9166666666666666,0.6053712964057922,1.0
RFP_3223,SKU_293,partially matching,0.7074803141447215,0.6923076923076923,0.5377548933029175,1.0
RFP_3224,SKU_185,partially matching,0.6673683464527129,0.5,0.7245611548423767,1.0
RFP_3225,SKU_123,partially matching,0.6768645386804234,0.7272727272727273,0.37742725014686584,1.0
RFP_3226,SKU_159,matching,0.7922114518555727,0.8181818181818182,0.6104018092155457,1.0
RFP_3227,SKU_288,matching,0.7234737892945606,0.6666666666666666,0.6338015198707581,1.0
RFP_3228,SKU_280,partially matching,0.5781616131464641,0.8333333333333334,0.5383164882659912,0.0
RFP_3229,SKU_267,partially matching,0.6324539997360923,0.5454545454545454,0.5324224233627319,1.0
RFP_3230,SKU_103,partially matching,0.6253141023895956,0.5454545454545454,0.5086227655410767,1.0
RFP_3231,SKU_211,partially matching,0.6790038572417365,0.5555555555555556,0.6707535982131958,1.0
RFP_3232,SKU_190,partially matching,0.6359819276766343,0.9090909090909091,0.6047882437705994,0.0
RFP_3233,SKU_294,partially matching,0.6334400117397307,0.5,0.6114667057991028,1.0
RFP_3234,SKU_276,partially matching,0.6552615523338319,0.5,0.684205174446106,1.0
RFP_3235,SKU_230,matching,0.7539735734462738,0.7,0.6799119114875793,1.0
RFP_3236,SKU_272,partially matching,0.6216611444950104,0.5,0.5722038149833679,1.0
RFP_3237,SKU_280,partially matching,0.7194812774658204,0.7,0.5649375915527344,1.0
RFP_3238,SKU_162,partially matching,0.6594600975513458,0.6,0.5315336585044861,1.0
RFP_3239,SKU_259,partially matching,0.47188662832433526,0.6363636363636364,0.5123493671417236,0.0
RFP_3240,SKU_290,partially matching,0.622596032240174,0.5454545454545454,0.499562531709671,1.0
RFP_3241,SKU_224,partially matching,0.5299641424959356,0.6363636363636364,0.7059410810470581,0.0
RFP_3242,SKU_173,matching,0.7533072590827941,0.7,0.677690863609314,1.0
RFP_3243,SKU_232,partially matching,0.676572859287262,0.6,0.5885761976242065,1.0
RFP_3244,SKU_144,partially matching,0.6217329350384799,0.8181818181818182,0.7088067531585693,0.0
RFP_3245,SKU_123,partially matching,0.7168049567275576,0.7777777777777778,0.42638689279556274,1.0
RFP_3246,SKU_269,partially matching,0.5974058606407859,0.5454545454545454,0.41559529304504395,1.0
RFP_3247,SKU_228,partially matching,0.6681721627712249,0.6,0.5605738759040833,1.0
RFP_3248,SKU_146,partially matching,0.5990586936473846,0.8,0.6635289788246155,0.0
RFP_3249,SKU_278,matching,0.7570744395256042,0.7,0.6902481317520142,1.0
RFP_3250,SKU_272,matching,0.8537357731298967,0.9090909090909091,0.6639677286148071,1.0
RFP_3251,SKU_211,matching,0.7999841630458833,0.8,0.6666138768196106,1.0
RFP_3252,SKU_220,matching,0.7549926241238911,0.6666666666666666,0.7388643026351929,1.0
RFP_3253,SKU_250,partially matching,0.6727418774908239,0.6363636363636364,0.5152001976966858,1.0
RFP_3254,SKU_276,partially matching,0.5112470810229962,0.6153846153846154,0.6785159111022949,0.0
RFP_3255,SKU_176,partially matching,0.5430656552314758,0.7,0.6435521841049194,0.0
RFP_3256,SKU_176,partially matching,0.5609776675701141,0.75,0.6199255585670471,0.0
RFP_3257,SKU_296,matching,0.7569610436757406,0.6666666666666666,0.7454257011413574,1.0
RFP_3258,SKU_123,matching,0.7306243917116753,0.7692307692307693,0.48669669032096863,1.0
RFP_3259,SKU_107,partially matching,0.6872533180496909,0.5454545454545454,0.715086817741394,1.0
RFP_3260,SKU_160,partially matching,0.5758175909519195,0.7,0.7527253031730652,0.0
RFP_3261,SKU_115,matching,0.7566226204236348,0.6666666666666666,0.7442976236343384,1.0
RFP_3262,SKU_250,matching,0.7988707973406866,0.8461538461538461,0.5859795808792114,1.0
RFP_3263,SKU_183,matching,0.8030855655670166,0.8,0.6769518852233887,1.0
RFP_3264,SKU_132,partially matching,0.644902462225694,0.6153846153846154,0.4573671817779541,1.0
RFP_3265,SKU_185,partially matching,0.6638066053390503,0.5,0.712688684463501,1.0
RFP_3266,SKU_276,matching,0.7390406695696023,0.6923076923076923,0.6429560780525208,1.0
RFP_3267,SKU_152,partially matching,0.6547869801521302,0.5,0.6826232671737671,1.0
RFP_3268,SKU_269,matching,0.7540769868426853,0.7777777777777778,0.5506269931793213,1.0
RFP_3269,SKU_286,partially matching,0.5113813335245305,0.6363636363636364,0.643998384475708,0.0
RFP_3270,SKU_159,matching,0.7640135169029236,0.75,0.6300450563430786,1.0
RFP_3271,SKU_274,partially matching,0.708424845108619,0.6923076923076923,0.5409033298492432,1.0
RFP_3272,SKU_151,partially matching,0.6487937845967033,0.5454545454545454,0.5868883728981018,1.0
RFP_3273,SKU_206,partially matching,0.5492771258720985,0.7692307692307693,0.5488724708557129,0.0
RFP_3274,SKU_299,partially matching,0.5962946176528932,0.5,0.48764872550964355,1.0
RFP_3275,SKU_239,partially matching,0.4352453351020813,0.5,0.617484450340271,0.0
RFP_3276,SKU_185,matching,0.776607346534729,0.75,0.6720244884490967,1.0
RFP_3277,SKU_176,partially matching,0.7045464212244208,0.6363636363636364,0.6212153434753418,1.0
RFP_3278,SKU_137,partially matching,0.44838555638606736,0.46153846153846156,0.7253877520561218,0.0
RFP_3279,SKU_154,partially matching,0.5558905390592721,0.6923076923076923,0.6991223096847534,0.0
RFP_3280,SKU_139,partially matching,0.4985889673233032,0.6,0.6619632244110107,0.0
RFP_3281,SKU_272,partially matching,0.6315072993437449,0.8333333333333334,0.7161354422569275,0.0
RFP_3282,SKU_291,matching,0.8593190689881642,0.9166666666666666,0.6699524521827698,1.0
RFP_3283,SKU_259,matching,0.7679336515339938,0.8181818181818182,0.5294758081436157,1.0
RFP_3284,SKU_139,partially matching,0.6060965235416707,0.38461538461538464,0.7126294374465942,1.0
RFP_3285,SKU_277,matching,0.7785773813724517,0.8,0.5952579379081726,1.0
RFP_3286,SKU_196,partially matching,0.5632971754440894,0.7692307692307693,0.5956059694290161,0.0
RFP_3287,SKU_272,matching,0.8498919887976213,0.9090909090909091,0.6511551141738892,1.0
RFP_3288,SKU_286,partially matching,0.6410445392131805,0.5,0.6368151307106018,1.0
RFP_3289,SKU_225,partially matching,0.5838069717089336,0.3333333333333333,0.7238010168075562,1.0
RFP_3290,SKU_272,partially matching,0.5593551039695739,0.7,0.6978503465652466,0.0
RFP_3291,SKU_259,partially matching,0.5704304575920105,0.8,0.5681015253067017,0.0
RFP_3292,SKU_188,matching,0.7386982262134552,0.8,0.46232742071151733,1.0
RFP_3293,SKU_155,partially matching,0.6807418265125968,0.5454545454545454,0.6933818459510803,1.0
RFP_3294,SKU_166,partially matching,0.5852538731965152,0.8181818181818182,0.5872098803520203,0.0
RFP_3295,SKU_293,partially matching,0.6126943588256837,0.5,0.5423145294189453,1.0
RFP_3296,SKU_176,partially matching,0.6272817651430767,0.8333333333333334,0.7020503282546997,0.0
RFP_3297,SKU_293,partially matching,0.6298617404240828,0.5384615384615384,0.5354365706443787,1.0
RFP_3298,SKU_257,partially matching,0.6198594689369201,0.5,0.5661982297897339,1.0
RFP_3299,SKU_165,partially matching,0.41828968524932864,0.4,0.7276322841644287,0.0
RFP_3300,SKU_251,partially matching,0.475976979190653,0.6363636363636364,0.5259838700294495,0.0
RFP_3301,SKU_236,partially matching,0.7085236619819295,0.7272727272727273,0.482957661151886,1.0
RFP_3302,SKU_299,partially matching,0.6338047206401825,0.9,0.6126824021339417,0.0
RFP_3303,SKU_236,partially matching,0.5288554321635853,0.7272727272727273,0.5507302284240723,0.0
RFP_3304,SKU_291,partially matching,0.5687652166073138,0.38461538461538464,0.5881917476654053,1.0
RFP_3305,SKU_117,matching,0.7694491902987162,0.8333333333333334,0.5092750787734985,1.0
RFP_3306,SKU_291,partially matching,0.6138324201107026,0.5,0.546108067035675,1.0
RFP_3307,SKU_254,matching,0.7807713042606006,0.7272727272727273,0.7237831354141235,1.0
RFP_3308,SKU_228,partially matching,0.5933480024337769,0.4,0.6444933414459229,1.0
RFP_3309,SKU_206,partially matching,0.6895361920197804,0.6666666666666666,0.5206761956214905,1.0
RFP_3310,SKU_272,partially matching,0.5426406939824422,0.6666666666666666,0.6976912021636963,0.0
RFP_3311,SKU_107,partially matching,0.5684034466743468,0.7,0.7280114889144897,0.0
RFP_3312,SKU_130,matching,0.7246238589286804,0.7,0.5820795297622681,1.0
RFP_3313,SKU_158,matching,0.7214011577459483,0.6923076923076923,0.5841577053070068,1.0
RFP_3314,SKU_101,matching,0.7920667996773354,0.7692307692307693,0.691504716873169,1.0
RFP_3315,SKU_107,matching,0.7330036932771855,0.6363636363636364,0.7160729169845581,1.0
RFP_3316,SKU_124,partially matching,0.6963505744934082,0.6,0.6545019149780273,1.0
RFP_3317,SKU_176,matching,0.7705099951137195,0.7272727272727273,0.6895787715911865,1.0
RFP_3318,SKU_252,partially matching,0.6374742903492667,0.5454545454545454,0.5491567254066467,1.0
RFP_3319,SKU_233,partially matching,0.6234814061568333,0.8461538461538461,0.6680149435997009,0.0
RFP_3320,SKU_124,partially matching,0.5877998093763988,0.8333333333333334,0.5704438090324402,0.0
RFP_3321,SKU_264,matching,0.816092985868454,0.9,0.5536432862281799,1.0
RFP_3322,SKU_137,partially matching,0.5782938679059346,0.6666666666666666,0.8165351152420044,0.0
RFP_3323,SKU_257,matching,0.7485728513110768,0.7272727272727273,0.6164549589157104,1.0
RFP_3324,SKU_298,partially matching,0.6180737687991216,0.8461538461538461,0.6499894857406616,0.0
RFP_3325,SKU_261,partially matching,0.501546602899378,0.6363636363636364,0.6112159490585327,0.0
RFP_3326,SKU_185,matching,0.7217556540782635,0.6153846153846154,0.713544487953186,1.0
RFP_3327,SKU_230,partially matching,0.4475842475891113,0.5,0.6586141586303711,0.0
RFP_3328,SKU_106,partially matching,0.5932030141353607,0.9,0.4773433804512024,0.0
RFP_3329,SKU_234,partially matching,0.7152009276243356,0.6923076923076923,0.5634902715682983,1.0
RFP_3330,SKU_183,matching,0.7965808239850132,0.8181818181818182,0.6249663829803467,1.0
RFP_3331,SKU_241,partially matching,0.5510663400996815,0.7272727272727273,0.6247665882110596,0.0
RFP_3332,SKU_154,partially matching,0.5322018583615621,0.6666666666666666,0.6628950834274292,0.0
RFP_3333,SKU_107,matching,0.7233133916671459,0.6153846153846154,0.7187369465827942,1.0
RFP_3334,SKU_293,partially matching,0.5197609504063924,0.6666666666666666,0.6214253902435303,0.0
RFP_3335,SKU_101,matching,0.8760751148064931,0.9166666666666666,0.725805938243866,1.0
RFP_3336,SKU_155,partially matching,0.4659091096657973,0.5384615384615384,0.6555944681167603,0.0
RFP_3337,SKU_124,matching,0.7380787034829457,0.6666666666666666,0.6824845671653748,1.0
RFP_3338,SKU_254,partially matching,0.6768028237602928,0.5454545454545454,0.6802518367767334,1.0
RFP_3339,SKU_135,matching,0.7759369015693665,0.75,0.6697896718978882,1.0
RFP_3340,SKU_125,partially matching,0.4589520156383514,0.6,0.5298400521278381,0.0
RFP_3341,SKU_141,matching,0.7327119171619414,0.7,0.6090397238731384,1.0
RFP_3342,SKU_188,partially matching,0.5594259706410495,0.8181818181818182,0.5011168718338013,0.0
RFP_3343,SKU_185,partially matching,0.577306866645813,0.75,0.67435622215271,0.0
RFP_3344,SKU_252,partially matching,0.6591442584991456,0.6,0.5304808616638184,1.0
RFP_3345,SKU_102,partially matching,0.6666749596595765,0.5,0.7222498655319214,1.0
RFP_3346,SKU_278,matching,0.7969517281422249,0.7692307692307693,0.707787811756134,1.0
RFP_3347,SKU_232,partially matching,0.5442640662193298,0.7,0.6475468873977661,0.0
RFP_3348,SKU_259,partially matching,0.5003239830334981,0.6666666666666666,0.5566354990005493,0.0
RFP_3349,SKU_277,matching,0.7655472993850707,0.8,0.5518243312835693,1.0
RFP_3350,SKU_191,partially matching,0.6897242646950942,0.5384615384615384,0.7349783182144165,1.0
RFP_3351,SKU_125,partially matching,0.6104497215964577,0.45454545454545453,0.6105899810791016,1.0
RFP_3352,SKU_251,partially matching,0.5238538861274719,0.7,0.5795129537582397,0.0
RFP_3353,SKU_223,matching,0.8214334408442179,0.8333333333333334,0.6825559139251709,1.0
RFP_3354,SKU_137,partially matching,0.46685503937981343,0.45454545454545453,0.7986077070236206,0.0
RFP_3355,SKU_228,partially matching,0.6791256467501323,0.5833333333333334,0.6248632669448853,1.0
RFP_3356,SKU_259,matching,0.7628007173538207,0.8,0.5426690578460693,1.0
RFP_3357,SKU_131,partially matching,0.6661486130494338,0.5384615384615384,0.6563928127288818,1.0
RFP_3358,SKU_105,partially matching,0.7187791546185811,0.6666666666666666,0.6181527376174927,1.0
RFP_3359,SKU_228,partially matching,0.6231848716735839,0.5,0.5772829055786133,1.0
RFP_3360,SKU_191,partially matching,0.5322803029647241,0.23076923076923078,0.7229856252670288,1.0
RFP_3361,SKU_102,partially matching,0.6730259879068895,0.9090909090909091,0.7282684445381165,0.0
RFP_3362,SKU_102,partially matching,0.4800222555796305,0.5833333333333334,0.6278519630432129,0.0
RFP_3363,SKU_219,partially matching,0.6122696379820506,0.8333333333333334,0.652009904384613,0.0
RFP_3364,SKU_272,matching,0.7316790787073282,0.6923076923076923,0.6184174418449402,1.0
RFP_3365,SKU_254,partially matching,0.7148370921611786,0.6,0.716123640537262,1.0
RFP_3366,SKU_165,partially matching,0.4437226992387038,0.5384615384615384,0.5816397666931152,0.0
RFP_3367,SKU_185,matching,0.7622176289558411,0.7,0.7073920965194702,1.0
RFP_3368,SKU_265,partially matching,0.6935808658599854,0.7,0.47860288619995117,1.0
RFP_3369,SKU_268,matching,0.7752210080623627,0.8,0.5840700268745422,1.0
RFP_3370,SKU_259,matching,0.8367991305314577,0.9230769230769231,0.584202229976654,1.0
RFP_3371,SKU_288,partially matching,0.5885877091151017,0.46153846153846156,0.5260615944862366,1.0
RFP_3372,SKU_261,partially matching,0.5172775824864705,0.6666666666666666,0.613147497177124,0.0
RFP_3373,SKU_138,matching,0.7550048199983743,0.6923076923076923,0.696169912815094,1.0
RFP_3374,SKU_198,partially matching,0.6003313926133242,0.8181818181818182,0.6374682784080505,0.0
RFP_3375,SKU_237,matching,0.7395794382462135,0.7692307692307693,0.5165468454360962,1.0
RFP_3376,SKU_143,partially matching,0.6343963021581823,0.6363636363636364,0.3873816132545471,1.0
RFP_3377,SKU_206,matching,0.7912830068514898,0.8461538461538461,0.5606869459152222,1.0
RFP_3378,SKU_176,partially matching,0.5995529261502353,0.8181818181818182,0.6348733901977539,0.0
RFP_3379,SKU_284,partially matching,0.6990538326593545,0.6923076923076923,0.5096666216850281,1.0
RFP_3380,SKU_185,partially matching,0.6196255246798198,0.8333333333333334,0.6765295267105103,0.0
RFP_3381,SKU_259,partially matching,0.6909867485364278,0.6666666666666666,0.5255113840103149,1.0
RFP_3382,SKU_152,matching,0.7347506721814474,0.6666666666666666,0.6713911294937134,1.0
RFP_3383,SKU_259,partially matching,0.47239766066724603,0.6363636363636364,0.5140528082847595,0.0
RFP_3384,SKU_114,partially matching,0.6122681697209675,0.9166666666666666,0.5131161212921143,0.0
RFP_3385,SKU_102,partially matching,0.6216467109593479,0.8181818181818182,0.7085193395614624,0.0
RFP_3386,SKU_210,matching,0.7238828976949057,0.6666666666666666,0.6351652145385742,1.0
RFP_3387,SKU_284,partially matching,0.6513868490854899,0.5833333333333334,0.5324006080627441,1.0
RFP_3388,SKU_160,matching,0.8064935008684795,0.8333333333333334,0.6327561140060425,1.0
RFP_3389,SKU_137,partially matching,0.5449257552623749,0.6,0.8164191842079163,0.0
RFP_3390,SKU_237,matching,0.7210348259318959,0.7272727272727273,0.5246615409851074,1.0
RFP_3391,SKU_125,matching,0.7633236597884785,0.7272727272727273,0.6656243205070496,1.0
RFP_3392,SKU_228,partially matching,0.6821773529052735,0.6,0.6072578430175781,1.0
RFP_3393,SKU_165,partially matching,0.5927663842837017,0.8333333333333334,0.5869990587234497,0.0
RFP_3394,SKU_236,partially matching,0.5604420363903045,0.8,0.5348067879676819,0.0
RFP_3395,SKU_163,partially matching,0.7199084162712097,0.75,0.4830280542373657,1.0
RFP_3396,SKU_176,matching,0.7583648096431386,0.7272727272727273,0.649094820022583,1.0
RFP_3397,SKU_250,partially matching,0.5781227045589024,0.7777777777777778,0.6307793855667114,0.0
RFP_3398,SKU_153,partially matching,0.7142578154802321,0.75,0.4641927182674408,1.0
RFP_3399,SKU_264,matching,0.7691482822100322,0.8333333333333334,0.5082720518112183,1.0
RFP_3400,SKU_274,matching,0.7270979415286671,0.7272727272727273,0.5448719263076782,1.0
RFP_3401,SKU_165,partially matching,0.5195081710815429,0.7,0.5650272369384766,0.0
RFP_3402,SKU_137,partially matching,0.6027154555687537,0.7692307692307693,0.7270002365112305,0.0
RFP_3403,SKU_113,partially matching,0.60631174047788,0.4166666666666667,0.659928023815155,1.0
RFP_3404,SKU_220,partially matching,0.6747095704078674,0.5,0.7490319013595581,1.0
RFP_3405,SKU_176,partially matching,0.6991790354251861,0.6,0.6639301180839539,1.0
RFP_3406,SKU_206,matching,0.8305734992027283,0.9,0.6019116640090942,1.0
RFP_3407,SKU_288,partially matching,0.6315873563289642,0.5,0.6052911877632141,1.0
RFP_3408,SKU_272,partially matching,0.5895878076553345,0.75,0.7152926921844482,0.0
RFP_3409,SKU_247,partially matching,0.692833161354065,0.6,0.6427772045135498,1.0
RFP_3410,SKU_236,matching,0.7288669914007186,0.8,0.42955663800239563,1.0
RFP_3411,SKU_160,partially matching,0.5648656975139271,0.7272727272727273,0.6707644462585449,0.0
RFP_3412,SKU_206,partially matching,0.6353429355404594,0.5454545454545454,0.5420522093772888,1.0
RFP_3413,SKU_206,partially matching,0.5140542209148407,0.7,0.546847403049469,0.0
RFP_3414,SKU_231,matching,0.7876657596001257,0.7692307692307693,0.6768345832824707,1.0
RFP_3415,SKU_231,matching,0.837024165575321,0.8461538461538461,0.7131574749946594,1.0
RFP_3416,SKU_277,partially matching,0.6549262978813866,0.5454545454545454,0.6073300838470459,1.0
RFP_3417,SKU_225,partially matching,0.5489593576301228,0.7272727272727273,0.6177433133125305,0.0
RFP_3418,SKU_300,partially matching,0.6138095571444585,0.8461538461538461,0.6357754468917847,0.0
RFP_3419,SKU_189,partially matching,0.5694267928600312,0.8,0.5647559762001038,0.0
RFP_3420,SKU_238,matching,0.8207081437110901,0.8,0.7356938123703003,1.0
RFP_3421,SKU_280,matching,0.7419642766316732,0.6666666666666666,0.6954364776611328,1.0
RFP_3422,SKU_254,matching,0.7935619652271271,0.75,0.7285398840904236,1.0
RFP_3423,SKU_230,matching,0.741621865828832,0.6666666666666666,0.6942951083183289,1.0
RFP_3424,SKU_190,partially matching,0.46109339378096836,0.5454545454545454,0.6278870701789856,0.0
RFP_3425,SKU_288,partially matching,0.6186199843883515,0.5,0.5620666146278381,1.0
RFP_3426,SKU_234,matching,0.7352079044688831,0.7272727272727273,0.5719051361083984,1.0
RFP_3427,SKU_183,partially matching,0.5384787331927906,0.7272727272727273,0.5828078985214233,0.0
RFP_3428,SKU_282,partially matching,0.5077525918300335,0.6153846153846154,0.6668676137924194,0.0
RFP_3429,SKU_185,partially matching,0.511484974080866,0.6363636363636364,0.6443438529968262,0.0
RFP_3430,SKU_192,partially matching,0.5448156893253326,0.7,0.6493856310844421,0.0
RFP_3431,SKU_160,partially matching,0.5418769771402532,0.6363636363636364,0.7456505298614502,0.0
RFP_3432,SKU_277,matching,0.7931730071703593,0.8333333333333334,0.5883544683456421,1.0
RFP_3433,SKU_105,matching,0.7905333638191223,0.8,0.6351112127304077,1.0
RFP_3434,SKU_272,partially matching,0.6654208242893218,0.6,0.551402747631073,1.0
RFP_3435,SKU_163,partially matching,0.7105973314155232,0.7272727272727273,0.4898698925971985,1.0
RFP_3436,SKU_176,matching,0.8445292989412942,0.8333333333333334,0.7595421075820923,1.0
RFP_3437,SKU_281,partially matching,0.5481064330447804,0.7272727272727273,0.6149002313613892,0.0
RFP_3438,SKU_253,partially matching,0.5671773325313221,0.7272727272727273,0.6784698963165283,0.0
RFP_3439,SKU_105,partially matching,0.7008437220866863,0.6153846153846154,0.6438380479812622,1.0
RFP_3440,SKU_220,partially matching,0.48915328708561984,0.18181818181818182,0.6608139872550964,1.0
RFP_3441,SKU_188,partially matching,0.6543544113636017,0.9,0.6811813712120056,0.0
RFP_3442,SKU_272,partially matching,0.5541074065061715,0.6923076923076923,0.6931785345077515,0.0
RFP_3443,SKU_252,partially matching,0.6927050406282598,0.6363636363636364,0.5817440748214722,1.0
RFP_3444,SKU_291,matching,0.8027357439200085,0.8333333333333334,0.6202302575111389,1.0
RFP_3445,SKU_105,partially matching,0.5320767164230347,0.7,0.6069223880767822,0.0
RFP_3446,SKU_299,partially matching,0.5827554418490484,0.8461538461538461,0.5322617292404175,0.0
RFP_3447,SKU_264,partially matching,0.710852141271938,0.7272727272727273,0.4907192587852478,1.0
RFP_3448,SKU_152,partially matching,0.5449957370758056,0.7,0.6499857902526855,0.0
RFP_3449,SKU_185,matching,0.7789827466011048,0.75,0.6799424886703491,1.0
RFP_3450,SKU_152,matching,0.7929414859184851,0.7692307692307693,0.694420337677002,1.0
RFP_3451,SKU_131,matching,0.7474752870889809,0.6923076923076923,0.671071469783783,1.0
RFP_3452,SKU_268,matching,0.7395472358573567,0.7272727272727273,0.5863695740699768,1.0
RFP_3453,SKU_230,matching,0.8562708497047424,0.9,0.6875694990158081,1.0
RFP_3454,SKU_176,partially matching,0.7040984386747533,0.6363636363636364,0.6197220683097839,1.0
RFP_3455,SKU_125,partially matching,0.693762586514155,0.5833333333333334,0.6736530661582947,1.0
RFP_3456,SKU_176,matching,0.7552744805812834,0.7,0.6842482686042786,1.0
RFP_3457,SKU_188,partially matching,0.7041528593410145,0.7272727272727273,0.46838831901550293,1.0
RFP_3458,SKU_288,partially matching,0.7072342117627461,0.6666666666666666,0.5796695947647095,1.0
RFP_3459,SKU_281,partially matching,0.7072322098108439,0.6923076923076923,0.5369278788566589,1.0
RFP_3460,SKU_105,matching,0.7750545134911171,0.7692307692307693,0.6347970962524414,1.0
RFP_3461,SKU_222,partially matching,0.6181111945555761,0.8461538461538461,0.6501142382621765,0.0
RFP_3462,SKU_185,partially matching,0.5279667933781942,0.6666666666666666,0.6487782001495361,0.0
RFP_3463,SKU_256,matching,0.7902510980765025,0.8333333333333334,0.5786147713661194,1.0
RFP_3464,SKU_259,partially matching,0.5941557494076816,0.8181818181818182,0.6168828010559082,0.0
RFP_3465,SKU_158,partially matching,0.6376198690671186,0.5384615384615384,0.5612969994544983,1.0
RFP_3466,SKU_173,partially matching,0.6992952684561411,0.5833333333333334,0.6920953392982483,1.0
RFP_3467,SKU_230,matching,0.796581887281858,0.7692307692307693,0.7065550088882446,1.0
RFP_3468,SKU_107,partially matching,0.5817605892817179,0.3333333333333333,0.7169797420501709,1.0
RFP_3469,SKU_153,partially matching,0.7038785008283761,0.6923076923076923,0.5257488489151001,1.0
RFP_3470,SKU_207,partially matching,0.6337309042612712,0.8333333333333334,0.7235474586486816,0.0
RFP_3471,SKU_219,partially matching,0.4967043936252594,0.6,0.655681312084198,0.0
RFP_3472,SKU_158,matching,0.732149350643158,0.7,0.6071645021438599,1.0
RFP_3473,SKU_123,partially matching,0.6643732011318206,0.7,0.3812440037727356,1.0
RFP_3474,SKU_130,matching,0.7217016100883484,0.7,0.5723387002944946,1.0
RFP_3475,SKU_299,matching,0.7266488432884217,0.75,0.5054961442947388,1.0
RFP_3476,SKU_209,partially matching,0.5197421371936798,0.6,0.7324737906455994,0.0
RFP_3477,SKU_206,matching,0.7942260960737864,0.8333333333333334,0.5918647646903992,1.0
RFP_3478,SKU_296,matching,0.7225646609609777,0.6363636363636364,0.6812761425971985,1.0
RFP_3479,SKU_281,partially matching,0.5482004355300556,0.7272727272727273,0.6152135729789734,0.0
RFP_3480,SKU_107,partially matching,0.596641326492483,0.36363636363636365,0.7160771489143372,1.0
RFP_3481,SKU_210,partially matching,0.652231446721337,0.5454545454545454,0.5983472466468811,1.0
RFP_3482,SKU_176,matching,0.7462424635887146,0.7,0.6541415452957153,1.0
RFP_3483,SKU_228,partially matching,0.6267948389053344,0.5,0.5893161296844482,1.0
RFP_3484,SKU_149,matching,0.8257405615769899,0.9230769230769231,0.5473403334617615,1.0
RFP_3485,SKU_220,matching,0.8272919476032257,0.8,0.7576398253440857,1.0
RFP_3486,SKU_111,matching,0.7205884079138438,0.8333333333333334,0.3464058041572571,1.0
RFP_3487,SKU_257,partially matching,0.7119704564412435,0.6666666666666666,0.5954570770263672,1.0
RFP_3488,SKU_256,partially matching,0.7123626498075633,0.6923076923076923,0.5540293455123901,1.0
RFP_3489,SKU_233,matching,0.7717944513667714,0.7272727272727273,0.6938602924346924,1.0
RFP_3490,SKU_196,partially matching,0.5758173319009634,0.3076923076923077,0.7399039268493652,1.0
RFP_3491,SKU_185,partially matching,0.5418754826892506,0.7272727272727273,0.5941303968429565,0.0
RFP_3492,SKU_242,partially matching,0.5983619213104248,0.5,0.494539737701416,1.0
RFP_3493,SKU_297,partially matching,0.5258848269780476,0.6666666666666666,0.6418383121490479,0.0
RFP_3494,SKU_272,partially matching,0.7113826771577199,0.6666666666666666,0.5934978127479553,1.0
RFP_3495,SKU_227,matching,0.7876127719879151,0.75,0.7087092399597168,1.0
RFP_3496,SKU_284,partially matching,0.6464012246865493,0.5384615384615384,0.5905681848526001,1.0
RFP_3497,SKU_210,matching,0.7813835978507995,0.8,0.6046119928359985,1.0
RFP_3498,SKU_270,partially matching,0.691206940015157,0.6666666666666666,0.5262453556060791,1.0
RFP_3499,SKU_252,partially matching,0.6810909509658813,0.6,0.6036365032196045,1.0
RFP_3500,SKU_281,partially matching,0.6865371937101538,0.6363636363636364,0.5611845850944519,1.0
RFP_3501,SKU_127,partially matching,0.6773571014404296,0.6,0.5911903381347656,1.0
RFP_3502,SKU_107,matching,0.7492003579934439,0.6666666666666666,0.7195567488670349,1.0
RFP_3503,SKU_291,matching,0.8576887508233388,0.9166666666666666,0.6645180583000183,1.0
RFP_3504,SKU_132,partially matching,0.6476442341621105,0.6153846153846154,0.4665064215660095,1.0
RFP_3505,SKU_277,partially matching,0.5597827857190913,0.36363636363636365,0.5932153463363647,1.0
RFP_3506,SKU_259,partially matching,0.5131698250770569,0.7,0.543899416923523,0.0
RFP_3507,SKU_207,partially matching,0.5590333998203277,0.7,0.6967779994010925,0.0
RFP_3508,SKU_102,partially matching,0.5516014944423329,0.7272727272727273,0.6265504360198975,0.0
RFP_3509,SKU_176,matching,0.7294381101926168,0.6666666666666666,0.6536825895309448,1.0
RFP_3510,SKU_105,partially matching,0.5148456950982412,0.6666666666666666,0.6050412058830261,0.0
RFP_3511,SKU_281,partially matching,0.6861277276819402,0.6363636363636364,0.5598196983337402,1.0
RFP_3512,SKU_225,partially matching,0.5815620342890422,0.3333333333333333,0.716317892074585,1.0
RFP_3513,SKU_253,partially matching,0.6283562205054543,0.45454545454545453,0.6702783107757568,1.0
RFP_3514,SKU_206,partially matching,0.5809192538261414,0.8,0.6030641794204712,0.0
RFP_3515,SKU_278,partially matching,0.6683163285255431,0.5,0.727721095085144,1.0
RFP_3516,SKU_125,matching,0.7439235329627991,0.7,0.6464117765426636,1.0
RFP_3517,SKU_169,matching,0.7347701132297515,0.8,0.4492337107658386,1.0
RFP_3518,SKU_246,partially matching,0.5982693294684093,0.8333333333333334,0.6053422093391418,0.0
RFP_3519,SKU_155,partially matching,0.5506836394468944,0.3333333333333333,0.6133899092674255,1.0
RFP_3520,SKU_152,matching,0.8600567658742269,0.9166666666666666,0.6724114418029785,1.0
RFP_3521,SKU_259,matching,0.7222687136043202,0.7272727272727273,0.5287744998931885,1.0
RFP_3522,SKU_238,matching,0.789472712169994,0.7272727272727273,0.7527878284454346,1.0
RFP_3523,SKU_191,partially matching,0.5729618164209219,0.3076923076923077,0.7303855419158936,1.0
RFP_3524,SKU_274,partially matching,0.700305700302124,0.7,0.5010190010070801,1.0
RFP_3525,SKU_201,matching,0.8108412365118662,0.8333333333333334,0.6472485661506653,1.0
RFP_3526,SKU_206,matching,0.7646914780139924,0.8,0.5489715933799744,1.0
RFP_3527,SKU_184,partially matching,0.5331481059392293,0.4166666666666667,0.4160492420196533,1.0
RFP_3528,SKU_291,matching,0.7696694623340259,0.7272727272727273,0.6867769956588745,1.0
RFP_3529,SKU_251,partially matching,0.5080212945287877,0.6363636363636364,0.6327982544898987,0.0
RFP_3530,SKU_112,matching,0.765082597732544,0.8,0.5502753257751465,1.0
RFP_3531,SKU_164,partially matching,0.4841327965259552,0.5,0.7804426550865173,0.0
RFP_3532,SKU_284,partially matching,0.718982708454132,0.7,0.5632756948471069,1.0
RFP_3533,SKU_141,partially matching,0.6126559926913335,0.8461538461538461,0.6319302320480347,0.0
RFP_3534,SKU_299,matching,0.7766089704903689,0.8181818181818182,0.5583935379981995,1.0
RFP_3535,SKU_265,matching,0.7406227231025695,0.75,0.5520757436752319,1.0
RFP_3536,SKU_228,partially matching,0.6059997333930089,0.8461538461538461,0.6097427010536194,0.0
RFP_3537,SKU_272,partially matching,0.5254209274595434,0.6363636363636364,0.6907970309257507,0.0
RFP_3538,SKU_152,partially matching,0.6137531538804373,0.4166666666666667,0.6847327351570129,1.0
RFP_3539,SKU_228,partially matching,0.5513157991262583,0.6923076923076923,0.683873176574707,0.0
RFP_3540,SKU_162,partially matching,0.7027196792455819,0.6923076923076923,0.5218861103057861,1.0
RFP_3541,SKU_151,partially matching,0.5646072506904602,0.75,0.6320241689682007,0.0
RFP_3542,SKU_228,matching,0.7383943736553191,0.7,0.6279812455177307,1.0
RFP_3543,SKU_228,matching,0.8347144766287371,0.9090909090909091,0.6005634069442749,1.0
RFP_3544,SKU_195,matching,0.7402972936630248,0.7,0.634324312210083,1.0
RFP_3545,SKU_300,partially matching,0.4869860882108862,0.6363636363636364,0.5626809000968933,0.0
RFP_3546,SKU_176,matching,0.7697284281253816,0.75,0.6490947604179382,1.0
RFP_3547,SKU_176,matching,0.7568736314773559,0.7,0.6895787715911865,1.0
RFP_3548,SKU_256,matching,0.7802570608529178,0.8181818181818182,0.5705538392066956,1.0
RFP_3549,SKU_107,partially matching,0.5372939402406866,0.6363636363636364,0.730373740196228,0.0
RFP_3550,SKU_176,matching,0.8258357505003611,0.8333333333333334,0.6972302794456482,1.0
RFP_3551,SKU_228,matching,0.7747598111629486,0.8,0.5825327038764954,1.0
RFP_3552,SKU_115,matching,0.8612790061877325,0.8461538461538461,0.7940069437026978,1.0
RFP_3553,SKU_259,partially matching,0.4511367643421347,0.6363636363636364,0.44318315386772156,0.0
RFP_3554,SKU_274,matching,0.7708136645230381,0.8181818181818182,0.5390758514404297,1.0
RFP_3555,SKU_254,partially matching,0.5764305710792541,0.75,0.6714352369308472,0.0
RFP_3556,SKU_258,partially matching,0.6428810834884644,0.9,0.6429369449615479,0.0
RFP_3557,SKU_259,partially matching,0.6822983557527715,0.6363636363636364,0.5470551252365112,1.0
RFP_3558,SKU_210,matching,0.8509325123750247,0.9230769230769231,0.6313135027885437,1.0
RFP_3559,SKU_169,matching,0.731597113609314,0.8,0.4386570453643799,1.0
RFP_3560,SKU_247,partially matching,0.6249398014762184,0.45454545454545453,0.6588902473449707,1.0
RFP_3561,SKU_132,matching,0.7419571638107301,0.8,0.4731905460357666,1.0
RFP_3562,SKU_157,partially matching,0.6736080343073065,0.6363636363636364,0.5180873870849609,1.0
RFP_3563,SKU_274,partially matching,0.6544981718063354,0.6,0.5149939060211182,1.0
RFP_3564,SKU_275,matching,0.7468132853507996,0.8,0.48937761783599854,1.0
RFP_3565,SKU_162,partially matching,0.4902042025869543,0.6363636363636364,0.5734079480171204,0.0
RFP_3566,SKU_132,matching,0.7397338986396789,0.8,0.4657796621322632,1.0
RFP_3567,SKU_125,partially matching,0.5125535507996877,0.6666666666666666,0.5974007248878479,0.0
RFP_3568,SKU_278,matching,0.7826309084892273,0.75,0.6921030282974243,1.0
RFP_3569,SKU_225,partially matching,0.68876297886555,0.5384615384615384,0.7317740321159363,1.0
RFP_3570,SKU_207,partially matching,0.5855804851421943,0.7692307692307693,0.669883668422699,0.0
RFP_3571,SKU_224,matching,0.790170955657959,0.75,0.7172365188598633,1.0
RFP_3572,SKU_166,matching,0.7327060829509389,0.7272727272727273,0.563565731048584,1.0
RFP_3573,SKU_272,partially matching,0.704118555242365,0.6363636363636364,0.6197891235351562,1.0
RFP_3574,SKU_231,partially matching,0.6388697862625121,0.5,0.629565954208374,1.0
RFP_3575,SKU_277,partially matching,0.6483254530213096,0.5454545454545454,0.5853272676467896,1.0
RFP_3576,SKU_250,partially matching,0.5912716329097748,0.8,0.6375721096992493,0.0
RFP_3577,SKU_273,matching,0.790495267239484,0.8181818181818182,0.6046811938285828,1.0
RFP_3578,SKU_281,partially matching,0.6757531945522015,0.6153846153846154,0.560202956199646,1.0
RFP_3579,SKU_290,partially matching,0.6375803232192994,0.9,0.625267744064331,0.0
RFP_3580,SKU_188,partially matching,0.529385644197464,0.75,0.5146188139915466,0.0
RFP_3581,SKU_105,partially matching,0.5297531267007192,0.6666666666666666,0.6547326445579529,0.0
RFP_3582,SKU_123,matching,0.7341627356680958,0.8181818181818182,0.41690608859062195,1.0
RFP_3583,SKU_291,matching,0.7905134797096252,0.8,0.6350449323654175,1.0
RFP_3584,SKU_284,partially matching,0.6571400676782315,0.6153846153846154,0.4981591999530792,1.0
RFP_3585,SKU_112,matching,0.7599033951759337,0.8,0.5330113172531128,1.0
RFP_3586,SKU_276,partially matching,0.6178638485344974,0.8181818181818182,0.6959097981452942,0.0
RFP_3587,SKU_193,partially matching,0.6943224867184956,0.6666666666666666,0.5366305112838745,1.0
RFP_3588,SKU_193,partially matching,0.684936918814977,0.6666666666666666,0.5053452849388123,1.0
RFP_3589,SKU_266,partially matching,0.7157135378230701,0.7272727272727273,0.5069239139556885,1.0
RFP_3590,SKU_257,matching,0.7515500605106353,0.75,0.5885002017021179,1.0
RFP_3591,SKU_204,partially matching,0.710642743569154,0.6153846153846154,0.676501452922821,1.0
RFP_3592,SKU_132,partially matching,0.6863674223423004,0.7,0.4545580744743347,1.0
RFP_3593,SKU_163,matching,0.7431001000934176,0.7777777777777778,0.5140373706817627,1.0
RFP_3594,SKU_204,partially matching,0.5412602066993712,0.7,0.6375340223312378,0.0
RFP_3595,SKU_291,matching,0.7396251042683919,0.6666666666666666,0.6876392364501953,1.0
RFP_3596,SKU_250,matching,0.7669566035270692,0.8,0.556522011756897,1.0
RFP_3597,SKU_237,partially matching,0.5865115179465368,0.8461538461538461,0.5447819828987122,0.0
RFP_3598,SKU_299,partially matching,0.5671706080436707,0.8,0.5572353601455688,0.0
RFP_3599,SKU_132,partially matching,0.7173468977212907,0.75,0.47448965907096863,1.0
RFP_3600,SKU_299,matching,0.7330977678298951,0.75,0.5269925594329834,1.0
RFP_3601,SKU_212,partially matching,0.6878497519276359,0.5454545454545454,0.7170749306678772,1.0
RFP_3602,SKU_299,matching,0.7648376313122836,0.8181818181818182,0.519155740737915,1.0
RFP_3603,SKU_176,matching,0.8147531655701725,0.8181818181818182,0.6855408549308777,1.0
RFP_3604,SKU_285,matching,0.7732091665267944,0.75,0.6606972217559814,1.0
RFP_3605,SKU_157,matching,0.8105695088704428,0.9166666666666666,0.5074539184570312,1.0
RFP_3606,SKU_225,partially matching,0.4933708721941168,0.6363636363636364,0.5839635133743286,0.0
RFP_3607,SKU_218,partially matching,0.6659428799694235,0.6363636363636364,0.49253687262535095,1.0
RFP_3608,SKU_225,partially matching,0.6249962945779164,0.4166666666666667,0.7222098708152771,1.0
RFP_3609,SKU_269,matching,0.7702733874320984,0.8,0.5675779581069946,1.0
RFP_3610,SKU_176,matching,0.771121084690094,0.75,0.65373694896698,1.0
RFP_3611,SKU_151,partially matching,0.5702096035847297,0.7692307692307693,0.6186473965644836,0.0
RFP_3612,SKU_250,partially matching,0.539222205768932,0.7272727272727273,0.5852861404418945,0.0
RFP_3613,SKU_298,partially matching,0.6431965470314026,0.9,0.6439884901046753,0.0
RFP_3614,SKU_298,partially matching,0.4514935352585532,0.5454545454545454,0.5958875417709351,0.0
RFP_3615,SKU_209,partially matching,0.5048165778319041,0.5833333333333334,0.7104997038841248,0.0
RFP_3616,SKU_299,partially matching,0.6952840765317281,0.6666666666666666,0.5398358106613159,1.0
RFP_3617,SKU_105,matching,0.8169172790917483,0.8181818181818182,0.6927545666694641,1.0
RFP_3618,SKU_184,partially matching,0.6300850987434388,0.6,0.4336169958114624,1.0
RFP_3619,SKU_174,partially matching,0.48846276944333855,0.6363636363636364,0.5676031708717346,0.0
RFP_3620,SKU_278,partially matching,0.5968593175594623,0.38461538461538464,0.6818387508392334,1.0
RFP_3621,SKU_214,partially matching,0.5318793794283501,0.7692307692307693,0.49087998270988464,0.0
RFP_3622,SKU_291,partially matching,0.5542425757104701,0.36363636363636365,0.5747479796409607,1.0
RFP_3623,SKU_264,partially matching,0.6057552695274353,0.9,0.5191842317581177,0.0
RFP_3624,SKU_206,partially matching,0.6014489366458012,0.8461538461538461,0.5945733785629272,0.0
RFP_3625,SKU_203,matching,0.737524574995041,0.75,0.541748583316803,1.0
RFP_3626,SKU_115,partially matching,0.7196304857730866,0.6,0.7321016192436218,1.0
RFP_3627,SKU_139,partially matching,0.6060202956199646,0.8,0.6867343187332153,0.0
RFP_3628,SKU_125,matching,0.7470957100391387,0.7,0.6569857001304626,1.0
RFP_3629,SKU_166,partially matching,0.5967741324351384,0.8461538461538461,0.5789906978607178,0.0
RFP_3630,SKU_210,partially matching,0.5857383032639822,0.4166666666666667,0.5913498997688293,1.0
RFP_3631,SKU_300,partially matching,0.4838323468511755,0.6363636363636364,0.5521684288978577,0.0
RFP_3632,SKU_176,matching,0.7819064617156983,0.75,0.6896882057189941,1.0
RFP_3633,SKU_155,matching,0.86887530521913,0.9090909090909091,0.7144328355789185,1.0
RFP_3634,SKU_147,matching,0.7919669320950142,0.7692307692307693,0.6911718249320984,1.0
RFP_3635,SKU_152,partially matching,0.6047670423984528,0.8,0.6825568079948425,0.0
RFP_3636,SKU_261,partially matching,0.5369579970836639,0.7,0.6231933236122131,0.0
RFP_3637,SKU_206,partially matching,0.5595977783203125,0.75,0.615325927734375,0.0
RFP_3638,SKU_176,matching,0.7545852688642649,0.6923076923076923,0.694771409034729,1.0
RFP_3639,SKU_140,partially matching,0.6215798876502296,0.45454545454545453,0.6476905345916748,1.0
RFP_3640,SKU_272,partially matching,0.6972953756650289,0.6666666666666666,0.5465401411056519,1.0
RFP_3641,SKU_206,matching,0.7231216430664062,0.7,0.5770721435546875,1.0
RFP_3642,SKU_259,partially matching,0.509868848323822,0.7,0.5328961610794067,0.0
RFP_3643,SKU_160,partially matching,0.6486880819002787,0.5833333333333334,0.5234047174453735,1.0
RFP_3644,SKU_210,partially matching,0.6325734794139861,0.5,0.6085782647132874,1.0
RFP_3645,SKU_210,partially matching,0.6276473522186279,0.5,0.5921578407287598,1.0
RFP_3646,SKU_256,matching,0.7532605638870826,0.7692307692307693,0.5621505975723267,1.0
RFP_3647,SKU_116,partially matching,0.6379372537136079,0.5,0.6264575123786926,1.0
RFP_3648,SKU_205,partially matching,0.5456596640440133,0.6923076923076923,0.6650193929672241,0.0
RFP_3649,SKU_288,matching,0.8075472858819095,0.8181818181818182,0.6615212559700012,1.0
RFP_3650,SKU_230,matching,0.7706807803023945,0.7272727272727273,0.6901480555534363,1.0
RFP_3651,SKU_123,matching,0.7407148003578186,0.8,0.469049334526062,1.0
RFP_3652,SKU_191,partially matching,0.567513507604599,0.3,0.7250450253486633,1.0
RFP_3653,SKU_111,partially matching,0.7088170230388642,0.8,0.3627234101295471,1.0
RFP_3654,SKU_117,partially matching,0.696580770611763,0.75,0.40526923537254333,1.0
RFP_3655,SKU_107,partially matching,0.7060408631960551,0.5833333333333334,0.7145806550979614,1.0
RFP_3656,SKU_146,partially matching,0.5207836205309088,0.6363636363636364,0.6753393411636353,0.0
RFP_3657,SKU_230,matching,0.7301390965779622,0.6666666666666666,0.6560192108154297,1.0
RFP_3658,SKU_285,matching,0.7521493760439066,0.6923076923076923,0.6866517663002014,1.0
RFP_3659,SKU_205,partially matching,0.7021424492200214,0.6666666666666666,0.5626970529556274,1.0
RFP_3660,SKU_135,partially matching,0.560582705338796,0.6666666666666666,0.7574979066848755,0.0
RFP_3661,SKU_117,matching,0.7693390766779582,0.8333333333333334,0.5089080333709717,1.0
RFP_3662,SKU_234,partially matching,0.6865849932034811,0.6666666666666666,0.5108388662338257,1.0
RFP_3663,SKU_278,partially matching,0.6866221763870932,0.5454545454545454,0.7129830121994019,1.0
RFP_3664,SKU_163,partially matching,0.7094274233688007,0.7272727272727273,0.4859701991081238,1.0
RFP_3665,SKU_240,partially matching,0.5432465076446533,0.7,0.6441550254821777,0.0
RFP_3666,SKU_130,partially matching,0.5964910864830018,0.8,0.6549702882766724,0.0
RFP_3667,SKU_176,matching,0.7247606237729389,0.6666666666666666,0.638090968132019,1.0
RFP_3668,SKU_236,partially matching,0.6651158501704534,0.6666666666666666,0.4392750561237335,1.0
RFP_3669,SKU_272,matching,0.7596548448909413,0.7272727272727273,0.6533949375152588,1.0
RFP_3670,SKU_259,partially matching,0.5835247615973155,0.8333333333333334,0.5561936497688293,0.0
RFP_3671,SKU_163,matching,0.7957423150539398,0.9,0.48580771684646606,1.0
RFP_3672,SKU_257,matching,0.7740124404430389,0.8,0.5800414681434631,1.0
RFP_3673,SKU_260,matching,0.7378697951634725,0.6666666666666666,0.6817882061004639,1.0
RFP_3674,SKU_107,partially matching,0.5588562488555908,0.3,0.6961874961853027,1.0
RFP_3675,SKU_147,partially matching,0.5864606705578891,0.8181818181818182,0.5912325382232666,0.0
RFP_3676,SKU_208,partially matching,0.5026219367980957,0.6,0.6754064559936523,0.0
RFP_3677,SKU_257,partially matching,0.7028560042381287,1.0,0.6761866807937622,0.0
RFP_3678,SKU_137,partially matching,0.6771290103594463,0.5833333333333334,0.6182078123092651,1.0
RFP_3679,SKU_268,matching,0.744327712059021,0.75,0.5644257068634033,1.0
RFP_3680,SKU_176,matching,0.7329922974109648,0.7,0.6099743247032166,1.0
RFP_3681,SKU_201,matching,0.7956346849600475,0.8333333333333334,0.5965600609779358,1.0
RFP_3682,SKU_230,matching,0.7710956752300262,0.75,0.6536522507667542,1.0
RFP_3683,SKU_209,partially matching,0.5650753704401162,0.6923076923076923,0.7297384142875671,0.0
RFP_3684,SKU_299,partially matching,0.6435808340708415,0.5833333333333334,0.506380558013916,1.0
RFP_3685,SKU_155,partially matching,0.48818525473276775,0.5833333333333334,0.6550619602203369,0.0
RFP_3686,SKU_111,matching,0.7506744130091234,0.9090909090909091,0.32042986154556274,1.0
RFP_3687,SKU_238,matching,0.7971615791320801,0.75,0.7405385971069336,1.0
RFP_3688,SKU_270,partially matching,0.6620456755161286,1.0,0.5401522517204285,0.0
RFP_3689,SKU_195,partially matching,0.6777346652287703,0.5384615384615384,0.6950129866600037,1.0
RFP_3690,SKU_166,partially matching,0.5768686440857974,0.8181818181818182,0.5592591166496277,0.0
RFP_3691,SKU_165,partially matching,0.5348867904056203,0.7272727272727273,0.570834755897522,0.0
RFP_3692,SKU_234,matching,0.7829874436060589,0.8333333333333334,0.5544025897979736,1.0
RFP_3693,SKU_221,matching,0.7390037110218635,0.7692307692307693,0.5146277546882629,1.0
RFP_3694,SKU_221,partially matching,0.5949344772558947,0.46153846153846156,0.5472174882888794,1.0
RFP_3695,SKU_295,matching,0.7699555722149936,0.8181818181818182,0.5362155437469482,1.0
RFP_3696,SKU_246,partially matching,0.5909474161538211,0.8181818181818182,0.6061883568763733,0.0
RFP_3697,SKU_176,matching,0.7561521172523498,0.7,0.6871737241744995,1.0
RFP_3698,SKU_130,partially matching,0.5025250395139058,0.6666666666666666,0.5639723539352417,0.0
RFP_3699,SKU_296,partially matching,0.6950993873856284,0.5454545454545454,0.741240382194519,1.0
RFP_3700,SKU_208,partially matching,0.493584934870402,0.5833333333333334,0.6730608940124512,0.0
RFP_3701,SKU_154,partially matching,0.5488119661808013,0.7,0.6627065539360046,0.0
RFP_3702,SKU_117,partially matching,0.6787580620158802,0.7272727272727273,0.38373899459838867,1.0
RFP_3703,SKU_226,partially matching,0.5696944681080905,0.8181818181818182,0.535345196723938,0.0
RFP_3704,SKU_257,partially matching,0.6001740217208862,0.5,0.5005800724029541,1.0
RFP_3705,SKU_176,matching,0.8046188858422367,0.8181818181818182,0.651759922504425,1.0
RFP_3706,SKU_152,partially matching,0.6350069920221965,0.8333333333333334,0.7278010845184326,0.0
RFP_3707,SKU_278,partially matching,0.5457124849160512,0.6666666666666666,0.7079305052757263,0.0
RFP_3708,SKU_115,partially matching,0.679034396012624,0.9166666666666666,0.7356702089309692,0.0
RFP_3709,SKU_225,partially matching,0.5660965323448182,0.3,0.720321774482727,1.0
RFP_3710,SKU_219,partially matching,0.6222042441368103,0.8,0.7406808137893677,0.0
RFP_3711,SKU_154,partially matching,0.49360023553554827,0.5384615384615384,0.7478982210159302,0.0
RFP_3712,SKU_163,partially matching,0.5252315710891376,0.7272727272727273,0.5386506915092468,0.0
RFP_3713,SKU_285,partially matching,0.5985718905925751,0.4,0.6619063019752502,1.0
RFP_3714,SKU_107,partially matching,0.6206028898557028,0.4166666666666667,0.707565188407898,1.0
RFP_3715,SKU_259,matching,0.7264869343150746,0.7272727272727273,0.5428352355957031,1.0
RFP_3716,SKU_286,matching,0.7285182734330495,0.6666666666666666,0.650616466999054,1.0
RFP_3717,SKU_272,matching,0.8087116340796152,0.8333333333333334,0.6401498913764954,1.0
RFP_3718,SKU_280,matching,0.8289374842093542,0.8461538461538461,0.6862018704414368,1.0
RFP_3719,SKU_132,partially matching,0.523661835085262,0.7272727272727273,0.5334182381629944,0.0
RFP_3720,SKU_183,matching,0.8092352628707886,0.8,0.6974508762359619,1.0
RFP_3721,SKU_253,matching,0.7577104270458221,0.7,0.6923680901527405,1.0
RFP_3722,SKU_288,partially matching,0.6380461793679457,0.5384615384615384,0.5627180337905884,1.0
RFP_3723,SKU_206,partially matching,0.6878443950956519,0.6363636363636364,0.5655419230461121,1.0
RFP_3724,SKU_264,partially matching,0.7105282734740863,0.7272727272727273,0.4896396994590759,1.0
RFP_3725,SKU_259,partially matching,0.5602588415145874,0.8,0.534196138381958,0.0
RFP_3726,SKU_124,matching,0.7743570804595947,0.75,0.6645236015319824,1.0
RFP_3727,SKU_123,matching,0.7517130640420047,0.8181818181818182,0.4754071831703186,1.0
RFP_3728,SKU_286,matching,0.7989381372928619,0.8,0.6631271243095398,1.0
RFP_3729,SKU_204,matching,0.8530423104763032,0.9,0.676807701587677,1.0
RFP_3730,SKU_115,matching,0.7326300257986242,0.6363636363636364,0.7148273587226868,1.0
RFP_3731,SKU_249,partially matching,0.6393051803112031,0.5,0.63101726770401,1.0
RFP_3732,SKU_191,partially matching,0.5545377720486033,0.2727272727272727,0.7272471189498901,1.0
RFP_3733,SKU_131,matching,0.8182109812895457,0.8333333333333334,0.6718143820762634,1.0
RFP_3734,SKU_107,partially matching,0.5090194384256999,0.5833333333333334,0.7245092391967773,0.0
RFP_3735,SKU_252,matching,0.7335973810065877,0.7272727272727273,0.5665367245674133,1.0
RFP_3736,SKU_173,partially matching,0.6413745045661927,0.5,0.6379150152206421,1.0
RFP_3737,SKU_269,partially matching,0.7094656765460967,0.7,0.531552255153656,1.0
RFP_3738,SKU_288,partially matching,0.581175710604741,0.46153846153846156,0.5013549327850342,1.0
RFP_3739,SKU_257,partially matching,0.624020093679428,0.5,0.580066978931427,1.0
RFP_3740,SKU_299,partially matching,0.688768990834554,0.6666666666666666,0.5181188583374023,1.0
RFP_3741,SKU_105,partially matching,0.5823729038238525,0.8,0.6079096794128418,0.0
RFP_3742,SKU_173,matching,0.740192570288976,0.6666666666666666,0.6895307898521423,1.0
RFP_3743,SKU_189,partially matching,0.5444844186305999,0.7,0.6482813954353333,0.0
RFP_3744,SKU_131,matching,0.7672214416357186,0.6923076923076923,0.7368919849395752,1.0
RFP_3745,SKU_270,matching,0.7319629481205574,0.7692307692307693,0.49115854501724243,1.0
RFP_3746,SKU_220,matching,0.7444531137293036,0.6363636363636364,0.7542376518249512,1.0
RFP_3747,SKU_257,partially matching,0.7145147820313771,0.6666666666666666,0.6039381623268127,1.0
RFP_3748,SKU_272,partially matching,0.6735121369361878,0.6,0.5783737897872925,1.0
RFP_3749,SKU_272,partially matching,0.7109394485300238,0.6363636363636364,0.6425254344940186,1.0
RFP_3750,SKU_157,partially matching,0.5627907839688389,0.8181818181818182,0.5123329162597656,0.0
RFP_3751,SKU_176,partially matching,0.5740880261767994,0.7272727272727273,0.7015055418014526,0.0
RFP_3752,SKU_214,partially matching,0.6740173572843725,0.6363636363636364,0.5194517970085144,1.0
RFP_3753,SKU_299,matching,0.7291700661182403,0.75,0.5139002203941345,1.0
RFP_3754,SKU_236,matching,0.7463829517364502,0.8,0.487943172454834,1.0
RFP_3755,SKU_204,partially matching,0.6296417756514116,0.9090909090909091,0.5836544036865234,0.0
RFP_3756,SKU_106,partially matching,0.6269031981627147,0.5833333333333334,0.4507884383201599,1.0
RFP_3757,SKU_167,matching,0.7530182898044586,0.8,0.5100609660148621,1.0
RFP_3758,SKU_137,partially matching,0.4947323002598502,0.5454545454545454,0.740016758441925,0.0
RFP_3759,SKU_200,partially matching,0.5881560862064361,0.8,0.6271869540214539,0.0
RFP_3760,SKU_158,matching,0.7611602187156676,0.75,0.6205340623855591,1.0
RFP_3761,SKU_231,partially matching,0.6499204516410828,0.5,0.6664015054702759,1.0
RFP_3762,SKU_107,partially matching,0.5934034824371338,0.75,0.7280116081237793,0.0
RFP_3763,SKU_185,matching,0.7391161998112996,0.6666666666666666,0.6859428882598877,1.0
RFP_3764,SKU_201,matching,0.7246535956859588,0.7,0.5821786522865295,1.0
RFP_3765,SKU_256,partially matching,0.6357676722786643,0.5454545454545454,0.5434679985046387,1.0
RFP_3766,SKU_206,partially matching,0.7147400081157684,0.7,0.5491333603858948,1.0
RFP_3767,SKU_199,partially matching,0.6876084327697753,0.6,0.625361442565918,1.0
RFP_3768,SKU_103,partially matching,0.6094005625981551,0.5384615384615384,0.4672326445579529,1.0
RFP_3769,SKU_162,partially matching,0.7181177854537963,0.7,0.5603926181793213,1.0
RFP_3770,SKU_105,partially matching,0.6857446372509002,0.6,0.6191487908363342,1.0
RFP_3771,SKU_272,partially matching,0.7075748165448505,0.6666666666666666,0.5808049440383911,1.0
RFP_3772,SKU_228,partially matching,0.6679689683697441,0.5454545454545454,0.650805652141571,1.0
RFP_3773,SKU_201,matching,0.7214495447965767,0.6923076923076923,0.584318995475769,1.0
RFP_3774,SKU_272,partially matching,0.533769163260093,0.6923076923076923,0.6253843903541565,0.0
RFP_3775,SKU_160,partially matching,0.7161289890607199,0.6666666666666666,0.6093188524246216,1.0
RFP_3776,SKU_259,partially matching,0.6330436064646794,0.8461538461538461,0.6998889446258545,0.0
RFP_3777,SKU_106,matching,0.7230236321687697,0.75,0.4934121072292328,1.0
RFP_3778,SKU_225,partially matching,0.565053904056549,0.3,0.7168463468551636,1.0
RFP_3779,SKU_248,matching,0.8588141246275469,0.9090909090909091,0.6808955669403076,1.0
RFP_3780,SKU_185,matching,0.8137298146883647,0.8333333333333334,0.6568771600723267,1.0
RFP_3781,SKU_272,matching,0.8454111218452454,0.9,0.6513704061508179,1.0
RFP_3782,SKU_272,partially matching,0.5103352730090802,0.6153846153846154,0.6754765510559082,0.0
RFP_3783,SKU_158,partially matching,0.7021943231423695,0.6666666666666666,0.5628699660301208,1.0
RFP_3784,SKU_288,partially matching,0.7160513659318288,0.6666666666666666,0.6090601086616516,1.0
RFP_3785,SKU_103,partially matching,0.6677852630615234,1.0,0.5592842102050781,0.0
RFP_3786,SKU_193,matching,0.7333541870117188,0.75,0.5278472900390625,1.0
RFP_3787,SKU_174,partially matching,0.5992249369621276,0.8,0.6640831232070923,0.0
RFP_3788,SKU_254,matching,0.7741645634174346,0.7,0.747215211391449,1.0
RFP_3789,SKU_228,matching,0.7457397639751433,0.7,0.6524658799171448,1.0
RFP_3790,SKU_160,partially matching,0.5919483105341594,0.8333333333333334,0.5842721462249756,0.0
RFP_3791,SKU_176,partially matching,0.6090621173381805,0.8,0.6968737244606018,0.0
RFP_3792,SKU_269,partially matching,0.5929044485092163,0.5,0.4763481616973877,1.0
RFP_3793,SKU_176,matching,0.7700208317149768,0.7272727272727273,0.6879482269287109,1.0
RFP_3794,SKU_277,matching,0.7379841089248658,0.75,0.5432803630828857,1.0
RFP_3795,SKU_257,matching,0.7688738107681274,0.8,0.5629127025604248,1.0
RFP_3796,SKU_182,partially matching,0.5886277070412269,0.7692307692307693,0.6800410747528076,0.0
RFP_3797,SKU_249,partially matching,0.6906368970870971,0.6,0.6354563236236572,1.0
RFP_3798,SKU_257,partially matching,0.7046793182690938,0.6666666666666666,0.5711532831192017,1.0
RFP_3799,SKU_111,partially matching,0.5475812097390492,0.9166666666666666,0.2974929213523865,0.0
RFP_3800,SKU_236,partially matching,0.5792232394218445,0.8,0.5974107980728149,0.0
RFP_3801,SKU_264,partially matching,0.6805182298024495,0.6666666666666666,0.4906163215637207,1.0
RFP_3802,SKU_272,matching,0.8587787247621097,0.9230769230769231,0.6574675440788269,1.0
RFP_3803,SKU_193,partially matching,0.5971892311022832,0.8461538461538461,0.5803743600845337,0.0
RFP_3804,SKU_137,partially matching,0.5513552610690777,0.6153846153846154,0.8122098445892334,0.0
RFP_3805,SKU_203,partially matching,0.6455906450748443,0.6,0.4853021502494812,1.0
RFP_3806,SKU_167,matching,0.7404592564472785,0.7692307692307693,0.5194795727729797,1.0
RFP_3807,SKU_257,matching,0.7550887346267701,0.75,0.6002957820892334,1.0
RFP_3808,SKU_234,partially matching,0.636591718413613,0.5454545454545454,0.5462148189544678,1.0
RFP_3809,SKU_141,matching,0.7490964185107838,0.7272727272727273,0.6182001829147339,1.0
RFP_3810,SKU_268,partially matching,0.5942713975906372,0.8,0.647571325302124,0.0
RFP_3811,SKU_182,partially matching,0.5537150621414184,0.7,0.6790502071380615,0.0
RFP_3812,SKU_253,partially matching,0.5473903954029082,0.7,0.6579679846763611,0.0
RFP_3813,SKU_265,partially matching,0.5026927133401234,0.6666666666666666,0.5645312666893005,0.0
RFP_3814,SKU_299,partially matching,0.7032250074239876,0.6923076923076923,0.5235705375671387,1.0
RFP_3815,SKU_102,matching,0.8191155731678008,0.8,0.7303852438926697,1.0
RFP_3816,SKU_241,matching,0.7989777459548071,0.8461538461538461,0.586336076259613,1.0
RFP_3817,SKU_265,matching,0.7378568470478057,0.75,0.5428561568260193,1.0
RFP_3818,SKU_162,partially matching,0.6399969379107158,0.5833333333333334,0.4944342374801636,1.0
RFP_3819,SKU_117,partially matching,0.712937558781017,0.7272727272727273,0.49767065048217773,1.0
RFP_3820,SKU_228,matching,0.8351365447044372,0.9,0.6171218156814575,1.0
RFP_3821,SKU_277,partially matching,0.7090099243017343,0.6923076923076923,0.542853593826294,1.0
RFP_3822,SKU_214,partially matching,0.6259672918102959,0.5454545454545454,0.5108000636100769,1.0
RFP_3823,SKU_274,matching,0.7736766544255345,0.8181818181818182,0.5486191511154175,1.0
RFP_3824,SKU_184,partially matching,0.5738891206004403,0.45454545454545453,0.4887213110923767,1.0
RFP_3825,SKU_111,matching,0.7287381467494098,0.8181818181818182,0.39882412552833557,1.0
RFP_3826,SKU_155,partially matching,0.5795226931571961,0.75,0.6817423105239868,0.0
RFP_3827,SKU_272,matching,0.7804901173481575,0.7692307692307693,0.6529157757759094,1.0
RFP_3828,SKU_257,matching,0.7819721904667942,0.8181818181818182,0.5762709379196167,1.0
RFP_3829,SKU_248,matching,0.7797023883232703,0.7692307692307693,0.6502900123596191,1.0
RFP_3830,SKU_295,partially matching,0.6760330915451049,0.6,0.5867769718170166,1.0
RFP_3831,SKU_286,partially matching,0.6806165258089703,0.5833333333333334,0.6298328638076782,1.0
RFP_3832,SKU_250,partially matching,0.5733274757862091,0.8,0.577758252620697,0.0
RFP_3833,SKU_193,partially matching,0.5828552809628573,0.8181818181818182,0.5792145729064941,0.0
RFP_3834,SKU_129,matching,0.7741301814715067,0.8333333333333334,0.5248783826828003,1.0
RFP_3835,SKU_158,partially matching,0.714395495255788,0.6666666666666666,0.6035405397415161,1.0
RFP_3836,SKU_137,partially matching,0.5105316506491767,0.5555555555555556,0.7758462429046631,0.0
RFP_3837,SKU_147,partially matching,0.5056359702890569,0.6363636363636364,0.6248471736907959,0.0
RFP_3838,SKU_203,matching,0.7813299179077149,0.8,0.6044330596923828,1.0
RFP_3839,SKU_248,matching,0.7207843536680394,0.6363636363636364,0.675341784954071,1.0
RFP_3840,SKU_186,partially matching,0.5570397626269947,0.7272727272727273,0.644677996635437,0.0
RFP_3841,SKU_137,partially matching,0.5950848996639251,0.7,0.8169496655464172,0.0
RFP_3842,SKU_174,partially matching,0.5940632224082947,0.8,0.6468774080276489,0.0
RFP_3843,SKU_196,partially matching,0.6505320449670156,0.9166666666666666,0.6406623721122742,0.0
RFP_3844,SKU_169,matching,0.7228927731513977,0.8,0.4096425771713257,1.0
RFP_3845,SKU_257,partially matching,0.4864473581314087,0.6,0.6214911937713623,0.0
RFP_3846,SKU_125,partially matching,0.6629684309164683,0.5833333333333334,0.5710058808326721,1.0
RFP_3847,SKU_135,matching,0.7291984915733336,0.7,0.5973283052444458,1.0
RFP_3848,SKU_259,matching,0.814523446559906,0.9,0.54841148853302,1.0
RFP_3849,SKU_246,partially matching,0.7160304625829061,0.6666666666666666,0.6089904308319092,1.0
RFP_3850,SKU_290,matching,0.7547686576843262,0.75,0.5992288589477539,1.0
RFP_3851,SKU_131,matching,0.8337241808573406,0.8333333333333334,0.7235250473022461,1.0
RFP_3852,SKU_278,matching,0.8766246100266775,0.9166666666666666,0.7276375889778137,1.0
RFP_3853,SKU_225,partially matching,0.5142107605934143,0.2,0.7140358686447144,1.0
RFP_3854,SKU_139,partially matching,0.6495736420154572,0.5,0.6652454733848572,1.0
RFP_3855,SKU_217,partially matching,0.5830062210559845,0.5,0.443354070186615,1.0
RFP_3856,SKU_125,matching,0.7272568305333456,0.6666666666666666,0.646411657333374,1.0
RFP_3857,SKU_160,partially matching,0.4841479713266546,0.6363636363636364,0.5532205104827881,0.0
RFP_3858,SKU_115,matching,0.7216378331184388,0.6,0.7387927770614624,1.0
RFP_3859,SKU_211,matching,0.7749841630458831,0.75,0.6666138768196106,1.0
RFP_3860,SKU_125,partially matching,0.6990796500986273,0.6363636363636364,0.6029927730560303,1.0
RFP_3861,SKU_223,partially matching,0.46396794135753927,0.5384615384615384,0.6491239070892334,0.0
RFP_3862,SKU_143,partially matching,0.6782645583152771,0.7,0.42754852771759033,1.0
RFP_3863,SKU_105,partially matching,0.5505423973907124,0.7272727272727273,0.6230201125144958,0.0
RFP_3864,SKU_240,partially matching,0.5612993478775024,0.7,0.7043311595916748,0.0
RFP_3865,SKU_163,matching,0.7372597396373748,0.8,0.45753246545791626,1.0
RFP_3866,SKU_232,partially matching,0.7164877076943714,0.6666666666666666,0.6105145812034607,1.0
RFP_3867,SKU_204,partially matching,0.6017139693101248,0.4166666666666667,0.6446021199226379,1.0
RFP_3868,SKU_299,partially matching,0.6323067138592402,0.5833333333333334,0.4688001573085785,1.0
RFP_3869,SKU_219,partially matching,0.6079870155224434,0.7692307692307693,0.744572103023529,0.0
RFP_3870,SKU_201,matching,0.7479072164405476,0.7272727272727273,0.6142361760139465,1.0
RFP_3871,SKU_185,partially matching,0.5930041551589966,0.75,0.7266805171966553,0.0
RFP_3872,SKU_102,matching,0.7265119606798345,0.6363636363636364,0.6944338083267212,1.0
RFP_3873,SKU_288,matching,0.7361550818790088,0.7272727272727273,0.5750623941421509,1.0
RFP_3874,SKU_280,partially matching,0.4855116242712194,0.6363636363636364,0.5577660202980042,0.0
RFP_3875,SKU_259,matching,0.749713158607483,0.75,0.5823771953582764,1.0
RFP_3876,SKU_176,matching,0.7705239534378052,0.75,0.6517465114593506,1.0
RFP_3877,SKU_137,partially matching,0.525618177652359,0.6,0.75206059217453,0.0
RFP_3878,SKU_195,partially matching,0.6893515114600841,0.6153846153846154,0.6055306792259216,1.0
RFP_3879,SKU_277,partially matching,0.6569386761922102,0.5384615384615384,0.6256930232048035,1.0
RFP_3880,SKU_280,partially matching,0.624667630592982,0.8333333333333334,0.693336546421051,0.0
RFP_3881,SKU_252,partially matching,0.5109464526176453,0.3,0.5364881753921509,1.0
RFP_3882,SKU_139,partially matching,0.7156045789068395,0.6363636363636364,0.6580758690834045,1.0
RFP_3883,SKU_230,matching,0.8117239872614543,0.8333333333333334,0.650191068649292,1.0
RFP_3884,SKU_157,partially matching,0.7040807664394377,0.7,0.5136025547981262,1.0
RFP_3885,SKU_198,partially matching,0.6015823859434861,0.46153846153846156,0.5693771839141846,1.0
RFP_3886,SKU_191,partially matching,0.5299969445575368,0.7272727272727273,0.5545352697372437,0.0
RFP_3887,SKU_225,matching,0.726212126475114,0.6153846153846154,0.728399395942688,1.0
RFP_3888,SKU_232,partially matching,0.5463160048831592,0.7272727272727273,0.6089321374893188,0.0
RFP_3889,SKU_178,partially matching,0.7106218246313241,0.6923076923076923,0.5482265949249268,1.0
RFP_3890,SKU_225,partially matching,0.6073615963642414,0.38461538461538464,0.7168463468551636,1.0
RFP_3891,SKU_299,partially matching,0.6421720802783966,0.6,0.473906934261322,1.0
RFP_3892,SKU_293,matching,0.7251096606254577,0.7,0.5836988687515259,1.0
RFP_3893,SKU_298,partially matching,0.5509718190539967,0.7272727272727273,0.6244515180587769,0.0
RFP_3894,SKU_162,partially matching,0.6530888855457306,0.6,0.5102962851524353,1.0
RFP_3895,SKU_239,partially matching,0.6180900655009529,0.45454545454545453,0.6360577940940857,1.0
RFP_3896,SKU_124,matching,0.758788353204727,0.7,0.6959611773490906,1.0
RFP_3897,SKU_276,partially matching,0.5443000972270965,0.7,0.6476669907569885,0.0
RFP_3898,SKU_206,matching,0.7486055901417366,0.7692307692307693,0.5466340184211731,1.0
RFP_3899,SKU_197,partially matching,0.7076852321624756,0.6,0.692284107208252,1.0
RFP_3900,SKU_299,matching,0.7233726143836976,0.75,0.4945753812789917,1.0
RFP_3901,SKU_162,partially matching,0.705613943705192,0.6923076923076923,0.5315336585044861,1.0
RFP_3902,SKU_155,partially matching,0.5193677002733403,0.6363636363636364,0.6706196069717407,0.0
RFP_3903,SKU_102,matching,0.8650548971616305,0.9230769230769231,0.6783881187438965,1.0
RFP_3904,SKU_274,partially matching,0.7036371827125549,0.7,0.5121239423751831,1.0
RFP_3905,SKU_217,partially matching,0.5793334990739822,0.5,0.4311116635799408,1.0
RFP_3906,SKU_184,partially matching,0.5952402412891389,0.5,0.48413413763046265,1.0
RFP_3907,SKU_186,partially matching,0.5801902651786804,0.8,0.6006342172622681,0.0
RFP_3908,SKU_168,partially matching,0.6705194175243379,0.6,0.5683980584144592,1.0
RFP_3909,SKU_295,partially matching,0.7155490775903066,0.6666666666666666,0.6073858141899109,1.0
RFP_3910,SKU_290,partially matching,0.5452005809003657,0.36363636363636365,0.5446079969406128,1.0
RFP_3911,SKU_295,partially matching,0.7089884400367736,0.7,0.5299614667892456,1.0
RFP_3912,SKU_190,partially matching,0.589669406414032,0.8,0.6322313547134399,0.0
RFP_3913,SKU_102,partially matching,0.48567969666586985,0.5555555555555556,0.6930063962936401,0.0
RFP_3914,SKU_278,partially matching,0.5930604994297027,0.75,0.7268683314323425,0.0
RFP_3915,SKU_217,partially matching,0.6081319340250708,0.5454545454545454,0.4513488709926605,1.0
RFP_3916,SKU_170,partially matching,0.6781751612822216,0.5833333333333334,0.6216949820518494,1.0
RFP_3917,SKU_272,matching,0.7335697141977457,0.6923076923076923,0.6247195601463318,1.0
RFP_3918,SKU_231,matching,0.750130191216102,0.6923076923076923,0.6799211502075195,1.0
RFP_3919,SKU_228,partially matching,0.5824446731143528,0.7777777777777778,0.6451859474182129,0.0
RFP_3920,SKU_184,partially matching,0.575188359618187,0.5,0.41729453206062317,1.0
RFP_3921,SKU_117,partially matching,0.6035278628269831,0.5833333333333334,0.37287065386772156,1.0
RFP_3922,SKU_269,matching,0.778328302231702,0.8181818181818182,0.5641246438026428,1.0
RFP_3923,SKU_162,partially matching,0.7160832892764699,0.7272727272727273,0.508156418800354,1.0
RFP_3924,SKU_294,partially matching,0.6772784272829693,0.5833333333333334,0.6187058687210083,1.0
RFP_3925,SKU_107,matching,0.7448530693848927,0.6666666666666666,0.7050657868385315,1.0
RFP_3926,SKU_163,matching,0.7540792373093692,0.8181818181818182,0.48329442739486694,1.0
RFP_3927,SKU_265,partially matching,0.6903223117192586,0.6666666666666666,0.523296594619751,1.0
RFP_3928,SKU_224,partially matching,0.49331154227256774,0.6,0.6443718075752258,0.0
RFP_3929,SKU_190,partially matching,0.6549672027428944,0.9166666666666666,0.6554462313652039,0.0
RFP_3930,SKU_277,matching,0.7843037287394206,0.8333333333333334,0.5587902069091797,1.0
RFP_3931,SKU_252,partially matching,0.5209030178877023,0.6923076923076923,0.582497239112854,0.0
RFP_3932,SKU_165,matching,0.7893140866206243,0.8461538461538461,0.5541238784790039,1.0
RFP_3933,SKU_234,partially matching,0.5830922982909463,0.45454545454545453,0.51939857006073,1.0
RFP_3934,SKU_132,partially matching,0.5823338429133098,0.8333333333333334,0.5522239208221436,0.0
RFP_3935,SKU_259,partially matching,0.6325337986151378,0.5833333333333334,0.46955710649490356,1.0
RFP_3936,SKU_163,matching,0.8042112648487092,0.9,0.514037549495697,1.0
RFP_3937,SKU_272,partially matching,0.7086880763371786,0.6666666666666666,0.5845158100128174,1.0
RFP_3938,SKU_236,matching,0.7417617917060852,0.8,0.4725393056869507,1.0
RFP_3939,SKU_235,partially matching,0.5355546553929647,0.6666666666666666,0.6740710735321045,0.0
RFP_3940,SKU_265,matching,0.7532523327403597,0.7777777777777778,0.5478781461715698,1.0
RFP_3941,SKU_291,matching,0.7407405506480824,0.7272727272727273,0.5903472900390625,1.0
RFP_3942,SKU_125,matching,0.8013505809836918,0.7777777777777778,0.7082056403160095,1.0
RFP_3943,SKU_183,partially matching,0.7054599100893193,0.6363636363636364,0.6242603063583374,1.0
RFP_3944,SKU_273,partially matching,0.6134677449862163,0.8333333333333334,0.6560035943984985,0.0
RFP_3945,SKU_232,matching,0.7295583367347718,0.7,0.5985277891159058,1.0
RFP_3946,SKU_183,partially matching,0.6592601039192894,0.5454545454545454,0.6217761039733887,1.0
RFP_3947,SKU_257,partially matching,0.6051684520461342,0.45454545454545453,0.5929857492446899,1.0
RFP_3948,SKU_195,partially matching,0.523902674516042,0.6666666666666666,0.6352311372756958,0.0
RFP_3949,SKU_277,matching,0.8131134702609135,0.8461538461538461,0.6334551572799683,1.0
RFP_3950,SKU_268,partially matching,0.7040180921554564,0.7,0.5133936405181885,1.0
RFP_3951,SKU_162,partially matching,0.6940366705258687,0.6666666666666666,0.5356777906417847,1.0
RFP_3952,SKU_157,partially matching,0.6309327044270254,0.5454545454545454,0.527351438999176,1.0
RFP_3953,SKU_220,matching,0.7597870906194051,0.6666666666666666,0.7548458576202393,1.0
RFP_3954,SKU_254,partially matching,0.7155642573650067,0.6153846153846154,0.6929064989089966,1.0
RFP_3955,SKU_107,matching,0.7660472154617308,0.7,0.7201573848724365,1.0
RFP_3956,SKU_190,partially matching,0.7048047358339482,0.6363636363636364,0.6220763921737671,1.0
RFP_3957,SKU_260,partially matching,0.6540986180305481,0.5,0.6803287267684937,1.0
RFP_3958,SKU_293,partially matching,0.4845419029394786,0.5833333333333334,0.6429174542427063,0.0
RFP_3959,SKU_277,partially matching,0.6327330708503723,0.9,0.6091102361679077,0.0
RFP_3960,SKU_296,partially matching,0.6245806992053986,0.4,0.7486023306846619,1.0
RFP_3961,SKU_165,partially matching,0.5898302952448528,0.8333333333333334,0.5772120952606201,0.0
RFP_3962,SKU_290,matching,0.7451556384563447,0.75,0.5671854615211487,1.0
RFP_3963,SKU_286,partially matching,0.618504842303016,0.45454545454545453,0.6374403834342957,1.0
RFP_3964,SKU_176,partially matching,0.6855785191059112,0.6,0.6185950636863708,1.0
RFP_3965,SKU_257,partially matching,0.7028560042381287,1.0,0.6761866807937622,0.0
RFP_3966,SKU_190,matching,0.8587095774137057,0.9230769230769231,0.6572370529174805,1.0
RFP_3967,SKU_193,partially matching,0.7165639947761189,0.7272727272727273,0.5097587704658508,1.0
RFP_3968,SKU_257,partially matching,0.6682112375895182,0.5833333333333334,0.5884819030761719,1.0
RFP_3969,SKU_252,matching,0.729821148285499,0.6923076923076923,0.6122243404388428,1.0
RFP_3970,SKU_257,partially matching,0.6666575411955515,0.5833333333333334,0.583302915096283,1.0
RFP_3971,SKU_266,matching,0.7734405676523846,0.8333333333333334,0.5225796699523926,1.0
RFP_3972,SKU_277,partially matching,0.6748805463314056,0.6,0.5829351544380188,1.0
RFP_3973,SKU_217,partially matching,0.6439779082934063,0.5833333333333334,0.5077041387557983,1.0
RFP_3974,SKU_136,matching,0.8117810308933258,0.9,0.5392701029777527,1.0
RFP_3975,SKU_111,matching,0.7784032960732779,0.9166666666666666,0.4002332091331482,1.0
RFP_3976,SKU_273,partially matching,0.5834433297316234,0.8333333333333334,0.5559222102165222,0.0
RFP_3977,SKU_278,partially matching,0.5949051315967853,0.38461538461538464,0.6753247976303101,1.0
RFP_3978,SKU_123,partially matching,0.5354894816875457,0.8,0.4516316056251526,0.0
RFP_3979,SKU_297,partially matching,0.6072742561499278,0.8333333333333334,0.6353586316108704,0.0
RFP_3980,SKU_186,partially matching,0.7044656330888921,0.6363636363636364,0.6209460496902466,1.0
RFP_3981,SKU_291,partially matching,0.6001334271647714,0.45454545454545453,0.5762023329734802,1.0
RFP_3982,SKU_185,partially matching,0.7052974407489483,0.6153846153846154,0.6586837768554688,1.0
RFP_3983,SKU_160,partially matching,0.6062462727228801,0.8333333333333334,0.6319320201873779,0.0
RFP_3984,SKU_204,matching,0.8595623536543413,0.9090909090909091,0.6833896636962891,1.0
RFP_3985,SKU_243,matching,0.7330482025941212,0.6666666666666666,0.6657162308692932,1.0
RFP_3986,SKU_288,partially matching,0.6481981017372824,0.5454545454545454,0.5849027633666992,1.0
RFP_3987,SKU_248,matching,0.7752048519524661,0.8181818181818182,0.5537131428718567,1.0
RFP_3988,SKU_163,partially matching,0.6335679382085799,0.6,0.4452264606952667,1.0
RFP_3989,SKU_272,matching,0.7282338162263233,0.6666666666666666,0.649668276309967,1.0
RFP_3990,SKU_299,partially matching,0.6876081109046936,1.0,0.625360369682312,0.0
RFP_3991,SKU_272,partially matching,0.7028255005677542,0.6666666666666666,0.5649738907814026,1.0
RFP_3992,SKU_253,partially matching,0.6769883910814922,0.5833333333333334,0.6177390813827515,1.0
RFP_3993,SKU_147,partially matching,0.5706478964198719,0.7272727272727273,0.6900384426116943,0.0
RFP_3994,SKU_183,partially matching,0.4647508245248061,0.5384615384615384,0.6517335176467896,0.0
RFP_3995,SKU_252,matching,0.7549246907234193,0.75,0.599748969078064,1.0
RFP_3996,SKU_135,partially matching,0.43475801547368365,0.4166666666666667,0.7547489404678345,0.0
RFP_3997,SKU_246,partially matching,0.5773507356643677,0.8,0.5911691188812256,0.0
RFP_3998,SKU_210,partially matching,0.6583268105983735,0.6,0.5277560353279114,1.0
RFP_3999,SKU_238,matching,0.7989474654197692,0.75,0.746491551399231,1.0
RFP_4000,SKU_130,matching,0.7356066823005676,0.7,0.6186889410018921,1.0
RFP_4001,SKU_116,partially matching,0.6823595106601714,0.6,0.607865035533905,1.0
RFP_4002,SKU_294,matching,0.7817051410675049,0.8,0.6056838035583496,1.0
RFP_4003,SKU_224,partially matching,0.5563880264759063,0.7,0.6879600882530212,0.0
RFP_4004,SKU_265,partially matching,0.5791202512654392,0.8181818181818182,0.5667644739151001,0.0
RFP_4005,SKU_137,partially matching,0.5908948957920074,0.7,0.8029829859733582,0.0
RFP_4006,SKU_125,matching,0.741019852956136,0.6666666666666666,0.6922883987426758,1.0
RFP_4007,SKU_266,partially matching,0.5997441530227661,0.5,0.4991471767425537,1.0
RFP_4008,SKU_238,partially matching,0.7035911480585735,0.5833333333333334,0.7064149379730225,1.0
RFP_4009,SKU_224,partially matching,0.5669011365283619,0.7272727272727273,0.6775492429733276,0.0
RFP_4010,SKU_185,matching,0.7654298733581195,0.7272727272727273,0.6726450324058533,1.0
RFP_4011,SKU_291,matching,0.7845548450946809,0.8,0.6151828169822693,1.0
RFP_4012,SKU_291,partially matching,0.5973042330958627,0.45454545454545453,0.5667716860771179,1.0
RFP_4013,SKU_274,partially matching,0.5921423415342967,0.8333333333333334,0.5849189162254333,0.0
RFP_4014,SKU_228,matching,0.7616925477981566,0.75,0.6223084926605225,1.0
RFP_4015,SKU_219,partially matching,0.5258909781773885,0.6666666666666666,0.6418588161468506,0.0
RFP_4016,SKU_193,partially matching,0.6602666020393371,0.6,0.5342220067977905,1.0
RFP_4017,SKU_257,matching,0.7517658352851868,0.75,0.5892194509506226,1.0
RFP_4018,SKU_161,partially matching,0.6848450774496252,0.6363636363636364,0.5555441975593567,1.0
RFP_4019,SKU_159,partially matching,0.6736396352450054,0.5833333333333334,0.6065765619277954,1.0
RFP_4020,SKU_152,matching,0.8046154975891113,0.8,0.6820516586303711,1.0
RFP_4021,SKU_280,partially matching,0.6776523411273956,0.6,0.5921744704246521,1.0
RFP_4022,SKU_130,matching,0.766756111383438,0.75,0.6391870379447937,1.0
RFP_4023,SKU_105,matching,0.872579865022139,0.9090909090909091,0.7267813682556152,1.0
RFP_4024,SKU_157,partially matching,0.5634690662225088,0.4166666666666667,0.5171191096305847,1.0
RFP_4025,SKU_176,partially matching,0.6359166204929352,0.5,0.6197220683097839,1.0
RFP_4026,SKU_185,partially matching,0.6013851523399353,0.8,0.6712838411331177,0.0
RFP_4027,SKU_240,partially matching,0.6254140092776372,0.8461538461538461,0.6744569540023804,0.0
RFP_4028,SKU_197,matching,0.8214360415935515,0.8,0.7381201386451721,1.0
RFP_4029,SKU_144,matching,0.7392831634391437,0.7272727272727273,0.5854893326759338,1.0
RFP_4030,SKU_176,partially matching,0.6428151442454412,0.8461538461538461,0.7324607372283936,0.0
RFP_4031,SKU_208,partially matching,0.5414078613122304,0.6666666666666666,0.693581759929657,0.0
RFP_4032,SKU_278,partially matching,0.6770853497765281,0.5454545454545454,0.6811935901641846,1.0
RFP_4033,SKU_107,partially matching,0.5613179087638855,0.3,0.7043930292129517,1.0
RFP_4034,SKU_252,partially matching,0.6206220694563604,0.5454545454545454,0.4929826557636261,1.0
RFP_4035,SKU_272,matching,0.7604881158241859,0.7692307692307693,0.5862424373626709,1.0
RFP_4036,SKU_115,matching,0.7333276683633978,0.6363636363636364,0.7171528339385986,1.0
RFP_4037,SKU_141,partially matching,0.6785736083984375,0.6,0.595245361328125,1.0
RFP_4038,SKU_225,partially matching,0.5130164617841894,0.6363636363636364,0.649448812007904,0.0
RFP_4039,SKU_272,partially matching,0.58934445977211,0.75,0.7144815325737,0.0
RFP_4040,SKU_246,partially matching,0.6401520788669586,0.9,0.6338402628898621,0.0
RFP_4041,SKU_252,partially matching,0.6189260385253212,0.45454545454545453,0.63884437084198,1.0
RFP_4042,SKU_278,matching,0.770993239771236,0.7272727272727273,0.6911895871162415,1.0
RFP_4043,SKU_234,partially matching,0.5567210018634796,0.75,0.6057366728782654,0.0
RFP_4044,SKU_265,partially matching,0.6515422900517781,0.9166666666666666,0.6440298557281494,0.0
RFP_4045,SKU_185,partially matching,0.5326902349789937,0.6666666666666666,0.6645230054855347,0.0
RFP_4046,SKU_185,partially matching,0.6973239660263062,0.6,0.6577465534210205,1.0
RFP_4047,SKU_104,matching,0.7374398758778204,0.7692307692307693,0.5094149708747864,1.0
RFP_4048,SKU_205,partially matching,0.554095285672408,0.38461538461538464,0.5392919778823853,1.0
RFP_4049,SKU_152,partially matching,0.6130418804558841,0.8181818181818182,0.6798365712165833,0.0
RFP_4050,SKU_272,partially matching,0.5793842554092408,0.75,0.6812808513641357,0.0
RFP_4051,SKU_261,partially matching,0.6133411884307861,0.8,0.7111372947692871,0.0
RFP_4052,SKU_185,partially matching,0.5955979108810425,0.8,0.6519930362701416,0.0
RFP_4053,SKU_206,matching,0.7695193913849918,0.8181818181818182,0.5347616076469421,1.0
RFP_4054,SKU_299,matching,0.75727618932724,0.8,0.5242539644241333,1.0
RFP_4055,SKU_228,partially matching,0.5652134537696838,0.8,0.5507115125656128,0.0
RFP_4056,SKU_176,matching,0.7389955898125966,0.6666666666666666,0.6855408549308777,1.0
RFP_4057,SKU_247,matching,0.7552976906299591,0.7,0.684325635433197,1.0
RFP_4058,SKU_117,matching,0.7461506187915803,0.8,0.48716872930526733,1.0
RFP_4059,SKU_208,partially matching,0.5308414777119954,0.6666666666666666,0.658360481262207,0.0
RFP_4060,SKU_299,matching,0.7654531446370212,0.8181818181818182,0.5212074518203735,1.0
RFP_4061,SKU_206,partially matching,0.7089762357565073,0.6923076923076923,0.5427412986755371,1.0
RFP_4062,SKU_182,partially matching,0.5515828847885131,0.7,0.671942949295044,0.0
RFP_4063,SKU_176,partially matching,0.7184695561726888,0.6666666666666666,0.6171207427978516,1.0
RFP_4064,SKU_107,matching,0.8275987473401156,0.8181818181818182,0.7283594608306885,1.0
RFP_4065,SKU_288,partially matching,0.5910954377867959,0.45454545454545453,0.546075701713562,1.0
RFP_4066,SKU_170,partially matching,0.7011901756127674,0.6666666666666666,0.559522807598114,1.0
RFP_4067,SKU_224,partially matching,0.4998422602812449,0.5833333333333334,0.6939186453819275,0.0
RFP_4068,SKU_206,partially matching,0.5296299289573323,0.7272727272727273,0.5533118844032288,0.0
RFP_4069,SKU_272,partially matching,0.5300609191258748,0.6666666666666666,0.6557586193084717,0.0
RFP_4070,SKU_166,partially matching,0.6444974585012956,0.9090909090909091,0.6331733465194702,0.0
RFP_4071,SKU_185,matching,0.8056217542061439,0.7692307692307693,0.7366878986358643,1.0
RFP_4072,SKU_299,partially matching,0.7095065534114837,0.7,0.5316885113716125,1.0
RFP_4073,SKU_257,partially matching,0.5040825063532048,0.6363636363636364,0.6196689605712891,0.0
RFP_4074,SKU_101,partially matching,0.694181994597117,0.5833333333333334,0.6750510931015015,1.0
RFP_4075,SKU_253,matching,0.7993579116734593,0.8181818181818182,0.6342233419418335,1.0
RFP_4076,SKU_183,matching,0.8057166337966919,0.8,0.6857221126556396,1.0
RFP_4077,SKU_190,matching,0.7333863933881124,0.6666666666666666,0.6668435335159302,1.0
RFP_4078,SKU_288,partially matching,0.6682933489481608,0.5833333333333334,0.5887556076049805,1.0
RFP_4079,SKU_248,partially matching,0.6146156450112661,0.4166666666666667,0.6876077055931091,1.0
RFP_4080,SKU_124,partially matching,0.7145211095159705,0.6363636363636364,0.6544643044471741,1.0
RFP_4081,SKU_221,partially matching,0.5612559080123902,0.4,0.5375196933746338,1.0
RFP_4082,SKU_176,partially matching,0.7107350111007691,0.6,0.7024500370025635,1.0
RFP_4083,SKU_280,matching,0.7696362009415261,0.7692307692307693,0.6167360544204712,1.0
RFP_4084,SKU_240,partially matching,0.6880203882853191,0.5833333333333334,0.6545124053955078,1.0
RFP_4085,SKU_259,matching,0.7411815881729127,0.75,0.553938627243042,1.0
RFP_4086,SKU_135,partially matching,0.5490576798265631,0.6363636363636364,0.7695862054824829,0.0
RFP_4087,SKU_162,partially matching,0.601298600435257,0.5,0.5043286681175232,1.0
RFP_4088,SKU_111,matching,0.7670241226752599,0.9166666666666666,0.36230263113975525,1.0
RFP_4089,SKU_218,partially matching,0.5565429568290711,0.75,0.6051431894302368,0.0
RFP_4090,SKU_250,matching,0.7274879813194275,0.75,0.5082932710647583,1.0
RFP_4091,SKU_284,partially matching,0.5544543743133545,0.75,0.5981812477111816,0.0
RFP_4092,SKU_160,partially matching,0.5994776308536529,0.75,0.7482587695121765,0.0
RFP_4093,SKU_173,matching,0.7552179038524627,0.7,0.6840596795082092,1.0
RFP_4094,SKU_284,partially matching,0.5801097979912391,0.7692307692307693,0.6516480445861816,0.0
RFP_4095,SKU_116,partially matching,0.5652905574211707,0.7692307692307693,0.6022505760192871,0.0
RFP_4096,SKU_299,matching,0.8070951726701525,0.8888888888888888,0.5421690940856934,1.0
RFP_4097,SKU_202,partially matching,0.5989731934937564,0.8181818181818182,0.632940948009491,0.0
RFP_4098,SKU_257,matching,0.7281033635139464,0.7,0.5936778783798218,1.0
RFP_4099,SKU_154,partially matching,0.5577846169471741,0.7,0.6926153898239136,0.0
RFP_4100,SKU_277,partially matching,0.6753972470760345,0.6,0.5846574902534485,1.0
RFP_4101,SKU_131,partially matching,0.6434213876724243,0.9,0.644737958908081,0.0
RFP_4102,SKU_239,partially matching,0.5512476216663014,0.7272727272727273,0.6253708600997925,0.0
RFP_4103,SKU_105,matching,0.7264847298463186,0.6666666666666666,0.6438379883766174,1.0
RFP_4104,SKU_101,matching,0.7627623319625854,0.7,0.7092077732086182,1.0
RFP_4105,SKU_193,partially matching,0.5218492031097411,0.7,0.5728306770324707,0.0
RFP_4106,SKU_232,partially matching,0.6973496074026282,0.6363636363636364,0.5972259640693665,1.0
RFP_4107,SKU_278,partially matching,0.659355354309082,0.5,0.6978511810302734,1.0
RFP_4108,SKU_257,matching,0.8031857385085179,0.8461538461538461,0.6003627181053162,1.0
RFP_4109,SKU_188,matching,0.7863485290453984,0.8461538461538461,0.5442386865615845,1.0
RFP_4110,SKU_255,partially matching,0.5438773762096059,0.7272727272727273,0.6008033752441406,0.0
RFP_4111,SKU_130,matching,0.7843472778797149,0.8,0.6144909262657166,1.0
RFP_4112,SKU_277,matching,0.7468787303337685,0.7692307692307693,0.5408778190612793,1.0
RFP_4113,SKU_176,partially matching,0.6092326714442327,0.8461538461538461,0.6205191612243652,0.0
RFP_4114,SKU_222,partially matching,0.6307958523432414,0.8333333333333334,0.713763952255249,0.0
RFP_4115,SKU_274,matching,0.7229050587524066,0.7272727272727273,0.5308956503868103,1.0
RFP_4116,SKU_240,partially matching,0.516886514883775,0.6153846153846154,0.6973140239715576,0.0
RFP_4117,SKU_296,partially matching,0.6007889335805721,0.36363636363636365,0.7299025058746338,1.0
RFP_4118,SKU_236,partially matching,0.510589615594257,0.7272727272727273,0.4898441731929779,0.0
RFP_4119,SKU_276,matching,0.7341235188337472,0.6923076923076923,0.6265655755996704,1.0
RFP_4120,SKU_146,partially matching,0.5833036661148071,0.8,0.6110122203826904,0.0
RFP_4121,SKU_206,partially matching,0.4414980750817519,0.5384615384615384,0.5742243528366089,0.0
RFP_4122,SKU_158,matching,0.7215201047750619,0.6923076923076923,0.5845541954040527,1.0
RFP_4123,SKU_275,matching,0.7239428054202686,0.7272727272727273,0.5343548059463501,1.0
RFP_4124,SKU_276,partially matching,0.5952352941036224,0.8,0.6507843136787415,0.0
RFP_4125,SKU_259,partially matching,0.5360830198634754,0.7272727272727273,0.574822187423706,0.0
RFP_4126,SKU_204,matching,0.8134509888562289,0.8181818181818182,0.6812002658843994,1.0
RFP_4127,SKU_234,partially matching,0.6989813407262166,0.6666666666666666,0.5521600246429443,1.0
RFP_4128,SKU_280,partially matching,0.6131759372624485,0.8181818181818182,0.6802834272384644,0.0
RFP_4129,SKU_192,matching,0.8059926251570384,0.8333333333333334,0.631086528301239,1.0
RFP_4130,SKU_274,partially matching,0.5206305861473083,0.7,0.5687686204910278,0.0
RFP_4131,SKU_191,partially matching,0.6185420274734497,0.4,0.728473424911499,1.0
RFP_4132,SKU_290,matching,0.7242529451847075,0.7,0.5808431506156921,1.0
RFP_4133,SKU_291,matching,0.8537763996557757,0.9090909090909091,0.6641031503677368,1.0
RFP_4134,SKU_217,partially matching,0.5605673689108628,0.46153846153846156,0.43266046047210693,1.0
RFP_4135,SKU_225,partially matching,0.5958862960338592,0.75,0.7362876534461975,0.0
RFP_4136,SKU_176,matching,0.7496975064277649,0.7,0.6656583547592163,1.0
RFP_4137,SKU_228,partially matching,0.6439776163834792,0.5384615384615384,0.5824894905090332,1.0
RFP_4138,SKU_236,partially matching,0.5871642318638889,0.8181818181818182,0.5935777425765991,0.0
RFP_4139,SKU_289,partially matching,0.6032159129778545,0.8333333333333334,0.6218308210372925,0.0
RFP_4140,SKU_276,partially matching,0.684102968374888,0.5833333333333334,0.6414543390274048,1.0
RFP_4141,SKU_206,matching,0.7231144726276397,0.7,0.5770482420921326,1.0
RFP_4142,SKU_160,partially matching,0.6333973792466251,0.8181818181818182,0.7476882338523865,0.0
RFP_4143,SKU_132,partially matching,0.6511712138469403,0.6153846153846154,0.4782630205154419,1.0
RFP_4144,SKU_123,matching,0.7946204185485839,0.9,0.4820680618286133,1.0
RFP_4145,SKU_130,partially matching,0.6657553591511467,0.5454545454545454,0.6434269547462463,1.0
RFP_4146,SKU_274,partially matching,0.7083208203315734,0.7,0.5277360677719116,1.0
RFP_4147,SKU_211,matching,0.8038733839988708,0.8,0.6795779466629028,1.0
RFP_4148,SKU_230,partially matching,0.7188576156442816,0.6363636363636364,0.6689193248748779,1.0
RFP_4149,SKU_188,partially matching,0.6514921052889391,0.9090909090909091,0.656488835811615,0.0
RFP_4150,SKU_155,partially matching,0.5648222457278859,0.7272727272727273,0.6706196069717407,0.0
RFP_4151,SKU_274,partially matching,0.6756440097635443,0.6363636363636364,0.5248739719390869,1.0
RFP_4152,SKU_173,matching,0.780358898639679,0.75,0.6845296621322632,1.0
RFP_4153,SKU_107,partially matching,0.5915968959981746,0.36363636363636365,0.6992623805999756,1.0
RFP_4154,SKU_300,partially matching,0.6404957056045533,0.9,0.6349856853485107,0.0
RFP_4155,SKU_299,partially matching,0.548193371295929,0.4,0.4939779043197632,1.0
RFP_4156,SKU_138,matching,0.8339370767275494,0.8333333333333334,0.7242347002029419,1.0
RFP_4157,SKU_191,partially matching,0.6544512887795766,0.9166666666666666,0.6537265181541443,0.0
RFP_4158,SKU_206,matching,0.774381324377927,0.8181818181818182,0.5509680509567261,1.0
RFP_4159,SKU_285,matching,0.8043782472610475,0.8,0.6812608242034912,1.0
RFP_4160,SKU_172,partially matching,0.6930185039838155,0.6666666666666666,0.5322839021682739,1.0
RFP_4161,SKU_137,partially matching,0.6041201840747487,0.7272727272727273,0.8016127347946167,0.0
RFP_4162,SKU_115,matching,0.8050537168979646,0.8,0.6835123896598816,1.0
RFP_4163,SKU_252,partially matching,0.6716356093233282,0.6363636363636364,0.5115126371383667,1.0
RFP_4164,SKU_138,matching,0.8342817856715277,0.8461538461538461,0.7040162086486816,1.0
RFP_4165,SKU_298,partially matching,0.5597188602794301,0.7272727272727273,0.6536083221435547,0.0
RFP_4166,SKU_188,partially matching,0.5851920929822055,0.8181818181818182,0.5870039463043213,0.0
RFP_4167,SKU_273,partially matching,0.688427132826585,0.6153846153846154,0.6024494171142578,1.0
RFP_4168,SKU_107,partially matching,0.4639692544937134,0.5,0.7132308483123779,0.0
RFP_4169,SKU_240,partially matching,0.6968715846538545,0.6,0.6562386155128479,1.0
RFP_4170,SKU_250,partially matching,0.7193722633215096,0.6923076923076923,0.5773947238922119,1.0
RFP_4171,SKU_218,partially matching,0.6739529137427991,0.6153846153846154,0.5542020201683044,1.0
RFP_4172,SKU_257,partially matching,0.5920580116185276,0.8181818181818182,0.609890341758728,0.0
RFP_4173,SKU_147,partially matching,0.7140480776627858,0.6666666666666666,0.602382481098175,1.0
RFP_4174,SKU_119,partially matching,0.5687806752595035,0.8181818181818182,0.5322992205619812,0.0
RFP_4175,SKU_231,partially matching,0.7049705147743226,0.6,0.6832350492477417,1.0
RFP_4176,SKU_233,matching,0.7352817495663961,0.6666666666666666,0.6731613874435425,1.0
RFP_4177,SKU_298,partially matching,0.6503006501631303,0.9090909090909091,0.6525173187255859,0.0
RFP_4178,SKU_125,matching,0.7628538977016102,0.7272727272727273,0.6640584468841553,1.0
RFP_4179,SKU_144,matching,0.747466899951299,0.6666666666666666,0.713778555393219,1.0
RFP_4180,SKU_234,partially matching,0.5966909388701122,0.8333333333333334,0.6000809073448181,0.0
RFP_4181,SKU_228,matching,0.8428171797232193,0.9090909090909091,0.6275724172592163,1.0
RFP_4182,SKU_208,partially matching,0.6123507201671601,0.8,0.7078357338905334,0.0
RFP_4183,SKU_185,partially matching,0.6309306158469273,0.8461538461538461,0.6928456425666809,0.0
RFP_4184,SKU_281,partially matching,0.5969002929600803,0.8181818181818182,0.6260312795639038,0.0
RFP_4185,SKU_124,partially matching,0.6671116091988303,0.5454545454545454,0.6479477882385254,1.0
RFP_4186,SKU_274,matching,0.7876621319697454,0.8461538461538461,0.5486173629760742,1.0
RFP_4187,SKU_176,matching,0.7297593057155609,0.7,0.5991976857185364,1.0
RFP_4188,SKU_125,partially matching,0.6906415635889227,0.6363636363636364,0.5748658180236816,1.0
RFP_4189,SKU_188,partially matching,0.6102301283316178,0.9090909090909091,0.5189489126205444,0.0
RFP_4190,SKU_227,matching,0.8246297478675841,0.8,0.7487658262252808,1.0
RFP_4191,SKU_281,partially matching,0.6870188494523366,0.6666666666666666,0.512285053730011,1.0
RFP_4192,SKU_272,partially matching,0.6805546874349768,0.6363636363636364,0.5412428975105286,1.0
RFP_4193,SKU_137,partially matching,0.590373840698829,0.6923076923076923,0.8140666484832764,0.0
RFP_4194,SKU_236,matching,0.8190732558568319,0.9166666666666666,0.5357997417449951,1.0
RFP_4195,SKU_236,matching,0.7662195053967562,0.8181818181818182,0.5237619876861572,1.0
RFP_4196,SKU_102,matching,0.7360536893208822,0.6666666666666666,0.6757345199584961,1.0
RFP_4197,SKU_285,matching,0.7847419500350952,0.75,0.6991398334503174,1.0
RFP_4198,SKU_224,matching,0.7423973381519318,0.7,0.6413244605064392,1.0
RFP_4199,SKU_284,partially matching,0.5351314436305653,0.7272727272727273,0.5716502666473389,0.0
RFP_4200,SKU_103,partially matching,0.6693880612199956,0.6363636363636364,0.5040208101272583,1.0
RFP_4201,SKU_225,partially matching,0.6158133447170258,0.4,0.7193778157234192,1.0
RFP_4202,SKU_272,matching,0.7206284840901693,0.6666666666666666,0.6243171691894531,1.0
RFP_4203,SKU_237,partially matching,0.6718899185007269,0.6363636363636364,0.5123603343963623,1.0
RFP_4204,SKU_233,partially matching,0.7044472694396973,0.6,0.6814908981323242,1.0
RFP_4205,SKU_142,partially matching,0.6970078080892563,0.7,0.4900260269641876,1.0
RFP_4206,SKU_299,matching,0.7273961495269428,0.7272727272727273,0.5458659529685974,1.0
RFP_4207,SKU_107,partially matching,0.6419917780619402,0.46153846153846156,0.7040751576423645,1.0
RFP_4208,SKU_212,partially matching,0.616008323431015,0.8,0.72002774477005,0.0
RFP_4209,SKU_125,partially matching,0.6761161506175994,0.6,0.5870538353919983,1.0
RFP_4210,SKU_176,matching,0.7884513249764076,0.7692307692307693,0.6794531345367432,1.0
RFP_4211,SKU_254,partially matching,0.6884491443634033,0.6,0.6281638145446777,1.0
RFP_4212,SKU_131,partially matching,0.6903054336706798,0.5833333333333334,0.6621292233467102,1.0
RFP_4213,SKU_276,partially matching,0.5675902128219605,0.4,0.5586340427398682,1.0
RFP_4214,SKU_190,partially matching,0.6989357416446393,0.6153846153846154,0.6374781131744385,1.0
RFP_4215,SKU_284,partially matching,0.6016332328319549,0.5,0.5054441094398499,1.0
RFP_4216,SKU_228,partially matching,0.7180616557598114,0.7,0.5602055191993713,1.0
RFP_4217,SKU_155,partially matching,0.4266867536764879,0.46153846153846156,0.6530584096908569,0.0
RFP_4218,SKU_285,partially matching,0.6261303736613347,0.8461538461538461,0.6768448352813721,0.0
RFP_4219,SKU_130,partially matching,0.615260406515815,0.45454545454545453,0.6266255974769592,1.0
RFP_4220,SKU_288,partially matching,0.7038066883881886,0.6666666666666666,0.5682445168495178,1.0
RFP_4221,SKU_250,matching,0.7281536589969289,0.7272727272727273,0.5483909845352173,1.0
RFP_4222,SKU_285,partially matching,0.6255946002223275,0.45454545454545453,0.6610729098320007,1.0
RFP_4223,SKU_276,matching,0.7502888213504444,0.7272727272727273,0.622174859046936,1.0
RFP_4224,SKU_257,matching,0.741616095196117,0.7272727272727273,0.5932657718658447,1.0
RFP_4225,SKU_146,partially matching,0.6071740488211315,0.8333333333333334,0.6350246071815491,0.0
RFP_4226,SKU_206,partially matching,0.5893196192654697,0.8181818181818182,0.6007623672485352,0.0
RFP_4227,SKU_164,partially matching,0.5542370330203663,0.7272727272727273,0.6353355646133423,0.0
RFP_4228,SKU_220,partially matching,0.6486030183055185,0.45454545454545453,0.7377676367759705,1.0
RFP_4229,SKU_176,partially matching,0.49689373970031736,0.6,0.6563124656677246,0.0
RFP_4230,SKU_296,partially matching,0.5458983768116343,0.2727272727272727,0.6984491348266602,1.0
RFP_4231,SKU_299,matching,0.7712886300953952,0.8181818181818182,0.5406590700149536,1.0
RFP_4232,SKU_256,partially matching,0.6340664327144623,0.5,0.6135547757148743,1.0
RFP_4233,SKU_114,partially matching,0.6080960019068284,0.9090909090909091,0.5118351578712463,0.0
RFP_4234,SKU_238,matching,0.8152934074401856,0.8,0.7176446914672852,1.0
RFP_4235,SKU_188,partially matching,0.6481459001700083,0.5833333333333334,0.5215974450111389,1.0
RFP_4236,SKU_265,partially matching,0.5769129652243394,0.46153846153846156,0.4871457815170288,1.0
RFP_4237,SKU_158,matching,0.7772453239330879,0.7692307692307693,0.6420997977256775,1.0
RFP_4238,SKU_137,partially matching,0.5908948957920074,0.7,0.8029829859733582,0.0
RFP_4239,SKU_191,partially matching,0.587521759668986,0.3333333333333333,0.7361836433410645,1.0
RFP_4240,SKU_236,partially matching,0.7006250262260436,0.7,0.502083420753479,1.0
RFP_4241,SKU_151,partially matching,0.5240998347600301,0.6666666666666666,0.6358883380889893,0.0
RFP_4242,SKU_257,partially matching,0.6355730932492476,0.5384615384615384,0.554474413394928,1.0
RFP_4243,SKU_290,partially matching,0.7032302975654603,0.6,0.6774343252182007,1.0
RFP_4244,SKU_162,partially matching,0.6420811037222545,0.5833333333333334,0.5013814568519592,1.0
RFP_4245,SKU_102,matching,0.7515013992786408,0.7,0.6716713309288025,1.0
RFP_4246,SKU_123,matching,0.7423418819904328,0.8,0.47447293996810913,1.0
RFP_4247,SKU_102,partially matching,0.5025791684786479,0.5833333333333334,0.703041672706604,0.0
RFP_4248,SKU_234,partially matching,0.5672129502663246,0.7692307692307693,0.6086585521697998,0.0
RFP_4249,SKU_256,matching,0.7611163249382606,0.7692307692307693,0.5883364677429199,1.0
RFP_4250,SKU_188,matching,0.7509896090397468,0.7692307692307693,0.5545807480812073,1.0
RFP_4251,SKU_180,partially matching,0.635126606984572,0.9090909090909091,0.6019371747970581,0.0
RFP_4252,SKU_115,partially matching,0.6253906144036188,0.4444444444444444,0.6772279739379883,1.0
RFP_4253,SKU_170,partially matching,0.555354834686626,0.7272727272727273,0.6390615701675415,0.0
RFP_4254,SKU_176,partially matching,0.7061521172523499,0.6,0.6871737241744995,1.0
RFP_4255,SKU_297,partially matching,0.5902893543243408,0.8,0.6342978477478027,0.0
RFP_4256,SKU_192,partially matching,0.7036483282392676,0.6363636363636364,0.6182217001914978,1.0
RFP_4257,SKU_188,matching,0.7686797073254219,0.7692307692307693,0.6135477423667908,1.0
RFP_4258,SKU_274,matching,0.7653445243835448,0.8,0.5511484146118164,1.0
RFP_4259,SKU_225,partially matching,0.566662961244583,0.3,0.7222098708152771,1.0
RFP_4260,SKU_256,partially matching,0.5836735866286538,0.45454545454545453,0.5213361978530884,1.0
RFP_4261,SKU_184,partially matching,0.6915254173370509,0.6923076923076923,0.4845719039440155,1.0
RFP_4262,SKU_224,matching,0.739740224679311,0.6666666666666666,0.6880229711532593,1.0
RFP_4263,SKU_111,partially matching,0.6914977610111237,0.75,0.38832587003707886,1.0
RFP_4264,SKU_115,matching,0.7926564872264863,0.75,0.7255216240882874,1.0
RFP_4265,SKU_221,partially matching,0.6526641943237999,0.5454545454545454,0.5997897386550903,1.0
RFP_4266,SKU_155,partially matching,0.48907018701235455,0.5833333333333334,0.6580117344856262,0.0
RFP_4267,SKU_278,matching,0.7638469278812408,0.7,0.7128230929374695,1.0
RFP_4268,SKU_124,partially matching,0.7079178337867444,0.6153846153846154,0.6674184203147888,1.0
RFP_4269,SKU_149,partially matching,0.498081531891456,0.6923076923076923,0.5064256191253662,0.0
RFP_4270,SKU_107,matching,0.7925233781337737,0.75,0.7250779271125793,1.0
RFP_4271,SKU_192,partially matching,0.5318874498208364,0.6666666666666666,0.6618470549583435,0.0
RFP_4272,SKU_250,partially matching,0.6048229138056438,0.8333333333333334,0.6271874904632568,0.0
RFP_4273,SKU_290,matching,0.7661355435848236,0.8,0.5537851452827454,1.0
RFP_4274,SKU_218,matching,0.7394052147865295,0.75,0.5480173826217651,1.0
RFP_4275,SKU_260,partially matching,0.567952040831248,0.3333333333333333,0.670951247215271,1.0
RFP_4276,SKU_257,matching,0.7242192566394805,0.7,0.5807308554649353,1.0
RFP_4277,SKU_281,matching,0.7231937316747812,0.6923076923076923,0.5901329517364502,1.0
RFP_4278,SKU_185,partially matching,0.6040049665504031,0.7777777777777778,0.7170535922050476,0.0
RFP_4279,SKU_259,matching,0.7806919991970063,0.8,0.6023066639900208,1.0
RFP_4280,SKU_158,matching,0.7259632726510366,0.6666666666666666,0.6420997977256775,1.0
RFP_4281,SKU_225,partially matching,0.5415094429796392,0.6363636363636364,0.7444254159927368,0.0
RFP_4282,SKU_124,matching,0.7389615972836812,0.6666666666666666,0.6854275465011597,1.0
RFP_4283,SKU_220,partially matching,0.6874158241532065,0.5454545454545454,0.7156285047531128,1.0
RFP_4284,SKU_154,matching,0.7502820800651204,0.7272727272727273,0.6221523880958557,1.0
RFP_4285,SKU_158,matching,0.7623407195914875,0.7272727272727273,0.6623478531837463,1.0
RFP_4286,SKU_147,partially matching,0.523297014603248,0.6923076923076923,0.5904772281646729,0.0
RFP_4287,SKU_131,partially matching,0.6318795702674171,0.45454545454545453,0.6820228099822998,1.0
RFP_4288,SKU_101,matching,0.7237032586877996,0.6363636363636364,0.6850714683532715,1.0
RFP_4289,SKU_265,matching,0.7497712781796089,0.7692307692307693,0.5505196452140808,1.0
RFP_4290,SKU_206,matching,0.7365599989891052,0.75,0.5385333299636841,1.0
RFP_4291,SKU_288,partially matching,0.6254708290100097,0.5,0.5849027633666992,1.0
RFP_4292,SKU_210,matching,0.8011384884516399,0.8333333333333334,0.6149060726165771,1.0
RFP_4293,SKU_234,partially matching,0.5814562777678172,0.8333333333333334,0.5492987036705017,0.0
RFP_4294,SKU_123,partially matching,0.687374904522529,0.6923076923076923,0.47073686122894287,1.0
RFP_4295,SKU_121,partially matching,0.6516166090965272,0.5,0.6720553636550903,1.0
RFP_4296,SKU_291,partially matching,0.6752638321656448,0.5384615384615384,0.686776876449585,1.0
RFP_4297,SKU_157,partially matching,0.5655091404914856,0.8,0.5516971349716187,0.0
RFP_4298,SKU_201,partially matching,0.6127848207950592,0.5,0.542616069316864,1.0
RFP_4299,SKU_257,matching,0.7259265986772683,0.6923076923076923,0.5992425084114075,1.0
RFP_4300,SKU_107,matching,0.7661970973014831,0.7,0.7206569910049438,1.0
RFP_4301,SKU_154,partially matching,0.49926982323328656,0.5833333333333334,0.6920105218887329,0.0
RFP_4302,SKU_225,partially matching,0.5817196439612995,0.7272727272727273,0.7269442677497864,0.0
RFP_4303,SKU_225,partially matching,0.6487899440985461,0.46153846153846156,0.7267357110977173,1.0
RFP_4304,SKU_259,matching,0.7884015440940857,0.8,0.6280051469802856,1.0
RFP_4305,SKU_233,matching,0.853360116481781,0.9,0.67786705493927,1.0
RFP_4306,SKU_252,partially matching,0.6367001990477243,0.5833333333333334,0.48344510793685913,1.0
RFP_4307,SKU_291,matching,0.7326638606878426,0.6923076923076923,0.6217000484466553,1.0
RFP_4308,SKU_188,partially matching,0.5973972082138062,0.8,0.6579906940460205,0.0
RFP_4309,SKU_217,partially matching,0.6658690397556011,0.6153846153846154,0.5272557735443115,1.0
RFP_4310,SKU_291,matching,0.8149338046709698,0.8333333333333334,0.6608904600143433,1.0
RFP_4311,SKU_300,partially matching,0.6027079728516666,0.8181818181818182,0.6453902125358582,0.0
RFP_4312,SKU_299,matching,0.8241891897641695,0.9230769230769231,0.5421690940856934,1.0
RFP_4313,SKU_193,partially matching,0.7182114005088807,0.75,0.47737133502960205,1.0
RFP_4314,SKU_154,partially matching,0.6365062594413757,0.5,0.6216875314712524,1.0
RFP_4315,SKU_225,partially matching,0.5616490987630991,0.6923076923076923,0.7183175086975098,0.0
RFP_4316,SKU_105,matching,0.7528156717618306,0.6666666666666666,0.7316077947616577,1.0
RFP_4317,SKU_224,matching,0.8872260905229128,0.9230769230769231,0.7522920966148376,1.0
RFP_4318,SKU_290,partially matching,0.699414604360407,0.6363636363636364,0.6041092872619629,1.0
RFP_4319,SKU_228,partially matching,0.6828601757685344,0.5833333333333334,0.6373116970062256,1.0
RFP_4320,SKU_137,partially matching,0.548577028971452,0.6153846153846154,0.802949070930481,0.0
RFP_4321,SKU_246,partially matching,0.5665280750164619,0.7692307692307693,0.6063756346702576,0.0
RFP_4322,SKU_277,matching,0.7861009148034184,0.8181818181818182,0.5900333523750305,1.0
RFP_4323,SKU_248,partially matching,0.6081411997477214,0.8333333333333334,0.6382484436035156,0.0
RFP_4324,SKU_204,partially matching,0.5322571169246326,0.7272727272727273,0.5620691776275635,0.0
RFP_4325,SKU_269,matching,0.7353357791900634,0.7,0.6177859306335449,1.0
RFP_4326,SKU_228,partially matching,0.5916082680225372,0.8,0.6386942267417908,0.0
RFP_4327,SKU_274,matching,0.7454168677330018,0.75,0.5680562257766724,1.0
RFP_4328,SKU_270,partially matching,0.6071749051411947,0.9166666666666666,0.4961385726928711,0.0
RFP_4329,SKU_232,partially matching,0.6714004198710124,0.5833333333333334,0.5991125106811523,1.0
RFP_4330,SKU_278,partially matching,0.6294576606967233,0.45454545454545453,0.6739497780799866,1.0
RFP_4331,SKU_291,matching,0.721062143643697,0.6666666666666666,0.6257627010345459,1.0
RFP_4332,SKU_213,partially matching,0.6736999254960281,0.5384615384615384,0.6815638542175293,1.0
RFP_4333,SKU_272,matching,0.735035648712745,0.6923076923076923,0.6296060085296631,1.0
RFP_4334,SKU_250,matching,0.7272568491789011,0.6923076923076923,0.6036766767501831,1.0
RFP_4335,SKU_108,matching,0.7725652813911439,0.8,0.575217604637146,1.0
RFP_4336,SKU_189,matching,0.7902863410386172,0.8181818181818182,0.6039847731590271,1.0
RFP_4337,SKU_188,partially matching,0.6567911942799886,0.9166666666666666,0.6615262031555176,0.0
RFP_4338,SKU_272,partially matching,0.49440717046911065,0.6363636363636364,0.5874178409576416,0.0
RFP_4339,SKU_232,partially matching,0.5976813343438235,0.8181818181818182,0.6286347508430481,0.0
RFP_4340,SKU_176,matching,0.7289168292825872,0.6363636363636364,0.7024500370025635,1.0
RFP_4341,SKU_125,partially matching,0.7111003095453436,0.6363636363636364,0.643061637878418,1.0
RFP_4342,SKU_228,partially matching,0.590020231405894,0.8333333333333334,0.5778452157974243,0.0
RFP_4343,SKU_224,matching,0.7671106349338184,0.7272727272727273,0.6782475709915161,1.0
RFP_4344,SKU_212,matching,0.8093994677066803,0.8,0.6979982256889343,1.0
RFP_4345,SKU_173,partially matching,0.6577393770217896,0.5,0.6924645900726318,1.0
RFP_4346,SKU_253,partially matching,0.5454807698726654,0.7,0.651602566242218,0.0
RFP_4347,SKU_261,partially matching,0.5862421956929293,0.8181818181818182,0.5905042886734009,0.0
RFP_4348,SKU_110,partially matching,0.6819815307855606,0.8,0.273271769285202,1.0
RFP_4349,SKU_294,matching,0.7322150111198424,0.7,0.6073833703994751,1.0
RFP_4350,SKU_248,matching,0.7831179320812225,0.8,0.6103931069374084,1.0
RFP_4351,SKU_272,matching,0.8086842397848766,0.8333333333333334,0.6400585770606995,1.0
RFP_4352,SKU_225,partially matching,0.5795840303103129,0.3333333333333333,0.7097245454788208,1.0
RFP_4353,SKU_240,partially matching,0.7159352058714086,0.6363636363636364,0.6591779589653015,1.0
RFP_4354,SKU_107,partially matching,0.5349939281290228,0.6363636363636364,0.7227070331573486,0.0
RFP_4355,SKU_185,matching,0.7381659442728217,0.6363636363636364,0.7332804203033447,1.0
RFP_4356,SKU_284,matching,0.7373922060836444,0.7272727272727273,0.5791861414909363,1.0
RFP_4357,SKU_149,partially matching,0.5100510369647633,0.7272727272727273,0.4880489110946655,0.0
RFP_4358,SKU_214,matching,0.7979370325803756,0.9,0.49312344193458557,1.0
RFP_4359,SKU_273,matching,0.7751991477879612,0.8181818181818182,0.5536941289901733,1.0
RFP_4360,SKU_142,partially matching,0.6348802626132966,0.6,0.44960087537765503,1.0
RFP_4361,SKU_182,partially matching,0.5280194362004598,0.6666666666666666,0.6489536762237549,0.0
RFP_4362,SKU_183,partially matching,0.6092605558308688,0.8181818181818182,0.6672321557998657,0.0
RFP_4363,SKU_154,partially matching,0.6426892771170689,0.8461538461538461,0.7320411801338196,0.0
RFP_4364,SKU_144,partially matching,0.6478873052380301,0.5454545454545454,0.5838667750358582,1.0
RFP_4365,SKU_257,matching,0.8297631009058519,0.9090909090909091,0.5840588212013245,1.0
RFP_4366,SKU_144,partially matching,0.69093097448349,0.6,0.6364365816116333,1.0
RFP_4367,SKU_121,matching,0.7629059862006795,0.7272727272727273,0.664232075214386,1.0
RFP_4368,SKU_224,partially matching,0.6777227044105529,0.6,0.5924090147018433,1.0
RFP_4369,SKU_190,partially matching,0.6623087979280031,0.9230769230769231,0.6692344546318054,0.0
RFP_4370,SKU_272,partially matching,0.6789036099727337,0.6153846153846154,0.5707043409347534,1.0
RFP_4371,SKU_266,partially matching,0.6387049299020033,0.5384615384615384,0.5649138689041138,1.0
RFP_4372,SKU_155,partially matching,0.47291210706417375,0.5384615384615384,0.6789377927780151,0.0
RFP_4373,SKU_278,partially matching,0.5829556947404688,0.36363636363636365,0.6704583764076233,1.0
RFP_4374,SKU_183,partially matching,0.5720780074596405,0.75,0.656926691532135,0.0
RFP_4375,SKU_278,matching,0.8741892536481222,0.9166666666666666,0.7195197343826294,1.0
RFP_4376,SKU_123,partially matching,0.6856629220338968,0.6923076923076923,0.4650302529335022,1.0
RFP_4377,SKU_107,partially matching,0.6374292574145577,0.45454545454545453,0.7005217671394348,1.0
RFP_4378,SKU_160,partially matching,0.5458655010570179,0.7272727272727273,0.6074304580688477,0.0
RFP_4379,SKU_266,matching,0.8001256525516509,0.9,0.5004188418388367,1.0
RFP_4380,SKU_101,matching,0.7507457137107849,0.7,0.6691523790359497,1.0
RFP_4381,SKU_290,matching,0.7732250074545544,0.8333333333333334,0.5218611359596252,1.0
RFP_4382,SKU_251,partially matching,0.6209453311833468,0.8181818181818182,0.7061814069747925,0.0
RFP_4383,SKU_299,partially matching,0.6923734505971273,0.6666666666666666,0.5301337242126465,1.0
RFP_4384,SKU_197,partially matching,0.7041990756988525,0.6,0.6806635856628418,1.0
RFP_4385,SKU_297,partially matching,0.6294989705085754,0.9,0.5983299016952515,0.0
RFP_4386,SKU_197,partially matching,0.6580583453178406,0.5,0.6935278177261353,1.0
RFP_4387,SKU_300,partially matching,0.601906582442197,0.8181818181818182,0.6427189111709595,0.0
RFP_4388,SKU_109,matching,0.7333953315561468,0.6363636363636364,0.7173783779144287,1.0
RFP_4389,SKU_162,partially matching,0.671371232921427,0.6363636363636364,0.5106313824653625,1.0
RFP_4390,SKU_125,matching,0.7327925344308217,0.6666666666666666,0.6648640036582947,1.0
RFP_4391,SKU_162,partially matching,0.5253407369960438,0.7272727272727273,0.5390145778656006,0.0
RFP_4392,SKU_107,partially matching,0.6013402462005615,0.9,0.5044674873352051,0.0
RFP_4393,SKU_288,partially matching,0.61491539478302,0.8,0.7163846492767334,0.0
RFP_4394,SKU_291,partially matching,0.5686786537820643,0.36363636363636365,0.6228682398796082,1.0
RFP_4395,SKU_272,matching,0.8426860332489015,0.9,0.6422867774963379,1.0
RFP_4396,SKU_250,partially matching,0.6733644008636475,0.6,0.5778813362121582,1.0
RFP_4397,SKU_176,partially matching,0.5586773812770843,0.7,0.6955912709236145,0.0
RFP_4398,SKU_186,matching,0.7330050419677387,0.7272727272727273,0.5645622611045837,1.0
RFP_4399,SKU_294,matching,0.7464472006667744,0.7272727272727273,0.6093694567680359,1.0
RFP_4400,SKU_259,matching,0.7756954908370972,0.8,0.5856516361236572,1.0
RFP_4401,SKU_284,partially matching,0.619952605320857,0.5384615384615384,0.502406120300293,1.0
RFP_4402,SKU_155,matching,0.864271656366495,0.9230769230769231,0.6757773160934448,1.0
RFP_4403,SKU_272,partially matching,0.6650675992170969,0.5833333333333334,0.5780031085014343,1.0
RFP_4404,SKU_257,partially matching,0.6674971580505371,0.6,0.558323860168457,1.0
RFP_4405,SKU_216,partially matching,0.6500947594642639,0.5,0.6669825315475464,1.0
RFP_4406,SKU_123,matching,0.7572900394598643,0.8333333333333334,0.46874457597732544,1.0
RFP_4407,SKU_182,partially matching,0.5983689725399017,0.8,0.6612299084663391,0.0
RFP_4408,SKU_180,matching,0.789544066515836,0.8181818181818182,0.6015105247497559,1.0
RFP_4409,SKU_214,matching,0.7710078398386637,0.8333333333333334,0.5144705772399902,1.0
RFP_4410,SKU_208,partially matching,0.5371968110402425,0.6666666666666666,0.6795449256896973,0.0
RFP_4411,SKU_234,partially matching,0.6988297601540883,0.6666666666666666,0.5516547560691833,1.0
RFP_4412,SKU_193,matching,0.7527315965065589,0.7692307692307693,0.560387372970581,1.0
RFP_4413,SKU_272,matching,0.7714117646217347,0.75,0.6547058820724487,1.0
RFP_4414,SKU_274,matching,0.7228395104408263,0.7,0.5761317014694214,1.0
RFP_4415,SKU_230,partially matching,0.48912338018417356,0.6,0.6304112672805786,0.0
RFP_4416,SKU_159,matching,0.7807709912459055,0.8333333333333334,0.5470144152641296,1.0
RFP_4417,SKU_149,matching,0.7691980269822207,0.8181818181818182,0.5336903929710388,1.0
RFP_4418,SKU_272,matching,0.7863609552383424,0.8,0.6212031841278076,1.0
RFP_4419,SKU_183,partially matching,0.44640525579452517,0.5,0.6546841859817505,0.0
RFP_4420,SKU_231,matching,0.7555023431777954,0.7,0.6850078105926514,1.0
RFP_4421,SKU_219,partially matching,0.49623749653498334,0.5833333333333334,0.6819027662277222,0.0
RFP_4422,SKU_252,partially matching,0.6096325814723969,0.5,0.5321086049079895,1.0
RFP_4423,SKU_186,partially matching,0.7168678278272802,0.6363636363636364,0.6622866988182068,1.0
RFP_4424,SKU_257,partially matching,0.6474269270896912,0.9,0.6580897569656372,0.0
RFP_4425,SKU_107,matching,0.7838245879520069,0.7272727272727273,0.733960747718811,1.0
RFP_4426,SKU_299,partially matching,0.5209062408317219,0.7272727272727273,0.5242329239845276,0.0
RFP_4427,SKU_188,matching,0.8261204600334167,0.9,0.5870682001113892,1.0
RFP_4428,SKU_291,matching,0.7868589103221892,0.75,0.7061963677406311,1.0
RFP_4429,SKU_176,partially matching,0.5872182011604309,0.75,0.707394003868103,0.0
RFP_4430,SKU_188,partially matching,0.5598829388618469,0.8,0.5329431295394897,0.0
RFP_4431,SKU_107,matching,0.7510752936204275,0.6666666666666666,0.7258065342903137,1.0
RFP_4432,SKU_214,partially matching,0.6149700618707217,0.9230769230769231,0.5114386677742004,0.0
RFP_4433,SKU_152,partially matching,0.6850734510205008,0.5454545454545454,0.7078205943107605,1.0
RFP_4434,SKU_259,partially matching,0.4913480560887944,0.7272727272727273,0.4257056415081024,0.0
RFP_4435,SKU_281,matching,0.7571695974239936,0.7692307692307693,0.57518070936203,1.0
RFP_4436,SKU_101,matching,0.7336074968179067,0.6666666666666666,0.6675805449485779,1.0
RFP_4437,SKU_233,matching,0.8643663962682089,0.9166666666666666,0.686776876449585,1.0
RFP_4438,SKU_151,partially matching,0.5989543557167053,0.8,0.6631811857223511,0.0
RFP_4439,SKU_291,matching,0.7807384490966798,0.75,0.6857948303222656,1.0
RFP_4440,SKU_281,partially matching,0.7046399255593618,0.6666666666666666,0.5710219740867615,1.0
RFP_4441,SKU_296,partially matching,0.6201756358146668,0.4,0.7339187860488892,1.0
RFP_4442,SKU_125,partially matching,0.6442588269710541,0.5,0.6475294232368469,1.0
RFP_4443,SKU_281,partially matching,0.6171556949615478,0.5,0.5571856498718262,1.0
RFP_4444,SKU_272,partially matching,0.6694801606915213,0.5454545454545454,0.6558429598808289,1.0
RFP_4445,SKU_265,partially matching,0.6942540546258291,0.6666666666666666,0.5364024043083191,1.0
RFP_4446,SKU_176,partially matching,0.49507770538330076,0.6,0.6502590179443359,0.0
RFP_4447,SKU_117,partially matching,0.6922603398561478,0.75,0.39086779952049255,1.0
RFP_4448,SKU_176,matching,0.7435427216383126,0.6923076923076923,0.6579629182815552,1.0
RFP_4449,SKU_249,partially matching,0.6049046397209168,0.8,0.6830154657363892,0.0
RFP_4450,SKU_115,matching,0.8215711084279147,0.8181818181818182,0.708267331123352,1.0
RFP_4451,SKU_186,matching,0.7575193345546722,0.75,0.6083977818489075,1.0
RFP_4452,SKU_156,partially matching,0.49656930367151897,0.5833333333333334,0.6830087900161743,0.0
RFP_4453,SKU_107,partially matching,0.6097038431601091,0.9090909090909091,0.5171946287155151,0.0
RFP_4454,SKU_252,matching,0.7565645824779164,0.7272727272727273,0.6430940628051758,1.0
RFP_4455,SKU_274,partially matching,0.6560585916042327,0.6,0.5201953053474426,1.0
RFP_4456,SKU_288,partially matching,0.6564127186934154,0.5833333333333334,0.5491535067558289,1.0
RFP_4457,SKU_105,partially matching,0.7040701681917363,0.6363636363636364,0.619627833366394,1.0
RFP_4458,SKU_107,partially matching,0.41401578187942506,0.4,0.7133859395980835,0.0
RFP_4459,SKU_265,matching,0.758490416136655,0.8181818181818182,0.49799835681915283,1.0
RFP_4460,SKU_152,partially matching,0.6956853727499643,0.5833333333333334,0.6800623536109924,1.0
RFP_4461,SKU_280,partially matching,0.5437945317138325,0.7272727272727273,0.6005272269248962,0.0
RFP_4462,SKU_238,partially matching,0.6224657012356651,0.4444444444444444,0.6674782633781433,1.0
RFP_4463,SKU_203,matching,0.8358753724531693,0.9090909090909091,0.6044330596923828,1.0
RFP_4464,SKU_217,partially matching,0.5861796945333482,0.5,0.4539323151111603,1.0
RFP_4465,SKU_125,matching,0.7439235329627991,0.7,0.6464117765426636,1.0
RFP_4466,SKU_105,partially matching,0.7079856032674963,0.6363636363636364,0.632679283618927,1.0
RFP_4467,SKU_299,partially matching,0.6333900491396587,0.5833333333333334,0.47241127490997314,1.0
RFP_4468,SKU_272,matching,0.7354759871959686,0.7,0.6182532906532288,1.0
RFP_4469,SKU_290,matching,0.8401553471883139,0.9166666666666666,0.6060733795166016,1.0
RFP_4470,SKU_261,partially matching,0.6383129133627965,0.8461538461538461,0.7174533009529114,0.0
RFP_4471,SKU_206,matching,0.7893181264400482,0.8,0.6310604214668274,1.0
RFP_4472,SKU_185,partially matching,0.6127136588096619,0.8,0.7090455293655396,0.0
RFP_4473,SKU_208,partially matching,0.5006512641906739,0.6,0.6688375473022461,0.0
RFP_4474,SKU_259,partially matching,0.6100028303536502,0.8181818181818182,0.669706404209137,0.0
RFP_4475,SKU_250,partially matching,0.5492509603500366,0.75,0.5808365345001221,0.0
RFP_4476,SKU_299,partially matching,0.705577939748764,0.7,0.5185931324958801,1.0
RFP_4477,SKU_299,matching,0.7611942974003878,0.8181818181818182,0.5070112943649292,1.0
RFP_4478,SKU_257,partially matching,0.5463927924633025,0.7,0.654642641544342,0.0
RFP_4479,SKU_238,partially matching,0.6802546121857382,0.5454545454545454,0.6917577981948853,1.0
RFP_4480,SKU_136,matching,0.8184274627612187,0.8461538461538461,0.6511684656143188,1.0
RFP_4481,SKU_107,partially matching,0.6096323907375336,0.4,0.6987746357917786,1.0
RFP_4482,SKU_105,partially matching,0.6839631716410319,0.5833333333333334,0.6409883499145508,1.0
RFP_4483,SKU_156,matching,0.7319306877943186,0.6923076923076923,0.6192561388015747,1.0
RFP_4484,SKU_176,partially matching,0.5700503945350647,0.7,0.7335013151168823,0.0
RFP_4485,SKU_171,partially matching,0.5941435128450394,0.5,0.4804783761501312,1.0
RFP_4486,SKU_257,partially matching,0.6626047019775096,0.6153846153846154,0.5163746476173401,1.0
RFP_4487,SKU_272,partially matching,0.648595725165473,0.5555555555555556,0.5693931579589844,1.0
RFP_4488,SKU_162,partially matching,0.672678183967417,0.6363636363636364,0.5149878859519958,1.0
RFP_4489,SKU_269,matching,0.7387261509895324,0.75,0.5457538366317749,1.0
RFP_4490,SKU_151,partially matching,0.5495209634304046,0.7,0.6650698781013489,0.0
RFP_4491,SKU_238,matching,0.7395908231084998,0.6363636363636364,0.7380300164222717,1.0
RFP_4492,SKU_300,partially matching,0.6366205930709838,0.9,0.6220686435699463,0.0
RFP_4493,SKU_160,partially matching,0.5591213305791218,0.6666666666666666,0.7526266574859619,0.0
RFP_4494,SKU_257,partially matching,0.7075260361035665,0.6666666666666666,0.5806423425674438,1.0
RFP_4495,SKU_299,partially matching,0.5844923347234725,0.5,0.4483077824115753,1.0
RFP_4496,SKU_249,partially matching,0.4926998555660248,0.6,0.6423328518867493,0.0
RFP_4497,SKU_143,partially matching,0.6891817649205525,0.6666666666666666,0.5194947719573975,1.0
RFP_4498,SKU_206,matching,0.7495578458675971,0.7692307692307693,0.5498082041740417,1.0
RFP_4499,SKU_252,partially matching,0.6613342702388764,0.9,0.7044475674629211,0.0
RFP_4500,SKU_272,partially matching,0.6945134217088873,0.6363636363636364,0.587772011756897,1.0
RFP_4501,SKU_249,partially matching,0.5649000227451324,0.75,0.6330000758171082,0.0
RFP_4502,SKU_272,matching,0.7455706954002379,0.7,0.6519023180007935,1.0
RFP_4503,SKU_206,matching,0.7475623538860907,0.7692307692307693,0.5431565642356873,1.0
RFP_4504,SKU_291,matching,0.7509366241785196,0.6923076923076923,0.6826092600822449,1.0
RFP_4505,SKU_280,matching,0.7992926088246433,0.8181818181818182,0.6340056657791138,1.0
RFP_4506,SKU_250,matching,0.7702640262517062,0.8181818181818182,0.5372437238693237,1.0
RFP_4507,SKU_239,partially matching,0.4565098562023856,0.5454545454545454,0.6126086115837097,0.0
RFP_4508,SKU_236,partially matching,0.644910820776766,0.6363636363636364,0.42243000864982605,1.0
RFP_4509,SKU_228,partially matching,0.6443858485955458,0.5384615384615384,0.5838502645492554,1.0
RFP_4510,SKU_183,partially matching,0.6014192535327031,0.8461538461538461,0.5944744348526001,0.0
RFP_4511,SKU_105,partially matching,0.6958125233650208,0.6,0.6527084112167358,1.0
RFP_4512,SKU_259,partially matching,0.6025795936584473,0.8,0.6752653121948242,0.0
RFP_4513,SKU_137,partially matching,0.5079709508202293,0.5454545454545454,0.7841455936431885,0.0
RFP_4514,SKU_272,partially matching,0.681920627447275,0.9230769230769231,0.7346072196960449,0.0
RFP_4515,SKU_293,matching,0.752169418334961,0.75,0.5905647277832031,1.0
RFP_4516,SKU_159,partially matching,0.6826854526996613,0.6,0.6089515089988708,1.0
RFP_4517,SKU_115,matching,0.7706118475307118,0.7272727272727273,0.6899182796478271,1.0
RFP_4518,SKU_167,partially matching,0.6346993426481884,0.5833333333333334,0.476775586605072,1.0
RFP_4519,SKU_102,matching,0.8158313512802124,0.8,0.719437837600708,1.0
RFP_4520,SKU_260,partially matching,0.6038326680660249,0.4,0.6794422268867493,1.0
RFP_4521,SKU_299,partially matching,0.576686604664876,0.46153846153846156,0.48639124631881714,1.0
RFP_4522,SKU_290,matching,0.755603814125061,0.8,0.5186793804168701,1.0
RFP_4523,SKU_277,partially matching,0.5923809490420602,0.45454545454545453,0.5503607392311096,1.0
RFP_4524,SKU_163,partially matching,0.6817899552675394,0.6923076923076923,0.4521203637123108,1.0
RFP_4525,SKU_259,partially matching,0.5058710058530171,0.6666666666666666,0.5751255750656128,0.0
RFP_4526,SKU_268,partially matching,0.7179240226745605,0.7,0.5597467422485352,1.0
RFP_4527,SKU_158,partially matching,0.580185722387754,0.7692307692307693,0.651901125907898,0.0
RFP_4528,SKU_268,partially matching,0.6998567601044973,0.6666666666666666,0.5550780892372131,1.0
RFP_4529,SKU_137,partially matching,0.5357560912768047,0.5833333333333334,0.8136314153671265,0.0
RFP_4530,SKU_272,partially matching,0.6038149476051331,0.8,0.6793831586837769,0.0
RFP_4531,SKU_232,partially matching,0.7178052802880606,0.6666666666666666,0.6149064898490906,1.0
RFP_4532,SKU_299,partially matching,0.5933103720347087,0.8333333333333334,0.5888123512268066,0.0
RFP_4533,SKU_162,partially matching,0.7124252796173096,0.7,0.5414175987243652,1.0
RFP_4534,SKU_132,partially matching,0.6582426602190191,0.6363636363636364,0.4668694734573364,1.0
RFP_4535,SKU_155,partially matching,0.6588226318359376,0.5,0.696075439453125,1.0
RFP_4536,SKU_211,partially matching,0.5842797756195068,0.4,0.6142659187316895,1.0
RFP_4537,SKU_299,matching,0.7592172145843505,0.8,0.530724048614502,1.0
RFP_4538,SKU_176,partially matching,0.6591846980831839,0.5454545454545454,0.6215247511863708,1.0
RFP_4539,SKU_206,matching,0.7275554548610341,0.7272727272727273,0.5463969707489014,1.0
RFP_4540,SKU_211,partially matching,0.48221701780954995,0.5833333333333334,0.6351678371429443,0.0
RFP_4541,SKU_219,matching,0.7286858450282703,0.7272727272727273,0.5501649379730225,1.0
RFP_4542,SKU_284,partially matching,0.6654747188091279,0.6,0.551582396030426,1.0
RFP_4543,SKU_274,partially matching,0.6275782801888206,0.5454545454545454,0.5161700248718262,1.0
RFP_4544,SKU_188,partially matching,0.6587023754914602,0.9166666666666666,0.6678968071937561,0.0
RFP_4545,SKU_290,partially matching,0.6913464844226838,0.6,0.637821614742279,1.0
RFP_4546,SKU_211,partially matching,0.49732895493507384,0.6,0.6577631831169128,0.0
RFP_4547,SKU_188,partially matching,0.5980777482191721,0.8333333333333334,0.6047036051750183,0.0
RFP_4548,SKU_249,partially matching,0.6423076629638671,0.5,0.6410255432128906,1.0
RFP_4549,SKU_204,partially matching,0.6073329058560458,0.8181818181818182,0.6608066558837891,0.0
RFP_4550,SKU_185,partially matching,0.6720098235390404,0.5454545454545454,0.6642751693725586,1.0
RFP_4551,SKU_259,matching,0.7805188099543254,0.8333333333333334,0.5461738109588623,1.0
RFP_4552,SKU_167,matching,0.7479265359315006,0.8181818181818182,0.46278542280197144,1.0
RFP_4553,SKU_210,partially matching,0.5876192688941956,0.8,0.6253975629806519,0.0
RFP_4554,SKU_264,matching,0.7651644329229992,0.8333333333333334,0.49499255418777466,1.0
RFP_4555,SKU_173,matching,0.8030636787414551,0.8,0.6768789291381836,1.0
RFP_4556,SKU_132,matching,0.7625039591239049,0.8461538461538461,0.4647567868232727,1.0
RFP_4557,SKU_274,matching,0.7212349544871937,0.7272727272727273,0.5253286361694336,1.0
RFP_4558,SKU_252,partially matching,0.7149481733640035,0.6666666666666666,0.6053828001022339,1.0
RFP_4559,SKU_160,partially matching,0.5309251805146535,0.6666666666666666,0.6586394906044006,0.0
RFP_4560,SKU_176,matching,0.7898254385361305,0.7692307692307693,0.6840335130691528,1.0
RFP_4561,SKU_115,matching,0.7375680824120838,0.6666666666666666,0.6807824969291687,1.0
RFP_4562,SKU_188,partially matching,0.6947907745838164,0.7,0.4826359152793884,1.0
RFP_4563,SKU_299,matching,0.7264522801746021,0.7272727272727273,0.5427197217941284,1.0
RFP_4564,SKU_157,partially matching,0.6977320392926534,0.6666666666666666,0.5479956865310669,1.0
RFP_4565,SKU_259,matching,0.8037293328688695,0.8461538461538461,0.602174699306488,1.0
RFP_4566,SKU_211,matching,0.8262335850642277,0.8461538461538461,0.6771888732910156,1.0
RFP_4567,SKU_125,matching,0.74410440325737,0.7,0.6470146775245667,1.0
RFP_4568,SKU_284,matching,0.7859922495755283,0.8181818181818182,0.5896711349487305,1.0
RFP_4569,SKU_220,matching,0.7569178422292073,0.6666666666666666,0.7452816963195801,1.0
RFP_4570,SKU_102,matching,0.7689601898193359,0.75,0.6465339660644531,1.0
RFP_4571,SKU_240,partially matching,0.5015020966529846,0.6,0.6716736555099487,0.0
RFP_4572,SKU_257,partially matching,0.5343734291883615,0.6923076923076923,0.6273986101150513,0.0
RFP_4573,SKU_193,matching,0.7341392874717712,0.75,0.5304642915725708,1.0
RFP_4574,SKU_250,partially matching,0.6865198691685994,0.6666666666666666,0.5106217861175537,1.0
RFP_4575,SKU_185,matching,0.8314056972662609,0.8333333333333334,0.7157967686653137,1.0
RFP_4576,SKU_156,partially matching,0.6899295091629027,0.6,0.6330983638763428,1.0
RFP_4577,SKU_152,partially matching,0.6281989000060342,0.45454545454545453,0.669753909111023,1.0
RFP_4578,SKU_298,partially matching,0.5521826446056366,0.7,0.6739421486854553,0.0
RFP_4579,SKU_252,matching,0.7256294678558002,0.7272727272727273,0.5399770140647888,1.0
RFP_4580,SKU_299,matching,0.7795830859587742,0.8461538461538461,0.5216872096061707,1.0
RFP_4581,SKU_114,partially matching,0.6559399132545178,0.6153846153846154,0.49415868520736694,1.0
RFP_4582,SKU_211,matching,0.7873021235832802,0.7692307692307693,0.6756224632263184,1.0
RFP_4583,SKU_102,partially matching,0.520360513528188,0.6666666666666666,0.6234239339828491,0.0
RFP_4584,SKU_115,matching,0.8009803186763416,0.7272727272727273,0.7911465167999268,1.0
RFP_4585,SKU_158,partially matching,0.6810621261596679,0.6,0.6035404205322266,1.0
RFP_4586,SKU_132,partially matching,0.6678945561250051,0.6666666666666666,0.4485374093055725,1.0
RFP_4587,SKU_244,matching,0.7482360959053038,0.7,0.6607869863510132,1.0
RFP_4588,SKU_210,partially matching,0.646170983864711,0.5384615384615384,0.5898007154464722,1.0
RFP_4589,SKU_252,matching,0.7618161797523499,0.75,0.6227205991744995,1.0
RFP_4590,SKU_158,matching,0.8113492290178934,0.8333333333333334,0.6489418745040894,1.0
RFP_4591,SKU_166,partially matching,0.5770364880561829,0.8,0.5901216268539429,0.0
RFP_4592,SKU_228,partially matching,0.6120161137797615,0.45454545454545453,0.615811288356781,1.0
RFP_4593,SKU_105,matching,0.7366872457357554,0.6923076923076923,0.6351113319396973,1.0
RFP_4594,SKU_286,matching,0.7995310842990875,0.8,0.6651036143302917,1.0
RFP_4595,SKU_225,partially matching,0.5936616865071384,0.8181818181818182,0.6152359247207642,0.0
RFP_4596,SKU_221,partially matching,0.6923561950524648,0.6666666666666666,0.5300762057304382,1.0
RFP_4597,SKU_206,partially matching,0.688003414327448,0.6363636363636364,0.5660719871520996,1.0
RFP_4598,SKU_125,matching,0.7400435296388772,0.6923076923076923,0.6462989449501038,1.0
RFP_4599,SKU_272,partially matching,0.6095290184020996,0.8,0.698430061340332,0.0
RFP_4600,SKU_105,matching,0.7315398899408487,0.6923076923076923,0.6179534792900085,1.0
RFP_4601,SKU_162,partially matching,0.645146010319392,0.5833333333333334,0.5115978121757507,1.0
RFP_4602,SKU_137,partially matching,0.4868470948476058,0.5384615384615384,0.7253877520561218,0.0
RFP_4603,SKU_217,partially matching,0.7072952059599069,0.6923076923076923,0.5371378660202026,1.0
RFP_4604,SKU_109,matching,0.7496872555125844,0.7272727272727273,0.6201696395874023,1.0
RFP_4605,SKU_112,matching,0.765082597732544,0.8,0.5502753257751465,1.0
RFP_4606,SKU_141,partially matching,0.5820064425468445,0.4,0.6066881418228149,1.0
RFP_4607,SKU_299,partially matching,0.7065604329109192,0.7,0.521868109703064,1.0
RFP_4608,SKU_203,partially matching,0.6229149558327414,0.5454545454545454,0.5006256103515625,1.0
RFP_4609,SKU_201,matching,0.8016136494549839,0.8181818181818182,0.641742467880249,1.0
RFP_4610,SKU_141,partially matching,0.709048726161321,0.6666666666666666,0.5857179760932922,1.0
RFP_4611,SKU_171,partially matching,0.6938166141510009,0.7,0.4793887138366699,1.0
RFP_4612,SKU_281,partially matching,0.6641502300898234,0.5833333333333334,0.5749452114105225,1.0
RFP_4613,SKU_170,partially matching,0.5381438791751861,0.75,0.5438129305839539,0.0
RFP_4614,SKU_265,matching,0.823105876012282,0.9090909090909091,0.5618680715560913,1.0
RFP_4615,SKU_137,partially matching,0.5248096525669098,0.6,0.749365508556366,0.0
RFP_4616,SKU_236,matching,0.735682988166809,0.75,0.5356099605560303,1.0
RFP_4617,SKU_232,partially matching,0.6528477468273857,0.5454545454545454,0.6004015803337097,1.0
RFP_4618,SKU_162,partially matching,0.5464026918778053,0.7692307692307693,0.5392910242080688,0.0
RFP_4619,SKU_273,partially matching,0.5938538394191049,0.45454545454545453,0.5552703738212585,1.0
RFP_4620,SKU_152,partially matching,0.6160476354035465,0.8181818181818182,0.6898557543754578,0.0
RFP_4621,SKU_201,matching,0.7655102789402009,0.75,0.6350342631340027,1.0
RFP_4622,SKU_277,matching,0.7883308960841253,0.8461538461538461,0.5508465766906738,1.0
RFP_4623,SKU_104,partially matching,0.5149168729782104,0.7,0.5497229099273682,0.0
RFP_4624,SKU_110,matching,0.7321437461809679,0.9090909090909091,0.2586609721183777,1.0
RFP_4625,SKU_185,partially matching,0.619944171110789,0.8333333333333334,0.6775916814804077,0.0
RFP_4626,SKU_152,partially matching,0.7106072668845838,0.6153846153846154,0.6763831973075867,1.0
RFP_4627,SKU_300,partially matching,0.6016611973444621,0.8333333333333334,0.6166484355926514,0.0
RFP_4628,SKU_272,partially matching,0.6289809445540111,0.8333333333333334,0.7077142596244812,0.0
RFP_4629,SKU_219,partially matching,0.5279970104044134,0.6363636363636364,0.6993839740753174,0.0
RFP_4630,SKU_285,partially matching,0.6084335645039876,0.4166666666666667,0.6670007705688477,1.0
RFP_4631,SKU_119,matching,0.7444514155387878,0.75,0.5648380517959595,1.0
RFP_4632,SKU_276,matching,0.8336042954371525,0.8461538461538461,0.7017579078674316,1.0
RFP_4633,SKU_218,matching,0.7275320202112199,0.8,0.4251067340373993,1.0
RFP_4634,SKU_278,partially matching,0.6186056939038364,0.8181818181818182,0.6983826160430908,0.0
RFP_4635,SKU_280,partially matching,0.6592633646268111,0.5384615384615384,0.6334419846534729,1.0
RFP_4636,SKU_270,partially matching,0.6911759165617135,0.6923076923076923,0.4834069013595581,1.0
RFP_4637,SKU_206,matching,0.8200608491897583,0.9,0.5668694972991943,1.0
RFP_4638,SKU_165,partially matching,0.5153944671154022,0.7,0.5513148903846741,0.0
RFP_4639,SKU_228,partially matching,0.6083609003287096,0.46153846153846156,0.5919722318649292,1.0
RFP_4640,SKU_186,partially matching,0.5212552065199072,0.6363636363636364,0.6769112944602966,0.0
RFP_4641,SKU_214,partially matching,0.6927693446477254,0.6666666666666666,0.5314533710479736,1.0
RFP_4642,SKU_278,partially matching,0.7006125013033548,0.5833333333333334,0.6964861154556274,1.0
RFP_4643,SKU_272,matching,0.8090883771578472,0.8333333333333334,0.6414057016372681,1.0
RFP_4644,SKU_257,partially matching,0.542071941265693,0.6923076923076923,0.6530603170394897,0.0
RFP_4645,SKU_101,matching,0.8737716956572099,0.9090909090909091,0.7307541370391846,1.0
RFP_4646,SKU_210,partially matching,0.6939538245017711,0.6153846153846154,0.6208717226982117,1.0
RFP_4647,SKU_174,partially matching,0.5995666861534119,0.8,0.6652222871780396,0.0
RFP_4648,SKU_176,partially matching,0.5592051148414612,0.7,0.6973503828048706,0.0
RFP_4649,SKU_110,partially matching,0.7022711916611746,0.8461538461538461,0.263980895280838,1.0
RFP_4650,SKU_160,partially matching,0.5749090731143951,0.7,0.7496969103813171,0.0
RFP_4651,SKU_218,partially matching,0.6708770090883429,0.6363636363636364,0.5089839696884155,1.0
RFP_4652,SKU_259,partially matching,0.7112189201208261,0.6923076923076923,0.5502169132232666,1.0
RFP_4653,SKU_144,matching,0.8583466437127856,0.8888888888888888,0.7130073308944702,1.0
RFP_4654,SKU_277,partially matching,0.6853636736219579,0.6363636363636364,0.5572728514671326,1.0
RFP_4655,SKU_294,partially matching,0.6301300764083861,0.5,0.6004335880279541,1.0
RFP_4656,SKU_290,matching,0.7657807409763335,0.8,0.5526024699211121,1.0
RFP_4657,SKU_103,partially matching,0.6648117482662201,0.6,0.5493724942207336,1.0
RFP_4658,SKU_160,partially matching,0.42187713384628295,0.5,0.5729237794876099,0.0
RFP_4659,SKU_299,partially matching,0.6605976581573487,0.6,0.5353255271911621,1.0
RFP_4660,SKU_272,partially matching,0.6279934644699097,0.5,0.5933115482330322,1.0
RFP_4661,SKU_105,partially matching,0.6814704696337381,0.5833333333333334,0.6326793432235718,1.0
RFP_4662,SKU_146,partially matching,0.5415126870978962,0.7272727272727273,0.5929210782051086,0.0
RFP_4663,SKU_161,partially matching,0.6325309433720328,0.5454545454545454,0.5326789021492004,1.0
RFP_4664,SKU_243,matching,0.7264438350995381,0.6666666666666666,0.6437016725540161,1.0
RFP_4665,SKU_113,partially matching,0.6281256404790012,0.8181818181818182,0.7301157712936401,0.0
RFP_4666,SKU_185,partially matching,0.7152204508131201,0.6363636363636364,0.6567954421043396,1.0
RFP_4667,SKU_259,partially matching,0.5648645531047474,0.7272727272727273,0.6707606315612793,0.0
RFP_4668,SKU_105,partially matching,0.6956170439720153,0.6,0.6520568132400513,1.0
RFP_4669,SKU_224,partially matching,0.6501976885578848,0.5454545454545454,0.5915680527687073,1.0
RFP_4670,SKU_277,partially matching,0.5667310118675233,0.4,0.5557700395584106,1.0
RFP_4671,SKU_206,partially matching,0.6525821603261508,0.9230769230769231,0.6368123292922974,0.0
RFP_4672,SKU_190,matching,0.7943079829216004,0.8,0.6476932764053345,1.0
RFP_4673,SKU_280,partially matching,0.6479273557662963,0.5,0.6597578525543213,1.0
RFP_4674,SKU_125,matching,0.7927396953105927,0.8,0.6424656510353088,1.0
RFP_4675,SKU_225,partially matching,0.49686177752234717,0.5454545454545454,0.7471150159835815,0.0
RFP_4676,SKU_299,partially matching,0.6631297702139074,0.6363636363636364,0.4831598401069641,1.0
RFP_4677,SKU_232,partially matching,0.6071352124214173,0.5,0.5237840414047241,1.0
RFP_4678,SKU_186,partially matching,0.6181923667589824,0.8333333333333334,0.6717523336410522,0.0
RFP_4679,SKU_115,partially matching,0.6577586710453034,0.5,0.6925289034843445,1.0
RFP_4680,SKU_125,matching,0.7621668100357055,0.7,0.7072227001190186,1.0
RFP_4681,SKU_105,partially matching,0.7031268541629498,0.6153846153846154,0.6514484882354736,1.0
RFP_4682,SKU_291,partially matching,0.6864088053053076,0.6363636363636364,0.5607566237449646,1.0
RFP_4683,SKU_240,partially matching,0.6877745191256206,0.5833333333333334,0.6536928415298462,1.0
RFP_4684,SKU_185,partially matching,0.6357192597605965,0.45454545454545453,0.6948217749595642,1.0
RFP_4685,SKU_165,matching,0.7568518400192261,0.75,0.6061728000640869,1.0
RFP_4686,SKU_218,partially matching,0.6994626820087433,0.7,0.4982089400291443,1.0
RFP_4687,SKU_297,partially matching,0.5996984806927768,0.8181818181818182,0.6353585720062256,0.0
RFP_4688,SKU_259,partially matching,0.5910107782253853,0.7692307692307693,0.6879846453666687,0.0
RFP_4689,SKU_249,partially matching,0.5449941277503967,0.7,0.6499804258346558,0.0
RFP_4690,SKU_162,partially matching,0.6404782603184382,0.5833333333333334,0.49603864550590515,1.0
RFP_4691,SKU_260,partially matching,0.5721726179122925,0.75,0.6572420597076416,0.0
RFP_4692,SKU_186,matching,0.7539930522441864,0.75,0.5966435074806213,1.0
RFP_4693,SKU_236,partially matching,0.6361211776733398,0.6,0.4537372589111328,1.0
RFP_4694,SKU_159,matching,0.722491694580425,0.7272727272727273,0.5295177698135376,1.0
RFP_4695,SKU_228,matching,0.811378143231074,0.8333333333333334,0.6490382552146912,1.0
RFP_4696,SKU_141,matching,0.7413367520679126,0.7272727272727273,0.5923346281051636,1.0
RFP_4697,SKU_165,partially matching,0.5172354010435251,0.6923076923076923,0.5702718496322632,0.0
RFP_4698,SKU_285,matching,0.8179785490036011,0.8,0.7265951633453369,1.0
RFP_4699,SKU_107,partially matching,0.5478833724151958,0.2727272727272727,0.7050657868385315,1.0
RFP_4700,SKU_176,partially matching,0.5445292960513721,0.7272727272727273,0.6029764413833618,0.0
RFP_4701,SKU_152,matching,0.8035128235816955,0.8,0.6783760786056519,1.0
RFP_4702,SKU_278,matching,0.7300577694719488,0.6363636363636364,0.706253170967102,1.0
RFP_4703,SKU_211,matching,0.7967877030372619,0.8,0.6559590101242065,1.0
RFP_4704,SKU_264,matching,0.7468919098377227,0.8,0.4896396994590759,1.0
RFP_4705,SKU_131,partially matching,0.5543937146663666,0.7,0.6813123822212219,0.0
RFP_4706,SKU_284,partially matching,0.6428256076115828,0.5384615384615384,0.5786494612693787,1.0
RFP_4707,SKU_233,partially matching,0.7134457950408641,0.6153846153846154,0.6858449578285217,1.0
RFP_4708,SKU_248,matching,0.7994906008243561,0.8,0.6649686694145203,1.0
RFP_4709,SKU_140,partially matching,0.6452759742736816,0.5,0.6509199142456055,1.0
RFP_4710,SKU_257,matching,0.7882670489224521,0.8181818181818182,0.5972537994384766,1.0
RFP_4711,SKU_285,matching,0.75128333568573,0.7,0.6709444522857666,1.0
RFP_4712,SKU_219,partially matching,0.5452968597412109,0.7,0.6509895324707031,0.0
RFP_4713,SKU_117,partially matching,0.7030786395072937,0.7,0.510262131690979,1.0
RFP_4714,SKU_259,matching,0.7689191222190856,0.8,0.5630637407302856,1.0
RFP_4715,SKU_143,partially matching,0.7121414612640034,0.7272727272727273,0.49501699209213257,1.0
RFP_4716,SKU_224,matching,0.7459759136041004,0.6666666666666666,0.7088086009025574,1.0
RFP_4717,SKU_163,matching,0.7709064258978917,0.8461538461538461,0.49276500940322876,1.0
RFP_4718,SKU_114,matching,0.7429498851299285,0.8,0.47649961709976196,1.0
RFP_4719,SKU_225,partially matching,0.5640549421310426,0.3,0.7135164737701416,1.0
RFP_4720,SKU_299,matching,0.7663078752431003,0.8181818181818182,0.5240565538406372,1.0
RFP_4721,SKU_125,matching,0.871754491329193,0.9,0.739181637763977,1.0
RFP_4722,SKU_195,matching,0.7279644151528677,0.6666666666666666,0.648770272731781,1.0
RFP_4723,SKU_240,matching,0.8070245862007142,0.8,0.6900819540023804,1.0
RFP_4724,SKU_137,partially matching,0.5315156579017639,0.6,0.7717188596725464,0.0
RFP_4725,SKU_277,matching,0.7249070644378661,0.7,0.5830235481262207,1.0
RFP_4726,SKU_160,partially matching,0.5610771894454956,0.7,0.7035906314849854,0.0
RFP_4727,SKU_254,matching,0.7985876202583313,0.75,0.745292067527771,1.0
RFP_4728,SKU_248,partially matching,0.7166351372545416,0.6363636363636364,0.6615110635757446,1.0
RFP_4729,SKU_272,partially matching,0.603453701072269,0.7777777777777778,0.7152160406112671,0.0
RFP_4730,SKU_181,partially matching,0.6620702543041923,0.5454545454545454,0.6311432719230652,1.0
RFP_4731,SKU_280,partially matching,0.5988845017823307,0.8181818181818182,0.632645308971405,0.0
RFP_4732,SKU_233,matching,0.7336108942826589,0.6666666666666666,0.6675918698310852,1.0
RFP_4733,SKU_124,partially matching,0.7108385795896703,0.6363636363636364,0.6421892046928406,1.0
RFP_4734,SKU_158,matching,0.7273005425930024,0.7,0.5910018086433411,1.0
RFP_4735,SKU_111,partially matching,0.6861571859229695,0.7272727272727273,0.4084027409553528,1.0
RFP_4736,SKU_190,matching,0.7770844112743032,0.7272727272727273,0.7114934921264648,1.0
RFP_4737,SKU_164,partially matching,0.5229336613958532,0.6363636363636364,0.6825061440467834,0.0
RFP_4738,SKU_285,matching,0.793116687811338,0.7692307692307693,0.6950043439865112,1.0
RFP_4739,SKU_241,matching,0.7830452442169189,0.8,0.6101508140563965,1.0
RFP_4740,SKU_115,matching,0.7316015774553473,0.6363636363636364,0.7113991975784302,1.0
RFP_4741,SKU_252,matching,0.7286288884969858,0.6923076923076923,0.6082501411437988,1.0
RFP_4742,SKU_158,partially matching,0.6753370940685273,0.6,0.5844569802284241,1.0
RFP_4743,SKU_278,partially matching,0.6814483740112998,0.5454545454545454,0.6957370042800903,1.0
RFP_4744,SKU_107,partially matching,0.5155903816223144,0.6,0.7186346054077148,0.0
RFP_4745,SKU_259,partially matching,0.5571530571350685,0.7692307692307693,0.5751255750656128,0.0
RFP_4746,SKU_299,partially matching,0.6711789011955261,1.0,0.5705963373184204,0.0
RFP_4747,SKU_102,matching,0.7651314286085276,0.6923076923076923,0.729925274848938,1.0
RFP_4748,SKU_163,matching,0.7218350917100906,0.75,0.4894503057003021,1.0
RFP_4749,SKU_299,partially matching,0.6236785991625352,0.9090909090909091,0.5637771487236023,0.0
RFP_4750,SKU_272,partially matching,0.6272493819395701,0.8333333333333334,0.7019423842430115,0.0
RFP_4751,SKU_284,partially matching,0.6446748950264671,0.5454545454545454,0.5731587409973145,1.0
RFP_4752,SKU_254,matching,0.7312158579176122,0.6363636363636364,0.7101134657859802,1.0
RFP_4753,SKU_257,partially matching,0.5983152476224033,0.8181818181818182,0.6307477951049805,0.0
RFP_4754,SKU_250,partially matching,0.6429214219252268,0.5833333333333334,0.5041825175285339,1.0
RFP_4755,SKU_299,partially matching,0.5797683099905651,0.8333333333333334,0.5436721444129944,0.0
RFP_4756,SKU_257,partially matching,0.5308986365795135,0.7,0.6029954552650452,0.0
RFP_4757,SKU_210,partially matching,0.6520763971588828,0.5454545454545454,0.5978304147720337,1.0
RFP_4758,SKU_280,partially matching,0.5687159707913032,0.7692307692307693,0.6136686205863953,0.0
RFP_4759,SKU_159,matching,0.737961983680725,0.7,0.626539945602417,1.0
RFP_4760,SKU_189,matching,0.7321755369504293,0.6666666666666666,0.6628073453903198,1.0
RFP_4761,SKU_263,partially matching,0.5807484498390785,0.7692307692307693,0.6537768840789795,0.0
RFP_4762,SKU_277,partially matching,0.6280111134052277,0.5,0.5933703780174255,1.0
RFP_4763,SKU_193,partially matching,0.6568858027458191,0.6,0.522952675819397,1.0
RFP_4764,SKU_291,partially matching,0.6946258241480048,0.6363636363636364,0.5881466865539551,1.0
RFP_4765,SKU_101,matching,0.8223596155643462,0.8,0.741198718547821,1.0
RFP_4766,SKU_214,partially matching,0.5582449046048251,0.8181818181818182,0.4971799850463867,0.0
RFP_4767,SKU_260,partially matching,0.5400666145177988,0.6923076923076923,0.6463758945465088,0.0
RFP_4768,SKU_114,partially matching,0.65874051397497,0.6363636363636364,0.46852898597717285,1.0
RFP_4769,SKU_252,matching,0.7559867024421691,0.75,0.603289008140564,1.0
RFP_4770,SKU_276,partially matching,0.5478456822725443,0.6923076923076923,0.6723061203956604,0.0
RFP_4771,SKU_228,partially matching,0.5319509387016296,0.7,0.6065031290054321,0.0
RFP_4772,SKU_211,matching,0.8207139650980633,0.8333333333333334,0.6801576614379883,1.0
RFP_4773,SKU_165,partially matching,0.5419927954673767,0.75,0.5566426515579224,0.0
RFP_4774,SKU_188,matching,0.884429281949997,1.0,0.6147642731666565,1.0
RFP_4775,SKU_218,matching,0.72880979180336,0.75,0.5126993060112,1.0
RFP_4776,SKU_246,partially matching,0.6410830736160278,0.9,0.6369435787200928,0.0
RFP_4777,SKU_253,partially matching,0.6212182064851126,0.4166666666666667,0.7096162438392639,1.0
RFP_4778,SKU_272,matching,0.7729207098484039,0.8,0.5764023661613464,1.0
RFP_4779,SKU_286,matching,0.7375589191913605,0.7,0.6251963973045349,1.0
RFP_4780,SKU_190,partially matching,0.49412779257847717,0.6153846153846154,0.6214516162872314,0.0
RFP_4781,SKU_268,partially matching,0.5689204931259155,0.75,0.6464016437530518,0.0
RFP_4782,SKU_191,partially matching,0.5663605809211731,0.8,0.5545352697372437,0.0
RFP_4783,SKU_116,matching,0.7246991661878732,0.6923076923076923,0.5951510667800903,1.0
RFP_4784,SKU_233,partially matching,0.6159215710379861,0.45454545454545453,0.6288294792175293,1.0
RFP_4785,SKU_252,partially matching,0.6254153788089751,0.5,0.5847179293632507,1.0
RFP_4786,SKU_183,partially matching,0.5960604667663574,0.8,0.6535348892211914,0.0
RFP_4787,SKU_288,matching,0.7451143503189086,0.75,0.5670478343963623,1.0
RFP_4788,SKU_284,matching,0.7357707392085682,0.7272727272727273,0.5737812519073486,1.0
RFP_4789,SKU_257,matching,0.7264888612123637,0.6923076923076923,0.6011167168617249,1.0
RFP_4790,SKU_272,matching,0.7964774966239929,0.8,0.6549249887466431,1.0
RFP_4791,SKU_176,partially matching,0.6019254843393962,0.8333333333333334,0.6175293922424316,0.0
RFP_4792,SKU_196,partially matching,0.6973439574241638,1.0,0.6578131914138794,0.0
RFP_4793,SKU_195,partially matching,0.5900281250476838,0.8,0.633427083492279,0.0
RFP_4794,SKU_299,partially matching,0.507311576604843,0.7,0.5243719220161438,0.0
RFP_4795,SKU_257,partially matching,0.7070935030778249,0.6666666666666666,0.5792005658149719,1.0
RFP_4796,SKU_193,partially matching,0.4741123080253601,0.6,0.5803743600845337,0.0
RFP_4797,SKU_117,partially matching,0.7002703081477772,0.7272727272727273,0.4554464817047119,1.0
RFP_4798,SKU_152,matching,0.8290248884604527,0.8461538461538461,0.6864932179450989,1.0
RFP_4799,SKU_105,partially matching,0.6913782601173108,0.6153846153846154,0.6122865080833435,1.0
RFP_4800,SKU_162,partially matching,0.6511050562063854,0.5833333333333334,0.5314612984657288,1.0
RFP_4801,SKU_272,matching,0.7576108585704457,0.7272727272727273,0.6465816497802734,1.0
RFP_4802,SKU_254,matching,0.7327242070978337,0.6363636363636364,0.7151412963867188,1.0
RFP_4803,SKU_107,partially matching,0.5325886661356145,0.6363636363636364,0.7146894931793213,0.0
RFP_4804,SKU_233,partially matching,0.5473383784294128,0.7,0.6577945947647095,0.0
RFP_4805,SKU_290,partially matching,0.6319239914417267,0.5,0.6064133048057556,1.0
RFP_4806,SKU_132,partially matching,0.5691163805398074,0.8181818181818182,0.5334182381629944,0.0
RFP_4807,SKU_236,partially matching,0.6367746909459432,0.9166666666666666,0.5948045253753662,0.0
RFP_4808,SKU_299,partially matching,0.6223886092503865,0.9166666666666666,0.5468509197235107,0.0
RFP_4809,SKU_165,partially matching,0.5710815548896789,0.8,0.5702718496322632,0.0
RFP_4810,SKU_132,partially matching,0.660071640664881,0.6363636363636364,0.4729660749435425,1.0
RFP_4811,SKU_227,matching,0.7303670818155461,0.6363636363636364,0.7072842121124268,1.0
RFP_4812,SKU_155,matching,0.8652359505494436,0.9166666666666666,0.6896753907203674,1.0
RFP_4813,SKU_155,matching,0.7237350364526112,0.6666666666666666,0.6346723437309265,1.0
RFP_4814,SKU_159,matching,0.7331337392330168,0.7,0.6104457974433899,1.0
RFP_4815,SKU_274,matching,0.8157807631926104,0.9090909090909091,0.5374510288238525,1.0
RFP_4816,SKU_296,matching,0.7900394808162343,0.7272727272727273,0.7546770572662354,1.0
RFP_4817,SKU_148,partially matching,0.6158571481704711,0.5,0.5528571605682373,1.0
RFP_4818,SKU_248,matching,0.8588141246275469,0.9090909090909091,0.6808955669403076,1.0
RFP_4819,SKU_225,partially matching,0.6677363634109497,0.5,0.725787878036499,1.0
RFP_4820,SKU_227,partially matching,0.5966243198284736,0.7692307692307693,0.7066964507102966,0.0
RFP_4821,SKU_147,partially matching,0.5276472528775533,0.6666666666666666,0.6477130651473999,0.0
RFP_4822,SKU_290,matching,0.7695882201194764,0.75,0.6486274003982544,1.0
RFP_4823,SKU_257,matching,0.7396884273399007,0.7272727272727273,0.5868402123451233,1.0
RFP_4824,SKU_154,partially matching,0.5309420963128407,0.6666666666666666,0.6586958765983582,0.0
RFP_4825,SKU_252,partially matching,0.6879224836826325,0.6,0.6264082789421082,1.0
RFP_4826,SKU_147,not matching,0.3564630500294945,0.45454545454545453,0.43063440918922424,0.0
RFP_4827,SKU_146,partially matching,0.5470370184291493,0.7272727272727273,0.6113355159759521,0.0
RFP_4828,SKU_265,partially matching,0.6476793147050417,0.9230769230769231,0.6204695105552673,0.0
RFP_4829,SKU_253,matching,0.7378739972909292,0.6666666666666666,0.6818022131919861,1.0
RFP_4830,SKU_204,matching,0.7597405325282705,0.7272727272727273,0.6536805629730225,1.0
RFP_4831,SKU_259,matching,0.7295378506183625,0.75,0.5151261687278748,1.0
RFP_4832,SKU_272,matching,0.7401283410879282,0.6923076923076923,0.6465816497802734,1.0
RFP_4833,SKU_123,matching,0.7560537113593175,0.8461538461538461,0.4432559609413147,1.0
RFP_4834,SKU_170,partially matching,0.5978121473239019,0.8461538461538461,0.5824507474899292,0.0
RFP_4835,SKU_107,partially matching,0.5385186905210668,0.6363636363636364,0.7344562411308289,0.0
RFP_4836,SKU_233,matching,0.8569136364893479,0.9090909090909091,0.6745606064796448,1.0
RFP_4837,SKU_197,matching,0.7706869493831288,0.7272727272727273,0.6901686191558838,1.0
RFP_4838,SKU_137,partially matching,0.5738171537717183,0.6666666666666666,0.8016127347946167,0.0
RFP_4839,SKU_246,partially matching,0.6986710071563721,1.0,0.6622366905212402,0.0
RFP_4840,SKU_236,partially matching,0.5867634683847427,0.5,0.45587822794914246,1.0
RFP_4841,SKU_149,matching,0.7442143311867346,0.7692307692307693,0.531996488571167,1.0
RFP_4842,SKU_115,partially matching,0.7065307021141052,0.6,0.6884356737136841,1.0
RFP_4843,SKU_107,partially matching,0.6011373336498553,0.38461538461538464,0.696098804473877,1.0
RFP_4844,SKU_293,partially matching,0.6841221505945378,0.6363636363636364,0.5531344413757324,1.0
RFP_4845,SKU_195,matching,0.7455840257497934,0.6923076923076923,0.6647672653198242,1.0
RFP_4846,SKU_107,matching,0.7935431897640228,0.75,0.7284772992134094,1.0
RFP_4847,SKU_281,partially matching,0.6907026821916753,0.6363636363636364,0.5750695466995239,1.0
RFP_4848,SKU_264,partially matching,0.49430036743481953,0.6666666666666666,0.5365567803382874,0.0
RFP_4849,SKU_252,partially matching,0.7083001939150002,0.6923076923076923,0.5404878258705139,1.0
RFP_4850,SKU_259,partially matching,0.656190824508667,0.6,0.5206360816955566,1.0
RFP_4851,SKU_265,matching,0.8774901390075684,1.0,0.5916337966918945,1.0
RFP_4852,SKU_291,partially matching,0.617868713537852,0.8333333333333334,0.6706734895706177,0.0
RFP_4853,SKU_225,partially matching,0.6484220880728502,0.46153846153846156,0.725509524345398,1.0
RFP_4854,SKU_199,partially matching,0.66871524254481,0.5833333333333334,0.590161919593811,1.0
RFP_4855,SKU_230,matching,0.7875185012817383,0.75,0.7083950042724609,1.0
RFP_4856,SKU_272,partially matching,0.7097403248151144,0.6666666666666666,0.58802330493927,1.0
RFP_4857,SKU_236,partially matching,0.5829716543356578,0.8333333333333334,0.554349958896637,0.0
RFP_4858,SKU_253,partially matching,0.5454113185405731,0.7,0.6513710618019104,0.0
RFP_4859,SKU_154,matching,0.7369293868541718,0.7,0.6230979561805725,1.0
RFP_4860,SKU_241,partially matching,0.5157320221265157,0.6666666666666666,0.6079956293106079,0.0
RFP_4861,SKU_176,partially matching,0.5451317151387532,0.6666666666666666,0.7059946060180664,0.0
RFP_4862,SKU_256,partially matching,0.6854635079701741,0.6666666666666666,0.5071005821228027,1.0
RFP_4863,SKU_277,partially matching,0.5982715207796832,0.46153846153846156,0.5583409667015076,1.0
RFP_4864,SKU_249,partially matching,0.6504608311436393,0.5454545454545454,0.5924451947212219,1.0
RFP_4865,SKU_228,matching,0.7726325681576363,0.7692307692307693,0.6267239451408386,1.0
RFP_4866,SKU_137,matching,0.7358255684375763,0.7,0.6194185614585876,1.0
RFP_4867,SKU_206,matching,0.7794597116383639,0.8181818181818182,0.5678960084915161,1.0
RFP_4868,SKU_263,partially matching,0.6022763967514038,0.8,0.6742546558380127,0.0
RFP_4869,SKU_137,partially matching,0.5433397829532622,0.6,0.8111326098442078,0.0
RFP_4870,SKU_252,partially matching,0.6866059129054729,0.6153846153846154,0.5963786840438843,1.0
RFP_4871,SKU_208,partially matching,0.5526219367980957,0.7,0.6754064559936523,0.0
RFP_4872,SKU_277,matching,0.7767977443608372,0.8181818181818182,0.5590227842330933,1.0
RFP_4873,SKU_247,partially matching,0.6860277930895489,0.5833333333333334,0.6478704214096069,1.0
RFP_4874,SKU_228,partially matching,0.7187583414407877,0.6923076923076923,0.5753483176231384,1.0
RFP_4875,SKU_259,partially matching,0.678602131207784,0.6666666666666666,0.48422932624816895,1.0
RFP_4876,SKU_210,partially matching,0.6870815222079938,0.6153846153846154,0.5979640483856201,1.0
RFP_4877,SKU_176,matching,0.8374302963415783,0.8333333333333334,0.7358787655830383,1.0
RFP_4878,SKU_219,partially matching,0.5763944378265968,0.7692307692307693,0.6392635107040405,0.0
RFP_4879,SKU_131,partially matching,0.6728424476252661,0.5555555555555556,0.6502155661582947,1.0
RFP_4880,SKU_105,matching,0.733879554271698,0.7,0.6129318475723267,1.0
RFP_4881,SKU_261,partially matching,0.5307809320779947,0.6923076923076923,0.6154236197471619,0.0
RFP_4882,SKU_293,matching,0.7712441325187682,0.8,0.570813775062561,1.0
RFP_4883,SKU_276,matching,0.8106446472081272,0.8181818181818182,0.6718457937240601,1.0
RFP_4884,SKU_199,matching,0.8373788177967072,0.9,0.6245960593223572,1.0
RFP_4885,SKU_131,partially matching,0.5984089732170105,0.8,0.6613632440567017,0.0
RFP_4886,SKU_156,matching,0.8090663472811381,0.8333333333333334,0.6413322687149048,1.0
RFP_4887,SKU_138,partially matching,0.6438971936702729,0.5,0.6463239789009094,1.0
RFP_4888,SKU_252,partially matching,0.6648008982340494,0.5833333333333334,0.5771141052246094,1.0
RFP_4889,SKU_206,matching,0.7670047044754029,0.8,0.5566823482513428,1.0
RFP_4890,SKU_115,matching,0.8323801961812107,0.8181818181818182,0.7442976236343384,1.0
RFP_4891,SKU_130,matching,0.7269276340802511,0.6666666666666666,0.6453143358230591,1.0
RFP_4892,SKU_185,partially matching,0.6874050595543602,0.5454545454545454,0.715592622756958,1.0
RFP_4893,SKU_291,partially matching,0.642932729287581,0.9090909090909091,0.6279575824737549,0.0
RFP_4894,SKU_176,matching,0.7680200110782276,0.7272727272727273,0.6812788248062134,1.0
RFP_4895,SKU_299,partially matching,0.6488169491291047,0.6,0.4960564970970154,1.0
RFP_4896,SKU_211,partially matching,0.5399915484281687,0.6923076923076923,0.6461256742477417,0.0
RFP_4897,SKU_160,partially matching,0.5860277723182331,0.7272727272727273,0.7413046956062317,0.0
RFP_4898,SKU_274,partially matching,0.676110571080988,0.6363636363636364,0.5264291763305664,1.0
RFP_4899,SKU_256,partially matching,0.5701977849006653,0.4,0.5673259496688843,1.0
RFP_4900,SKU_141,partially matching,0.6430659335393172,0.5384615384615384,0.5794505476951599,1.0
RFP_4901,SKU_185,partially matching,0.5872187077999115,0.8,0.6240623593330383,0.0
RFP_4902,SKU_291,matching,0.8580382466316223,0.9,0.6934608221054077,1.0
RFP_4903,SKU_225,partially matching,0.5807501296202342,0.3333333333333333,0.7136115431785583,1.0
RFP_4904,SKU_143,matching,0.7490244448184966,0.8,0.496748149394989,1.0
RFP_4905,SKU_125,matching,0.7330206294854482,0.6666666666666666,0.6656243205070496,1.0
RFP_4906,SKU_176,partially matching,0.7021976654346174,0.6153846153846154,0.6483511924743652,1.0
RFP_4907,SKU_268,matching,0.7362853657115589,0.7272727272727273,0.5754966735839844,1.0
RFP_4908,SKU_228,partially matching,0.6490846081213517,0.9090909090909091,0.6484638452529907,0.0
RFP_4909,SKU_294,matching,0.7843683063983917,0.8,0.6145610213279724,1.0
RFP_4910,SKU_123,partially matching,0.6894566386938095,0.7,0.46485546231269836,1.0
RFP_4911,SKU_226,partially matching,0.6096462708253128,0.5384615384615384,0.4680516719818115,1.0
RFP_4912,SKU_273,partially matching,0.566319715976715,0.75,0.6377323865890503,0.0
RFP_4913,SKU_115,matching,0.7329985970800572,0.6363636363636364,0.7160559296607971,1.0
RFP_4914,SKU_176,matching,0.8073889017105103,0.8,0.6912963390350342,1.0
RFP_4915,SKU_225,partially matching,0.7111988763014476,0.5833333333333334,0.7317740321159363,1.0
RFP_4916,SKU_208,partially matching,0.5038634955883026,0.6,0.679544985294342,0.0
RFP_4917,SKU_119,partially matching,0.6151352186997732,0.9166666666666666,0.5226729512214661,0.0
RFP_4918,SKU_173,partially matching,0.534275205930074,0.6666666666666666,0.6698062419891357,0.0
RFP_4919,SKU_248,matching,0.7795122921466828,0.8,0.5983743071556091,1.0
RFP_4920,SKU_135,matching,0.7883300476604038,0.7777777777777778,0.6648038625717163,1.0
RFP_4921,SKU_220,matching,0.8245010375976562,0.8,0.7483367919921875,1.0
RFP_4922,SKU_113,partially matching,0.547306580435146,0.7272727272727273,0.6122340559959412,0.0
RFP_4923,SKU_173,partially matching,0.7162454883257547,0.5833333333333334,0.7485960721969604,1.0
RFP_4924,SKU_130,partially matching,0.6552148856899955,0.5454545454545454,0.6082920432090759,1.0
RFP_4925,SKU_259,matching,0.8374010086059571,0.9,0.6246700286865234,1.0
RFP_4926,SKU_206,partially matching,0.6957120498021443,0.6666666666666666,0.5412623882293701,1.0
RFP_4927,SKU_123,partially matching,0.6318857008760626,0.6363636363636364,0.37901294231414795,1.0
RFP_4928,SKU_236,partially matching,0.7161114811897278,0.75,0.4703716039657593,1.0
RFP_4929,SKU_226,partially matching,0.54581881073805,0.7692307692307693,0.537344753742218,0.0
RFP_4930,SKU_183,matching,0.9070493698120117,1.0,0.6901645660400391,1.0
RFP_4931,SKU_272,matching,0.7241633772850036,0.7,0.5805445909500122,1.0
RFP_4932,SKU_132,partially matching,0.6843001542183069,0.6923076923076923,0.4604876935482025,1.0
RFP_4933,SKU_102,matching,0.7265462597211201,0.6666666666666666,0.6440430879592896,1.0
RFP_4934,SKU_248,partially matching,0.6729180910370567,0.5454545454545454,0.6673027276992798,1.0
RFP_4935,SKU_125,matching,0.7730248700488698,0.7272727272727273,0.697961688041687,1.0
RFP_4936,SKU_176,matching,0.7591984510421752,0.75,0.613994836807251,1.0
RFP_4937,SKU_280,partially matching,0.5120466669400533,0.6666666666666666,0.5957111120223999,0.0
RFP_4938,SKU_183,matching,0.7996769514950839,0.8181818181818182,0.635286808013916,1.0
RFP_4939,SKU_188,matching,0.734553223848343,0.75,0.5318440794944763,1.0
RFP_4940,SKU_240,partially matching,0.7102845072746278,0.6,0.7009483575820923,1.0
RFP_4941,SKU_298,partially matching,0.49640695398504087,0.6363636363636364,0.5940837860107422,0.0
RFP_4942,SKU_248,matching,0.789830286686237,0.8461538461538461,0.5558445453643799,1.0
RFP_4943,SKU_169,partially matching,0.6950015485286714,0.75,0.40000516176223755,1.0
RFP_4944,SKU_210,partially matching,0.5820891757806141,0.4166666666666667,0.5791861414909363,1.0
RFP_4945,SKU_123,partially matching,0.7172545313835144,0.75,0.47418177127838135,1.0
RFP_4946,SKU_237,partially matching,0.5328493844379079,0.7272727272727273,0.564043402671814,0.0
RFP_4947,SKU_259,partially matching,0.46768046220143633,0.6666666666666666,0.44782376289367676,0.0
RFP_4948,SKU_259,partially matching,0.670165402155656,0.6153846153846154,0.5415769815444946,1.0
RFP_4949,SKU_107,partially matching,0.46718071699142455,0.5,0.7239357233047485,0.0
RFP_4950,SKU_210,matching,0.7613080256515079,0.7777777777777778,0.5747304558753967,1.0
RFP_4951,SKU_299,matching,0.7606355396184055,0.8181818181818182,0.5051487684249878,1.0
RFP_4952,SKU_102,matching,0.7799525380134582,0.7,0.7665084600448608,1.0
RFP_4953,SKU_144,matching,0.7490060280669819,0.7272727272727273,0.6178988814353943,1.0
RFP_4954,SKU_115,partially matching,0.707149076461792,0.6,0.6904969215393066,1.0
RFP_4955,SKU_237,partially matching,0.6596109096820537,0.6153846153846154,0.5063953399658203,1.0
RFP_4956,SKU_211,matching,0.7580544114112853,0.7,0.6935147047042847,1.0
RFP_4957,SKU_113,matching,0.7383024533589682,0.6666666666666666,0.6832304000854492,1.0
RFP_4958,SKU_269,partially matching,0.5625590692866932,0.7272727272727273,0.6630756855010986,0.0
RFP_4959,SKU_263,partially matching,0.6611115671121157,0.9230769230769231,0.6652436852455139,0.0
RFP_4960,SKU_290,partially matching,0.6622134963671367,0.5833333333333334,0.5684894323348999,1.0
RFP_4961,SKU_252,partially matching,0.6338328123092651,0.5,0.6127760410308838,1.0
RFP_4962,SKU_123,partially matching,0.6326321596449072,0.6363636363636364,0.38150113821029663,1.0
RFP_4963,SKU_217,partially matching,0.7167790900577198,0.7272727272727273,0.510475754737854,1.0
RFP_4964,SKU_158,matching,0.723208983739217,0.6666666666666666,0.6329188346862793,1.0
RFP_4965,SKU_276,matching,0.8586334427197775,0.9166666666666666,0.667667031288147,1.0
RFP_4966,SKU_173,partially matching,0.5657512715229621,0.7692307692307693,0.603786289691925,0.0
RFP_4967,SKU_246,partially matching,0.5915643334388733,0.8,0.6385477781295776,0.0
RFP_4968,SKU_211,partially matching,0.5397314635606912,0.6923076923076923,0.6452587246894836,0.0
RFP_4969,SKU_208,partially matching,0.5505029022693634,0.7,0.6683430075645447,0.0
RFP_4970,SKU_278,partially matching,0.6353615961291573,0.45454545454545453,0.6936295628547668,1.0
RFP_4971,SKU_176,partially matching,0.6332361996173859,0.5,0.6107873320579529,1.0
RFP_4972,SKU_118,partially matching,0.6798883194273169,0.6363636363636364,0.5390216708183289,1.0
RFP_4973,SKU_220,matching,0.8264475432309237,0.8181818181818182,0.7245221138000488,1.0
RFP_4974,SKU_115,partially matching,0.7109879438693707,0.6153846153846154,0.67765212059021,1.0
RFP_4975,SKU_183,partially matching,0.44638542532920833,0.5,0.6546180844306946,0.0
RFP_4976,SKU_228,partially matching,0.6898118669336493,0.6363636363636364,0.5721001625061035,1.0
RFP_4977,SKU_256,partially matching,0.7090343594551085,0.7,0.5301145315170288,1.0
RFP_4978,SKU_152,partially matching,0.5618998538364064,0.7272727272727273,0.6608783006668091,0.0
RFP_4979,SKU_246,partially matching,0.59023397564888,0.8,0.6341132521629333,0.0
RFP_4980,SKU_252,partially matching,0.6518930315971374,0.6,0.5063101053237915,1.0
RFP_4981,SKU_273,partially matching,0.6205375671386719,0.5,0.5684585571289062,1.0
RFP_4982,SKU_101,matching,0.7369321664174397,0.6666666666666666,0.6786627769470215,1.0
RFP_4983,SKU_291,partially matching,0.6844692329565685,0.5833333333333334,0.6426752209663391,1.0
RFP_4984,SKU_277,partially matching,0.6750576297442119,0.5833333333333334,0.6113032102584839,1.0
RFP_4985,SKU_233,partially matching,0.6004535496234894,0.4,0.6681784987449646,1.0
RFP_4986,SKU_272,matching,0.795641416311264,0.8,0.6521380543708801,1.0
RFP_4987,SKU_196,partially matching,0.6022865718061274,0.36363636363636365,0.7348946332931519,1.0
RFP_4988,SKU_172,matching,0.774714320898056,0.8,0.5823810696601868,1.0
RFP_4989,SKU_166,matching,0.7408660065044057,0.7272727272727273,0.5907654762268066,1.0
RFP_4990,SKU_192,partially matching,0.6537529667218526,0.9166666666666666,0.651398777961731,0.0
RFP_4991,SKU_293,matching,0.747260332107544,0.75,0.5742011070251465,1.0
RFP_4992,SKU_210,partially matching,0.5693132093319526,0.7692307692307693,0.6156594157218933,0.0
RFP_4993,SKU_155,partially matching,0.5710136424411427,0.7272727272727273,0.6912575960159302,0.0
RFP_4994,SKU_135,partially matching,0.47391086220741274,0.5,0.7463695406913757,0.0
RFP_4995,SKU_197,matching,0.7566221383901743,0.6923076923076923,0.7015609741210938,1.0
RFP_4996,SKU_176,matching,0.8107670187950133,0.8,0.7025567293167114,1.0
RFP_4997,SKU_153,matching,0.8029247482617696,0.9166666666666666,0.4819713830947876,1.0
RFP_4998,SKU_192,partially matching,0.6632890737973727,0.9230769230769231,0.6725020408630371,0.0
RFP_4999,SKU_163,partially matching,0.7152011623749366,0.7692307692307693,0.43528592586517334,1.0
RFP_5000,SKU_207,partially matching,0.6438343836711004,0.8461538461538461,0.7358582019805908,0.0
RFP_5001,SKU_206,matching,0.738861119747162,0.75,0.5462037324905396,1.0
RFP_5002,SKU_151,partially matching,0.6897331357002259,0.6,0.6324437856674194,1.0
RFP_5003,SKU_125,partially matching,0.4829877192323858,0.6363636363636364,0.5493530035018921,0.0
RFP_5004,SKU_135,partially matching,0.43016730745633447,0.4166666666666667,0.7394465804100037,0.0
RFP_5005,SKU_250,matching,0.7862320211800662,0.8181818181818182,0.5904703736305237,1.0
RFP_5006,SKU_253,partially matching,0.5472175896167755,0.7,0.6573919653892517,0.0
RFP_5007,SKU_124,partially matching,0.6218538860479991,0.8333333333333334,0.6839573979377747,0.0
RFP_5008,SKU_206,partially matching,0.6826335986455281,0.6666666666666666,0.4976675510406494,1.0
RFP_5009,SKU_189,matching,0.7783868551254272,0.8,0.5946228504180908,1.0
RFP_5010,SKU_130,partially matching,0.6692376971244811,0.6,0.564125657081604,1.0
RFP_5011,SKU_234,partially matching,0.6149757385253907,0.5,0.5499191284179688,1.0
RFP_5012,SKU_259,partially matching,0.5910327388690069,0.8461538461538461,0.5598527193069458,0.0
RFP_5013,SKU_299,partially matching,0.6326816399892171,0.9166666666666666,0.5811610221862793,0.0
RFP_5014,SKU_152,partially matching,0.6036985039710998,0.4,0.6789950132369995,1.0
RFP_5015,SKU_209,partially matching,0.6392857684538915,0.8461538461538461,0.7206961512565613,0.0
RFP_5016,SKU_210,partially matching,0.6907861749331157,0.5833333333333334,0.6637316942214966,1.0
RFP_5017,SKU_228,partially matching,0.6417582392692567,0.5,0.639194130897522,1.0
RFP_5018,SKU_236,partially matching,0.6361355364322663,0.6,0.45378512144088745,1.0
RFP_5019,SKU_185,partially matching,0.6641457617282868,0.9,0.7138192057609558,0.0
RFP_5020,SKU_132,partially matching,0.5064081728458404,0.7,0.5213605761528015,0.0
RFP_5021,SKU_152,matching,0.8597336931662125,0.9090909090909091,0.6839607954025269,1.0
RFP_5022,SKU_107,partially matching,0.5911850094795227,0.75,0.7206166982650757,0.0
RFP_5023,SKU_137,partially matching,0.4612827322699807,0.45454545454545453,0.7800333499908447,0.0
RFP_5024,SKU_299,partially matching,0.5687694278630344,0.8181818181818182,0.5322617292404175,0.0
RFP_5025,SKU_123,partially matching,0.6890454826446679,0.6923076923076923,0.47630545496940613,1.0
RFP_5026,SKU_268,matching,0.736164594780315,0.7272727272727273,0.5750941038131714,1.0
RFP_5027,SKU_198,matching,0.8112950841585795,0.8333333333333334,0.6487613916397095,1.0
RFP_5028,SKU_248,partially matching,0.7189704114740545,0.6363636363636364,0.6692953109741211,1.0
RFP_5029,SKU_236,partially matching,0.6434648871421813,0.6,0.478216290473938,1.0
RFP_5030,SKU_182,partially matching,0.5428691653104929,0.6923076923076923,0.6557177305221558,0.0
RFP_5031,SKU_225,matching,0.7661139754148629,0.6923076923076923,0.7332004308700562,1.0
RFP_5032,SKU_284,partially matching,0.7042689377611333,0.6363636363636364,0.6202903985977173,1.0
RFP_5033,SKU_135,matching,0.7569535672664642,0.75,0.6065118908882141,1.0
RFP_5034,SKU_233,matching,0.8267696777979534,0.8333333333333334,0.7003433704376221,1.0
RFP_5035,SKU_210,partially matching,0.6143864750862122,0.5,0.5479549169540405,1.0
RFP_5036,SKU_190,partially matching,0.6713438769181569,0.9166666666666666,0.7100351452827454,0.0
RFP_5037,SKU_202,partially matching,0.5553751615377572,0.6923076923076923,0.6974043846130371,0.0
RFP_5038,SKU_157,partially matching,0.5956552467562936,0.45454545454545453,0.561275064945221,1.0
RFP_5039,SKU_183,partially matching,0.651434862613678,0.9,0.6714495420455933,0.0
RFP_5040,SKU_162,matching,0.728892171382904,0.75,0.5129739046096802,1.0
RFP_5041,SKU_115,matching,0.8383044997851055,0.8333333333333334,0.7387927770614624,1.0
RFP_5042,SKU_219,partially matching,0.5595109354365956,0.7272727272727273,0.6529152393341064,0.0
RFP_5043,SKU_254,partially matching,0.5496717035770415,0.7,0.6655723452568054,0.0
RFP_5044,SKU_282,partially matching,0.6803328514099121,0.6,0.601109504699707,1.0
RFP_5045,SKU_299,partially matching,0.6337093277411028,0.9090909090909091,0.5972129106521606,0.0
RFP_5046,SKU_252,matching,0.7809002280235291,0.8,0.6030007600784302,1.0
RFP_5047,SKU_210,partially matching,0.6793107330799102,0.6,0.5977024435997009,1.0
RFP_5048,SKU_160,matching,0.800757525364558,0.8333333333333334,0.6136361956596375,1.0
RFP_5049,SKU_257,partially matching,0.5949085739525882,0.8181818181818182,0.6193922162055969,0.0
RFP_5050,SKU_149,partially matching,0.5750046266959263,0.8461538461538461,0.506425678730011,0.0
RFP_5051,SKU_125,matching,0.7257147578092722,0.6923076923076923,0.5985363721847534,1.0
RFP_5052,SKU_298,partially matching,0.5199180384476979,0.6666666666666666,0.6219490170478821,0.0
RFP_5053,SKU_202,matching,0.8240831402215092,0.8181818181818182,0.7166407704353333,1.0
RFP_5054,SKU_252,matching,0.7325578819621692,0.7272727272727273,0.5630717277526855,1.0
RFP_5055,SKU_183,matching,0.8510519862174988,0.9,0.6701732873916626,1.0
RFP_5056,SKU_193,partially matching,0.5187588512897491,0.7,0.5625295042991638,0.0
RFP_5057,SKU_277,partially matching,0.611352403805806,0.46153846153846156,0.6019439101219177,1.0
RFP_5058,SKU_266,matching,0.8273841119729555,0.9230769230769231,0.5528188347816467,1.0
RFP_5059,SKU_162,partially matching,0.6504144370555878,0.6,0.5013814568519592,1.0
RFP_5060,SKU_252,partially matching,0.5666300903667103,0.7272727272727273,0.6766457557678223,0.0
RFP_5061,SKU_141,matching,0.7369024753570557,0.7,0.6230082511901855,1.0
RFP_5062,SKU_210,matching,0.7994133082303134,0.8181818181818182,0.6344079971313477,1.0
RFP_5063,SKU_277,partially matching,0.638511310173915,0.5384615384615384,0.5642684698104858,1.0
RFP_5064,SKU_210,matching,0.7455848168243062,0.7272727272727273,0.6064948439598083,1.0
RFP_5065,SKU_107,partially matching,0.46399337649345396,0.5,0.7133112549781799,0.0
RFP_5066,SKU_210,matching,0.7461672674525868,0.7272727272727273,0.6084363460540771,1.0
RFP_5067,SKU_300,partially matching,0.576884263753891,0.8,0.58961421251297,0.0
RFP_5068,SKU_147,partially matching,0.556903064250946,0.7,0.6896768808364868,0.0
RFP_5069,SKU_253,partially matching,0.5535409688949584,0.7,0.6784698963165283,0.0
RFP_5070,SKU_107,partially matching,0.5381133014505559,0.6363636363636364,0.733104944229126,0.0
RFP_5071,SKU_162,partially matching,0.4783074254339391,0.6363636363636364,0.5337520241737366,0.0
RFP_5072,SKU_109,matching,0.8222555724057286,0.8181818181818182,0.7105488777160645,1.0
RFP_5073,SKU_257,partially matching,0.6268443205139853,0.5454545454545454,0.5137234926223755,1.0
RFP_5074,SKU_263,partially matching,0.5831551730632782,0.75,0.693850576877594,0.0
RFP_5075,SKU_130,matching,0.7341804345448812,0.6666666666666666,0.6694903373718262,1.0
RFP_5076,SKU_222,matching,0.7698837995529175,0.75,0.6496126651763916,1.0
RFP_5077,SKU_266,matching,0.730235117673874,0.75,0.5174503922462463,1.0
RFP_5078,SKU_107,matching,0.7567963918050129,0.6666666666666666,0.7448768615722656,1.0
RFP_5079,SKU_252,matching,0.7304158747196197,0.7,0.6013862490653992,1.0
RFP_5080,SKU_176,matching,0.7328553338845571,0.6666666666666666,0.6650733351707458,1.0
RFP_5081,SKU_232,partially matching,0.6996729189699347,0.6363636363636364,0.6049703359603882,1.0
RFP_5082,SKU_228,partially matching,0.6829956769943237,0.6,0.6099855899810791,1.0
RFP_5083,SKU_211,partially matching,0.589232939023238,0.38461538461538464,0.6564174890518188,1.0
RFP_5084,SKU_276,matching,0.781040221452713,0.8,0.6034674048423767,1.0
RFP_5085,SKU_113,partially matching,0.4221013327439626,0.4166666666666667,0.7125599980354309,0.0
RFP_5086,SKU_296,matching,0.791422892700542,0.7272727272727273,0.7592884302139282,1.0
RFP_5087,SKU_136,matching,0.7440425395965575,0.75,0.5634751319885254,1.0
RFP_5088,SKU_152,partially matching,0.4909173304384405,0.6363636363636364,0.5757850408554077,0.0
RFP_5089,SKU_274,partially matching,0.6639058236892408,0.6153846153846154,0.5207117199897766,1.0
RFP_5090,SKU_176,partially matching,0.46986573717810887,0.5454545454545454,0.6571282148361206,0.0
RFP_5091,SKU_160,partially matching,0.5459299445152284,0.4,0.48643314838409424,1.0
RFP_5092,SKU_108,partially matching,0.6448379375717856,0.5454545454545454,0.5737022161483765,1.0
RFP_5093,SKU_125,matching,0.7964653184780708,0.7692307692307693,0.7061664462089539,1.0
RFP_5094,SKU_188,matching,0.8199458003044129,0.9,0.5664860010147095,1.0
RFP_5095,SKU_124,matching,0.8091375768184661,0.8,0.697125256061554,1.0
RFP_5096,SKU_299,matching,0.760719394683838,0.8,0.535731315612793,1.0
RFP_5097,SKU_130,partially matching,0.5600222717631946,0.7272727272727273,0.6546196937561035,0.0
RFP_5098,SKU_224,partially matching,0.5843252062797546,0.75,0.6977506875991821,0.0
RFP_5099,SKU_205,partially matching,0.6790466964244843,0.6,0.5968223214149475,1.0
RFP_5100,SKU_201,partially matching,0.7100375771522522,0.7,0.5334585905075073,1.0
RFP_5101,SKU_107,partially matching,0.629077037897977,0.8181818181818182,0.7332870960235596,0.0
RFP_5102,SKU_284,partially matching,0.6293045856735924,0.5454545454545454,0.5219243764877319,1.0
RFP_5103,SKU_162,matching,0.7574801793465247,0.7692307692307693,0.5762159824371338,1.0
RFP_5104,SKU_272,partially matching,0.7133004387219746,0.6666666666666666,0.5998903512954712,1.0
RFP_5105,SKU_150,partially matching,0.6345373570919037,0.5,0.615124523639679,1.0
RFP_5106,SKU_272,partially matching,0.6137298047542572,0.8,0.7124326825141907,0.0
RFP_5107,SKU_117,matching,0.744848084449768,0.8,0.48282694816589355,1.0
RFP_5108,SKU_160,partially matching,0.6066827562722293,0.8181818181818182,0.6586394906044006,0.0
RFP_5109,SKU_101,matching,0.7884489825138679,0.7692307692307693,0.6794453263282776,1.0
RFP_5110,SKU_176,matching,0.8154753771695225,0.8181818181818182,0.6879482269287109,1.0
RFP_5111,SKU_164,partially matching,0.4972592630169608,0.5454545454545454,0.7484399676322937,0.0
RFP_5112,SKU_171,matching,0.760770348707835,0.8333333333333334,0.48034560680389404,1.0
RFP_5113,SKU_123,partially matching,0.4991963874210011,0.7272727272727273,0.4518667459487915,0.0
RFP_5114,SKU_225,partially matching,0.6679039299488068,0.5,0.7263464331626892,1.0
RFP_5115,SKU_188,partially matching,0.5602209595116703,0.8181818181818182,0.5037668347358704,0.0
RFP_5116,SKU_103,partially matching,0.6501607219378154,0.5833333333333334,0.5283135175704956,1.0
RFP_5117,SKU_176,matching,0.7586736619472503,0.7,0.6955788731575012,1.0
RFP_5118,SKU_232,partially matching,0.5419360518455505,0.7,0.6397868394851685,0.0
RFP_5119,SKU_259,partially matching,0.6542628765106201,0.9,0.6808762550354004,0.0
RFP_5120,SKU_291,matching,0.747522051226009,0.7272727272727273,0.6129522919654846,1.0
RFP_5121,SKU_230,matching,0.7776307344436646,0.75,0.6754357814788818,1.0
RFP_5122,SKU_147,partially matching,0.6334303122300369,0.5384615384615384,0.5473318099975586,1.0
RFP_5123,SKU_221,partially matching,0.679482107812708,0.6363636363636364,0.5376676321029663,1.0
RFP_5124,SKU_155,partially matching,0.6937315980593364,0.5833333333333334,0.6735497713088989,1.0
RFP_5125,SKU_166,partially matching,0.71704141497612,0.7,0.5568047165870667,1.0
RFP_5126,SKU_152,matching,0.8316766096995427,0.8461538461538461,0.6953322887420654,1.0
RFP_5127,SKU_247,partially matching,0.6478131830692291,0.5,0.6593772768974304,1.0
RFP_5128,SKU_163,partially matching,0.668589284022649,0.6666666666666666,0.450853168964386,1.0
RFP_5129,SKU_230,partially matching,0.6188125390272874,0.46153846153846156,0.6268110275268555,1.0
RFP_5130,SKU_152,matching,0.7517243981361388,0.7,0.6724146604537964,1.0
RFP_5131,SKU_233,partially matching,0.6454136967658997,0.9,0.6513789892196655,0.0
RFP_5132,SKU_280,matching,0.8648576160271961,0.9166666666666666,0.6884142756462097,1.0
RFP_5133,SKU_152,partially matching,0.5803653148087589,0.8181818181818182,0.5709146857261658,0.0
RFP_5134,SKU_188,partially matching,0.648821496963501,0.9,0.6627383232116699,0.0
RFP_5135,SKU_234,matching,0.7474454760551452,0.75,0.5748182535171509,1.0
RFP_5136,SKU_283,matching,0.7650933504104613,0.7,0.7169778347015381,1.0
RFP_5137,SKU_185,partially matching,0.6751557333902879,0.9090909090909091,0.7353675961494446,0.0
RFP_5138,SKU_198,partially matching,0.6782673041025797,0.5833333333333334,0.622002124786377,1.0
RFP_5139,SKU_296,partially matching,0.5852763930956523,0.3333333333333333,0.7286990880966187,1.0
RFP_5140,SKU_152,partially matching,0.575545339859449,0.7692307692307693,0.6364331841468811,0.0
RFP_5141,SKU_102,partially matching,0.7063386201858521,0.6,0.6877954006195068,1.0
RFP_5142,SKU_300,partially matching,0.6148297905921936,0.9,0.549432635307312,0.0
RFP_5143,SKU_152,matching,0.7653401981700549,0.7272727272727273,0.6723461151123047,1.0
RFP_5144,SKU_284,partially matching,0.5315443396568298,0.75,0.5218144655227661,0.0
RFP_5145,SKU_131,partially matching,0.5834949367576175,0.7777777777777778,0.6486868262290955,0.0
RFP_5146,SKU_233,partially matching,0.6389962077140807,0.5,0.629987359046936,1.0
RFP_5147,SKU_105,partially matching,0.5147043069203694,0.6666666666666666,0.6045699119567871,0.0
RFP_5148,SKU_173,matching,0.7683006059039723,0.7272727272727273,0.6822141408920288,1.0
RFP_5149,SKU_282,partially matching,0.6753814061482747,0.9166666666666666,0.7234935760498047,0.0
RFP_5150,SKU_272,matching,0.7627746403217315,0.75,0.6259154677391052,1.0
RFP_5151,SKU_259,matching,0.7638108919064204,0.8333333333333334,0.4904807507991791,1.0
RFP_5152,SKU_258,matching,0.7393652747977864,0.7272727272727273,0.5857630372047424,1.0
RFP_5153,SKU_219,partially matching,0.5804331951671177,0.7777777777777778,0.6384810209274292,0.0
RFP_5154,SKU_248,matching,0.8292062438451326,0.9230769230769231,0.5588926076889038,1.0
RFP_5155,SKU_254,partially matching,0.6245605555447665,0.8181818181818182,0.7182321548461914,0.0
RFP_5156,SKU_238,partially matching,0.6754510760307313,0.5,0.751503586769104,1.0
RFP_5157,SKU_158,matching,0.7838037362465491,0.7692307692307693,0.6639611721038818,1.0
RFP_5158,SKU_259,partially matching,0.5940907432482793,0.8461538461538461,0.570046067237854,0.0
RFP_5159,SKU_162,partially matching,0.49755386908849075,0.6666666666666666,0.5474017858505249,0.0
RFP_5160,SKU_186,matching,0.7260848124821981,0.6666666666666666,0.6425049304962158,1.0
RFP_5161,SKU_259,matching,0.8228030681610108,0.9,0.5760102272033691,1.0
RFP_5162,SKU_250,partially matching,0.7011552361341622,0.6923076923076923,0.5166712999343872,1.0
RFP_5163,SKU_227,partially matching,0.6099651634693146,0.4,0.6998838782310486,1.0
RFP_5164,SKU_107,partially matching,0.6585023939609527,0.5,0.6950079798698425,1.0
RFP_5165,SKU_272,partially matching,0.6604694404385307,0.5454545454545454,0.6258072257041931,1.0
RFP_5166,SKU_106,partially matching,0.6903787998052744,0.6923076923076923,0.48074984550476074,1.0
RFP_5167,SKU_252,partially matching,0.6466496088288047,0.5454545454545454,0.5797411203384399,1.0
RFP_5168,SKU_274,matching,0.7736761179837315,0.8181818181818182,0.5486173629760742,1.0
RFP_5169,SKU_280,partially matching,0.6398475766181946,0.9,0.6328252553939819,0.0
RFP_5170,SKU_260,partially matching,0.6587403595447541,0.5,0.6958011984825134,1.0
RFP_5171,SKU_239,partially matching,0.4877188503742218,0.6,0.625729501247406,0.0
RFP_5172,SKU_230,matching,0.8569870173931122,0.9,0.6899567246437073,1.0
RFP_5173,SKU_277,matching,0.7405349612236023,0.75,0.5517832040786743,1.0
RFP_5174,SKU_211,partially matching,0.5199334139173681,0.6363636363636364,0.6725053191184998,0.0
RFP_5175,SKU_266,matching,0.7704103423998907,0.8461538461538461,0.4911113977432251,1.0
RFP_5176,SKU_163,partially matching,0.7063203345645557,0.7272727272727273,0.47561323642730713,1.0
RFP_5177,SKU_185,matching,0.7753130197525024,0.75,0.6677100658416748,1.0
RFP_5178,SKU_257,partially matching,0.7122241139411927,0.7,0.5407470464706421,1.0
RFP_5179,SKU_176,partially matching,0.6030814519295326,0.7692307692307693,0.7282202243804932,0.0
RFP_5180,SKU_130,partially matching,0.6108629248358987,0.45454545454545453,0.6119673252105713,1.0
RFP_5181,SKU_155,partially matching,0.5657843898643147,0.7272727272727273,0.6738267540931702,0.0
RFP_5182,SKU_146,partially matching,0.5505651246417652,0.7272727272727273,0.6230958700180054,0.0
RFP_5183,SKU_268,partially matching,0.6205267768639784,0.5384615384615384,0.5043200254440308,1.0
RFP_5184,SKU_232,partially matching,0.71277667482694,0.6666666666666666,0.5981444716453552,1.0
RFP_5185,SKU_252,partially matching,0.7191440831531177,0.7272727272727273,0.5183590650558472,1.0
RFP_5186,SKU_282,partially matching,0.6530601241371847,0.5454545454545454,0.601109504699707,1.0
RFP_5187,SKU_183,partially matching,0.5508482694625855,0.75,0.5861608982086182,0.0
RFP_5188,SKU_247,matching,0.7544768095016479,0.7,0.6815893650054932,1.0
RFP_5189,SKU_293,partially matching,0.6436681667963664,0.5833333333333334,0.506671667098999,1.0
RFP_5190,SKU_103,matching,0.7637122479352085,0.8181818181818182,0.515404462814331,1.0
RFP_5191,SKU_206,matching,0.7832045952479045,0.8333333333333334,0.555126428604126,1.0
RFP_5192,SKU_190,partially matching,0.6109735754403202,0.8181818181818182,0.6729422211647034,0.0
RFP_5193,SKU_238,matching,0.7673157838674691,0.6923076923076923,0.7372064590454102,1.0
RFP_5194,SKU_276,partially matching,0.6740475040215712,0.5384615384615384,0.6827224493026733,1.0
RFP_5195,SKU_176,matching,0.7848022889007222,0.7272727272727273,0.7372197508811951,1.0
RFP_5196,SKU_217,partially matching,0.6962911486625671,0.7,0.48763716220855713,1.0
RFP_5197,SKU_203,matching,0.7696313917636872,0.8,0.5654379725456238,1.0
RFP_5198,SKU_231,partially matching,0.6860180616378784,0.6,0.6200602054595947,1.0
RFP_5199,SKU_205,partially matching,0.7087864597638447,0.6666666666666666,0.5848437547683716,1.0
RFP_5200,SKU_137,partially matching,0.5790122201809517,0.7692307692307693,0.6479894518852234,0.0
RFP_5201,SKU_160,partially matching,0.563262505422939,0.7272727272727273,0.6654204726219177,0.0
RFP_5202,SKU_137,partially matching,0.578688242038091,0.6666666666666666,0.8178496956825256,0.0
RFP_5203,SKU_188,matching,0.7546649158000946,0.8,0.5155497193336487,1.0
RFP_5204,SKU_252,partially matching,0.6638447801272074,0.5833333333333334,0.5739270448684692,1.0
RFP_5205,SKU_234,partially matching,0.5159308989842732,0.6666666666666666,0.6086585521697998,0.0
RFP_5206,SKU_276,partially matching,0.7049482703208922,0.6,0.6831609010696411,1.0
RFP_5207,SKU_140,matching,0.7537434577941895,0.7,0.6791448593139648,1.0
RFP_5208,SKU_252,partially matching,0.690407141049703,0.6666666666666666,0.5235793590545654,1.0
RFP_5209,SKU_155,partially matching,0.5000711599985759,0.5833333333333334,0.6946816444396973,0.0
RFP_5210,SKU_107,partially matching,0.5219720725829785,0.6153846153846154,0.7142658829689026,0.0
RFP_5211,SKU_115,matching,0.7837884811254647,0.6923076923076923,0.7921154499053955,1.0
RFP_5212,SKU_288,matching,0.7378252576697957,0.7272727272727273,0.5806296467781067,1.0
RFP_5213,SKU_265,partially matching,0.5703155875205994,0.8,0.5677186250686646,0.0
RFP_5214,SKU_286,matching,0.7724778583416572,0.7692307692307693,0.6262082457542419,1.0
RFP_5215,SKU_227,matching,0.7869128834117542,0.7272727272727273,0.7442550659179688,1.0
RFP_5216,SKU_299,matching,0.7562752783298492,0.8,0.5209175944328308,1.0
RFP_5217,SKU_172,partially matching,0.6741211791833241,0.6666666666666666,0.4692928194999695,1.0
RFP_5218,SKU_286,partially matching,0.6101995787837289,0.45454545454545453,0.6097561717033386,1.0
RFP_5219,SKU_157,matching,0.7269510746002197,0.75,0.5065035820007324,1.0
RFP_5220,SKU_147,partially matching,0.6462167602318984,0.5384615384615384,0.5899533033370972,1.0
RFP_5221,SKU_154,partially matching,0.6786855856577556,0.5833333333333334,0.6233963966369629,1.0
RFP_5222,SKU_186,matching,0.8063198188940683,0.8333333333333334,0.6321771740913391,1.0
RFP_5223,SKU_281,partially matching,0.6814853787422179,0.6,0.6049512624740601,1.0
RFP_5224,SKU_259,matching,0.7660098185906044,0.7692307692307693,0.6046481132507324,1.0
RFP_5225,SKU_274,partially matching,0.6694544727152044,0.6363636363636364,0.5042421817779541,1.0
RFP_5226,SKU_277,partially matching,0.5736490190029144,0.4,0.5788300633430481,1.0
RFP_5227,SKU_257,matching,0.7557121386894814,0.7692307692307693,0.5703225135803223,1.0
RFP_5228,SKU_162,partially matching,0.4519378781318665,0.6,0.5064595937728882,0.0
RFP_5229,SKU_291,matching,0.7578465461730957,0.75,0.6094884872436523,1.0
RFP_5230,SKU_188,partially matching,0.625372584660848,0.9166666666666666,0.5567975044250488,0.0
RFP_5231,SKU_224,partially matching,0.7002731794660741,0.6363636363636364,0.6069712042808533,1.0
RFP_5232,SKU_280,partially matching,0.5799631118774414,0.75,0.6832103729248047,0.0
RFP_5233,SKU_277,partially matching,0.6964293440183004,0.6666666666666666,0.5436533689498901,1.0
RFP_5234,SKU_284,partially matching,0.6521461784839631,0.6,0.5071539282798767,1.0
RFP_5235,SKU_155,partially matching,0.39383407235145573,0.4,0.6461135745048523,0.0
RFP_5236,SKU_250,partially matching,0.6321770353750749,0.9090909090909091,0.5921052694320679,0.0
RFP_5237,SKU_188,partially matching,0.5613865223797885,0.8181818181818182,0.5076520442962646,0.0
RFP_5238,SKU_162,partially matching,0.5389678051838508,0.7692307692307693,0.514508068561554,0.0
RFP_5239,SKU_277,partially matching,0.6376555245656234,0.5384615384615384,0.5614158511161804,1.0
RFP_5240,SKU_248,partially matching,0.695306126276652,0.5833333333333334,0.6787981986999512,1.0
RFP_5241,SKU_280,partially matching,0.5509484281906715,0.7692307692307693,0.5544434785842896,0.0
RFP_5242,SKU_105,partially matching,0.6839631895224254,0.5833333333333334,0.6409884095191956,1.0
RFP_5243,SKU_163,matching,0.7474284944209186,0.8181818181818182,0.46112528443336487,1.0
RFP_5244,SKU_186,partially matching,0.7004437868411724,0.6153846153846154,0.6425049304962158,1.0
RFP_5245,SKU_157,partially matching,0.6903525312741597,0.6666666666666666,0.5233973264694214,1.0
RFP_5246,SKU_293,partially matching,0.7152639774175791,0.6923076923076923,0.5637004375457764,1.0
RFP_5247,SKU_208,partially matching,0.6263224450024691,0.8181818181818182,0.7241051197052002,0.0
RFP_5248,SKU_123,partially matching,0.6281679554419084,0.9090909090909091,0.5787416696548462,0.0
RFP_5249,SKU_193,partially matching,0.6982904759737161,0.6923076923076923,0.5071220993995667,1.0
RFP_5250,SKU_224,partially matching,0.503096633607691,0.6363636363636364,0.6163827180862427,0.0
RFP_5251,SKU_107,partially matching,0.5181793212890625,0.6,0.727264404296875,0.0
RFP_5252,SKU_107,partially matching,0.5079898456732432,0.5833333333333334,0.7210772633552551,0.0
RFP_5253,SKU_284,partially matching,0.5683415313561757,0.4166666666666667,0.5333606600761414,1.0
RFP_5254,SKU_234,matching,0.7440470814704896,0.75,0.5634902715682983,1.0
RFP_5255,SKU_190,partially matching,0.6417323827743531,0.5,0.6391079425811768,1.0
RFP_5256,SKU_161,matching,0.724640050301185,0.6923076923076923,0.5949540138244629,1.0
RFP_5257,SKU_300,partially matching,0.5461272488940846,0.7272727272727273,0.6083029508590698,0.0
RFP_5258,SKU_176,partially matching,0.426060950756073,0.5,0.5868698358535767,0.0
RFP_5259,SKU_259,partially matching,0.6937142868836721,0.6666666666666666,0.5346031785011292,1.0
RFP_5260,SKU_268,partially matching,0.7192447423934936,0.7,0.5641491413116455,1.0
RFP_5261,SKU_256,partially matching,0.6616757810115814,0.6,0.5389192700386047,1.0
RFP_5262,SKU_290,matching,0.7797025492558112,0.7692307692307693,0.6502905488014221,1.0
RFP_5263,SKU_154,partially matching,0.6513412892818451,0.9,0.6711376309394836,0.0
RFP_5264,SKU_119,partially matching,0.7168484389781951,0.7,0.5561614632606506,1.0
RFP_5265,SKU_103,partially matching,0.6700594538992102,0.6363636363636364,0.5062587857246399,1.0
RFP_5266,SKU_115,partially matching,0.5437910584303048,0.6923076923076923,0.6587907075881958,0.0
RFP_5267,SKU_291,partially matching,0.6855337262153625,0.6,0.6184457540512085,1.0
RFP_5268,SKU_228,matching,0.742285567522049,0.75,0.5576185584068298,1.0
RFP_5269,SKU_265,partially matching,0.6451132138570149,0.9166666666666666,0.6225996017456055,0.0
RFP_5270,SKU_125,matching,0.7290650328000385,0.6666666666666666,0.6524389982223511,1.0
RFP_5271,SKU_219,partially matching,0.6448055221484258,0.8461538461538461,0.7390953302383423,0.0
RFP_5272,SKU_184,partially matching,0.5804689369418404,0.45454545454545453,0.5106540322303772,1.0
RFP_5273,SKU_176,partially matching,0.618466067314148,0.8,0.7282202243804932,0.0
RFP_5274,SKU_212,partially matching,0.6053162693977356,0.4,0.6843875646591187,1.0
RFP_5275,SKU_206,partially matching,0.5964839068326083,0.8181818181818182,0.6246433258056641,0.0
RFP_5276,SKU_115,matching,0.8475134982512547,0.8461538461538461,0.7481219172477722,1.0
RFP_5277,SKU_269,partially matching,0.656801277399063,0.6,0.5226709246635437,1.0
RFP_5278,SKU_299,matching,0.7713886241118113,0.8333333333333334,0.5157398581504822,1.0
RFP_5279,SKU_225,partially matching,0.5293941208949455,0.23076923076923078,0.7133650183677673,1.0
RFP_5280,SKU_280,partially matching,0.5986204293641177,0.8181818181818182,0.6317650675773621,0.0
RFP_5281,SKU_252,partially matching,0.616523583910682,0.45454545454545453,0.6308361887931824,1.0
RFP_5282,SKU_254,matching,0.7394371325319464,0.6363636363636364,0.7375177145004272,1.0
RFP_5283,SKU_192,partially matching,0.5610046019920936,0.7692307692307693,0.5879640579223633,0.0
RFP_5284,SKU_293,matching,0.827937549352646,0.9,0.5931251645088196,1.0
RFP_5285,SKU_173,partially matching,0.5882288542660801,0.8181818181818182,0.5971264839172363,0.0
RFP_5286,SKU_231,matching,0.7498935302098593,0.6666666666666666,0.7218673229217529,1.0
RFP_5287,SKU_225,partially matching,0.5679010959771964,0.3076923076923077,0.7135164737701416,1.0
RFP_5288,SKU_131,partially matching,0.6230523131110451,0.45454545454545453,0.6525986194610596,1.0
RFP_5289,SKU_217,partially matching,0.6251402537027995,0.5833333333333334,0.4449119567871094,1.0
RFP_5290,SKU_164,partially matching,0.4362658045508645,0.45454545454545453,0.696643590927124,0.0
RFP_5291,SKU_296,partially matching,0.5590072035789491,0.3,0.6966906785964966,1.0
RFP_5292,SKU_157,partially matching,0.7094184160232544,0.7,0.5313947200775146,1.0
RFP_5293,SKU_101,partially matching,0.5478237867355347,0.7,0.6594126224517822,0.0
RFP_5294,SKU_300,matching,0.7428678284991872,0.7272727272727273,0.5974382162094116,1.0
RFP_5295,SKU_274,partially matching,0.5159999755712655,0.6923076923076923,0.5661537647247314,0.0
RFP_5296,SKU_293,partially matching,0.7097342280241159,0.6923076923076923,0.5452679395675659,1.0
RFP_5297,SKU_157,partially matching,0.6930041988690694,0.6666666666666666,0.5322362184524536,1.0
RFP_5298,SKU_249,matching,0.7384126305580139,0.7,0.6280421018600464,1.0
RFP_5299,SKU_109,matching,0.7898963212966919,0.8,0.6329877376556396,1.0
RFP_5300,SKU_206,matching,0.7707755426565805,0.8333333333333334,0.5136962532997131,1.0
RFP_5301,SKU_298,partially matching,0.5715597867965698,0.75,0.6551992893218994,0.0
RFP_5302,SKU_220,partially matching,0.474412588431285,0.5384615384615384,0.6839393973350525,0.0
RFP_5303,SKU_105,partially matching,0.6939525365829469,0.6,0.6465084552764893,1.0
RFP_5304,SKU_214,partially matching,0.6042100667953492,0.5,0.5140335559844971,1.0
RFP_5305,SKU_219,partially matching,0.6721200942993164,0.9,0.7404003143310547,0.0
RFP_5306,SKU_135,partially matching,0.4302176256974538,0.4166666666666667,0.7396143078804016,0.0
RFP_5307,SKU_137,partially matching,0.4059471791440791,0.36363636363636365,0.7470966577529907,0.0
RFP_5308,SKU_111,matching,0.8200699627399444,1.0,0.4002332091331482,1.0
RFP_5309,SKU_199,partially matching,0.6992857152765448,0.6363636363636364,0.6036796569824219,1.0
RFP_5310,SKU_111,partially matching,0.6747232258319855,0.75,0.3324107527732849,1.0
RFP_5311,SKU_291,partially matching,0.6402008056640625,0.5,0.634002685546875,1.0
RFP_5312,SKU_236,partially matching,0.6413499474525453,0.6,0.4711664915084839,1.0
RFP_5313,SKU_291,partially matching,0.7066727519035338,0.6,0.6889091730117798,1.0
RFP_5314,SKU_228,matching,0.7973806335375859,0.8461538461538461,0.5810123682022095,1.0
RFP_5315,SKU_224,partially matching,0.5598619878292084,0.7,0.6995399594306946,0.0
RFP_5316,SKU_270,matching,0.7760744419964878,0.8181818181818182,0.5566117763519287,1.0
RFP_5317,SKU_259,partially matching,0.5252652188142141,0.6666666666666666,0.6397729516029358,0.0
RFP_5318,SKU_208,partially matching,0.4955301443735759,0.5833333333333334,0.6795449256896973,0.0
RFP_5319,SKU_209,partially matching,0.6811760588125748,0.9090909090909091,0.7554353475570679,0.0
RFP_5320,SKU_107,partially matching,0.5312063271349127,0.6363636363636364,0.7100816965103149,0.0
RFP_5321,SKU_224,matching,0.7333872516949971,0.6666666666666666,0.6668463945388794,1.0
RFP_5322,SKU_152,partially matching,0.6362146217089433,0.46153846153846156,0.6848179697990417,1.0
RFP_5323,SKU_266,partially matching,0.5574526607990264,0.4,0.5248422026634216,1.0
RFP_5324,SKU_210,matching,0.8994719862937928,1.0,0.6649066209793091,1.0
RFP_5325,SKU_232,partially matching,0.5476936053146015,0.7272727272727273,0.6135241389274597,0.0
RFP_5326,SKU_210,partially matching,0.6790907422701518,0.5833333333333334,0.6247469186782837,1.0
RFP_5327,SKU_176,matching,0.7495530020106922,0.7272727272727273,0.6197221279144287,1.0
RFP_5328,SKU_188,partially matching,0.6765816742723638,0.6363636363636364,0.5279995203018188,1.0
RFP_5329,SKU_277,partially matching,0.6279419346289201,0.9090909090909091,0.5779882669448853,0.0
RFP_5330,SKU_233,matching,0.8568547487258911,0.9,0.6895158290863037,1.0
RFP_5331,SKU_259,partially matching,0.653052997047251,0.6363636363636364,0.44957059621810913,1.0
RFP_5332,SKU_210,partially matching,0.6542355995911818,0.5384615384615384,0.616682767868042,1.0
RFP_5333,SKU_249,partially matching,0.6611399032852867,0.5454545454545454,0.6280421018600464,1.0
RFP_5334,SKU_141,partially matching,0.6056102136770884,0.8333333333333334,0.6298118233680725,0.0
RFP_5335,SKU_293,partially matching,0.6828471367175764,0.6153846153846154,0.5838494300842285,1.0
RFP_5336,SKU_156,partially matching,0.60627657358463,0.46153846153846156,0.5850244760513306,1.0
RFP_5337,SKU_107,partially matching,0.46497989296913145,0.5,0.7165996432304382,0.0
RFP_5338,SKU_248,matching,0.7724953055381776,0.75,0.6583176851272583,1.0
RFP_5339,SKU_155,matching,0.7521864441724924,0.6923076923076923,0.6867753267288208,1.0
RFP_5340,SKU_257,partially matching,0.536873430555517,0.36363636363636365,0.5168508291244507,1.0
RFP_5341,SKU_291,matching,0.8070484949992254,0.8461538461538461,0.6132385730743408,1.0
RFP_5342,SKU_259,partially matching,0.6939193149407705,0.6666666666666666,0.5352866053581238,1.0
RFP_5343,SKU_299,partially matching,0.7119287033875783,0.6666666666666666,0.5953179001808167,1.0
RFP_5344,SKU_284,partially matching,0.6749595642089843,0.6,0.5831985473632812,1.0
RFP_5345,SKU_159,partially matching,0.7136342128117878,0.6666666666666666,0.6010029315948486,1.0
RFP_5346,SKU_259,partially matching,0.616616819302241,0.8333333333333334,0.6665005087852478,0.0
RFP_5347,SKU_206,partially matching,0.7138924300670624,0.7,0.5463081002235413,1.0
RFP_5348,SKU_299,matching,0.7654895332726566,0.8181818181818182,0.5213287472724915,1.0
RFP_5349,SKU_206,partially matching,0.7143813252449036,0.7,0.5479377508163452,1.0
RFP_5350,SKU_112,matching,0.7647493687543003,0.8181818181818182,0.5188615322113037,1.0
RFP_5351,SKU_291,matching,0.8148281422528354,0.8181818181818182,0.6857907772064209,1.0
RFP_5352,SKU_107,partially matching,0.5148508787155152,0.6,0.7161695957183838,0.0
RFP_5353,SKU_176,partially matching,0.717703818733042,0.6363636363636364,0.6650733351707458,1.0
RFP_5354,SKU_172,partially matching,0.5931129097938537,0.5,0.4770430326461792,1.0
RFP_5355,SKU_249,matching,0.814917756502445,0.8461538461538461,0.6394694447517395,1.0
RFP_5356,SKU_176,partially matching,0.6744916894219137,0.5454545454545454,0.6725480556488037,1.0
RFP_5357,SKU_176,partially matching,0.7195355733235678,0.6666666666666666,0.6206741333007812,1.0
RFP_5358,SKU_160,partially matching,0.6788258095582326,0.9166666666666666,0.7349749207496643,0.0
RFP_5359,SKU_152,partially matching,0.690123956071006,0.5555555555555556,0.7078205943107605,1.0
RFP_5360,SKU_221,matching,0.7664380422005286,0.7692307692307693,0.6060755252838135,1.0
RFP_5361,SKU_284,partially matching,0.5737090607484181,0.4166666666666667,0.5512524247169495,1.0
RFP_5362,SKU_146,partially matching,0.4971928233450109,0.6363636363636364,0.5967033505439758,0.0
RFP_5363,SKU_157,partially matching,0.6243097581646659,0.5454545454545454,0.5052749514579773,1.0
RFP_5364,SKU_154,partially matching,0.44723016023635864,0.5,0.6574338674545288,0.0
RFP_5365,SKU_247,matching,0.7373155084940104,0.6923076923076923,0.6372055411338806,1.0
RFP_5366,SKU_176,partially matching,0.6645467205481096,0.9090909090909091,0.7000042200088501,0.0
RFP_5367,SKU_154,partially matching,0.7106222683733159,0.6363636363636364,0.6414681673049927,1.0
RFP_5368,SKU_283,partially matching,0.6787001710671645,0.5384615384615384,0.6982313394546509,1.0
RFP_5369,SKU_176,partially matching,0.5490193903446197,0.7,0.6633979678153992,0.0
RFP_5370,SKU_135,matching,0.774441158771515,0.75,0.6648038625717163,1.0
RFP_5371,SKU_125,matching,0.7292938763445074,0.6363636363636364,0.7037068605422974,1.0
RFP_5372,SKU_272,matching,0.7806383728981019,0.8,0.6021279096603394,1.0
RFP_5373,SKU_111,partially matching,0.7039217591285707,0.8,0.34640586376190186,1.0
RFP_5374,SKU_164,partially matching,0.3825254201889038,0.3,0.7750847339630127,0.0
RFP_5375,SKU_284,matching,0.7888745427131654,0.8,0.6295818090438843,1.0
RFP_5376,SKU_196,partially matching,0.5715506970882416,0.3,0.7385023236274719,1.0
RFP_5377,SKU_299,matching,0.8196967979272207,0.9166666666666666,0.5378782153129578,1.0
RFP_5378,SKU_211,partially matching,0.5473289549350738,0.7,0.6577631831169128,0.0
RFP_5379,SKU_241,partially matching,0.47179419994354244,0.6,0.5726473331451416,0.0
RFP_5380,SKU_272,partially matching,0.5084270238876343,0.6,0.6947567462921143,0.0
RFP_5381,SKU_196,partially matching,0.6049776499921626,0.36363636363636365,0.743864893913269,1.0
RFP_5382,SKU_233,matching,0.7563421607017518,0.7,0.6878072023391724,1.0
RFP_5383,SKU_183,matching,0.8669271012147268,0.9166666666666666,0.6953125596046448,1.0
RFP_5384,SKU_286,partially matching,0.703770870428819,0.6153846153846154,0.6535952091217041,1.0
RFP_5385,SKU_234,partially matching,0.6852511127789815,0.6666666666666666,0.5063925981521606,1.0
RFP_5386,SKU_280,matching,0.8586281895637513,0.9,0.6954272985458374,1.0
RFP_5387,SKU_241,partially matching,0.5205488590093759,0.6923076923076923,0.5813167095184326,0.0
RFP_5388,SKU_269,partially matching,0.718019938468933,0.7,0.5600664615631104,1.0
RFP_5389,SKU_147,partially matching,0.5615518083939186,0.7692307692307693,0.5897880792617798,0.0
RFP_5390,SKU_176,partially matching,0.6688320495865561,0.5454545454545454,0.6536825895309448,1.0
RFP_5391,SKU_224,matching,0.7665109645236623,0.7272727272727273,0.6762486696243286,1.0
RFP_5392,SKU_280,partially matching,0.6064602414766948,0.8333333333333334,0.6326452493667603,0.0
RFP_5393,SKU_185,matching,0.7503506680329641,0.6666666666666666,0.7233911156654358,1.0
RFP_5394,SKU_132,matching,0.7615114251772563,0.8333333333333334,0.48281586170196533,1.0
RFP_5395,SKU_130,partially matching,0.5288679361343384,0.7,0.5962264537811279,0.0
RFP_5396,SKU_158,matching,0.7453214954246175,0.7272727272727273,0.605617105960846,1.0
RFP_5397,SKU_107,partially matching,0.7163504302501678,0.6,0.7211681008338928,1.0
RFP_5398,SKU_219,partially matching,0.5728871833194386,0.7272727272727273,0.6975027322769165,0.0
RFP_5399,SKU_176,partially matching,0.5155473048036748,0.6363636363636364,0.657884955406189,0.0
RFP_5400,SKU_264,matching,0.8660930395126343,1.0,0.5536434650421143,1.0
RFP_5401,SKU_242,partially matching,0.5847271978855133,0.75,0.6990906596183777,0.0
RFP_5402,SKU_259,partially matching,0.5725053516301242,0.8181818181818182,0.5447148084640503,0.0
RFP_5403,SKU_183,matching,0.7517173707485199,0.7,0.6723912358283997,1.0
RFP_5404,SKU_293,partially matching,0.6568400621414185,0.6,0.5228002071380615,1.0
RFP_5405,SKU_186,matching,0.7619239400733602,0.7272727272727273,0.6609585881233215,1.0
RFP_5406,SKU_107,matching,0.8021387806305518,0.7692307692307693,0.7250779867172241,1.0
RFP_5407,SKU_206,matching,0.7695028781890869,0.8,0.565009593963623,1.0
RFP_5408,SKU_152,matching,0.7501725522371439,0.6923076923076923,0.6800623536109924,1.0
RFP_5409,SKU_298,partially matching,0.6077212897214023,0.8181818181818182,0.6621012687683105,0.0
RFP_5410,SKU_246,partially matching,0.6031081584366885,0.8181818181818182,0.6467241644859314,0.0
RFP_5411,SKU_112,matching,0.7664354503154756,0.8,0.5547848343849182,1.0
RFP_5412,SKU_252,partially matching,0.6216148175976492,0.5454545454545454,0.4962918162345886,1.0
RFP_5413,SKU_193,matching,0.7320018957961689,0.7272727272727273,0.5612184405326843,1.0
RFP_5414,SKU_115,partially matching,0.6751675940476931,0.9230769230769231,0.7120971083641052,0.0
RFP_5415,SKU_266,partially matching,0.6166161596775055,0.5,0.5553871989250183,1.0
RFP_5416,SKU_164,partially matching,0.49826853672663374,0.5833333333333334,0.6886729001998901,0.0
RFP_5417,SKU_259,partially matching,0.7060299006792214,0.6923076923076923,0.5329201817512512,1.0
RFP_5418,SKU_214,matching,0.78089767235976,0.8461538461538461,0.526069164276123,1.0
RFP_5419,SKU_102,matching,0.8747991247610611,0.9090909090909091,0.734178900718689,1.0
RFP_5420,SKU_201,partially matching,0.6546932139179924,0.5454545454545454,0.6065531373023987,1.0
RFP_5421,SKU_247,partially matching,0.6061465342839558,0.4166666666666667,0.6593773365020752,1.0
RFP_5422,SKU_293,partially matching,0.607582801580429,0.5,0.5252760052680969,1.0
RFP_5423,SKU_236,matching,0.7512612462043762,0.8,0.5042041540145874,1.0
RFP_5424,SKU_284,matching,0.739104653488506,0.7272727272727273,0.5848942995071411,1.0
RFP_5425,SKU_210,partially matching,0.5850543260574341,0.8,0.6168477535247803,0.0
RFP_5426,SKU_125,matching,0.7441043853759766,0.7,0.6470146179199219,1.0
RFP_5427,SKU_225,partially matching,0.5647237241268157,0.3,0.715745747089386,1.0
RFP_5428,SKU_272,matching,0.7407161295413971,0.7,0.635720431804657,1.0
RFP_5429,SKU_105,matching,0.7620450615882874,0.75,0.6234835386276245,1.0
RFP_5430,SKU_288,partially matching,0.5487359821796418,0.4,0.4957866072654724,1.0
RFP_5431,SKU_176,partially matching,0.5437893231709798,0.6666666666666666,0.7015199661254883,0.0
RFP_5432,SKU_189,matching,0.7344580252965291,0.6666666666666666,0.6704156398773193,1.0
RFP_5433,SKU_259,matching,0.8414061463796176,0.9230769230769231,0.59955894947052,1.0
RFP_5434,SKU_123,matching,0.7736207117636997,0.9166666666666666,0.38429126143455505,1.0
RFP_5435,SKU_195,matching,0.7664926290512084,0.75,0.6383087635040283,1.0
RFP_5436,SKU_246,partially matching,0.6365215659141541,0.9,0.6217385530471802,0.0
RFP_5437,SKU_225,matching,0.7279937212283796,0.6153846153846154,0.7343380451202393,1.0
RFP_5438,SKU_125,partially matching,0.7126743013208563,0.6363636363636364,0.648308277130127,1.0
RFP_5439,SKU_272,matching,0.7277797639369965,0.7,0.5925992131233215,1.0
RFP_5440,SKU_282,partially matching,0.6589056052944877,0.5454545454545454,0.6205944418907166,1.0
RFP_5441,SKU_176,partially matching,0.6209396719932556,0.8,0.736465573310852,0.0
RFP_5442,SKU_250,partially matching,0.645418046279387,0.9090909090909091,0.6362419724464417,0.0
RFP_5443,SKU_176,matching,0.7299314943643715,0.6923076923076923,0.6125921607017517,1.0
RFP_5444,SKU_176,partially matching,0.7017154747789556,0.6363636363636364,0.6117788553237915,1.0
RFP_5445,SKU_111,partially matching,0.7086907893419265,0.8,0.36230263113975525,1.0
RFP_5446,SKU_149,partially matching,0.6546195864677429,0.6,0.5153986215591431,1.0
RFP_5447,SKU_265,partially matching,0.569895776835355,0.8181818181818182,0.5360162258148193,0.0
RFP_5448,SKU_228,partially matching,0.5369899283755909,0.7272727272727273,0.5778452157974243,0.0
RFP_5449,SKU_107,partially matching,0.5099011341730754,0.5833333333333334,0.7274482250213623,0.0
RFP_5450,SKU_125,partially matching,0.6463344991207123,0.5,0.6544483304023743,1.0
RFP_5451,SKU_193,partially matching,0.5718581524762241,0.8181818181818182,0.5425574779510498,0.0
RFP_5452,SKU_112,partially matching,0.6192394359545275,0.9090909090909091,0.5489799380302429,0.0
RFP_5453,SKU_266,partially matching,0.6685542528445905,0.6153846153846154,0.5362064838409424,1.0
RFP_5454,SKU_176,matching,0.7718811862998538,0.7777777777777778,0.6099743247032166,1.0
RFP_5455,SKU_234,partially matching,0.6296355702660301,0.5454545454545454,0.5230276584625244,1.0
RFP_5456,SKU_143,partially matching,0.7121414612640034,0.7272727272727273,0.49501699209213257,1.0
RFP_5457,SKU_293,partially matching,0.6765973036105817,0.6153846153846154,0.5630166530609131,1.0
RFP_5458,SKU_154,partially matching,0.5493227124214172,0.7,0.6644090414047241,0.0
RFP_5459,SKU_272,matching,0.8101621548334759,0.8333333333333334,0.6449849605560303,1.0
RFP_5460,SKU_191,partially matching,0.5126264068213375,0.18181818181818182,0.739057719707489,1.0
RFP_5461,SKU_257,matching,0.7932148304852573,0.8181818181818182,0.6137464046478271,1.0
RFP_5462,SKU_173,matching,0.7517446219921111,0.7,0.6724820733070374,1.0
RFP_5463,SKU_101,partially matching,0.6685620327790578,0.9166666666666666,0.7007623314857483,0.0
RFP_5464,SKU_258,partially matching,0.7146764477094014,0.6666666666666666,0.604477047920227,1.0
RFP_5465,SKU_196,partially matching,0.6311064203580221,0.4166666666666667,0.7425769567489624,1.0
RFP_5466,SKU_176,partially matching,0.6032319870862094,0.8181818181818182,0.647136926651001,0.0
RFP_5467,SKU_252,partially matching,0.6770439088344573,0.6,0.5901463627815247,1.0
RFP_5468,SKU_241,partially matching,0.5570926666259766,0.75,0.6069755554199219,0.0
RFP_5469,SKU_237,partially matching,0.6798989588564093,0.6363636363636364,0.5390571355819702,1.0
RFP_5470,SKU_157,matching,0.7683420817057292,0.8333333333333334,0.505584716796875,1.0
RFP_5471,SKU_152,partially matching,0.6716678240082481,0.5454545454545454,0.6631351709365845,1.0
RFP_5472,SKU_201,partially matching,0.7164311488469441,0.6666666666666666,0.6103260517120361,1.0
RFP_5473,SKU_288,partially matching,0.6688936591148376,0.6,0.5629788637161255,1.0
RFP_5474,SKU_241,partially matching,0.4818557381629944,0.6,0.606185793876648,0.0
RFP_5475,SKU_130,matching,0.8063001851240794,0.8333333333333334,0.6321117281913757,1.0
RFP_5476,SKU_131,matching,0.7765807926654815,0.75,0.6719359755516052,1.0
RFP_5477,SKU_259,partially matching,0.7087668042291295,0.7272727272727273,0.48376813530921936,1.0
RFP_5478,SKU_205,matching,0.8061586717764537,0.8333333333333334,0.6316400170326233,1.0
RFP_5479,SKU_257,matching,0.7230376362800597,0.7,0.5767921209335327,1.0
RFP_5480,SKU_206,partially matching,0.6859488268693288,0.6666666666666666,0.5087183117866516,1.0
RFP_5481,SKU_102,partially matching,0.6537250578403473,0.5,0.679083526134491,1.0
RFP_5482,SKU_257,matching,0.7488928675651549,0.75,0.5796428918838501,1.0
RFP_5483,SKU_257,partially matching,0.6239426531574943,0.5454545454545454,0.5040512681007385,1.0
RFP_5484,SKU_154,matching,0.8292184903071478,0.8461538461538461,0.687138557434082,1.0
RFP_5485,SKU_236,partially matching,0.5845934998530609,0.5384615384615384,0.38454243540763855,1.0
RFP_5486,SKU_200,partially matching,0.6418216109275818,0.9,0.639405369758606,0.0
RFP_5487,SKU_160,partially matching,0.5249389370282491,0.6666666666666666,0.6386853456497192,0.0
RFP_5488,SKU_281,partially matching,0.6943614502747854,0.6666666666666666,0.5367603898048401,1.0
RFP_5489,SKU_207,partially matching,0.6324103633562724,0.8333333333333334,0.719145655632019,0.0
RFP_5490,SKU_107,partially matching,0.601940083045226,0.38461538461538464,0.6987746357917786,1.0
RFP_5491,SKU_234,partially matching,0.6519467115402222,0.6,0.5064890384674072,1.0
RFP_5492,SKU_237,matching,0.7644907772541045,0.8,0.5483025908470154,1.0
RFP_5493,SKU_176,matching,0.7720677863467824,0.7272727272727273,0.694771409034729,1.0
RFP_5494,SKU_211,matching,0.739088233311971,0.6666666666666666,0.685849666595459,1.0
RFP_5495,SKU_184,partially matching,0.6965064823627471,0.75,0.405021607875824,1.0
RFP_5496,SKU_258,matching,0.7256004691123963,0.7,0.5853348970413208,1.0
RFP_5497,SKU_110,partially matching,0.674482548236847,0.8,0.24827516078948975,1.0
RFP_5498,SKU_234,partially matching,0.5270844995975494,0.7,0.5902816653251648,0.0
RFP_5499,SKU_260,matching,0.7510399520397186,0.7,0.6701331734657288,1.0
RFP_5500,SKU_284,partially matching,0.6468603044748307,0.6,0.4895343482494354,1.0
RFP_5501,SKU_195,matching,0.7247814377148947,0.6666666666666666,0.6381603479385376,1.0
RFP_5502,SKU_176,matching,0.756956864487041,0.7272727272727273,0.6444016695022583,1.0
RFP_5503,SKU_151,matching,0.7488083720207215,0.7,0.6626945734024048,1.0
RFP_5504,SKU_163,partially matching,0.7077690492976796,0.7272727272727273,0.4804422855377197,1.0
RFP_5505,SKU_286,partially matching,0.5431995511054992,0.7,0.6439985036849976,0.0
RFP_5506,SKU_176,matching,0.7834521532058716,0.8,0.6115071773529053,1.0
RFP_5507,SKU_256,matching,0.8232158287004991,0.9090909090909091,0.5622345805168152,1.0
RFP_5508,SKU_259,matching,0.8234411981370713,0.8888888888888888,0.5966558456420898,1.0
RFP_5509,SKU_232,partially matching,0.585055472300603,0.46153846153846156,0.5142874717712402,1.0
RFP_5510,SKU_220,matching,0.8264264702796935,0.8,0.754754900932312,1.0
RFP_5511,SKU_123,matching,0.7497342643412677,0.8181818181818182,0.46881118416786194,1.0
RFP_5512,SKU_288,partially matching,0.6809399247169494,0.6,0.6031330823898315,1.0
RFP_5513,SKU_219,partially matching,0.6686451474825541,0.5833333333333334,0.5899282693862915,1.0
RFP_5514,SKU_280,matching,0.862501201721338,0.9230769230769231,0.6698758006095886,1.0
RFP_5515,SKU_293,matching,0.7236444007266651,0.7272727272727273,0.5333601236343384,1.0
RFP_5516,SKU_211,matching,0.8143701997670261,0.8181818181818182,0.6842643022537231,1.0
RFP_5517,SKU_299,partially matching,0.6909513888450769,0.6923076923076923,0.4826584756374359,1.0
RFP_5518,SKU_154,partially matching,0.5111476600170135,0.6,0.7038255333900452,0.0
RFP_5519,SKU_115,matching,0.7417487854307347,0.6363636363636364,0.7452232241630554,1.0
RFP_5520,SKU_105,matching,0.7331989077421335,0.6923076923076923,0.6234835386276245,1.0
RFP_5521,SKU_277,matching,0.7340970765460622,0.7272727272727273,0.5682023763656616,1.0
RFP_5522,SKU_250,matching,0.8022950663016393,0.8461538461538461,0.597393810749054,1.0
RFP_5523,SKU_219,partially matching,0.49177907109260555,0.6,0.6392635703086853,0.0
RFP_5524,SKU_259,matching,0.775254374742508,0.8,0.5841812491416931,1.0
RFP_5525,SKU_123,partially matching,0.6594028765505011,0.6363636363636364,0.47073686122894287,1.0
RFP_5526,SKU_205,matching,0.7641998997101418,0.7692307692307693,0.5986150503158569,1.0
RFP_5527,SKU_219,partially matching,0.5557148893674214,0.6666666666666666,0.7412718534469604,0.0
RFP_5528,SKU_115,partially matching,0.619678337757404,0.8461538461538461,0.6553380489349365,0.0
RFP_5529,SKU_256,partially matching,0.6731655776500702,0.6,0.5772185921669006,1.0
RFP_5530,SKU_154,partially matching,0.7060099596327001,0.6363636363636364,0.6260938048362732,1.0
RFP_5531,SKU_272,matching,0.7444889605045317,0.7,0.6482965350151062,1.0
RFP_5532,SKU_131,matching,0.8110005690501287,0.8461538461538461,0.6264121532440186,1.0
RFP_5533,SKU_272,matching,0.7277572592099508,0.6666666666666666,0.6480797529220581,1.0
RFP_5534,SKU_295,matching,0.7492323458194732,0.75,0.5807744860649109,1.0
RFP_5535,SKU_186,partially matching,0.6795888418501074,0.6363636363636364,0.5380234122276306,1.0
RFP_5536,SKU_272,matching,0.7257702430089314,0.6666666666666666,0.6414563655853271,1.0
RFP_5537,SKU_256,partially matching,0.6525284566662528,0.5454545454545454,0.5993372797966003,1.0
RFP_5538,SKU_291,partially matching,0.7065845449765522,0.6666666666666666,0.57750403881073,1.0
RFP_5539,SKU_250,partially matching,0.6748437643051148,0.6,0.5828125476837158,1.0
RFP_5540,SKU_280,partially matching,0.5526802053818336,0.7692307692307693,0.5602160692214966,0.0
RFP_5541,SKU_259,partially matching,0.5841332852840424,0.5,0.44711095094680786,1.0
RFP_5542,SKU_238,matching,0.7663555264472961,0.7,0.7211850881576538,1.0
RFP_5543,SKU_160,partially matching,0.5764689266681671,0.75,0.6715630888938904,0.0
RFP_5544,SKU_273,matching,0.7992473880449931,0.8333333333333334,0.6086024045944214,1.0
RFP_5545,SKU_115,matching,0.7713454316962849,0.7272727272727273,0.6923635601997375,1.0
RFP_5546,SKU_281,partially matching,0.6103714368560098,0.45454545454545453,0.6103290319442749,1.0
RFP_5547,SKU_123,matching,0.740650874376297,0.8,0.46883624792099,1.0
RFP_5548,SKU_299,matching,0.7411758175263039,0.7692307692307693,0.521868109703064,1.0
RFP_5549,SKU_159,matching,0.7238799929618835,0.7,0.5795999765396118,1.0
RFP_5550,SKU_293,matching,0.7803350773724642,0.8181818181818182,0.5708138942718506,1.0
RFP_5551,SKU_290,partially matching,0.5801726868519417,0.7692307692307693,0.6518576741218567,0.0
RFP_5552,SKU_225,partially matching,0.5976315265352077,0.36363636363636365,0.7193778157234192,1.0
RFP_5553,SKU_238,matching,0.8039698839187621,0.75,0.763232946395874,1.0
RFP_5554,SKU_293,matching,0.7787885156544772,0.8181818181818182,0.565658688545227,1.0
RFP_5555,SKU_276,partially matching,0.6840585867563884,0.5833333333333334,0.6413064002990723,1.0
RFP_5556,SKU_261,partially matching,0.6753871977329253,0.6,0.5846239924430847,1.0
RFP_5557,SKU_107,partially matching,0.637963911078193,0.45454545454545453,0.702303946018219,1.0
RFP_5558,SKU_196,partially matching,0.5393545508384704,0.7,0.6311818361282349,0.0
RFP_5559,SKU_293,partially matching,0.6872919136827642,0.6363636363636364,0.5637003183364868,1.0
RFP_5560,SKU_258,partially matching,0.7191259463628132,0.6666666666666666,0.6193087100982666,1.0
RFP_5561,SKU_220,matching,0.7211180035884563,0.6153846153846154,0.7114189863204956,1.0
RFP_5562,SKU_208,partially matching,0.519436793977564,0.6363636363636364,0.6708499193191528,0.0
RFP_5563,SKU_225,partially matching,0.5864407420158386,0.8,0.6214691400527954,0.0
RFP_5564,SKU_105,matching,0.7498737405646931,0.7272727272727273,0.6207912564277649,1.0
RFP_5565,SKU_239,matching,0.7584444533694874,0.7272727272727273,0.6493602991104126,1.0
RFP_5566,SKU_252,partially matching,0.598588671467521,0.45454545454545453,0.571053147315979,1.0
RFP_5567,SKU_137,partially matching,0.5489090800285339,0.7,0.6630302667617798,0.0
RFP_5568,SKU_277,partially matching,0.6720587412516277,0.5833333333333334,0.6013069152832031,1.0
RFP_5569,SKU_300,partially matching,0.6107189456621807,0.8333333333333334,0.6468409299850464,0.0
RFP_5570,SKU_228,matching,0.7338720570911061,0.7272727272727273,0.5674523115158081,1.0
RFP_5571,SKU_160,partially matching,0.7181406100591023,0.6666666666666666,0.6160242557525635,1.0
RFP_5572,SKU_225,partially matching,0.5959387307817285,0.36363636363636365,0.7137351632118225,1.0
RFP_5573,SKU_166,partially matching,0.6054445962111156,0.8333333333333334,0.6292597651481628,0.0
RFP_5574,SKU_163,matching,0.7603580842415492,0.8333333333333334,0.478971391916275,1.0
RFP_5575,SKU_170,matching,0.8093235711256663,0.8333333333333334,0.6421896815299988,1.0
RFP_5576,SKU_102,matching,0.79430297721516,0.7272727272727273,0.7688887119293213,1.0
RFP_5577,SKU_165,matching,0.737615841627121,0.75,0.5420528054237366,1.0
RFP_5578,SKU_186,partially matching,0.6207130531469981,0.8333333333333334,0.6801546216011047,0.0
RFP_5579,SKU_143,partially matching,0.7110296856273304,0.7272727272727273,0.49131107330322266,1.0
RFP_5580,SKU_107,partially matching,0.41333532333374023,0.4,0.7111177444458008,0.0
RFP_5581,SKU_257,matching,0.7875552979382603,0.8181818181818182,0.5948812961578369,1.0
RFP_5582,SKU_230,matching,0.8602785309155783,0.9166666666666666,0.6731506586074829,1.0
RFP_5583,SKU_276,matching,0.8034793317317963,0.8,0.6782644391059875,1.0
RFP_5584,SKU_234,partially matching,0.6929564887827093,0.6363636363636364,0.5825822353363037,1.0
RFP_5585,SKU_265,matching,0.8280855894088746,0.9,0.593618631362915,1.0
RFP_5586,SKU_189,partially matching,0.688675541144151,0.6153846153846154,0.6032774448394775,1.0
RFP_5587,SKU_228,partially matching,0.6624954462051391,0.6,0.5416514873504639,1.0
RFP_5588,SKU_225,partially matching,0.5491921018470417,0.7272727272727273,0.618519127368927,0.0
RFP_5589,SKU_274,partially matching,0.6903989513715107,0.6666666666666666,0.5235520601272583,1.0
RFP_5590,SKU_293,partially matching,0.6626943588256835,0.6,0.5423145294189453,1.0
RFP_5591,SKU_234,partially matching,0.5648959865936867,0.7692307692307693,0.6009353399276733,0.0
RFP_5592,SKU_236,partially matching,0.523462721476188,0.6923076923076923,0.5910295844078064,0.0
RFP_5593,SKU_257,partially matching,0.7012660264968872,1.0,0.670886754989624,0.0
RFP_5594,SKU_210,partially matching,0.6955146724527532,0.6363636363636364,0.5911095142364502,1.0
RFP_5595,SKU_265,matching,0.7312210312256446,0.7692307692307693,0.4886854887008667,1.0
RFP_5596,SKU_205,matching,0.7499506413936614,0.75,0.5831688046455383,1.0
RFP_5597,SKU_199,partially matching,0.6758688325231725,0.6363636363636364,0.5256233811378479,1.0
RFP_5598,SKU_276,matching,0.8142044762770335,0.8333333333333334,0.6584593653678894,1.0
RFP_5599,SKU_288,partially matching,0.5867256453404059,0.7692307692307693,0.6737008690834045,0.0
RFP_5600,SKU_257,partially matching,0.5920045099475166,0.45454545454545453,0.5491059422492981,1.0
RFP_5601,SKU_111,matching,0.7611243575811386,0.9,0.37041452527046204,1.0
RFP_5602,SKU_290,matching,0.7673110929402438,0.8181818181818182,0.5274006128311157,1.0
RFP_5603,SKU_259,partially matching,0.5361740361560474,0.7272727272727273,0.5751255750656128,0.0
RFP_5604,SKU_176,matching,0.8304733780297366,0.8181818181818182,0.737941563129425,1.0
RFP_5605,SKU_227,matching,0.7745242834091186,0.7,0.7484142780303955,1.0
RFP_5606,SKU_273,partially matching,0.7098796566327412,0.6666666666666666,0.5884877443313599,1.0
RFP_5607,SKU_146,partially matching,0.5779708623886108,0.8,0.5932362079620361,0.0
RFP_5608,SKU_257,matching,0.7267972528934479,0.7,0.5893241763114929,1.0
RFP_5609,SKU_254,matching,0.7629904627799988,0.7,0.7099682092666626,1.0
RFP_5610,SKU_221,partially matching,0.6509228626887005,0.5833333333333334,0.5308539867401123,1.0
RFP_5611,SKU_269,partially matching,0.7192373037338256,0.7,0.564124345779419,1.0
RFP_5612,SKU_250,partially matching,0.5757506897816291,0.7692307692307693,0.6371176838874817,0.0
RFP_5613,SKU_260,partially matching,0.6176154494285584,0.8,0.7253848314285278,0.0
RFP_5614,SKU_176,partially matching,0.5213592767715454,0.6,0.7378642559051514,0.0
RFP_5615,SKU_243,partially matching,0.4893314485366528,0.6153846153846154,0.6054638028144836,0.0
RFP_5616,SKU_208,partially matching,0.6705792053179307,0.9090909090909091,0.7201125025749207,0.0
RFP_5617,SKU_283,matching,0.8361217883500185,0.8181818181818182,0.756769597530365,1.0
RFP_5618,SKU_248,partially matching,0.6000160831671495,0.46153846153846156,0.564156174659729,1.0
RFP_5619,SKU_284,partially matching,0.6208147030610305,0.5384615384615384,0.5052797794342041,1.0
RFP_5620,SKU_259,partially matching,0.7157098142000344,0.6923076923076923,0.5651865601539612,1.0
RFP_5621,SKU_155,partially matching,0.6257468602874062,0.45454545454545453,0.6615804433822632,1.0
RFP_5622,SKU_291,matching,0.7454667102206838,0.7272727272727273,0.6061011552810669,1.0
RFP_5623,SKU_257,partially matching,0.6445563157399495,0.9166666666666666,0.6207432746887207,0.0
RFP_5624,SKU_232,partially matching,0.5840959630229257,0.45454545454545453,0.5227441191673279,1.0
RFP_5625,SKU_240,partially matching,0.6925767103830973,0.5833333333333334,0.6697001457214355,1.0
RFP_5626,SKU_162,partially matching,0.6716611618345434,0.6363636363636364,0.5115978121757507,1.0
RFP_5627,SKU_166,partially matching,0.6353698213895161,0.9166666666666666,0.5901216268539429,0.0
RFP_5628,SKU_113,partially matching,0.6910160760084789,0.5833333333333334,0.6644980311393738,1.0
RFP_5629,SKU_166,partially matching,0.5979433146390049,0.8181818181818182,0.6295080184936523,0.0
RFP_5630,SKU_176,partially matching,0.6640506543896414,0.5454545454545454,0.6377446055412292,1.0
RFP_5631,SKU_132,partially matching,0.5656671762466431,0.8,0.5522239208221436,0.0
RFP_5632,SKU_257,partially matching,0.6505997081597645,0.9166666666666666,0.6408879160881042,0.0
RFP_5633,SKU_101,partially matching,0.6559245765209198,0.5,0.6864152550697327,1.0
RFP_5634,SKU_123,partially matching,0.672960556637157,0.7272727272727273,0.3644139766693115,1.0
RFP_5635,SKU_186,matching,0.7576415181159972,0.75,0.6088050603866577,1.0
RFP_5636,SKU_208,partially matching,0.4803997145758735,0.5555555555555556,0.6754064559936523,0.0
RFP_5637,SKU_282,partially matching,0.5531276134344247,0.6923076923076923,0.6899125576019287,0.0
RFP_5638,SKU_238,partially matching,0.5669002922681662,0.3076923076923077,0.7101804614067078,1.0
RFP_5639,SKU_216,partially matching,0.6999559998512268,0.6,0.6665199995040894,1.0
RFP_5640,SKU_112,matching,0.7506189098724951,0.7692307692307693,0.5533450841903687,1.0
RFP_5641,SKU_206,partially matching,0.574459448185834,0.8181818181818182,0.5512284636497498,0.0
RFP_5642,SKU_107,partially matching,0.6360693953254006,0.45454545454545453,0.6959888935089111,1.0
RFP_5643,SKU_107,partially matching,0.5332754969596862,0.25,0.6942516565322876,1.0
RFP_5644,SKU_125,partially matching,0.48298773711377924,0.6363636363636364,0.5493530631065369,0.0
RFP_5645,SKU_152,partially matching,0.5974958419799805,0.4,0.6583194732666016,1.0
RFP_5646,SKU_297,partially matching,0.5419086933135986,0.7,0.6396956443786621,0.0
RFP_5647,SKU_176,partially matching,0.5263989885648092,0.6666666666666666,0.6435521841049194,0.0
RFP_5648,SKU_293,partially matching,0.5995948255062102,0.5,0.4986494183540344,1.0
RFP_5649,SKU_246,partially matching,0.5160403159948496,0.6923076923076923,0.5662882328033447,0.0
RFP_5650,SKU_147,partially matching,0.6633533596992494,0.6,0.5445111989974976,1.0
RFP_5651,SKU_293,partially matching,0.5976993766697971,0.8181818181818182,0.6286948919296265,0.0
RFP_5652,SKU_294,matching,0.7687800398239724,0.7692307692307693,0.6138821840286255,1.0
RFP_5653,SKU_231,partially matching,0.5035016114061529,0.6363636363636364,0.6177326440811157,0.0
RFP_5654,SKU_293,partially matching,0.5768512985923073,0.45454545454545453,0.4985952377319336,1.0
RFP_5655,SKU_291,matching,0.777312594652176,0.8,0.5910419821739197,1.0
RFP_5656,SKU_251,partially matching,0.5387989889491688,0.7272727272727273,0.5838754177093506,0.0
RFP_5657,SKU_284,matching,0.7780868411064148,0.8,0.5936228036880493,1.0
RFP_5658,SKU_290,partially matching,0.6348611098069411,0.5384615384615384,0.5521011352539062,1.0
RFP_5659,SKU_234,matching,0.7836980938911438,0.8,0.612326979637146,1.0
RFP_5660,SKU_111,matching,0.7294553081194559,0.8333333333333334,0.37596213817596436,1.0
RFP_5661,SKU_139,partially matching,0.6378178558566354,0.45454545454545453,0.7018170952796936,1.0
RFP_5662,SKU_272,matching,0.7572313796390187,0.7272727272727273,0.6453167200088501,1.0
RFP_5663,SKU_206,partially matching,0.647803871198134,0.9090909090909091,0.6441947221755981,0.0
RFP_5664,SKU_197,matching,0.7285109931772404,0.6363636363636364,0.7010972499847412,1.0
RFP_5665,SKU_224,partially matching,0.5411711474259694,0.6666666666666666,0.6927927136421204,0.0
RFP_5666,SKU_185,matching,0.7676301717758178,0.75,0.6421005725860596,1.0
RFP_5667,SKU_285,partially matching,0.5782815521413629,0.36363636363636365,0.6548779010772705,1.0
RFP_5668,SKU_233,matching,0.7953128186139193,0.8181818181818182,0.6207396984100342,1.0
RFP_5669,SKU_257,partially matching,0.6676828781763713,0.5833333333333334,0.5867207050323486,1.0
RFP_5670,SKU_232,matching,0.726009621986976,0.6923076923076923,0.5995192527770996,1.0
RFP_5671,SKU_256,partially matching,0.683767314751943,0.6666666666666666,0.5014466047286987,1.0
RFP_5672,SKU_157,matching,0.7263179015029559,0.7272727272727273,0.5422717928886414,1.0
RFP_5673,SKU_165,partially matching,0.5231787741184234,0.7,0.5772625803947449,0.0
RFP_5674,SKU_266,partially matching,0.6071750521659851,0.5,0.5239168405532837,1.0
RFP_5675,SKU_159,partially matching,0.7010985309427435,0.6363636363636364,0.609722375869751,1.0
RFP_5676,SKU_271,matching,0.7339409004558217,0.7272727272727273,0.5676817893981934,1.0
RFP_5677,SKU_185,partially matching,0.49335409998893737,0.6,0.6445136666297913,0.0
RFP_5678,SKU_296,partially matching,0.6883977272293784,0.5454545454545454,0.718901515007019,1.0
RFP_5679,SKU_219,partially matching,0.5434509185644296,0.6923076923076923,0.6576569080352783,0.0
RFP_5680,SKU_232,partially matching,0.7169681628545126,0.6666666666666666,0.6121160984039307,1.0
RFP_5681,SKU_174,partially matching,0.6086001257101695,0.8333333333333334,0.639778196811676,0.0
RFP_5682,SKU_299,partially matching,0.6787299205859503,0.6666666666666666,0.4846552908420563,1.0
RFP_5683,SKU_162,partially matching,0.6448560814062754,0.5833333333333334,0.5106313824653625,1.0
RFP_5684,SKU_139,partially matching,0.5020704393203442,0.6153846153846154,0.6479271054267883,0.0
RFP_5685,SKU_185,partially matching,0.4946421682834625,0.6,0.6488072276115417,0.0
RFP_5686,SKU_272,partially matching,0.6388529777526855,0.5,0.6295099258422852,1.0
RFP_5687,SKU_233,partially matching,0.5712781012058258,0.75,0.6542603373527527,0.0
RFP_5688,SKU_296,matching,0.7743439137935637,0.7,0.7478130459785461,1.0
RFP_5689,SKU_236,matching,0.7727338043126193,0.8181818181818182,0.5454763174057007,1.0
RFP_5690,SKU_257,partially matching,0.5085235471075231,0.6363636363636364,0.6344724297523499,0.0
RFP_5691,SKU_184,partially matching,0.5966947775620681,0.5384615384615384,0.4248800277709961,1.0
RFP_5692,SKU_176,matching,0.7336892247200011,0.7,0.6122974157333374,1.0
RFP_5693,SKU_234,partially matching,0.6817979270761663,0.6363636363636364,0.5453870296478271,1.0
RFP_5694,SKU_163,partially matching,0.6893309503793716,0.7,0.46443650126457214,1.0
RFP_5695,SKU_125,partially matching,0.7181822364146893,0.6153846153846154,0.701633095741272,1.0
RFP_5696,SKU_250,partially matching,0.5683183908462525,0.75,0.6443946361541748,0.0
RFP_5697,SKU_257,partially matching,0.6298366644165732,0.5454545454545454,0.5236979722976685,1.0
RFP_5698,SKU_288,partially matching,0.6230819284915925,0.5,0.5769397616386414,1.0
RFP_5699,SKU_291,matching,0.7580190192569385,0.7272727272727273,0.6479421854019165,1.0
RFP_5700,SKU_265,partially matching,0.604049704472224,0.8333333333333334,0.6246101260185242,0.0
RFP_5701,SKU_257,matching,0.7862175730141727,0.8181818181818182,0.5904222130775452,1.0
RFP_5702,SKU_185,matching,0.764937401901592,0.7272727272727273,0.6710034608840942,1.0
RFP_5703,SKU_160,partially matching,0.5337900996208191,0.6,0.779300332069397,0.0
RFP_5704,SKU_185,matching,0.7802279244769703,0.7272727272727273,0.721971869468689,1.0
RFP_5705,SKU_257,partially matching,0.6243385414282481,0.8333333333333334,0.6922395825386047,0.0
RFP_5706,SKU_261,partially matching,0.5389470826495777,0.7272727272727273,0.5843690633773804,0.0
RFP_5707,SKU_285,matching,0.7396466334660847,0.6666666666666666,0.6877110004425049,1.0
RFP_5708,SKU_162,partially matching,0.641032154361407,0.5833333333333334,0.49788495898246765,1.0
RFP_5709,SKU_107,partially matching,0.7175900940711681,0.6153846153846154,0.6996592879295349,1.0
RFP_5710,SKU_283,matching,0.7751062463630329,0.7272727272727273,0.7048996090888977,1.0
RFP_5711,SKU_299,partially matching,0.7047204911708831,0.7,0.5157349705696106,1.0
RFP_5712,SKU_219,partially matching,0.5832539677619935,0.75,0.694179892539978,0.0
RFP_5713,SKU_137,partially matching,0.5774227579434712,0.6666666666666666,0.8136314153671265,0.0
RFP_5714,SKU_272,matching,0.7954630494117736,0.8,0.6515434980392456,1.0
RFP_5715,SKU_178,partially matching,0.5995465351985051,0.8461538461538461,0.5882320404052734,0.0
RFP_5716,SKU_276,matching,0.7538104366172445,0.7272727272727273,0.6339135766029358,1.0
RFP_5717,SKU_170,partially matching,0.6999472856521607,0.7,0.49982428550720215,1.0
RFP_5718,SKU_159,matching,0.8022052122996404,0.8461538461538461,0.5970942974090576,1.0
RFP_5719,SKU_183,partially matching,0.5819111704826355,0.4,0.6063705682754517,1.0
RFP_5720,SKU_206,matching,0.7895641843477885,0.8333333333333334,0.5763250589370728,1.0
RFP_5721,SKU_272,matching,0.7924217104911804,0.8,0.6414057016372681,1.0
RFP_5722,SKU_137,partially matching,0.5111612002054851,0.5833333333333334,0.7316484451293945,0.0
RFP_5723,SKU_183,matching,0.7901657214531532,0.7692307692307693,0.6851677894592285,1.0
RFP_5724,SKU_152,partially matching,0.7106949031352997,1.0,0.7023163437843323,0.0
RFP_5725,SKU_188,partially matching,0.5799606601397197,0.8333333333333334,0.5443133115768433,0.0
RFP_5726,SKU_299,partially matching,0.5546696543693542,0.8,0.5155655145645142,0.0
RFP_5727,SKU_166,partially matching,0.7170413970947265,0.7,0.5568046569824219,1.0
RFP_5728,SKU_102,matching,0.7773347150195729,0.7272727272727273,0.7123278379440308,1.0
RFP_5729,SKU_170,partially matching,0.655548204978307,0.9166666666666666,0.6573829054832458,0.0
RFP_5730,SKU_277,matching,0.7644815325737,0.8,0.5482717752456665,1.0
RFP_5731,SKU_176,partially matching,0.7018523399646466,0.6153846153846154,0.6472001075744629,1.0
RFP_5732,SKU_160,not matching,0.4027674100615761,0.45454545454545453,0.5849822759628296,0.0
RFP_5733,SKU_236,matching,0.8200065709077395,0.9230769230769231,0.5282270312309265,1.0
RFP_5734,SKU_228,partially matching,0.6438084125518799,0.9,0.6460280418395996,0.0
RFP_5735,SKU_272,matching,0.7414161275733602,0.7272727272727273,0.5925992131233215,1.0
RFP_5736,SKU_125,matching,0.7675031093450693,0.6923076923076923,0.7378308773040771,1.0
RFP_5737,SKU_107,partially matching,0.5483014930378307,0.2727272727272727,0.7064595222473145,1.0
RFP_5738,SKU_288,partially matching,0.6709504127502441,0.6,0.5698347091674805,1.0
RFP_5739,SKU_188,matching,0.8261204957962036,0.9,0.5870683193206787,1.0
RFP_5740,SKU_293,matching,0.7724778056144714,0.8,0.5749260187149048,1.0
RFP_5741,SKU_193,matching,0.7286509692668914,0.75,0.5121698975563049,1.0
RFP_5742,SKU_299,partially matching,0.6552362620830536,0.6,0.517454206943512,1.0
RFP_5743,SKU_214,partially matching,0.6701329464262182,0.6363636363636364,0.5065037608146667,1.0
RFP_5744,SKU_220,partially matching,0.5115228652954101,0.6,0.7050762176513672,0.0
RFP_5745,SKU_208,partially matching,0.6213245252768199,0.8333333333333334,0.682192862033844,0.0
RFP_5746,SKU_171,partially matching,0.6315189229117499,0.5555555555555556,0.5124704837799072,1.0
RFP_5747,SKU_188,matching,0.8050697333537615,0.9230769230769231,0.4784375727176666,1.0
RFP_5748,SKU_250,matching,0.7529690980911254,0.8,0.509896993637085,1.0
RFP_5749,SKU_125,matching,0.8037065235051242,0.8181818181818182,0.6487187147140503,1.0
RFP_5750,SKU_221,partially matching,0.7053368886311848,0.6666666666666666,0.5733451843261719,1.0
RFP_5751,SKU_130,matching,0.8408307671546935,0.9,0.636102557182312,1.0
RFP_5752,SKU_278,partially matching,0.6397609374739908,0.45454545454545453,0.7082940340042114,1.0
RFP_5753,SKU_277,matching,0.7628192594418159,0.7692307692307693,0.5940129160881042,1.0
RFP_5754,SKU_164,partially matching,0.4634438890677232,0.46153846153846156,0.7755821943283081,0.0
RFP_5755,SKU_257,partially matching,0.6489063958326975,0.5833333333333334,0.5241324305534363,1.0
RFP_5756,SKU_241,partially matching,0.610613544170673,0.8461538461538461,0.6251220703125,0.0
RFP_5757,SKU_241,partially matching,0.588990968465805,0.8,0.6299698948860168,0.0
RFP_5758,SKU_186,matching,0.7511182676662098,0.7272727272727273,0.6249396800994873,1.0
RFP_5759,SKU_173,matching,0.8036144077777863,0.8,0.6787146925926208,1.0
RFP_5760,SKU_119,partially matching,0.5610337138175965,0.8,0.5367790460586548,0.0
RFP_5761,SKU_210,matching,0.7410029351711274,0.75,0.5533431172370911,1.0
RFP_5762,SKU_206,matching,0.7883395592371623,0.8333333333333334,0.5722429752349854,1.0
RFP_5763,SKU_233,partially matching,0.6985735356807709,1.0,0.6619117856025696,0.0
RFP_5764,SKU_276,partially matching,0.4282294988632202,0.5,0.5940983295440674,0.0
RFP_5765,SKU_231,partially matching,0.6904651463031768,0.6,0.6348838210105896,1.0
RFP_5766,SKU_237,partially matching,0.5527925899395576,0.7692307692307693,0.5605906844139099,0.0
RFP_5767,SKU_185,partially matching,0.5127136588096619,0.6,0.7090455293655396,0.0
RFP_5768,SKU_176,partially matching,0.7154098172982533,0.6666666666666666,0.6069216132164001,1.0
RFP_5769,SKU_290,partially matching,0.5462170481681824,0.8,0.4873901605606079,0.0
RFP_5770,SKU_192,partially matching,0.5434142708778381,0.7,0.6447142362594604,0.0
RFP_5771,SKU_252,partially matching,0.626998633146286,0.5,0.5899954438209534,1.0
RFP_5772,SKU_206,matching,0.8297183752059936,0.9,0.5990612506866455,1.0
RFP_5773,SKU_144,partially matching,0.6863447189331056,0.6,0.6211490631103516,1.0
RFP_5774,SKU_131,partially matching,0.5920224895844093,0.7692307692307693,0.6913570165634155,0.0
RFP_5775,SKU_291,partially matching,0.6558097779750824,0.5,0.6860325932502747,1.0
RFP_5776,SKU_176,partially matching,0.696121084690094,0.6,0.65373694896698,1.0
RFP_5777,SKU_266,matching,0.7470971994929843,0.7777777777777778,0.5273610353469849,1.0
RFP_5778,SKU_273,matching,0.7308318983424793,0.7272727272727273,0.5573184490203857,1.0
RFP_5779,SKU_107,partially matching,0.41304798722267155,0.4,0.710159957408905,0.0
RFP_5780,SKU_220,partially matching,0.6631067454814912,0.5,0.710355818271637,1.0
RFP_5781,SKU_176,partially matching,0.42677404284477233,0.5,0.5892468094825745,0.0
RFP_5782,SKU_247,partially matching,0.6066677987575531,0.8,0.688892662525177,0.0
RFP_5783,SKU_272,matching,0.7610471725463868,0.75,0.6201572418212891,1.0
RFP_5784,SKU_154,partially matching,0.47183569452979346,0.5454545454545454,0.6636947393417358,0.0
RFP_5785,SKU_139,partially matching,0.6731674291870811,0.5454545454545454,0.6681338548660278,1.0
RFP_5786,SKU_285,partially matching,0.6008505483468374,0.4166666666666667,0.6417240500450134,1.0
RFP_5787,SKU_259,partially matching,0.6760848218744451,0.6363636363636364,0.5263433456420898,1.0
RFP_5788,SKU_211,partially matching,0.5110778326337988,0.6363636363636364,0.6429867148399353,0.0
RFP_5789,SKU_176,partially matching,0.583470983396877,0.7272727272727273,0.7327820658683777,0.0
RFP_5790,SKU_137,partially matching,0.590483820438385,0.7,0.8016127347946167,0.0
RFP_5791,SKU_105,partially matching,0.49613220691680904,0.6,0.6537740230560303,0.0
RFP_5792,SKU_251,matching,0.720147438844045,0.6666666666666666,0.6227136850357056,1.0
RFP_5793,SKU_115,matching,0.790829015861858,0.7272727272727273,0.757308840751648,1.0
RFP_5794,SKU_299,partially matching,0.5699594193034702,0.7777777777777778,0.603568434715271,0.0
RFP_5795,SKU_183,partially matching,0.6110223392645519,0.8333333333333334,0.6478522419929504,0.0
RFP_5796,SKU_124,matching,0.8248908785256472,0.8181818181818182,0.7193332314491272,1.0
RFP_5797,SKU_195,matching,0.736887123187383,0.6666666666666666,0.6785126328468323,1.0
RFP_5798,SKU_157,partially matching,0.6554101586341858,0.6,0.5180338621139526,1.0
RFP_5799,SKU_176,partially matching,0.5634769212115894,0.7272727272727273,0.6661351919174194,0.0
RFP_5800,SKU_135,matching,0.8136310187253086,0.8181818181818182,0.681800365447998,1.0
RFP_5801,SKU_272,matching,0.7388818025588988,0.7,0.6296060085296631,1.0
RFP_5802,SKU_185,partially matching,0.5899080959233372,0.8181818181818182,0.6027239561080933,0.0
RFP_5803,SKU_252,partially matching,0.5438334822654723,0.7,0.6461116075515747,0.0
RFP_5804,SKU_165,partially matching,0.540037007223476,0.7272727272727273,0.5880021452903748,0.0
RFP_5805,SKU_145,matching,0.7906698181078984,0.8461538461538461,0.5586429834365845,1.0
RFP_5806,SKU_272,partially matching,0.5476720531781514,0.6666666666666666,0.714462399482727,0.0
RFP_5807,SKU_290,matching,0.7380994867194783,0.7272727272727273,0.5815437436103821,1.0
RFP_5808,SKU_176,matching,0.8281185686588288,0.8,0.7603952288627625,1.0
RFP_5809,SKU_162,partially matching,0.6980501858087687,0.6923076923076923,0.506321132183075,1.0
RFP_5810,SKU_233,matching,0.7243432695215399,0.6363636363636364,0.6872048377990723,1.0
RFP_5811,SKU_222,partially matching,0.6642017483711242,0.9,0.7140058279037476,0.0
RFP_5812,SKU_259,matching,0.7413939367641103,0.7272727272727273,0.5925252437591553,1.0
RFP_5813,SKU_228,matching,0.7228817284107207,0.7,0.5762724280357361,1.0
RFP_5814,SKU_135,partially matching,0.6967111343687231,0.6363636363636364,0.5950977206230164,1.0
RFP_5815,SKU_293,partially matching,0.5861430070616982,0.45454545454545453,0.5295675992965698,1.0
RFP_5816,SKU_174,partially matching,0.6553535385565324,0.9090909090909091,0.6693602800369263,0.0
RFP_5817,SKU_143,partially matching,0.5554241061210632,0.8,0.5180803537368774,0.0
RFP_5818,SKU_253,partially matching,0.4836243728796641,0.5833333333333334,0.6398590207099915,0.0
RFP_5819,SKU_125,matching,0.8134659469127654,0.8,0.711553156375885,1.0
RFP_5820,SKU_219,partially matching,0.5264358217065984,0.6363636363636364,0.6941800117492676,0.0
RFP_5821,SKU_208,partially matching,0.56065833568573,0.7,0.7021944522857666,0.0
RFP_5822,SKU_257,matching,0.7241335598322061,0.6923076923076923,0.5932657122612,1.0
RFP_5823,SKU_269,partially matching,0.6510790169239045,0.6,0.5035967230796814,1.0
RFP_5824,SKU_259,partially matching,0.6017315069834391,0.8333333333333334,0.6168828010559082,0.0
RFP_5825,SKU_250,matching,0.7846092416689947,0.8461538461538461,0.5384410619735718,1.0
RFP_5826,SKU_296,partially matching,0.5976398413831538,0.36363636363636365,0.7194055318832397,1.0
RFP_5827,SKU_257,matching,0.756280123270475,0.7692307692307693,0.5722157955169678,1.0
RFP_5828,SKU_248,partially matching,0.6039690938862887,0.8181818181818182,0.6495939493179321,0.0
RFP_5829,SKU_272,matching,0.772240263223648,0.75,0.6574675440788269,1.0
RFP_5830,SKU_137,partially matching,0.7113230427106221,0.6666666666666666,0.5932990312576294,1.0
RFP_5831,SKU_268,partially matching,0.6002133667469025,0.8,0.6673778891563416,0.0
RFP_5832,SKU_176,matching,0.7548275081010964,0.6923076923076923,0.6955788731575012,1.0
RFP_5833,SKU_205,matching,0.7522921562194824,0.75,0.5909738540649414,1.0
RFP_5834,SKU_211,partially matching,0.7057972078139965,0.6153846153846154,0.6603496670722961,1.0
RFP_5835,SKU_270,matching,0.7758997871325566,0.8461538461538461,0.5094095468521118,1.0
RFP_5836,SKU_115,matching,0.7214724302291871,0.6,0.73824143409729,1.0
RFP_5837,SKU_290,partially matching,0.64511420564218,0.9090909090909091,0.6352291703224182,0.0
RFP_5838,SKU_252,matching,0.7589779805053365,0.7272727272727273,0.6511387228965759,1.0
RFP_5839,SKU_206,partially matching,0.6387609581152598,0.5833333333333334,0.4903143048286438,1.0
RFP_5840,SKU_296,partially matching,0.7159578084945679,0.6,0.7198593616485596,1.0
RFP_5841,SKU_208,partially matching,0.572185982357372,0.7272727272727273,0.6951653957366943,0.0
RFP_5842,SKU_185,partially matching,0.6502254724502563,0.5,0.6674182415008545,1.0
RFP_5843,SKU_131,matching,0.7479716030450967,0.6923076923076923,0.6727258563041687,1.0
RFP_5844,SKU_288,partially matching,0.6027935743331909,0.5,0.5093119144439697,1.0
RFP_5845,SKU_176,partially matching,0.5020342116172497,0.6153846153846154,0.6478063464164734,0.0
RFP_5846,SKU_114,partially matching,0.6646183972175306,0.6153846153846154,0.5230869650840759,1.0
RFP_5847,SKU_158,partially matching,0.6624278406302135,0.5833333333333334,0.5692039132118225,1.0
RFP_5848,SKU_193,matching,0.7788248876730601,0.8333333333333334,0.5405274033546448,1.0
RFP_5849,SKU_188,partially matching,0.46695391183549706,0.6363636363636364,0.4959069788455963,0.0
RFP_5850,SKU_251,not matching,0.369451500972112,0.4166666666666667,0.537060558795929,0.0
RFP_5851,SKU_186,partially matching,0.5608888983726501,0.7,0.7029629945755005,0.0
RFP_5852,SKU_234,matching,0.7247547686100007,0.7,0.5825158953666687,1.0
RFP_5853,SKU_257,matching,0.7351566027511249,0.7272727272727273,0.5717341303825378,1.0
RFP_5854,SKU_272,partially matching,0.6310428301493327,0.8333333333333334,0.7145872116088867,0.0
RFP_5855,SKU_231,matching,0.7504528423150381,0.6666666666666666,0.7237316966056824,1.0
RFP_5856,SKU_228,partially matching,0.6092197517553966,0.8333333333333334,0.6418436169624329,0.0
RFP_5857,SKU_142,matching,0.7333418896565072,0.7692307692307693,0.49575501680374146,1.0
RFP_5858,SKU_176,partially matching,0.5975094079971314,0.75,0.7416980266571045,0.0
RFP_5859,SKU_291,partially matching,0.5575034439563751,0.8,0.5250114798545837,0.0
RFP_5860,SKU_152,partially matching,0.6302535194617052,0.46153846153846156,0.6649476289749146,1.0
RFP_5861,SKU_190,matching,0.7549194227565419,0.7272727272727273,0.6376101970672607,1.0
RFP_5862,SKU_176,matching,0.8753091378645463,0.9090909090909091,0.7358789443969727,1.0
RFP_5863,SKU_256,partially matching,0.5385377208391826,0.3333333333333333,0.5729035139083862,1.0
RFP_5864,SKU_254,partially matching,0.6733063202637892,0.5384615384615384,0.6802518367767334,1.0
RFP_5865,SKU_259,partially matching,0.641482377052307,0.6,0.47160792350769043,1.0
RFP_5866,SKU_233,partially matching,0.7089329247291272,0.6153846153846154,0.6708020567893982,1.0
RFP_5867,SKU_249,partially matching,0.6823035637537638,0.5833333333333334,0.6354563236236572,1.0
RFP_5868,SKU_121,partially matching,0.6733248033306816,0.5454545454545454,0.668658435344696,1.0
RFP_5869,SKU_123,partially matching,0.6918153375387192,0.7,0.4727177917957306,1.0
RFP_5870,SKU_224,partially matching,0.5756686449050903,0.75,0.6688954830169678,0.0
RFP_5871,SKU_230,matching,0.8187694695862857,0.8181818181818182,0.6989285349845886,1.0
RFP_5872,SKU_269,partially matching,0.5987600386142731,0.8,0.6625334620475769,0.0
RFP_5873,SKU_172,matching,0.8330476721127829,0.9166666666666666,0.5823811292648315,1.0
RFP_5874,SKU_299,partially matching,0.6733891481702978,0.6363636363636364,0.5173577666282654,1.0
RFP_5875,SKU_183,partially matching,0.44710302352905273,0.5,0.6570100784301758,0.0
RFP_5876,SKU_201,matching,0.7682897686958312,0.8,0.560965895652771,1.0
RFP_5877,SKU_119,partially matching,0.5691090762615204,0.8,0.5636969208717346,0.0
RFP_5878,SKU_272,matching,0.7476893674243581,0.7272727272727273,0.613510012626648,1.0
RFP_5879,SKU_268,partially matching,0.6519117637114091,0.9090909090909091,0.6578876972198486,0.0
RFP_5880,SKU_299,partially matching,0.6506054639816283,0.6,0.5020182132720947,1.0
RFP_5881,SKU_176,partially matching,0.7032249689102172,0.6,0.6774165630340576,1.0
RFP_5882,SKU_217,partially matching,0.5828341484069823,0.5,0.4427804946899414,1.0
RFP_5883,SKU_130,partially matching,0.6767573992411295,0.5833333333333334,0.616969108581543,1.0
RFP_5884,SKU_229,matching,0.7744250980290499,0.8181818181818182,0.5511139631271362,1.0
RFP_5885,SKU_143,partially matching,0.7164034217596054,0.75,0.4713447391986847,1.0
RFP_5886,SKU_154,matching,0.7391671975453695,0.6666666666666666,0.6861128807067871,1.0
RFP_5887,SKU_111,partially matching,0.6997232258319854,0.8,0.3324107527732849,1.0
RFP_5888,SKU_176,partially matching,0.5710855305194854,0.7,0.7369517683982849,0.0
RFP_5889,SKU_253,partially matching,0.5375187118848165,0.6666666666666666,0.6806179285049438,0.0
RFP_5890,SKU_191,partially matching,0.5938525438308716,0.8,0.6461751461029053,0.0
RFP_5891,SKU_299,partially matching,0.6943018791767267,0.6923076923076923,0.4938267767429352,1.0
RFP_5892,SKU_299,matching,0.7584171831607818,0.8,0.5280572772026062,1.0
RFP_5893,SKU_160,partially matching,0.5566562473773956,0.7,0.6888541579246521,0.0
RFP_5894,SKU_176,partially matching,0.49426574707031246,0.6,0.647552490234375,0.0
RFP_5895,SKU_217,partially matching,0.6576772511005402,0.6,0.5255908370018005,1.0
RFP_5896,SKU_130,matching,0.8512400229771933,0.9166666666666666,0.6430222988128662,1.0
RFP_5897,SKU_212,partially matching,0.7071672658125561,0.5833333333333334,0.7183353304862976,1.0
RFP_5898,SKU_152,partially matching,0.672361514785073,0.5454545454545454,0.665447473526001,1.0
RFP_5899,SKU_208,partially matching,0.5755029022693634,0.75,0.6683430075645447,0.0
RFP_5900,SKU_144,matching,0.7629890946241524,0.6923076923076923,0.722784161567688,1.0
RFP_5901,SKU_299,partially matching,0.7021074732144674,0.6666666666666666,0.5625804662704468,1.0
RFP_5902,SKU_257,partially matching,0.5135959619825536,0.6363636363636364,0.6513804793357849,0.0
RFP_5903,SKU_109,partially matching,0.6917598525683086,0.5833333333333334,0.6669772863388062,1.0
RFP_5904,SKU_125,partially matching,0.7151069933717902,0.6363636363636364,0.6564172506332397,1.0
RFP_5905,SKU_256,partially matching,0.5677455127239227,0.8,0.5591517090797424,0.0
RFP_5906,SKU_274,matching,0.73647587407719,0.7272727272727273,0.5761317014694214,1.0
RFP_5907,SKU_272,matching,0.7883758306503297,0.8,0.6279194355010986,1.0
RFP_5908,SKU_211,partially matching,0.4935776174068451,0.6,0.6452587246894836,0.0
RFP_5909,SKU_204,partially matching,0.5411516487598419,0.7,0.6371721625328064,0.0
RFP_5910,SKU_131,partially matching,0.6017776489257813,0.4,0.6725921630859375,1.0
RFP_5911,SKU_237,partially matching,0.6056028306484222,0.5,0.5186761021614075,1.0
RFP_5912,SKU_248,partially matching,0.6970480382442474,0.6,0.6568267941474915,1.0
RFP_5913,SKU_277,partially matching,0.7143001437187195,0.7,0.5476671457290649,1.0
RFP_5914,SKU_137,partially matching,0.5062728505868178,0.5384615384615384,0.7901402711868286,0.0
RFP_5915,SKU_208,partially matching,0.5755687415599823,0.75,0.6685624718666077,0.0
RFP_5916,SKU_107,matching,0.733308213407343,0.6363636363636364,0.717087984085083,1.0
RFP_5917,SKU_252,partially matching,0.5239025135835012,0.6666666666666666,0.6352306008338928,0.0
RFP_5918,SKU_210,matching,0.7748572289943696,0.8,0.5828574299812317,1.0
RFP_5919,SKU_152,partially matching,0.5832866721683079,0.7777777777777778,0.6479926109313965,0.0
RFP_5920,SKU_266,partially matching,0.641089634100596,0.5833333333333334,0.49807655811309814,1.0
RFP_5921,SKU_116,partially matching,0.7184018035729727,0.6666666666666666,0.6168949007987976,1.0
RFP_5922,SKU_299,partially matching,0.5624551236629486,0.8,0.5415170788764954,0.0
RFP_5923,SKU_248,matching,0.7692892399701206,0.8181818181818182,0.5339944362640381,1.0
RFP_5924,SKU_105,partially matching,0.5622025609016419,0.75,0.6240085363388062,0.0
RFP_5925,SKU_111,matching,0.7688616275787354,0.9,0.39620542526245117,1.0
RFP_5926,SKU_288,partially matching,0.57910728671334,0.45454545454545453,0.506115198135376,1.0
RFP_5927,SKU_283,matching,0.8150140464305877,0.8,0.7167134881019592,1.0
RFP_5928,SKU_272,partially matching,0.5456893384456634,0.7,0.6522977948188782,0.0
RFP_5929,SKU_257,partially matching,0.6912856513803656,0.6363636363636364,0.5770127773284912,1.0
RFP_5930,SKU_256,partially matching,0.7120727479457856,0.7,0.5402424931526184,1.0
RFP_5931,SKU_290,matching,0.7496741799207833,0.6923076923076923,0.6784011125564575,1.0
RFP_5932,SKU_183,partially matching,0.6023259832308843,0.8461538461538461,0.5974968671798706,0.0
RFP_5933,SKU_272,partially matching,0.6735460758209229,0.6,0.5784869194030762,1.0
RFP_5934,SKU_269,matching,0.7756932377815247,0.8,0.5856441259384155,1.0
RFP_5935,SKU_256,partially matching,0.6139771878719329,0.5,0.5465906262397766,1.0
RFP_5936,SKU_278,matching,0.8796288407765902,0.9230769230769231,0.7269679307937622,1.0
RFP_5937,SKU_278,partially matching,0.6549046397209168,0.5,0.6830154657363892,1.0
RFP_5938,SKU_217,partially matching,0.6892898400624593,0.6666666666666666,0.5198550224304199,1.0
RFP_5939,SKU_152,partially matching,0.6489405512809754,0.5,0.6631351709365845,1.0
RFP_5940,SKU_274,partially matching,0.7082035720348359,0.7,0.5273452401161194,1.0
RFP_5941,SKU_160,partially matching,0.5583215009082447,0.7272727272727273,0.648950457572937,0.0
RFP_5942,SKU_193,partially matching,0.45731004277865095,0.5833333333333334,0.5521445870399475,0.0
RFP_5943,SKU_195,matching,0.7271769722302754,0.6666666666666666,0.6461454629898071,1.0
RFP_5944,SKU_175,matching,0.7865785896778106,0.8,0.6219286322593689,1.0
RFP_5945,SKU_282,matching,0.7816152453422547,0.75,0.6887174844741821,1.0
RFP_5946,SKU_293,partially matching,0.5957458078861236,0.8,0.6524860262870789,0.0
RFP_5947,SKU_209,partially matching,0.5189215242862701,0.6,0.7297384142875671,0.0
RFP_5948,SKU_233,partially matching,0.6233806875619021,0.8181818181818182,0.7142992615699768,0.0
RFP_5949,SKU_281,matching,0.7258079469203949,0.7,0.5860264897346497,1.0
RFP_5950,SKU_288,matching,0.7746832251548768,0.8,0.5822774171829224,1.0
RFP_5951,SKU_218,partially matching,0.6968213181604039,0.7272727272727273,0.4439498484134674,1.0
RFP_5952,SKU_280,partially matching,0.598215272209861,0.45454545454545453,0.5698084831237793,1.0
RFP_5953,SKU_132,matching,0.7419571638107301,0.8,0.4731905460357666,1.0
RFP_5954,SKU_137,partially matching,0.5457053119486028,0.6363636363636364,0.7584116458892822,0.0
RFP_5955,SKU_225,partially matching,0.5734853386878966,0.7,0.7449511289596558,0.0
RFP_5956,SKU_259,partially matching,0.6611107309659322,0.9166666666666666,0.6759246587753296,0.0
RFP_5957,SKU_138,partially matching,0.6790551461956718,0.5454545454545454,0.6877595782279968,1.0
RFP_5958,SKU_245,partially matching,0.6317705612916213,0.5384615384615384,0.5417993068695068,1.0
RFP_5959,SKU_176,partially matching,0.6321819736407354,0.8461538461538461,0.6970168352127075,0.0
RFP_5960,SKU_233,partially matching,0.5799262821674347,0.8,0.599754273891449,0.0
RFP_5961,SKU_160,partially matching,0.5741533160209655,0.7,0.7471777200698853,0.0
RFP_5962,SKU_293,partially matching,0.7151611685752868,0.7,0.5505372285842896,1.0
RFP_5963,SKU_254,matching,0.7318176587422689,0.6666666666666666,0.6616144180297852,1.0
RFP_5964,SKU_182,partially matching,0.5788601517677308,0.75,0.679533839225769,0.0
RFP_5965,SKU_216,matching,0.7266444464524586,0.6666666666666666,0.6443703770637512,1.0
RFP_5966,SKU_256,matching,0.7345327566970479,0.7272727272727273,0.569654643535614,1.0
RFP_5967,SKU_227,partially matching,0.5871687233448029,0.75,0.7072290778160095,0.0
RFP_5968,SKU_162,matching,0.7284793436527253,0.75,0.5115978121757507,1.0
RFP_5969,SKU_288,partially matching,0.6889127010648901,0.6363636363636364,0.569102942943573,1.0
RFP_5970,SKU_210,matching,0.8130207552359654,0.8461538461538461,0.6331461071968079,1.0
RFP_5971,SKU_252,partially matching,0.6133340120315551,0.5,0.5444467067718506,1.0
RFP_5972,SKU_109,matching,0.7570334326137196,0.7272727272727273,0.6446568965911865,1.0
RFP_5973,SKU_102,matching,0.7287828286488851,0.6666666666666666,0.6514983177185059,1.0
RFP_5974,SKU_131,partially matching,0.7177682632749731,0.6363636363636364,0.6652881503105164,1.0
RFP_5975,SKU_113,partially matching,0.5511224289735158,0.6666666666666666,0.7259636521339417,0.0
RFP_5976,SKU_257,partially matching,0.6089060246944427,0.5,0.5296867489814758,1.0
RFP_5977,SKU_278,partially matching,0.7072738349437713,0.6,0.6909127831459045,1.0
RFP_5978,SKU_176,matching,0.8146606830033389,0.8181818181818182,0.6852325797080994,1.0
RFP_5979,SKU_206,matching,0.788219932715098,0.8333333333333334,0.571844220161438,1.0
RFP_5980,SKU_160,partially matching,0.5921054234871498,0.7692307692307693,0.6916334629058838,0.0
RFP_5981,SKU_137,partially matching,0.5243489921092988,0.6,0.7478299736976624,0.0
RFP_5982,SKU_236,partially matching,0.633016614119212,0.5833333333333334,0.4711664915084839,1.0
RFP_5983,SKU_169,matching,0.7400033709677782,0.8181818181818182,0.43637487292289734,1.0
RFP_5984,SKU_176,matching,0.7413154323895772,0.6666666666666666,0.693273663520813,1.0
RFP_5985,SKU_272,partially matching,0.7006358856504613,0.6363636363636364,0.6081802248954773,1.0
RFP_5986,SKU_174,partially matching,0.5625685106624256,0.7272727272727273,0.66310715675354,0.0
RFP_5987,SKU_155,matching,0.7600499570369721,0.7,0.7001665234565735,1.0
RFP_5988,SKU_237,partially matching,0.7078469184728768,0.6923076923076923,0.5389769077301025,1.0
RFP_5989,SKU_240,partially matching,0.5362823486328124,0.7,0.620941162109375,0.0
RFP_5990,SKU_228,matching,0.7236393630504607,0.7,0.5787978768348694,1.0
RFP_5991,SKU_130,matching,0.7624704599380494,0.75,0.624901533126831,1.0
RFP_5992,SKU_299,partially matching,0.6084355473518371,0.9,0.5281184911727905,0.0
RFP_5993,SKU_228,partially matching,0.5046388317238201,0.2727272727272727,0.560917317867279,1.0
RFP_5994,SKU_272,partially matching,0.6756436189015707,0.9166666666666666,0.724367618560791,0.0
RFP_5995,SKU_107,partially matching,0.5670897988172677,0.6923076923076923,0.7364531755447388,0.0
RFP_5996,SKU_231,partially matching,0.6989477038383485,0.6,0.6631590127944946,1.0
RFP_5997,SKU_173,partially matching,0.6557256817817687,0.5,0.685752272605896,1.0
RFP_5998,SKU_255,matching,0.7746978786858645,0.8181818181818182,0.5520232319831848,1.0
RFP_5999,SKU_137,partially matching,0.41953428441827945,0.36363636363636365,0.7923870086669922,0.0
RFP_6000,SKU_280,matching,0.8231909135977427,0.8333333333333334,0.6884141564369202,1.0
RFP_6001,SKU_205,partially matching,0.6093429982662201,0.8,0.6978099942207336,0.0
RFP_6002,SKU_176,partially matching,0.7002583021467381,0.6363636363636364,0.6069216132164001,1.0
RFP_6003,SKU_176,partially matching,0.504003649408167,0.6363636363636364,0.6194061040878296,0.0
RFP_6004,SKU_233,partially matching,0.6984497070312501,0.6,0.6614990234375,1.0
RFP_6005,SKU_288,matching,0.7587339639663697,0.75,0.6124465465545654,1.0
RFP_6006,SKU_103,matching,0.7313984811306,0.75,0.5213282704353333,1.0
RFP_6007,SKU_138,matching,0.8048656225204467,0.8,0.6828854084014893,1.0
RFP_6008,SKU_211,partially matching,0.5374547421932221,0.3,0.6248491406440735,1.0
RFP_6009,SKU_183,partially matching,0.46630290529944673,0.5454545454545454,0.6452521085739136,0.0
RFP_6010,SKU_174,partially matching,0.5320753574371337,0.7,0.6069178581237793,0.0
RFP_6011,SKU_222,partially matching,0.5148043910662333,0.5833333333333334,0.7437924146652222,0.0
RFP_6012,SKU_214,partially matching,0.46064093158795283,0.6153846153846154,0.5098287463188171,0.0
RFP_6013,SKU_107,partially matching,0.5460996140133251,0.2727272727272727,0.6991199254989624,1.0
RFP_6014,SKU_125,matching,0.7641786586154591,0.7272727272727273,0.6684743165969849,1.0
RFP_6015,SKU_241,partially matching,0.5422727178443562,0.7272727272727273,0.5954545140266418,0.0
RFP_6016,SKU_200,partially matching,0.5922978547486393,0.8181818181818182,0.6106898188591003,0.0
RFP_6017,SKU_157,matching,0.8099492569764455,0.9166666666666666,0.5053864121437073,1.0
RFP_6018,SKU_178,partially matching,0.6015289843082428,0.5,0.5050966143608093,1.0
RFP_6019,SKU_210,partially matching,0.6955477178096772,0.6,0.6518257260322571,1.0
RFP_6020,SKU_236,partially matching,0.68932586312294,0.7,0.46441954374313354,1.0
RFP_6021,SKU_217,partially matching,0.6059526481411674,0.5454545454545454,0.4440845847129822,1.0
RFP_6022,SKU_176,partially matching,0.7024207358176893,0.6153846153846154,0.6490947604179382,1.0
RFP_6023,SKU_123,partially matching,0.6655899459665472,0.6363636363636364,0.4913604259490967,1.0
RFP_6024,SKU_176,partially matching,0.6911886672178904,0.5833333333333334,0.6650733351707458,1.0
RFP_6025,SKU_185,matching,0.8083894458684056,0.8181818181818182,0.6643284559249878,1.0
RFP_6026,SKU_137,partially matching,0.5408847212791443,0.6,0.802949070930481,0.0
RFP_6027,SKU_115,partially matching,0.7090752065181731,0.6,0.6969173550605774,1.0
RFP_6028,SKU_299,matching,0.7266146004199983,0.75,0.5053820013999939,1.0
RFP_6029,SKU_257,partially matching,0.5577406238425862,0.7272727272727273,0.6470142006874084,0.0
RFP_6030,SKU_147,partially matching,0.7073020522411053,0.6153846153846154,0.6653658151626587,1.0
RFP_6031,SKU_176,partially matching,0.7011741155927831,0.6363636363636364,0.6099743247032166,1.0
RFP_6032,SKU_206,partially matching,0.6071750521659851,0.5,0.5239168405532837,1.0
RFP_6033,SKU_115,matching,0.8083735227584838,0.8,0.6945784091949463,1.0
RFP_6034,SKU_101,partially matching,0.6492281913757325,0.5,0.6640939712524414,1.0
RFP_6035,SKU_220,matching,0.7647925762029795,0.6923076923076923,0.7287957668304443,1.0
RFP_6036,SKU_296,matching,0.7714140919538643,0.6923076923076923,0.750867486000061,1.0
RFP_6037,SKU_220,matching,0.8459618310133616,0.8333333333333334,0.7643172144889832,1.0
RFP_6038,SKU_123,partially matching,0.6765675336122512,0.7,0.4218917787075043,1.0
RFP_6039,SKU_299,matching,0.7546078562736511,0.8,0.5153595209121704,1.0
RFP_6040,SKU_278,partially matching,0.6655797064304352,0.5,0.7185990214347839,1.0
RFP_6041,SKU_250,partially matching,0.6483053803443908,0.6,0.49435126781463623,1.0
RFP_6042,SKU_230,matching,0.7359604378541311,0.6666666666666666,0.6754236817359924,1.0
RFP_6043,SKU_257,partially matching,0.6289807420510511,0.5384615384615384,0.5324999094009399,1.0
RFP_6044,SKU_276,partially matching,0.6830877661705017,0.6,0.6102925539016724,1.0
RFP_6045,SKU_210,partially matching,0.7133037800138646,0.6363636363636364,0.650406539440155,1.0
RFP_6046,SKU_152,partially matching,0.7114635352904981,0.6153846153846154,0.679237425327301,1.0
RFP_6047,SKU_233,matching,0.7762120061450535,0.7777777777777778,0.6244103908538818,1.0
RFP_6048,SKU_107,partially matching,0.6178188641866049,0.4166666666666667,0.6982851028442383,1.0
RFP_6049,SKU_176,partially matching,0.7184593443687146,0.6153846153846154,0.7025567889213562,1.0
RFP_6050,SKU_204,partially matching,0.6104546944300334,0.8333333333333334,0.6459600925445557,0.0
RFP_6051,SKU_259,matching,0.7916622963818638,0.8181818181818182,0.6085712909698486,1.0
RFP_6052,SKU_291,partially matching,0.539064974676479,0.7272727272727273,0.5847620368003845,0.0
RFP_6053,SKU_185,partially matching,0.5140993410890753,0.6363636363636364,0.6530584096908569,0.0
RFP_6054,SKU_259,matching,0.7772904329829746,0.7777777777777778,0.6280051469802856,1.0
RFP_6055,SKU_154,partially matching,0.6914048135280608,0.6,0.6380160450935364,1.0
RFP_6056,SKU_162,partially matching,0.6753119880502874,0.6363636363636364,0.5237672328948975,1.0
RFP_6057,SKU_141,partially matching,0.5700306644806495,0.7692307692307693,0.6180509328842163,0.0
RFP_6058,SKU_210,matching,0.8477191269397735,0.9,0.6590637564659119,1.0
RFP_6059,SKU_199,partially matching,0.6387933598624336,0.5555555555555556,0.5367186069488525,1.0
RFP_6060,SKU_125,partially matching,0.7038334945837657,0.5833333333333334,0.7072227597236633,1.0
RFP_6061,SKU_186,partially matching,0.6196396497162906,0.8181818181818182,0.7018291354179382,0.0
RFP_6062,SKU_125,partially matching,0.6475247740745544,0.5,0.6584159135818481,1.0
RFP_6063,SKU_103,matching,0.8672329962253571,1.0,0.5574433207511902,1.0
RFP_6064,SKU_225,partially matching,0.6014740526676178,0.75,0.7549135088920593,0.0
RFP_6065,SKU_233,partially matching,0.6404804170131684,0.5,0.6349347233772278,1.0
RFP_6066,SKU_293,partially matching,0.5207849462827047,0.6666666666666666,0.6248387098312378,0.0
RFP_6067,SKU_238,matching,0.7288542811687175,0.6153846153846154,0.7372065782546997,1.0
RFP_6068,SKU_179,partially matching,0.7041508048772811,0.75,0.43050268292427063,1.0
RFP_6069,SKU_293,partially matching,0.5682000160217285,0.75,0.6440000534057617,0.0
RFP_6070,SKU_283,matching,0.7381052037080129,0.6666666666666666,0.6825729012489319,1.0
RFP_6071,SKU_185,partially matching,0.4013089378674825,0.4166666666666667,0.6432520151138306,0.0
RFP_6072,SKU_176,partially matching,0.7170710166295369,0.6666666666666666,0.6124589443206787,1.0
RFP_6073,SKU_176,matching,0.7246567149957022,0.6666666666666666,0.6377446055412292,1.0
RFP_6074,SKU_192,partially matching,0.5491615246642719,0.7272727272727273,0.6184172034263611,0.0
RFP_6075,SKU_137,partially matching,0.4976554252884604,0.5454545454545454,0.7497605085372925,0.0
RFP_6076,SKU_192,matching,0.720037039120992,0.6666666666666666,0.6223456859588623,1.0
RFP_6077,SKU_150,partially matching,0.7157919426759083,0.6666666666666666,0.6081953644752502,1.0
RFP_6078,SKU_250,partially matching,0.598205840587616,0.8,0.6606861352920532,0.0
RFP_6079,SKU_299,partially matching,0.6060575902462007,0.5,0.5201919674873352,1.0
RFP_6080,SKU_154,partially matching,0.5074769680316632,0.6153846153846154,0.6659488677978516,0.0
RFP_6081,SKU_274,partially matching,0.5473491311073303,0.75,0.5744971036911011,0.0
RFP_6082,SKU_224,partially matching,0.5345176060994465,0.6666666666666666,0.6706142425537109,0.0
RFP_6083,SKU_192,partially matching,0.6440632581710816,0.9,0.6468775272369385,0.0
RFP_6084,SKU_144,matching,0.7200441891496832,0.6363636363636364,0.6728745698928833,1.0
RFP_6085,SKU_180,partially matching,0.7082180825563578,0.6923076923076923,0.5402141213417053,1.0
RFP_6086,SKU_176,matching,0.7247606237729389,0.6666666666666666,0.638090968132019,1.0
RFP_6087,SKU_109,matching,0.7279285425489599,0.6363636363636364,0.6991557478904724,1.0
RFP_6088,SKU_293,matching,0.7725067284974185,0.8181818181818182,0.544719398021698,1.0
RFP_6089,SKU_265,partially matching,0.5482149353394141,0.7692307692307693,0.5453318357467651,0.0
RFP_6090,SKU_173,partially matching,0.6255853197791359,0.45454545454545453,0.6610419750213623,1.0
RFP_6091,SKU_288,partially matching,0.6666263341903687,0.6,0.5554211139678955,1.0
RFP_6092,SKU_188,partially matching,0.6062579480084507,0.8181818181818182,0.6572234630584717,0.0
RFP_6093,SKU_270,partially matching,0.607491534948349,0.5,0.5249717831611633,1.0
RFP_6094,SKU_286,partially matching,0.6587141134522179,0.5454545454545454,0.6199561357498169,1.0
RFP_6095,SKU_300,partially matching,0.691772848367691,1.0,0.6392428278923035,0.0
RFP_6096,SKU_213,partially matching,0.7013315980251018,0.6153846153846154,0.645464301109314,1.0
RFP_6097,SKU_155,partially matching,0.5002632379531861,0.6,0.6675441265106201,0.0
RFP_6098,SKU_299,partially matching,0.6520694851875306,0.6,0.5068982839584351,1.0
RFP_6099,SKU_160,partially matching,0.5786539912223816,0.7,0.762179970741272,0.0
RFP_6100,SKU_160,partially matching,0.5915532857179642,0.5,0.47184428572654724,1.0
RFP_6101,SKU_252,partially matching,0.6532956399700858,0.5454545454545454,0.6018945574760437,1.0
RFP_6102,SKU_272,partially matching,0.6062781113844651,0.46153846153846156,0.5850296020507812,1.0
RFP_6103,SKU_284,partially matching,0.7019022849889902,0.6923076923076923,0.5191614627838135,1.0
RFP_6104,SKU_138,partially matching,0.6050563454627991,0.4,0.6835211515426636,1.0
RFP_6105,SKU_217,partially matching,0.5762001335620881,0.5,0.4206671118736267,1.0
RFP_6106,SKU_135,matching,0.7217336356639861,0.7,0.5724454522132874,1.0
RFP_6107,SKU_137,partially matching,0.5007464271325331,0.5384615384615384,0.7717188596725464,0.0
RFP_6108,SKU_225,partially matching,0.5541233301162719,0.7,0.6804111003875732,0.0
RFP_6109,SKU_152,matching,0.770747638832439,0.7272727272727273,0.6903709173202515,1.0
RFP_6110,SKU_248,partially matching,0.6427544116973877,0.9,0.642514705657959,0.0
RFP_6111,SKU_154,partially matching,0.5582002063592275,0.6666666666666666,0.7495562434196472,0.0
RFP_6112,SKU_252,partially matching,0.5600142782384698,0.36363636363636365,0.593986988067627,1.0
RFP_6113,SKU_286,matching,0.7440818905830382,0.7,0.6469396352767944,1.0
RFP_6114,SKU_206,matching,0.7780475199222565,0.8,0.5934917330741882,1.0
RFP_6115,SKU_257,partially matching,0.7038089056809742,0.6666666666666666,0.56825190782547,1.0
RFP_6116,SKU_125,matching,0.7583206561895517,0.6923076923076923,0.7072227001190186,1.0
RFP_6117,SKU_248,matching,0.7250111038034612,0.6363636363636364,0.6894309520721436,1.0
RFP_6118,SKU_228,partially matching,0.5960544672879307,0.8181818181818182,0.6232118606567383,0.0
RFP_6119,SKU_198,partially matching,0.5568509638309479,0.75,0.6061698794364929,0.0
RFP_6120,SKU_259,partially matching,0.6792752558534796,0.6363636363636364,0.5369781255722046,1.0
RFP_6121,SKU_288,matching,0.7484563767910004,0.7,0.6615212559700012,1.0
RFP_6122,SKU_259,partially matching,0.6752926409244537,0.6,0.5843088030815125,1.0
RFP_6123,SKU_252,partially matching,0.6716355914419347,0.6363636363636364,0.5115125775337219,1.0
RFP_6124,SKU_250,partially matching,0.6214792086527898,0.8461538461538461,0.6613409519195557,0.0
RFP_6125,SKU_257,matching,0.7351591597903859,0.7272727272727273,0.5717426538467407,1.0
RFP_6126,SKU_225,partially matching,0.47055003643035886,0.5,0.7351667881011963,0.0
RFP_6127,SKU_252,matching,0.7335793793201446,0.7,0.6119312644004822,1.0
RFP_6128,SKU_132,partially matching,0.5798399249712627,0.8333333333333334,0.5439108610153198,0.0
RFP_6129,SKU_109,matching,0.7683681368827819,0.75,0.6445604562759399,1.0
RFP_6130,SKU_259,partially matching,0.491459192832311,0.6666666666666666,0.5270861983299255,0.0
RFP_6131,SKU_222,matching,0.7578114878047597,0.7272727272727273,0.6472504138946533,1.0
RFP_6132,SKU_137,partially matching,0.5905788687559275,0.6923076923076923,0.814750075340271,0.0
RFP_6133,SKU_102,matching,0.8732465548948809,0.9090909090909091,0.7290036678314209,1.0
RFP_6134,SKU_250,matching,0.7878914323720065,0.8181818181818182,0.5960017442703247,1.0
RFP_6135,SKU_185,partially matching,0.6113292098045349,0.8,0.7044306993484497,0.0
RFP_6136,SKU_102,matching,0.8168254315853118,0.8,0.7227514386177063,1.0
RFP_6137,SKU_293,partially matching,0.5709672689437866,0.75,0.6532242298126221,0.0
RFP_6138,SKU_166,matching,0.7626357963451973,0.7692307692307693,0.5934013724327087,1.0
RFP_6139,SKU_265,matching,0.7836250497744635,0.8461538461538461,0.5351604223251343,1.0
RFP_6140,SKU_240,partially matching,0.7182658845728094,0.6363636363636364,0.6669468879699707,1.0
RFP_6141,SKU_234,matching,0.7747547686100007,0.8,0.5825158953666687,1.0
RFP_6142,SKU_217,partially matching,0.6334020922581356,0.5833333333333334,0.47245141863822937,1.0
RFP_6143,SKU_286,matching,0.7560546051372181,0.7272727272727273,0.6413941383361816,1.0
RFP_6144,SKU_227,partially matching,0.6318824781821324,0.8461538461538461,0.6960185170173645,0.0
RFP_6145,SKU_170,partially matching,0.5502428125251423,0.7272727272727273,0.622021496295929,0.0
RFP_6146,SKU_185,partially matching,0.47898990511894224,0.6,0.5966330170631409,0.0
RFP_6147,SKU_230,matching,0.777578436411344,0.7692307692307693,0.6432101726531982,1.0
RFP_6148,SKU_176,matching,0.7567078351974488,0.7,0.6890261173248291,1.0
RFP_6149,SKU_250,matching,0.7793067720803348,0.8181818181818182,0.5673862099647522,1.0
RFP_6150,SKU_176,matching,0.7440683623154958,0.6666666666666666,0.7024500966072083,1.0
RFP_6151,SKU_185,partially matching,0.4720841743729331,0.5454545454545454,0.6645230054855347,0.0
RFP_6152,SKU_259,partially matching,0.5884492814540863,0.5,0.46149760484695435,1.0
RFP_6153,SKU_272,matching,0.7894798544320194,0.8181818181818182,0.6012964844703674,1.0
RFP_6154,SKU_132,partially matching,0.6553596441562359,0.6153846153846154,0.49222445487976074,1.0
RFP_6155,SKU_299,matching,0.7708625164898959,0.8181818181818182,0.539238691329956,1.0
RFP_6156,SKU_257,partially matching,0.5198923607667287,0.6666666666666666,0.6218634247779846,0.0
RFP_6157,SKU_293,partially matching,0.6622010866800945,0.5833333333333334,0.5684480667114258,1.0
RFP_6158,SKU_264,matching,0.8220284915887393,0.9230769230769231,0.534966766834259,1.0
RFP_6159,SKU_182,partially matching,0.5872571518787971,0.7692307692307693,0.6754725575447083,0.0
RFP_6160,SKU_204,partially matching,0.5944780528545379,0.8,0.6482601761817932,0.0
RFP_6161,SKU_234,partially matching,0.665496426820755,0.6,0.5516547560691833,1.0
RFP_6162,SKU_176,partially matching,0.627556976405057,0.8181818181818182,0.7282202243804932,0.0
RFP_6163,SKU_103,partially matching,0.6153035223484039,0.9,0.5510117411613464,0.0
RFP_6164,SKU_186,partially matching,0.5597474217414855,0.7,0.6991580724716187,0.0
RFP_6165,SKU_125,matching,0.7849692940711974,0.75,0.6998976469039917,1.0
RFP_6166,SKU_216,partially matching,0.670087300406562,0.5555555555555556,0.6410317420959473,1.0
RFP_6167,SKU_176,matching,0.7655523430217397,0.7272727272727273,0.6730532646179199,1.0
RFP_6168,SKU_157,partially matching,0.5841860155264537,0.8333333333333334,0.5583978295326233,0.0
RFP_6169,SKU_242,matching,0.7233639240264893,1.0,0.7445464134216309,0.0
RFP_6170,SKU_222,partially matching,0.5573774218559264,0.7,0.6912580728530884,0.0
RFP_6171,SKU_204,partially matching,0.5560249399055134,0.7272727272727273,0.6412952542304993,0.0
RFP_6172,SKU_220,partially matching,0.6704692840576172,0.5,0.7348976135253906,1.0
RFP_6173,SKU_172,partially matching,0.7001938787790445,0.6923076923076923,0.5134667754173279,1.0
RFP_6174,SKU_252,partially matching,0.650377905368805,0.6,0.5012596845626831,1.0
RFP_6175,SKU_263,partially matching,0.5849899163612953,0.7692307692307693,0.6679151058197021,0.0
RFP_6176,SKU_293,partially matching,0.6079191327095033,0.5,0.5263971090316772,1.0
RFP_6177,SKU_112,partially matching,0.5270421743392943,0.7,0.5901405811309814,0.0
RFP_6178,SKU_152,matching,0.765553058277477,0.7272727272727273,0.6730556488037109,1.0
RFP_6179,SKU_176,partially matching,0.5593023180961608,0.7,0.6976743936538696,0.0
RFP_6180,SKU_193,partially matching,0.7084531247615813,0.7,0.5281770825386047,1.0
RFP_6181,SKU_155,partially matching,0.6748747803948143,0.5454545454545454,0.6738250255584717,1.0
RFP_6182,SKU_207,partially matching,0.585116552389585,0.7692307692307693,0.6683372259140015,0.0
RFP_6183,SKU_186,matching,0.799007114497098,0.8181818181818182,0.6330540180206299,1.0
RFP_6184,SKU_286,partially matching,0.6234006784178994,0.45454545454545453,0.6537598371505737,1.0
RFP_6185,SKU_296,matching,0.8326587001482646,0.8333333333333334,0.7199734449386597,1.0
RFP_6186,SKU_291,matching,0.7905134797096252,0.8,0.6350449323654175,1.0
RFP_6187,SKU_259,partially matching,0.5916523814201355,0.8,0.6388412714004517,0.0
RFP_6188,SKU_233,matching,0.7567701784464029,0.6923076923076923,0.7020544409751892,1.0
RFP_6189,SKU_137,partially matching,0.47603452801704405,0.5,0.7534484267234802,0.0
RFP_6190,SKU_176,matching,0.7471335649490356,0.7,0.6571118831634521,1.0
RFP_6191,SKU_259,partially matching,0.595725431767377,0.8181818181818182,0.6221150755882263,0.0
RFP_6192,SKU_130,partially matching,0.59499474438754,0.8181818181818182,0.6196794509887695,0.0
RFP_6193,SKU_202,partially matching,0.6439266800880432,0.5,0.646422266960144,1.0
RFP_6194,SKU_228,partially matching,0.639569628238678,0.5,0.6318987607955933,1.0
RFP_6195,SKU_176,partially matching,0.5564979206431996,0.7272727272727273,0.6428718566894531,0.0
RFP_6196,SKU_231,matching,0.7782471954822541,0.75,0.6774906516075134,1.0
RFP_6197,SKU_141,partially matching,0.6948655778711492,0.6363636363636364,0.5889458656311035,1.0
RFP_6198,SKU_112,partially matching,0.5208638082851063,0.7272727272727273,0.5240914821624756,0.0
RFP_6199,SKU_102,matching,0.8357831160227458,0.8333333333333334,0.7303881645202637,1.0
RFP_6200,SKU_276,matching,0.8077927350997924,0.8,0.6926424503326416,1.0
RFP_6201,SKU_288,partially matching,0.6642920970916748,0.6,0.547640323638916,1.0
RFP_6202,SKU_146,partially matching,0.5118410329023997,0.3333333333333333,0.4839145541191101,1.0
RFP_6203,SKU_250,partially matching,0.6880476911862692,0.6666666666666666,0.5157145261764526,1.0
RFP_6204,SKU_210,matching,0.7263532308431773,0.6923076923076923,0.6006646156311035,1.0
RFP_6205,SKU_176,matching,0.7561521172523498,0.7,0.6871737241744995,1.0
RFP_6206,SKU_260,partially matching,0.7104060689608256,0.5833333333333334,0.7291313409805298,1.0
RFP_6207,SKU_291,matching,0.7557148158550262,0.75,0.6023827195167542,1.0
RFP_6208,SKU_265,partially matching,0.6947883486747741,1.0,0.6492944955825806,0.0
RFP_6209,SKU_220,matching,0.7682439446449278,0.7,0.7274798154830933,1.0
RFP_6210,SKU_211,matching,0.8224878622935368,0.8461538461538461,0.6647031307220459,1.0
RFP_6211,SKU_185,partially matching,0.6249558250109355,0.8333333333333334,0.694297194480896,0.0
RFP_6212,SKU_137,partially matching,0.5273160378138224,0.5833333333333334,0.7854979038238525,0.0
RFP_6213,SKU_220,matching,0.8243776917457581,0.8,0.7479256391525269,1.0
RFP_6214,SKU_107,partially matching,0.5816950391639363,0.7272727272727273,0.7268622517585754,0.0
RFP_6215,SKU_252,partially matching,0.6615196406841277,0.6,0.538398802280426,1.0
RFP_6216,SKU_291,partially matching,0.6505316913127899,0.5,0.6684389710426331,1.0
RFP_6217,SKU_236,partially matching,0.6915475815534591,0.7,0.4718252718448639,1.0
RFP_6218,SKU_109,partially matching,0.5984136668118564,0.8181818181818182,0.6310758590698242,0.0
RFP_6219,SKU_250,partially matching,0.6754285210912878,0.6363636363636364,0.5241556763648987,1.0
RFP_6220,SKU_299,matching,0.7269978880882264,0.75,0.5066596269607544,1.0
RFP_6221,SKU_190,matching,0.8711049951039829,0.9230769230769231,0.6985551118850708,1.0
RFP_6222,SKU_105,partially matching,0.5463933776725423,0.7272727272727273,0.609190046787262,0.0
RFP_6223,SKU_193,matching,0.7813709835211435,0.8333333333333334,0.5490143895149231,1.0
RFP_6224,SKU_231,matching,0.7486188958991657,0.7272727272727273,0.6166084408760071,1.0
RFP_6225,SKU_162,matching,0.7800512194633484,0.8,0.6001707315444946,1.0
RFP_6226,SKU_298,partially matching,0.538182783126831,0.7,0.6272759437561035,0.0
RFP_6227,SKU_256,partially matching,0.6568665087223053,0.6,0.5228883624076843,1.0
RFP_6228,SKU_234,matching,0.7614862316184574,0.7777777777777778,0.5753244757652283,1.0
RFP_6229,SKU_154,partially matching,0.70511120503599,0.6363636363636364,0.6230979561805725,1.0
RFP_6230,SKU_259,partially matching,0.4964772939682006,0.7,0.48825764656066895,0.0
RFP_6231,SKU_298,partially matching,0.445463738991664,0.5384615384615384,0.5874432325363159,0.0
RFP_6232,SKU_166,partially matching,0.6334219124582079,0.8888888888888888,0.6299248933792114,0.0
RFP_6233,SKU_176,matching,0.8159645405682652,0.8181818181818182,0.6895787715911865,1.0
RFP_6234,SKU_115,matching,0.7711788665164601,0.7272727272727273,0.6918083429336548,1.0
RFP_6235,SKU_224,matching,0.8802330835299057,0.9090909090909091,0.7522920966148376,1.0
RFP_6236,SKU_252,partially matching,0.5988504767417908,0.5,0.49616825580596924,1.0
RFP_6237,SKU_114,matching,0.7673211171076848,0.8461538461538461,0.48081398010253906,1.0
RFP_6238,SKU_293,partially matching,0.6574034710725148,0.9166666666666666,0.6635671257972717,0.0
RFP_6239,SKU_278,partially matching,0.6824892856857994,0.5454545454545454,0.6992067098617554,1.0
RFP_6240,SKU_286,matching,0.7651739906180988,0.7272727272727273,0.6717920899391174,1.0
RFP_6241,SKU_162,partially matching,0.5138119995594024,0.7,0.5460399985313416,0.0
RFP_6242,SKU_176,partially matching,0.7109172408397382,0.6153846153846154,0.6774164438247681,1.0
RFP_6243,SKU_191,partially matching,0.5280067986912198,0.2222222222222222,0.7229856252670288,1.0
RFP_6244,SKU_160,partially matching,0.544410487016042,0.6666666666666666,0.7035905122756958,0.0
RFP_6245,SKU_196,partially matching,0.5667611539363862,0.75,0.6392038464546204,0.0
RFP_6246,SKU_155,partially matching,0.6317924521186136,0.45454545454545453,0.6817324161529541,1.0
RFP_6247,SKU_299,matching,0.7358534157276153,0.75,0.5361780524253845,1.0
RFP_6248,SKU_131,matching,0.7629177163947711,0.7272727272727273,0.6642711758613586,1.0
RFP_6249,SKU_176,partially matching,0.6715700669722123,0.9090909090909091,0.7234153747558594,0.0
RFP_6250,SKU_234,partially matching,0.7097699550481942,0.6923076923076923,0.5453870296478271,1.0
RFP_6251,SKU_248,matching,0.7486119042743336,0.7272727272727273,0.6165851354598999,1.0
RFP_6252,SKU_115,matching,0.7652266919612885,0.7,0.7174223065376282,1.0
RFP_6253,SKU_165,partially matching,0.5397360812533986,0.7272727272727273,0.5869990587234497,0.0
RFP_6254,SKU_259,partially matching,0.5551265608180653,0.7272727272727273,0.6383006572723389,0.0
RFP_6255,SKU_294,partially matching,0.6067330497961778,0.46153846153846156,0.5865460634231567,1.0
RFP_6256,SKU_158,partially matching,0.6954823607748205,0.6363636363636364,0.5910018086433411,1.0
RFP_6257,SKU_272,matching,0.7401004910469056,0.7,0.6336683034896851,1.0
RFP_6258,SKU_154,partially matching,0.5448048174381256,0.7,0.6493493914604187,0.0
RFP_6259,SKU_252,partially matching,0.707612152894338,0.6666666666666666,0.5809293985366821,1.0
RFP_6260,SKU_278,matching,0.831499449412028,0.8333333333333334,0.7161092758178711,1.0
RFP_6261,SKU_161,partially matching,0.6964432899768536,0.6153846153846154,0.6291699409484863,1.0
RFP_6262,SKU_123,matching,0.7494069811972706,0.8181818181818182,0.46772024035453796,1.0
RFP_6263,SKU_158,partially matching,0.6886656165122986,0.6,0.6288853883743286,1.0
RFP_6264,SKU_131,matching,0.8104456543922425,0.8,0.7014855146408081,1.0
RFP_6265,SKU_237,matching,0.7656226960095494,0.8181818181818182,0.5217726230621338,1.0
RFP_6266,SKU_285,partially matching,0.619997117916743,0.8333333333333334,0.6777681708335876,0.0
RFP_6267,SKU_232,partially matching,0.6748210410277049,0.5833333333333334,0.6105145812034607,1.0
RFP_6268,SKU_152,matching,0.821347591010007,0.8181818181818182,0.7075222730636597,1.0
RFP_6269,SKU_212,partially matching,0.6810336687348106,0.5454545454545454,0.6943546533584595,1.0
RFP_6270,SKU_107,partially matching,0.687101469256661,0.5454545454545454,0.7145806550979614,1.0
RFP_6271,SKU_249,matching,0.7805179229149453,0.7692307692307693,0.6530084609985352,1.0
RFP_6272,SKU_285,partially matching,0.7146766781806946,0.6,0.7155889272689819,1.0
RFP_6273,SKU_183,partially matching,0.6563187360763549,0.9,0.6877291202545166,0.0
RFP_6274,SKU_257,matching,0.7795226633548737,0.8,0.5984088778495789,1.0
RFP_6275,SKU_254,matching,0.7341510017712911,0.6666666666666666,0.6693922281265259,1.0
RFP_6276,SKU_204,matching,0.8095179942521182,0.8181818181818182,0.668090283870697,1.0
RFP_6277,SKU_276,partially matching,0.6220436415889046,0.45454545454545453,0.6492363810539246,1.0
RFP_6278,SKU_299,matching,0.7667669177055358,0.8,0.5558897256851196,1.0
RFP_6279,SKU_183,partially matching,0.5308246155579884,0.6666666666666666,0.6583042740821838,0.0
RFP_6280,SKU_291,partially matching,0.6594821014187553,0.5454545454545454,0.6225160956382751,1.0
RFP_6281,SKU_281,partially matching,0.6486933032671611,0.5833333333333334,0.523422122001648,1.0
RFP_6282,SKU_102,matching,0.7792599688876758,0.7272727272727273,0.7187453508377075,1.0
RFP_6283,SKU_225,partially matching,0.4782035887241364,0.6,0.5940119624137878,0.0
RFP_6284,SKU_208,partially matching,0.5684449087489735,0.7272727272727273,0.6826951503753662,0.0
RFP_6285,SKU_257,matching,0.7279315141531137,0.6923076923076923,0.6059255599975586,1.0
RFP_6286,SKU_135,matching,0.7638499379158019,0.75,0.6294997930526733,1.0
RFP_6287,SKU_165,partially matching,0.42251369953155515,0.4,0.7417123317718506,0.0
RFP_6288,SKU_265,partially matching,0.6425892571608225,0.5833333333333334,0.5030753016471863,1.0
RFP_6289,SKU_248,partially matching,0.6022184789180756,0.8,0.6740615963935852,0.0
RFP_6290,SKU_212,partially matching,0.677670786597512,0.5454545454545454,0.6831450462341309,1.0
RFP_6291,SKU_225,partially matching,0.5395900899713689,0.6363636363636364,0.7380275726318359,0.0
RFP_6292,SKU_272,partially matching,0.6633278111616772,0.5833333333333334,0.5722038149833679,1.0
RFP_6293,SKU_228,matching,0.7335332583297383,0.7272727272727273,0.5663229823112488,1.0
RFP_6294,SKU_224,partially matching,0.5474549602378498,0.7272727272727273,0.6127286553382874,0.0
RFP_6295,SKU_186,matching,0.7490736961364746,0.7,0.663578987121582,1.0
RFP_6296,SKU_268,partially matching,0.6061458170413971,0.5,0.520486056804657,1.0
RFP_6297,SKU_105,partially matching,0.5490315448154103,0.7272727272727273,0.6179839372634888,0.0
RFP_6298,SKU_224,matching,0.8186609387397765,0.8,0.7288697957992554,1.0
RFP_6299,SKU_193,partially matching,0.6598289375121777,0.6153846153846154,0.5071220993995667,1.0
RFP_6300,SKU_130,matching,0.8110994974772137,0.8333333333333334,0.6481094360351562,1.0
RFP_6301,SKU_260,partially matching,0.5583895574916493,0.7272727272727273,0.6491773128509521,0.0
RFP_6302,SKU_291,matching,0.8148852745691935,0.8333333333333334,0.6607286930084229,1.0
RFP_6303,SKU_218,matching,0.7270969510078431,0.75,0.5069898366928101,1.0
RFP_6304,SKU_239,matching,0.7496399641036986,0.7,0.6654665470123291,1.0
RFP_6305,SKU_257,partially matching,0.5693859994411469,0.75,0.6479533314704895,0.0
RFP_6306,SKU_224,matching,0.7597691427577626,0.7272727272727273,0.6537759304046631,1.0
RFP_6307,SKU_264,matching,0.7473760932683944,0.8,0.49125364422798157,1.0
RFP_6308,SKU_250,matching,0.7595091581344604,0.75,0.6150305271148682,1.0
RFP_6309,SKU_137,partially matching,0.48431549072265623,0.5,0.7810516357421875,0.0
RFP_6310,SKU_248,partially matching,0.6450124740600586,0.9,0.6500415802001953,0.0
RFP_6311,SKU_102,partially matching,0.7136733526533301,0.6363636363636364,0.6516384482383728,1.0
RFP_6312,SKU_248,partially matching,0.5405720321031717,0.6923076923076923,0.6480606198310852,0.0
RFP_6313,SKU_157,partially matching,0.6683825016021729,0.6,0.5612750053405762,1.0
RFP_6314,SKU_293,matching,0.833879206272272,0.9230769230769231,0.5744691491127014,1.0
RFP_6315,SKU_188,partially matching,0.563124718991193,0.8181818181818182,0.513446033000946,0.0
RFP_6316,SKU_165,partially matching,0.6503000237724998,0.5454545454545454,0.5919091701507568,1.0
RFP_6317,SKU_104,partially matching,0.7032996019491782,0.7692307692307693,0.39561405777931213,1.0
RFP_6318,SKU_188,partially matching,0.6011823681267825,0.8181818181818182,0.6403048634529114,0.0
RFP_6319,SKU_188,matching,0.8248375415802003,0.9,0.582791805267334,1.0
RFP_6320,SKU_240,matching,0.7474452018737792,0.7,0.6581506729125977,1.0
RFP_6321,SKU_166,partially matching,0.5561455121407142,0.7692307692307693,0.5717670917510986,0.0
RFP_6322,SKU_160,partially matching,0.6043384423622719,0.7692307692307693,0.732410192489624,0.0
RFP_6323,SKU_258,partially matching,0.7014439100568945,0.6363636363636364,0.6108736395835876,1.0
RFP_6324,SKU_228,partially matching,0.6455473823980852,0.9090909090909091,0.636673092842102,0.0
RFP_6325,SKU_188,partially matching,0.5956936386498538,0.8181818181818182,0.6220090985298157,0.0
RFP_6326,SKU_176,matching,0.824967626730601,0.8333333333333334,0.6943365335464478,1.0
RFP_6327,SKU_299,matching,0.7788776199022929,0.8333333333333334,0.5407031774520874,1.0
RFP_6328,SKU_192,partially matching,0.568800531900846,0.7692307692307693,0.6139504909515381,0.0
RFP_6329,SKU_248,partially matching,0.7010011156400044,0.6666666666666666,0.5588926076889038,1.0
RFP_6330,SKU_130,matching,0.7426815580237995,0.7272727272727273,0.5968173146247864,1.0
RFP_6331,SKU_282,partially matching,0.700722127610987,0.6363636363636364,0.608467698097229,1.0
RFP_6332,SKU_294,matching,0.7378152798522601,0.7272727272727273,0.580596387386322,1.0
RFP_6333,SKU_234,partially matching,0.5558549523353576,0.75,0.6028498411178589,0.0
RFP_6334,SKU_247,partially matching,0.687076626221339,0.5833333333333334,0.6513665318489075,1.0
RFP_6335,SKU_259,partially matching,0.5917971482643715,0.7692307692307693,0.690605878829956,0.0
RFP_6336,SKU_188,partially matching,0.5701088905334473,0.75,0.6503629684448242,0.0
RFP_6337,SKU_248,matching,0.9042686700820923,1.0,0.6808955669403076,1.0
RFP_6338,SKU_293,matching,0.7205344200134276,0.7,0.5684480667114258,1.0
RFP_6339,SKU_149,matching,0.7596450448036194,0.8,0.532150149345398,1.0
RFP_6340,SKU_265,partially matching,0.6290254500177171,0.8888888888888888,0.6152700185775757,0.0
RFP_6341,SKU_146,partially matching,0.5216068029403687,0.7,0.5720226764678955,0.0
RFP_6342,SKU_265,matching,0.7206925760615956,0.7272727272727273,0.5235207080841064,1.0
RFP_6343,SKU_257,partially matching,0.595323896408081,0.8,0.6510796546936035,0.0
RFP_6344,SKU_125,matching,0.7594613639207985,0.6923076923076923,0.711025059223175,1.0
RFP_6345,SKU_165,partially matching,0.7050780919881967,0.6923076923076923,0.529747486114502,1.0
RFP_6346,SKU_224,matching,0.7976242303848267,0.8,0.6587474346160889,1.0
RFP_6347,SKU_237,partially matching,0.7156120121479035,0.7,0.5520400404930115,1.0
RFP_6348,SKU_173,matching,0.7749088357795368,0.7272727272727273,0.7042415738105774,1.0
RFP_6349,SKU_166,partially matching,0.4459465430842505,0.5555555555555556,0.5605625510215759,0.0
RFP_6350,SKU_236,partially matching,0.7049863110889087,0.7272727272727273,0.4711664915084839,1.0
RFP_6351,SKU_290,partially matching,0.6235439914923449,0.46153846153846156,0.6425825357437134,1.0
RFP_6352,SKU_155,matching,0.7801183938980103,0.75,0.6837279796600342,1.0
RFP_6353,SKU_228,partially matching,0.56387699842453,0.4,0.5462566614151001,1.0
RFP_6354,SKU_285,matching,0.7670404862273823,0.7272727272727273,0.6780137419700623,1.0
RFP_6355,SKU_299,partially matching,0.7041616082191466,0.7,0.5138720273971558,1.0
RFP_6356,SKU_300,partially matching,0.636217274930742,0.8888888888888888,0.6392427682876587,0.0
RFP_6357,SKU_107,partially matching,0.7183838844299317,0.6,0.7279462814331055,1.0
RFP_6358,SKU_252,partially matching,0.6282612740993501,0.5,0.5942042469978333,1.0
RFP_6359,SKU_130,partially matching,0.5025250395139058,0.6666666666666666,0.5639723539352417,0.0
RFP_6360,SKU_293,partially matching,0.6311112859032371,0.5454545454545454,0.5279467105865479,1.0
RFP_6361,SKU_236,partially matching,0.7173108826984058,0.7272727272727273,0.5122483968734741,1.0
RFP_6362,SKU_256,partially matching,0.6400054852167765,0.5833333333333334,0.4944627285003662,1.0
RFP_6363,SKU_167,partially matching,0.6805209631269629,0.6363636363636364,0.5411304831504822,1.0
RFP_6364,SKU_219,matching,0.7410101305354726,0.7272727272727273,0.5912458896636963,1.0
RFP_6365,SKU_219,partially matching,0.5716159284114837,0.7,0.7387197613716125,0.0
RFP_6366,SKU_208,partially matching,0.5415306893678812,0.6923076923076923,0.6512561440467834,0.0
RFP_6367,SKU_159,partially matching,0.699281423742121,0.6363636363636364,0.6036653518676758,1.0
RFP_6368,SKU_188,partially matching,0.6142528368876531,0.8461538461538461,0.6372530460357666,0.0
RFP_6369,SKU_252,partially matching,0.5799503765322945,0.45454545454545453,0.5089254975318909,1.0
RFP_6370,SKU_116,partially matching,0.6515023865483023,0.5454545454545454,0.5959170460700989,1.0
RFP_6371,SKU_219,partially matching,0.4953814586003621,0.6666666666666666,0.5401604175567627,0.0
RFP_6372,SKU_280,partially matching,0.668640927473704,0.5833333333333334,0.5899142026901245,1.0
RFP_6373,SKU_115,matching,0.7311090344732458,0.6363636363636364,0.709757387638092,1.0
RFP_6374,SKU_184,partially matching,0.6155839542547862,0.5833333333333334,0.4130576252937317,1.0
RFP_6375,SKU_240,matching,0.7501751450391916,0.6923076923076923,0.6800709962844849,1.0
RFP_6376,SKU_117,partially matching,0.6751632224429738,0.7272727272727273,0.3717561960220337,1.0
RFP_6377,SKU_228,partially matching,0.6785093426704407,0.6,0.5950311422348022,1.0
RFP_6378,SKU_176,matching,0.744783672461143,0.6923076923076923,0.6620994210243225,1.0
RFP_6379,SKU_163,partially matching,0.6328982621431352,0.6,0.44299420714378357,1.0
RFP_6380,SKU_152,partially matching,0.7101867139339447,1.0,0.7006223797798157,0.0
RFP_6381,SKU_211,partially matching,0.7006953279177348,0.5833333333333334,0.696762204170227,1.0
RFP_6382,SKU_189,matching,0.7207051595052083,0.6666666666666666,0.62457275390625,1.0
RFP_6383,SKU_265,partially matching,0.6280916333198547,0.9,0.5936387777328491,0.0
RFP_6384,SKU_102,matching,0.7871072292327881,0.75,0.707024097442627,1.0
RFP_6385,SKU_234,partially matching,0.6673599898815155,0.6,0.557866632938385,1.0
RFP_6386,SKU_248,partially matching,0.6552121281623839,0.5,0.6840404272079468,1.0
RFP_6387,SKU_291,partially matching,0.6161907217719338,0.45454545454545453,0.6297266483306885,1.0
RFP_6388,SKU_125,matching,0.7232677241166432,0.6666666666666666,0.6331146359443665,1.0
RFP_6389,SKU_290,partially matching,0.6471589207649231,0.5,0.6571964025497437,1.0
RFP_6390,SKU_158,partially matching,0.6753662586212159,0.6,0.5845541954040527,1.0
RFP_6391,SKU_166,matching,0.7321749519218097,0.7272727272727273,0.5617952942848206,1.0
RFP_6392,SKU_160,partially matching,0.5720193147659302,0.7,0.7400643825531006,0.0
RFP_6393,SKU_274,partially matching,0.71632828224789,0.7272727272727273,0.5089730620384216,1.0
RFP_6394,SKU_155,partially matching,0.6245966932990334,0.45454545454545453,0.6577465534210205,1.0
RFP_6395,SKU_257,matching,0.8392761273817582,0.9090909090909091,0.6157689094543457,1.0
RFP_6396,SKU_113,partially matching,0.5611570206972268,0.6923076923076923,0.7166772484779358,0.0
RFP_6397,SKU_146,partially matching,0.591512781381607,0.8,0.6383759379386902,0.0
RFP_6398,SKU_139,partially matching,0.5734045962492624,0.3333333333333333,0.6891264319419861,1.0
RFP_6399,SKU_193,partially matching,0.6794453998406729,0.6666666666666666,0.4870402216911316,1.0
RFP_6400,SKU_107,partially matching,0.6632111370563507,0.5,0.7107037901878357,1.0
RFP_6401,SKU_116,partially matching,0.6011764488436959,0.45454545454545453,0.5796790719032288,1.0
RFP_6402,SKU_219,partially matching,0.53932519753774,0.6666666666666666,0.6866395473480225,0.0
RFP_6403,SKU_205,partially matching,0.549987323175777,0.7272727272727273,0.6211698651313782,0.0
RFP_6404,SKU_272,partially matching,0.5515492677688598,0.7,0.6718308925628662,0.0
RFP_6405,SKU_236,partially matching,0.6901097734769186,0.6666666666666666,0.5225881338119507,1.0
RFP_6406,SKU_137,partially matching,0.46052338101647117,0.45454545454545453,0.777502179145813,0.0
RFP_6407,SKU_137,partially matching,0.5087212719700553,0.5454545454545454,0.7866466641426086,0.0
RFP_6408,SKU_286,partially matching,0.6580461540005424,0.5454545454545454,0.6177296042442322,1.0
RFP_6409,SKU_277,matching,0.7811946551005047,0.8333333333333334,0.548426628112793,1.0
RFP_6410,SKU_259,matching,0.7450380384922028,0.8,0.48346012830734253,1.0
RFP_6411,SKU_252,partially matching,0.6561726927757263,0.6,0.5205756425857544,1.0
RFP_6412,SKU_265,matching,0.7509225904941559,0.8,0.5030753016471863,1.0
RFP_6413,SKU_300,matching,0.7700696110725402,0.8,0.5668987035751343,1.0
RFP_6414,SKU_217,partially matching,0.6016699176568252,0.5384615384615384,0.441463828086853,1.0
RFP_6415,SKU_146,partially matching,0.5984220981597901,0.8,0.6614069938659668,0.0
RFP_6416,SKU_105,partially matching,0.7026356334036046,0.6363636363636364,0.6148460507392883,1.0
RFP_6417,SKU_256,partially matching,0.6674574071710759,0.6363636363636364,0.4975852966308594,1.0
RFP_6418,SKU_254,partially matching,0.6988471746444702,0.6,0.6628239154815674,1.0
RFP_6419,SKU_225,matching,0.7681879130693583,0.6923076923076923,0.7401135563850403,1.0
RFP_6420,SKU_291,partially matching,0.5749721705913544,0.4,0.5832405686378479,1.0
RFP_6421,SKU_288,matching,0.7390438209880481,0.7272727272727273,0.5846915245056152,1.0
RFP_6422,SKU_225,partially matching,0.7180207133293153,0.6,0.7267357110977173,1.0
RFP_6423,SKU_230,partially matching,0.6181797764518044,0.45454545454545453,0.6363568305969238,1.0
RFP_6424,SKU_286,partially matching,0.5525557319323222,0.3333333333333333,0.6196302175521851,1.0
RFP_6425,SKU_264,partially matching,0.5517400741577149,0.8,0.5058002471923828,0.0
RFP_6426,SKU_201,partially matching,0.6253536444443923,0.5384615384615384,0.5204095840454102,1.0
RFP_6427,SKU_236,matching,0.8138997121290727,0.9090909090909091,0.5311808586120605,1.0
RFP_6428,SKU_135,matching,0.725428226360908,0.6923076923076923,0.5975812673568726,1.0
RFP_6429,SKU_176,matching,0.8077256441116334,0.8,0.6924188137054443,1.0
RFP_6430,SKU_280,partially matching,0.660888950030009,0.5833333333333334,0.5640742778778076,1.0
RFP_6431,SKU_154,partially matching,0.5209512790044148,0.6666666666666666,0.6253931522369385,0.0
RFP_6432,SKU_274,partially matching,0.6942773898442587,0.6666666666666666,0.536480188369751,1.0
RFP_6433,SKU_248,partially matching,0.6749317862770774,0.5454545454545454,0.6740150451660156,1.0
RFP_6434,SKU_252,partially matching,0.6027846038341522,0.8,0.6759486794471741,0.0
RFP_6435,SKU_185,matching,0.8492985367774963,0.9,0.6643284559249878,1.0
RFP_6436,SKU_253,partially matching,0.5847252721969898,0.38461538461538464,0.641391932964325,1.0
RFP_6437,SKU_102,matching,0.7532320221265156,0.6666666666666666,0.7329956293106079,1.0
RFP_6438,SKU_221,matching,0.7853735354813662,0.8181818181818182,0.5876087546348572,1.0
RFP_6439,SKU_185,matching,0.765211774002422,0.7272727272727273,0.6719180345535278,1.0
RFP_6440,SKU_153,partially matching,0.46619949584657494,0.6363636363636364,0.4933922588825226,0.0
RFP_6441,SKU_257,matching,0.7849364876747131,0.8,0.6164549589157104,1.0
RFP_6442,SKU_272,matching,0.7241986751556395,0.7,0.5806622505187988,1.0
RFP_6443,SKU_257,partially matching,0.69801899989446,0.6666666666666666,0.5489522218704224,1.0
RFP_6444,SKU_105,matching,0.754169691692699,0.7272727272727273,0.6351110935211182,1.0
RFP_6445,SKU_233,partially matching,0.529611470301946,0.6666666666666666,0.6542604565620422,0.0
RFP_6446,SKU_288,partially matching,0.602899432182312,0.5,0.50966477394104,1.0
RFP_6447,SKU_218,partially matching,0.6031885743141174,0.5,0.5106285810470581,1.0
RFP_6448,SKU_248,partially matching,0.547245329618454,0.75,0.5741510987281799,0.0
RFP_6449,SKU_185,partially matching,0.6258571348407052,0.45454545454545453,0.661948025226593,1.0
RFP_6450,SKU_206,matching,0.7687503841790286,0.8181818181818182,0.5321982502937317,1.0
RFP_6451,SKU_146,partially matching,0.4788481454054515,0.5833333333333334,0.623938262462616,0.0
RFP_6452,SKU_250,matching,0.7331237923015248,0.7272727272727273,0.5649580955505371,1.0
RFP_6453,SKU_276,matching,0.8571851611137391,0.9,0.6906172037124634,1.0
RFP_6454,SKU_259,partially matching,0.4874577840169271,0.6666666666666666,0.5137481689453125,0.0
RFP_6455,SKU_183,partially matching,0.597944978872935,0.8333333333333334,0.604261040687561,0.0
RFP_6456,SKU_222,partially matching,0.6422765652338664,0.8333333333333334,0.752032995223999,0.0
RFP_6457,SKU_298,partially matching,0.5349451065063476,0.7,0.6164836883544922,0.0
RFP_6458,SKU_170,partially matching,0.5101355214913685,0.6666666666666666,0.5893406271934509,0.0
RFP_6459,SKU_186,partially matching,0.6838102285678571,0.6153846153846154,0.587059736251831,1.0
RFP_6460,SKU_131,partially matching,0.5650202106345783,0.7272727272727273,0.6712794899940491,0.0
RFP_6461,SKU_111,partially matching,0.718861573934555,0.8,0.39620524644851685,1.0
RFP_6462,SKU_137,partially matching,0.4872483968734741,0.5,0.7908279895782471,0.0
RFP_6463,SKU_256,partially matching,0.681627374345606,0.6363636363636364,0.5448185205459595,1.0
RFP_6464,SKU_240,partially matching,0.689446783065796,0.6,0.6314892768859863,1.0
RFP_6465,SKU_152,matching,0.7799512099136006,0.7272727272727273,0.7210494875907898,1.0
RFP_6466,SKU_123,matching,0.7513454404744235,0.8181818181818182,0.47418177127838135,1.0
RFP_6467,SKU_176,matching,0.8173918691548434,0.8181818181818182,0.6943365335464478,1.0
RFP_6468,SKU_234,partially matching,0.5009460563009436,0.6363636363636364,0.6092141270637512,0.0
RFP_6469,SKU_282,partially matching,0.7034537081535046,0.6153846153846154,0.652538001537323,1.0
RFP_6470,SKU_162,partially matching,0.686940457423528,0.6666666666666666,0.5120237469673157,1.0
RFP_6471,SKU_284,partially matching,0.603747250025089,0.8461538461538461,0.602234423160553,0.0
RFP_6472,SKU_219,partially matching,0.5666915237903595,0.75,0.638971745967865,0.0
RFP_6473,SKU_228,partially matching,0.5930767377217612,0.4166666666666667,0.6158113479614258,1.0
RFP_6474,SKU_107,partially matching,0.4865674235604026,0.5454545454545454,0.7128005027770996,0.0
RFP_6475,SKU_202,partially matching,0.5867299189934364,0.7692307692307693,0.6737151145935059,0.0
RFP_6476,SKU_249,partially matching,0.533226490020752,0.7,0.6107549667358398,0.0
RFP_6477,SKU_188,matching,0.7227377067912708,0.7272727272727273,0.5303378105163574,1.0
RFP_6478,SKU_176,partially matching,0.7017644166946411,0.6,0.6725480556488037,1.0
RFP_6479,SKU_107,partially matching,0.6074016149227436,0.38461538461538464,0.7169797420501709,1.0
RFP_6480,SKU_252,partially matching,0.7019689445312207,0.6153846153846154,0.6475887894630432,1.0
RFP_6481,SKU_268,partially matching,0.5616939853538166,0.7272727272727273,0.66019207239151,0.0
RFP_6482,SKU_257,partially matching,0.6139297664165497,0.5,0.5464325547218323,1.0
RFP_6483,SKU_173,partially matching,0.5562093913555145,0.7,0.6873646378517151,0.0
RFP_6484,SKU_268,matching,0.769459891319275,0.8,0.564866304397583,1.0
RFP_6485,SKU_257,partially matching,0.6480157115242697,0.5454545454545454,0.5842947959899902,1.0
RFP_6486,SKU_132,partially matching,0.7172342181205749,0.75,0.4741140604019165,1.0
RFP_6487,SKU_183,matching,0.8199259678522746,0.8333333333333334,0.6775310039520264,1.0
RFP_6488,SKU_299,partially matching,0.6827586611111959,0.6666666666666666,0.4980844259262085,1.0
RFP_6489,SKU_274,matching,0.8252830608324571,0.9090909090909091,0.5691253542900085,1.0
RFP_6490,SKU_155,matching,0.8730191267453706,0.9230769230769231,0.7049355506896973,1.0
RFP_6491,SKU_118,matching,0.7254492998123168,0.7,0.5848309993743896,1.0
RFP_6492,SKU_158,matching,0.771950227022171,0.75,0.6565007567405701,1.0
RFP_6493,SKU_285,partially matching,0.6492998778820038,0.5,0.664332926273346,1.0
RFP_6494,SKU_247,partially matching,0.717716606458028,0.6666666666666666,0.6146109104156494,1.0
RFP_6495,SKU_172,partially matching,0.6790044365020899,0.6923076923076923,0.4428353011608124,1.0
RFP_6496,SKU_218,partially matching,0.5697751535309685,0.4444444444444444,0.4918431043624878,1.0
RFP_6497,SKU_211,matching,0.8230368296305339,0.8333333333333334,0.6879005432128906,1.0
RFP_6498,SKU_224,matching,0.8065610280403723,0.7692307692307693,0.739818811416626,1.0
RFP_6499,SKU_261,partially matching,0.6948218757456,0.6363636363636364,0.5888001918792725,1.0
RFP_6500,SKU_277,partially matching,0.5984872303225777,0.45454545454545453,0.5707150101661682,1.0
RFP_6501,SKU_139,partially matching,0.5750333081592213,0.7272727272727273,0.7046564817428589,0.0
RFP_6502,SKU_193,partially matching,0.6398487279812495,0.5833333333333334,0.49394020438194275,1.0
RFP_6503,SKU_259,partially matching,0.626699153582255,0.8333333333333334,0.7001082897186279,0.0
RFP_6504,SKU_115,partially matching,0.681802479245446,0.5454545454545454,0.6969173550605774,1.0
RFP_6505,SKU_185,partially matching,0.6714937806129455,0.9,0.7383126020431519,0.0
RFP_6506,SKU_228,matching,0.7747598111629486,0.8,0.5825327038764954,1.0
RFP_6507,SKU_190,matching,0.7247470875581106,0.6666666666666666,0.6380458474159241,1.0
RFP_6508,SKU_290,partially matching,0.609117865562439,0.5,0.5303928852081299,1.0
RFP_6509,SKU_185,partially matching,0.5128800471623738,0.6666666666666666,0.5984890460968018,0.0
RFP_6510,SKU_248,partially matching,0.649466335773468,0.5,0.6648877859115601,1.0
RFP_6511,SKU_206,partially matching,0.7194557785987854,0.7,0.5648525953292847,1.0
RFP_6512,SKU_184,partially matching,0.560605867092426,0.8461538461538461,0.45842981338500977,0.0
RFP_6513,SKU_212,partially matching,0.6154148578643799,0.8,0.7180495262145996,0.0
RFP_6514,SKU_293,matching,0.7432378839362752,0.7272727272727273,0.5986717343330383,1.0
RFP_6515,SKU_211,matching,0.8299742295191839,0.8461538461538461,0.6896576881408691,1.0
RFP_6516,SKU_188,partially matching,0.6602453772838299,0.6153846153846154,0.5085102319717407,1.0
RFP_6517,SKU_176,partially matching,0.6883107781410218,0.6,0.6277025938034058,1.0
RFP_6518,SKU_199,matching,0.7475443314422261,0.7272727272727273,0.6130265593528748,1.0
RFP_6519,SKU_162,matching,0.7342917442321777,0.75,0.5309724807739258,1.0
RFP_6520,SKU_176,partially matching,0.6684098046559555,0.5384615384615384,0.6639301180839539,1.0
RFP_6521,SKU_278,matching,0.7962685465812682,0.75,0.737561821937561,1.0
RFP_6522,SKU_277,partially matching,0.6784323448484595,0.6363636363636364,0.5341684222221375,1.0
RFP_6523,SKU_125,partially matching,0.5284422825683247,0.7272727272727273,0.5493530631065369,0.0
RFP_6524,SKU_158,partially matching,0.694453805143183,0.6363636363636364,0.5875732898712158,1.0
RFP_6525,SKU_238,partially matching,0.5749036252498627,0.75,0.6663454174995422,0.0
RFP_6526,SKU_141,partially matching,0.6307091295719147,0.5,0.6023637652397156,1.0
RFP_6527,SKU_176,matching,0.8081030130386353,0.8,0.6936767101287842,1.0
RFP_6528,SKU_144,matching,0.7336373101581226,0.7272727272727273,0.5666698217391968,1.0
RFP_6529,SKU_188,partially matching,0.7140927910804749,0.7,0.5469759702682495,1.0
RFP_6530,SKU_277,partially matching,0.6779428963477796,0.6153846153846154,0.567501962184906,1.0
RFP_6531,SKU_155,partially matching,0.5958776050143771,0.7777777777777778,0.6899623870849609,0.0
RFP_6532,SKU_132,partially matching,0.62982483903567,0.5833333333333334,0.460527241230011,1.0
RFP_6533,SKU_152,partially matching,0.6529149770736695,0.5,0.6763832569122314,1.0
RFP_6534,SKU_250,partially matching,0.637541029544977,0.9230769230769231,0.586675226688385,0.0
RFP_6535,SKU_234,partially matching,0.5631918013095856,0.8,0.5439726710319519,0.0
RFP_6536,SKU_259,matching,0.7406297326087952,0.75,0.5520991086959839,1.0
RFP_6537,SKU_257,matching,0.7746310642132392,0.7692307692307693,0.6333855986595154,1.0
RFP_6538,SKU_189,partially matching,0.6852773467699687,0.5833333333333334,0.6453689336776733,1.0
RFP_6539,SKU_288,matching,0.743844505915275,0.6923076923076923,0.6589688658714294,1.0
RFP_6540,SKU_137,partially matching,0.4437501927216848,0.4166666666666667,0.7847228646278381,0.0
RFP_6541,SKU_201,partially matching,0.6315206587314606,0.5,0.6050688624382019,1.0
RFP_6542,SKU_290,partially matching,0.7047481948679144,0.6363636363636364,0.6218879222869873,1.0
RFP_6543,SKU_257,matching,0.7423199355602264,0.75,0.5577331185340881,1.0
RFP_6544,SKU_152,partially matching,0.6170950022610752,0.8181818181818182,0.6933469772338867,0.0
RFP_6545,SKU_188,partially matching,0.7069482128728519,0.7272727272727273,0.4777061641216278,1.0
RFP_6546,SKU_225,partially matching,0.5649533858666054,0.7692307692307693,0.6011266708374023,0.0
RFP_6547,SKU_154,partially matching,0.4804857234160106,0.5833333333333334,0.6293968558311462,0.0
RFP_6548,SKU_267,partially matching,0.6501859525839488,0.5833333333333334,0.5283976197242737,1.0
RFP_6549,SKU_182,partially matching,0.569047075510025,0.75,0.6468235850334167,0.0
RFP_6550,SKU_276,partially matching,0.5151041348775227,0.6666666666666666,0.6059026718139648,0.0
RFP_6551,SKU_259,partially matching,0.6919295189472345,0.6923076923076923,0.48591890931129456,1.0
RFP_6552,SKU_274,matching,0.7466045856475829,0.75,0.5720152854919434,1.0
RFP_6553,SKU_119,matching,0.738533968817104,0.7272727272727273,0.5829920172691345,1.0
RFP_6554,SKU_176,matching,0.7716184626926075,0.7272727272727273,0.693273663520813,1.0
RFP_6555,SKU_206,partially matching,0.56918786076399,0.7692307692307693,0.6152415871620178,0.0
RFP_6556,SKU_123,matching,0.7304523299137751,0.8333333333333334,0.3792855441570282,1.0
RFP_6557,SKU_252,partially matching,0.6326837041161277,0.5454545454545454,0.5331881046295166,1.0
RFP_6558,SKU_237,partially matching,0.7100037455558776,0.7,0.5333458185195923,1.0
RFP_6559,SKU_201,matching,0.7871357560157777,0.8,0.6237858533859253,1.0
RFP_6560,SKU_257,matching,0.7871440974148838,0.8181818181818182,0.593510627746582,1.0
RFP_6561,SKU_160,partially matching,0.6080780854591956,0.7692307692307693,0.7448756694793701,0.0
RFP_6562,SKU_276,partially matching,0.6386543154716491,0.5,0.6288477182388306,1.0
RFP_6563,SKU_130,matching,0.752618110179901,0.7,0.6753937005996704,1.0
RFP_6564,SKU_280,partially matching,0.5089116124006418,0.6923076923076923,0.5425258874893188,0.0
RFP_6565,SKU_248,matching,0.7966778397560119,0.8,0.6555927991867065,1.0
RFP_6566,SKU_195,matching,0.8261005653784825,0.8461538461538461,0.6767454743385315,1.0
RFP_6567,SKU_130,partially matching,0.7028534134229023,0.6666666666666666,0.565066933631897,1.0
RFP_6568,SKU_250,partially matching,0.6473556377670981,0.5454545454545454,0.5820945501327515,1.0
RFP_6569,SKU_185,partially matching,0.5625959744820228,0.7692307692307693,0.593268632888794,0.0
RFP_6570,SKU_257,partially matching,0.7043456514676412,0.6666666666666666,0.5700410604476929,1.0
RFP_6571,SKU_154,partially matching,0.5416605976911691,0.6923076923076923,0.6516891717910767,0.0
RFP_6572,SKU_265,partially matching,0.6326787292957305,0.9,0.6089290976524353,0.0
RFP_6573,SKU_266,matching,0.765353536605835,0.8,0.5511784553527832,1.0
RFP_6574,SKU_135,matching,0.7332354079593311,0.7272727272727273,0.5653301477432251,1.0
RFP_6575,SKU_185,partially matching,0.6538385656144884,0.8888888888888888,0.6979804039001465,0.0
RFP_6576,SKU_130,partially matching,0.6512512544790905,0.5833333333333334,0.5319486260414124,1.0
RFP_6577,SKU_259,matching,0.7348760545253754,0.75,0.5329201817512512,1.0
RFP_6578,SKU_214,partially matching,0.6849105437596639,0.6666666666666666,0.5052573680877686,1.0
RFP_6579,SKU_286,partially matching,0.48086820642153427,0.5833333333333334,0.6306717991828918,0.0
RFP_6580,SKU_176,partially matching,0.568466067314148,0.7,0.7282202243804932,0.0
RFP_6581,SKU_152,matching,0.7623461782932281,0.7,0.7078205943107605,1.0
RFP_6582,SKU_101,matching,0.7537928899129231,0.6666666666666666,0.7348651885986328,1.0
RFP_6583,SKU_257,partially matching,0.5733646950938485,0.45454545454545453,0.48697322607040405,1.0
RFP_6584,SKU_107,partially matching,0.5936925237829036,0.36363636363636365,0.7062478065490723,1.0
RFP_6585,SKU_299,partially matching,0.6480299800634384,0.6,0.49343326687812805,1.0
RFP_6586,SKU_173,partially matching,0.6428444802761077,0.5,0.6428149342536926,1.0
RFP_6587,SKU_293,partially matching,0.6294685222885825,0.5454545454545454,0.5224708318710327,1.0
RFP_6588,SKU_204,matching,0.8651636918385823,0.9166666666666666,0.6894345283508301,1.0
RFP_6589,SKU_238,partially matching,0.7030627886454264,0.5833333333333334,0.7046537399291992,1.0
RFP_6590,SKU_275,partially matching,0.6015398992941929,0.8461538461538461,0.5948765873908997,0.0
RFP_6591,SKU_228,matching,0.8046838502089182,0.8333333333333334,0.6267239451408386,1.0
RFP_6592,SKU_206,partially matching,0.5048162539800007,0.6666666666666666,0.5716097354888916,0.0
RFP_6593,SKU_272,matching,0.7398073077201843,0.7,0.6326910257339478,1.0
RFP_6594,SKU_107,matching,0.7635866013857033,0.6923076923076923,0.7247758507728577,1.0
RFP_6595,SKU_195,matching,0.7576487898826598,0.7,0.6921626329421997,1.0
RFP_6596,SKU_254,matching,0.8002690306076636,0.7692307692307693,0.7188454866409302,1.0
RFP_6597,SKU_125,matching,0.7616655539382589,0.7272727272727273,0.6600973010063171,1.0
RFP_6598,SKU_273,partially matching,0.6989166433160956,0.6363636363636364,0.6024494171142578,1.0
RFP_6599,SKU_250,matching,0.8203678011894227,0.9,0.5678926706314087,1.0
RFP_6600,SKU_185,matching,0.7691588750252356,0.7692307692307693,0.6151449680328369,1.0
RFP_6601,SKU_163,matching,0.7569204119118778,0.8181818181818182,0.49276500940322876,1.0
RFP_6602,SKU_261,partially matching,0.638510690132777,0.8333333333333334,0.7394800782203674,0.0
RFP_6603,SKU_162,partially matching,0.7022428631782531,0.7,0.5074762105941772,1.0
RFP_6604,SKU_233,partially matching,0.6105218556794254,0.8181818181818182,0.6714364886283875,0.0
RFP_6605,SKU_228,partially matching,0.6127873579661052,0.8333333333333334,0.6537356376647949,0.0
RFP_6606,SKU_152,partially matching,0.6048005786809054,0.8181818181818182,0.6523655652999878,0.0
RFP_6607,SKU_101,matching,0.773709374666214,0.7,0.7456979155540466,1.0
RFP_6608,SKU_210,matching,0.7936979949474334,0.8,0.6456599831581116,1.0
RFP_6609,SKU_296,partially matching,0.6166960557301839,0.4166666666666667,0.694542407989502,1.0
RFP_6610,SKU_206,partially matching,0.6708010856921856,0.6153846153846154,0.5436959266662598,1.0
RFP_6611,SKU_131,partially matching,0.6493579030036927,0.9,0.6645263433456421,0.0
RFP_6612,SKU_176,partially matching,0.7134358366330464,0.6666666666666666,0.6003416776657104,1.0
RFP_6613,SKU_251,partially matching,0.6988125199621373,0.6363636363636364,0.6021023392677307,1.0
RFP_6614,SKU_191,partially matching,0.6139545394824102,0.8461538461538461,0.6362587213516235,0.0
RFP_6615,SKU_254,matching,0.7216365814208985,0.6,0.7387886047363281,1.0
RFP_6616,SKU_204,matching,0.8121332195672122,0.8181818181818182,0.676807701587677,1.0
RFP_6617,SKU_115,matching,0.7454760213692984,0.6666666666666666,0.7071422934532166,1.0
RFP_6618,SKU_189,partially matching,0.7067965621298009,0.6363636363636364,0.6287158131599426,1.0
RFP_6619,SKU_276,partially matching,0.5472728734666652,0.36363636363636365,0.5515156388282776,1.0
RFP_6620,SKU_183,partially matching,0.5963536679744721,0.8,0.6545122265815735,0.0
RFP_6621,SKU_189,partially matching,0.6929741064707438,0.5833333333333334,0.6710247993469238,1.0
RFP_6622,SKU_252,partially matching,0.592136045477607,0.45454545454545453,0.5495443940162659,1.0
RFP_6623,SKU_147,partially matching,0.5287000556786855,0.6666666666666666,0.6512224078178406,0.0
RFP_6624,SKU_276,partially matching,0.5857582807540893,0.4,0.6191942691802979,1.0
RFP_6625,SKU_176,partially matching,0.6117983818054199,0.8,0.7059946060180664,0.0
RFP_6626,SKU_176,partially matching,0.6863646030426025,0.6,0.6212153434753418,1.0
RFP_6627,SKU_228,partially matching,0.6992842142398541,0.6153846153846154,0.6386396884918213,1.0
RFP_6628,SKU_228,matching,0.7230642437934875,0.7,0.5768808126449585,1.0
RFP_6629,SKU_273,matching,0.7325531303882598,0.7,0.608510434627533,1.0
RFP_6630,SKU_293,matching,0.7709900379180907,0.8,0.5699667930603027,1.0
RFP_6631,SKU_281,partially matching,0.7023898561795552,0.6666666666666666,0.5635217428207397,1.0
RFP_6632,SKU_252,partially matching,0.649694644080268,0.5555555555555556,0.5730562210083008,1.0
RFP_6633,SKU_137,partially matching,0.5399635438735668,0.6153846153846154,0.7742374539375305,0.0
RFP_6634,SKU_259,partially matching,0.6128125694665042,0.8181818181818182,0.6790722012519836,0.0
RFP_6635,SKU_240,partially matching,0.4644133069298484,0.5454545454545454,0.638953447341919,0.0
RFP_6636,SKU_267,partially matching,0.5741405387719472,0.4166666666666667,0.5526906847953796,1.0
RFP_6637,SKU_210,partially matching,0.7015523964708501,0.6363636363636364,0.6112352609634399,1.0
RFP_6638,SKU_277,partially matching,0.6296689331531524,0.5,0.5988964438438416,1.0
RFP_6639,SKU_206,matching,0.7443556299576393,0.7692307692307693,0.5324674844741821,1.0
RFP_6640,SKU_102,matching,0.7568703185428272,0.7272727272727273,0.6441131830215454,1.0
RFP_6641,SKU_152,partially matching,0.6267559660805596,0.4444444444444444,0.681779146194458,1.0
RFP_6642,SKU_259,matching,0.7613282909760108,0.7692307692307693,0.5890430212020874,1.0
RFP_6643,SKU_250,matching,0.7707620143890381,0.8,0.569206714630127,1.0
RFP_6644,SKU_193,partially matching,0.5951752424240113,0.5,0.4839174747467041,1.0
RFP_6645,SKU_260,partially matching,0.6230032823302529,0.45454545454545453,0.6524351835250854,1.0
RFP_6646,SKU_102,matching,0.8056666135787964,0.75,0.7688887119293213,1.0
RFP_6647,SKU_274,partially matching,0.5878983894983928,0.8333333333333334,0.5707724094390869,0.0
RFP_6648,SKU_179,partially matching,0.700686115026474,0.75,0.41895371675491333,1.0
RFP_6649,SKU_182,partially matching,0.5540019333362579,0.7,0.6800064444541931,0.0
RFP_6650,SKU_147,partially matching,0.508663417895635,0.6666666666666666,0.5844336152076721,0.0
RFP_6651,SKU_257,partially matching,0.6229520776055075,0.5454545454545454,0.5007493495941162,1.0
RFP_6652,SKU_206,matching,0.7791517582806675,0.8181818181818182,0.5668694972991943,1.0
RFP_6653,SKU_252,partially matching,0.6634755253791809,0.6,0.544918417930603,1.0
RFP_6654,SKU_246,partially matching,0.577872352875196,0.7692307692307693,0.6441898941993713,0.0
RFP_6655,SKU_160,partially matching,0.5106194992860158,0.6666666666666666,0.5909538865089417,0.0
RFP_6656,SKU_252,matching,0.7340633121820597,0.6923076923076923,0.6263648867607117,1.0
RFP_6657,SKU_232,matching,0.7529081523418426,0.75,0.5930271744728088,1.0
RFP_6658,SKU_288,partially matching,0.6783975700537364,0.5833333333333334,0.6224363446235657,1.0
RFP_6659,SKU_274,matching,0.7751575390497845,0.8333333333333334,0.5283029079437256,1.0
RFP_6660,SKU_199,matching,0.8111963524268224,0.8461538461538461,0.6270647644996643,1.0
RFP_6661,SKU_137,partially matching,0.44838555638606736,0.46153846153846156,0.7253877520561218,0.0
RFP_6662,SKU_299,matching,0.7381464591393103,0.7692307692307693,0.5117702484130859,1.0
RFP_6663,SKU_251,partially matching,0.45811226963996887,0.6,0.5270408987998962,0.0
RFP_6664,SKU_176,partially matching,0.6797593057155609,0.6,0.5991976857185364,1.0
RFP_6665,SKU_206,matching,0.7259086500514638,0.7272727272727273,0.540907621383667,1.0
RFP_6666,SKU_259,partially matching,0.6958241045475007,0.7,0.4860803484916687,1.0
RFP_6667,SKU_280,partially matching,0.5897900342941285,0.8,0.6326334476470947,0.0
RFP_6668,SKU_190,matching,0.85006276567777,0.9166666666666666,0.6390981078147888,1.0
RFP_6669,SKU_152,matching,0.7974176757865481,0.7777777777777778,0.695095956325531,1.0
RFP_6670,SKU_272,matching,0.7931130409240723,0.8,0.6437101364135742,1.0
RFP_6671,SKU_252,partially matching,0.6289926984093406,0.5454545454545454,0.5208847522735596,1.0
RFP_6672,SKU_102,matching,0.8610650701956315,0.9090909090909091,0.6883987188339233,1.0
RFP_6673,SKU_163,partially matching,0.6618675251801809,0.6666666666666666,0.42844730615615845,1.0
RFP_6674,SKU_250,partially matching,0.5404429937784488,0.38461538461538464,0.4937843382358551,1.0
RFP_6675,SKU_185,matching,0.8155404309431713,0.8333333333333334,0.6629125475883484,1.0
RFP_6676,SKU_130,partially matching,0.5369035402933757,0.3333333333333333,0.5674562454223633,1.0
RFP_6677,SKU_206,partially matching,0.7006973644097645,0.6666666666666666,0.5578801035881042,1.0
RFP_6678,SKU_217,partially matching,0.6956633945306142,0.6666666666666666,0.5411002039909363,1.0
RFP_6679,SKU_293,matching,0.8063068463252141,0.8461538461538461,0.6107664108276367,1.0
RFP_6680,SKU_214,matching,0.7653189805420963,0.8181818181818182,0.5207602381706238,1.0
RFP_6681,SKU_206,partially matching,0.6963613768418631,0.6666666666666666,0.5434268116950989,1.0
RFP_6682,SKU_277,matching,0.7830016580494967,0.8181818181818182,0.5797024965286255,1.0
RFP_6683,SKU_137,partially matching,0.5394316684116016,0.7272727272727273,0.5859843492507935,0.0
RFP_6684,SKU_107,matching,0.7806708287109028,0.7272727272727273,0.7234482169151306,1.0
RFP_6685,SKU_193,matching,0.7469801178345314,0.7692307692307693,0.5412157773971558,1.0
RFP_6686,SKU_234,matching,0.722052103281021,0.7,0.5735070109367371,1.0
RFP_6687,SKU_300,partially matching,0.6102435866991679,0.8333333333333334,0.6452564001083374,0.0
RFP_6688,SKU_228,matching,0.7935187784108249,0.8181818181818182,0.6147595643997192,1.0
RFP_6689,SKU_184,partially matching,0.5085159162680308,0.3333333333333333,0.4728308320045471,1.0
RFP_6690,SKU_121,partially matching,0.6386545658111573,0.5,0.6288485527038574,1.0
RFP_6691,SKU_160,partially matching,0.506762516957063,0.6153846153846154,0.6635673642158508,0.0
RFP_6692,SKU_225,partially matching,0.4219437837600708,0.4,0.7398126125335693,0.0
RFP_6693,SKU_124,matching,0.8024680495262146,0.8,0.6748934984207153,1.0
RFP_6694,SKU_176,partially matching,0.6401015355036809,0.8461538461538461,0.7234153747558594,0.0
RFP_6695,SKU_185,partially matching,0.5951212286949158,0.4,0.6504040956497192,1.0
RFP_6696,SKU_185,partially matching,0.668576427300771,0.9166666666666666,0.7008103132247925,0.0
RFP_6697,SKU_268,partially matching,0.7156399337144999,0.6923076923076923,0.564953625202179,1.0
RFP_6698,SKU_152,partially matching,0.6985346794128418,0.6,0.6617822647094727,1.0
RFP_6699,SKU_252,partially matching,0.5454457695667561,0.38461538461538464,0.5104602575302124,1.0
RFP_6700,SKU_195,matching,0.8188286582628885,0.8333333333333334,0.6738733053207397,1.0
RFP_6701,SKU_234,partially matching,0.6338575103066184,0.5454545454545454,0.5371007919311523,1.0
RFP_6702,SKU_210,partially matching,0.6909929697330182,0.6153846153846154,0.6110022068023682,1.0
RFP_6703,SKU_237,partially matching,0.6643741731460278,0.6153846153846154,0.5222728848457336,1.0
RFP_6704,SKU_190,partially matching,0.5184491688554937,0.6363636363636364,0.6675578355789185,0.0
RFP_6705,SKU_232,partially matching,0.538743788545782,0.36363636363636365,0.523085355758667,1.0
RFP_6706,SKU_272,matching,0.828194233444002,0.8888888888888888,0.6124992966651917,1.0
RFP_6707,SKU_121,partially matching,0.6602370858192443,0.5,0.700790286064148,1.0
RFP_6708,SKU_276,partially matching,0.6342865846373817,0.45454545454545453,0.6900461912155151,1.0
RFP_6709,SKU_185,partially matching,0.5524278700351715,0.7,0.674759566783905,0.0
RFP_6710,SKU_228,partially matching,0.5561846907322223,0.38461538461538464,0.5462566614151001,1.0
RFP_6711,SKU_293,partially matching,0.5970308482646942,0.5,0.4901028275489807,1.0
RFP_6712,SKU_176,partially matching,0.5452346991408955,0.7272727272727273,0.6053277850151062,0.0
RFP_6713,SKU_236,partially matching,0.6056032240390777,0.9,0.5186774134635925,0.0
RFP_6714,SKU_206,partially matching,0.7140145778656006,0.7,0.546715259552002,1.0
RFP_6715,SKU_265,partially matching,0.715895266424526,0.7272727272727273,0.5075296759605408,1.0
RFP_6716,SKU_107,matching,0.768383902311325,0.7,0.7279463410377502,1.0
RFP_6717,SKU_272,partially matching,0.7039257590587322,0.6153846153846154,0.6541115045547485,1.0
RFP_6718,SKU_167,partially matching,0.6212660551071167,0.5,0.5708868503570557,1.0
RFP_6719,SKU_102,matching,0.791674941778183,0.75,0.7222498059272766,1.0
RFP_6720,SKU_290,matching,0.7365663766860961,0.7,0.6218879222869873,1.0
RFP_6721,SKU_210,matching,0.7492486249316823,0.7272727272727273,0.618707537651062,1.0
RFP_6722,SKU_251,partially matching,0.5551139703163734,0.7692307692307693,0.5683286190032959,0.0
RFP_6723,SKU_191,partially matching,0.5544599522243847,0.2727272727272727,0.7269877195358276,1.0
RFP_6724,SKU_158,partially matching,0.6951183671301062,0.6363636363636364,0.5897884964942932,1.0
RFP_6725,SKU_124,partially matching,0.7175419205969029,0.6363636363636364,0.6645336747169495,1.0
RFP_6726,SKU_115,matching,0.7805419325828553,0.75,0.6851397752761841,1.0
RFP_6727,SKU_107,partially matching,0.5270583817592034,0.23076923076923078,0.7055792212486267,1.0
RFP_6728,SKU_106,matching,0.8011920942501589,0.9090909090909091,0.4888221323490143,1.0
RFP_6729,SKU_206,matching,0.7892864326635998,0.8333333333333334,0.5753992199897766,1.0
RFP_6730,SKU_173,partially matching,0.7125470940883343,0.6153846153846154,0.6828492879867554,1.0
RFP_6731,SKU_278,matching,0.7725158761848103,0.7272727272727273,0.6962650418281555,1.0
RFP_6732,SKU_252,partially matching,0.5785532236099243,0.4,0.595177412033081,1.0
RFP_6733,SKU_272,matching,0.7500594030727039,0.7272727272727273,0.6214101314544678,1.0
RFP_6734,SKU_233,matching,0.9119233727455138,1.0,0.7064112424850464,1.0
RFP_6735,SKU_215,partially matching,0.5116821700876409,0.6363636363636364,0.6450011730194092,0.0
RFP_6736,SKU_135,partially matching,0.5006942250511863,0.5454545454545454,0.7598898410797119,0.0
RFP_6737,SKU_272,matching,0.8025863614949313,0.8181818181818182,0.6449848413467407,1.0
RFP_6738,SKU_213,matching,0.7693606078624726,0.75,0.6478686928749084,1.0
RFP_6739,SKU_105,matching,0.7289503415425618,0.6666666666666666,0.6520566940307617,1.0
RFP_6740,SKU_278,partially matching,0.6000894482319172,0.38461538461538464,0.6926058530807495,1.0
RFP_6741,SKU_299,matching,0.7592171788215638,0.8,0.5307239294052124,1.0
RFP_6742,SKU_277,matching,0.7942578355471293,0.8333333333333334,0.5919705629348755,1.0
RFP_6743,SKU_220,partially matching,0.5273441438491528,0.6153846153846154,0.7321727871894836,0.0
RFP_6744,SKU_236,partially matching,0.5722699085871379,0.8333333333333334,0.5186774730682373,0.0
RFP_6745,SKU_220,matching,0.8430633107821146,0.8333333333333334,0.7546554803848267,1.0
RFP_6746,SKU_160,partially matching,0.5834137022495269,0.75,0.6947123408317566,0.0
RFP_6747,SKU_198,partially matching,0.7122640673930829,0.6153846153846154,0.6819058656692505,1.0
RFP_6748,SKU_259,partially matching,0.6887939006090165,0.7,0.46264633536338806,1.0
RFP_6749,SKU_132,partially matching,0.5751557687918345,0.8333333333333334,0.5282970070838928,0.0
RFP_6750,SKU_185,matching,0.8238934901627628,0.8181818181818182,0.7160086035728455,1.0
RFP_6751,SKU_248,partially matching,0.7111143295581523,0.6153846153846154,0.6780734062194824,1.0
RFP_6752,SKU_141,partially matching,0.6184980473735116,0.45454545454545453,0.637417733669281,1.0
RFP_6753,SKU_185,partially matching,0.6442900619723579,0.45454545454545453,0.7233911156654358,1.0
RFP_6754,SKU_259,partially matching,0.653723269701004,0.9,0.6790775656700134,0.0
RFP_6755,SKU_257,matching,0.772586041688919,0.8,0.5752868056297302,1.0
RFP_6756,SKU_137,partially matching,0.43596231341362,0.4,0.7865410447120667,0.0
RFP_6757,SKU_195,matching,0.7458796858787535,0.7,0.6529322862625122,1.0
RFP_6758,SKU_176,partially matching,0.7073898141200725,0.6153846153846154,0.6656583547592163,1.0
RFP_6759,SKU_251,partially matching,0.6170694245741918,0.8461538461538461,0.6466416716575623,0.0
RFP_6760,SKU_191,partially matching,0.6544512887795766,0.9166666666666666,0.6537265181541443,0.0
RFP_6761,SKU_154,matching,0.7550827920436858,0.7,0.6836093068122864,1.0
RFP_6762,SKU_293,partially matching,0.6717374975031072,0.6363636363636364,0.5118522644042969,1.0
RFP_6763,SKU_162,partially matching,0.6958047298284677,0.6923076923076923,0.4988362789154053,1.0
RFP_6764,SKU_240,partially matching,0.6243470332839272,0.45454545454545453,0.6569143533706665,1.0
RFP_6765,SKU_125,matching,0.7442588269710539,0.7,0.6475294232368469,1.0
RFP_6766,SKU_257,matching,0.7981153885523478,0.8333333333333334,0.6048290729522705,1.0
RFP_6767,SKU_186,matching,0.7579222023487091,0.75,0.609740674495697,1.0
RFP_6768,SKU_299,partially matching,0.5689218662001869,0.45454545454545453,0.4721637964248657,1.0
RFP_6769,SKU_233,matching,0.7531429290771483,0.7,0.6771430969238281,1.0
RFP_6770,SKU_211,matching,0.8647681236267091,0.9,0.7158937454223633,1.0
RFP_6771,SKU_298,partially matching,0.5466230284083973,0.7272727272727273,0.6099555492401123,0.0
RFP_6772,SKU_252,partially matching,0.6227979183197021,0.5,0.5759930610656738,1.0
RFP_6773,SKU_188,matching,0.8389747364954514,0.9090909090909091,0.6147642731666565,1.0
RFP_6774,SKU_219,partially matching,0.539796860109676,0.7272727272727273,0.5872016549110413,0.0
RFP_6775,SKU_189,partially matching,0.5866718425200536,0.8461538461538461,0.5453163981437683,0.0
RFP_6776,SKU_195,partially matching,0.5442182719707489,0.7,0.6473942399024963,0.0
RFP_6777,SKU_147,matching,0.7489999890327452,0.7,0.6633332967758179,1.0
RFP_6778,SKU_162,partially matching,0.6493654876947403,0.6,0.49788495898246765,1.0
RFP_6779,SKU_233,matching,0.7353303869565329,0.6666666666666666,0.6733235120773315,1.0
RFP_6780,SKU_132,partially matching,0.7106840293515813,0.7272727272727273,0.49015888571739197,1.0
RFP_6781,SKU_151,partially matching,0.5965916514396667,0.8,0.6553055047988892,0.0
RFP_6782,SKU_253,matching,0.7352109571297962,0.6666666666666666,0.6729254126548767,1.0
RFP_6783,SKU_155,partially matching,0.5028701841831207,0.6,0.6762339472770691,0.0
RFP_6784,SKU_171,matching,0.79824640750885,0.9,0.494154691696167,1.0
RFP_6785,SKU_220,partially matching,0.7087149143218994,0.6,0.695716381072998,1.0
RFP_6786,SKU_107,partially matching,0.4909617581150748,0.5454545454545454,0.7274482846260071,0.0
RFP_6787,SKU_250,partially matching,0.6379344680092551,0.5454545454545454,0.5506906509399414,1.0
RFP_6788,SKU_275,matching,0.772120589017868,0.8,0.5737352967262268,1.0
RFP_6789,SKU_104,matching,0.8101040823893113,0.9090909090909091,0.5185287594795227,1.0
RFP_6790,SKU_176,partially matching,0.5654620170593262,0.75,0.6348733901977539,0.0
RFP_6791,SKU_115,partially matching,0.7032965660095214,0.6,0.6776552200317383,1.0
RFP_6792,SKU_243,matching,0.7465650390494953,0.7272727272727273,0.6097622513771057,1.0
RFP_6793,SKU_259,partially matching,0.5214426338672637,0.7,0.5714754462242126,0.0
RFP_6794,SKU_163,partially matching,0.6843389481306076,0.7,0.447796493768692,1.0
RFP_6795,SKU_152,partially matching,0.5416570214124826,0.6923076923076923,0.6516772508621216,0.0
RFP_6796,SKU_124,partially matching,0.674266598441384,0.5454545454545454,0.6717977523803711,1.0
RFP_6797,SKU_277,matching,0.8030806223551432,0.8333333333333334,0.6213798522949219,1.0
RFP_6798,SKU_272,matching,0.7450134168971669,0.7272727272727273,0.6045901775360107,1.0
RFP_6799,SKU_140,matching,0.7286671181519826,0.6666666666666666,0.6511126160621643,1.0
RFP_6800,SKU_176,matching,0.7408725281556447,0.6666666666666666,0.6917973160743713,1.0
RFP_6801,SKU_227,matching,0.8155134850078158,0.7777777777777778,0.7554153203964233,1.0
RFP_6802,SKU_299,matching,0.7344146302113166,0.7692307692307693,0.4993308186531067,1.0
RFP_6803,SKU_146,partially matching,0.6165221287653997,0.8461538461538461,0.6448173522949219,0.0
RFP_6804,SKU_250,matching,0.7257153570652009,0.7,0.5857178568840027,1.0
RFP_6805,SKU_115,partially matching,0.6907031815785628,0.5384615384615384,0.7382413744926453,1.0
RFP_6806,SKU_107,partially matching,0.6405479449492235,0.46153846153846156,0.6992623805999756,1.0
RFP_6807,SKU_178,partially matching,0.5858414484904363,0.8461538461538461,0.542548418045044,0.0
RFP_6808,SKU_160,partially matching,0.5570214152336121,0.4,0.5234047174453735,1.0
RFP_6809,SKU_183,matching,0.839505273103714,0.9,0.6316842436790466,1.0
RFP_6810,SKU_125,partially matching,0.6191032469272613,0.5,0.5636774897575378,1.0
RFP_6811,SKU_296,partially matching,0.6099623198692615,0.38461538461538464,0.7255154252052307,1.0
RFP_6812,SKU_185,partially matching,0.578649998253042,0.36363636363636365,0.6561060547828674,1.0
RFP_6813,SKU_206,matching,0.8797183752059936,1.0,0.5990612506866455,1.0
RFP_6814,SKU_162,partially matching,0.6861175914605459,0.6666666666666666,0.5092808604240417,1.0
RFP_6815,SKU_160,partially matching,0.6341671911152926,0.8181818181818182,0.7502542734146118,0.0
RFP_6816,SKU_286,matching,0.7974236369132996,0.8,0.6580787897109985,1.0
RFP_6817,SKU_263,partially matching,0.618609897295634,0.8333333333333334,0.6731441020965576,0.0
RFP_6818,SKU_158,matching,0.7991883516311646,0.8,0.6639611721038818,1.0
RFP_6819,SKU_183,matching,0.7638027917255055,0.7272727272727273,0.6672214269638062,1.0
RFP_6820,SKU_176,matching,0.7458601008762014,0.7272727272727273,0.6074124574661255,1.0
RFP_6821,SKU_102,partially matching,0.5126091782863323,0.6153846153846154,0.6830562353134155,0.0
RFP_6822,SKU_284,partially matching,0.6713820154016668,0.6363636363636364,0.5106673240661621,1.0
RFP_6823,SKU_165,partially matching,0.65911075852134,0.5454545454545454,0.6212782859802246,1.0
RFP_6824,SKU_225,partially matching,0.5293428560098012,0.6666666666666666,0.6533650755882263,0.0
RFP_6825,SKU_152,matching,0.8219858864943186,0.8333333333333334,0.6843973994255066,1.0
RFP_6826,SKU_135,partially matching,0.6806613151843732,0.6153846153846154,0.5765633583068848,1.0
RFP_6827,SKU_288,partially matching,0.6543146290562369,0.5454545454545454,0.6052911877632141,1.0
RFP_6828,SKU_237,matching,0.7553574979305266,0.8,0.5178583264350891,1.0
RFP_6829,SKU_111,matching,0.7427241607354238,0.8461538461538461,0.39882412552833557,1.0
RFP_6830,SKU_261,partially matching,0.6216537846968724,0.8461538461538461,0.6619228720664978,0.0
RFP_6831,SKU_252,partially matching,0.5849822421868642,0.4166666666666667,0.5888296961784363,1.0
RFP_6832,SKU_125,matching,0.7723109662532806,0.75,0.6577032208442688,1.0
RFP_6833,SKU_252,partially matching,0.6165155020627109,0.8181818181818182,0.6914153099060059,0.0
RFP_6834,SKU_275,partially matching,0.6024590459736912,0.8181818181818182,0.6445604562759399,0.0
RFP_6835,SKU_153,matching,0.7302350342273711,0.8,0.43411678075790405,1.0
RFP_6836,SKU_160,partially matching,0.6212336421012878,0.8,0.7374454736709595,0.0
RFP_6837,SKU_105,partially matching,0.7037299925630742,0.6363636363636364,0.618493914604187,1.0
RFP_6838,SKU_200,partially matching,0.644081962108612,0.9,0.6469398736953735,0.0
RFP_6839,SKU_248,partially matching,0.4875301653688604,0.6363636363636364,0.5644944906234741,0.0
RFP_6840,SKU_300,partially matching,0.4702518443266551,0.5833333333333334,0.5952839255332947,0.0
RFP_6841,SKU_107,partially matching,0.6081477522850036,0.4,0.6938258409500122,1.0
RFP_6842,SKU_163,matching,0.7328323960304259,0.8,0.4427746534347534,1.0
RFP_6843,SKU_252,partially matching,0.6758920073509216,0.6,0.5863066911697388,1.0
RFP_6844,SKU_130,partially matching,0.6388429284095765,0.5,0.6294764280319214,1.0
RFP_6845,SKU_102,matching,0.7619599759578704,0.7,0.7065332531929016,1.0
RFP_6846,SKU_183,matching,0.855050230026245,0.9,0.6835007667541504,1.0
RFP_6847,SKU_217,partially matching,0.5797787100076675,0.5,0.43259570002555847,1.0
RFP_6848,SKU_166,partially matching,0.6038665811220805,0.8333333333333334,0.6239997148513794,0.0
RFP_6849,SKU_210,matching,0.7242439774366525,0.6923076923076923,0.593633770942688,1.0
RFP_6850,SKU_270,partially matching,0.7171065568923949,0.7,0.5570218563079834,1.0
RFP_6851,SKU_284,partially matching,0.5945121645927429,0.5,0.48170721530914307,1.0
RFP_6852,SKU_219,partially matching,0.5404439622705632,0.6363636363636364,0.7408738136291504,0.0
RFP_6853,SKU_189,matching,0.7568727254867553,0.75,0.6062424182891846,1.0
RFP_6854,SKU_195,partially matching,0.6348403356292032,0.45454545454545453,0.6918920278549194,1.0
RFP_6855,SKU_131,matching,0.8257412473360697,0.8333333333333334,0.6969152688980103,1.0
RFP_6856,SKU_252,partially matching,0.6547732867977836,0.5454545454545454,0.6068200469017029,1.0
RFP_6857,SKU_293,matching,0.7208450821729806,0.6923076923076923,0.5823041200637817,1.0
RFP_6858,SKU_150,partially matching,0.611084969685628,0.46153846153846156,0.601052463054657,1.0
RFP_6859,SKU_245,matching,0.7826060692469279,0.8333333333333334,0.5531313419342041,1.0
RFP_6860,SKU_189,partially matching,0.6792583048343659,0.6,0.5975276827812195,1.0
RFP_6861,SKU_249,partially matching,0.6111588266762821,0.8181818181818182,0.6735597252845764,0.0
RFP_6862,SKU_233,partially matching,0.6659806251525879,0.5,0.719935417175293,1.0
RFP_6863,SKU_261,partially matching,0.501521640474146,0.6363636363636364,0.6111327409744263,0.0
RFP_6864,SKU_293,partially matching,0.536434519290924,0.7,0.6214483976364136,0.0
RFP_6865,SKU_188,partially matching,0.5715906659762064,0.8333333333333334,0.5164133310317993,0.0
RFP_6866,SKU_158,partially matching,0.6816851496696472,0.6,0.6056171655654907,1.0
RFP_6867,SKU_176,partially matching,0.7027712995355779,0.6363636363636364,0.6152982711791992,1.0
RFP_6868,SKU_210,matching,0.7744461265477267,0.8181818181818182,0.5511840581893921,1.0
RFP_6869,SKU_206,partially matching,0.7177452396262776,0.7272727272727273,0.5136962532997131,1.0
RFP_6870,SKU_115,matching,0.7808559190143238,0.7272727272727273,0.7240651845932007,1.0
RFP_6871,SKU_189,partially matching,0.6563183228174845,0.5833333333333334,0.5488388538360596,1.0
RFP_6872,SKU_234,partially matching,0.6708053772266094,0.6153846153846154,0.5437102317810059,1.0
RFP_6873,SKU_112,partially matching,0.710826826095581,0.7,0.5360894203186035,1.0
RFP_6874,SKU_147,partially matching,0.5399522364139556,0.7,0.6331741213798523,0.0
RFP_6875,SKU_232,matching,0.7472711931575429,0.7272727272727273,0.6121160984039307,1.0
RFP_6876,SKU_253,partially matching,0.6984289109706878,0.6,0.6614297032356262,1.0
RFP_6877,SKU_252,partially matching,0.6749702219779674,0.6153846153846154,0.557593047618866,1.0
RFP_6878,SKU_206,matching,0.7700152337551116,0.8,0.5667174458503723,1.0
RFP_6879,SKU_281,partially matching,0.5320994615554809,0.7,0.6069982051849365,0.0
RFP_6880,SKU_163,matching,0.7708779315153758,0.8333333333333334,0.514037549495697,1.0
RFP_6881,SKU_115,matching,0.7552404880523682,0.7,0.6841349601745605,1.0
RFP_6882,SKU_252,partially matching,0.6355615534565666,0.5454545454545454,0.5427809357643127,1.0
RFP_6883,SKU_107,partially matching,0.507615069548289,0.5833333333333334,0.7198280096054077,0.0
RFP_6884,SKU_291,partially matching,0.6913966238498688,0.6,0.6379887461662292,1.0
RFP_6885,SKU_107,partially matching,0.5109646618366241,0.75,0.4532155394554138,0.0
RFP_6886,SKU_102,partially matching,0.6932129085063934,0.6,0.6440430283546448,1.0
RFP_6887,SKU_107,matching,0.7855123769153247,0.7272727272727273,0.7395867109298706,1.0
RFP_6888,SKU_220,partially matching,0.6727876961231232,0.5,0.7426256537437439,1.0
RFP_6889,SKU_293,partially matching,0.4473580222863417,0.5384615384615384,0.5937575101852417,0.0
RFP_6890,SKU_224,matching,0.8389200488726298,0.8333333333333334,0.7408446073532104,1.0
RFP_6891,SKU_259,partially matching,0.7103310704231263,0.75,0.4511035680770874,1.0
RFP_6892,SKU_209,partially matching,0.5255317767461141,0.6666666666666666,0.6406614780426025,0.0
RFP_6893,SKU_132,partially matching,0.65700432007963,0.6363636363636364,0.4627416729927063,1.0
RFP_6894,SKU_155,partially matching,0.5705688586601845,0.7692307692307693,0.619844913482666,0.0
RFP_6895,SKU_259,partially matching,0.483903586322611,0.6363636363636364,0.5524058938026428,0.0
RFP_6896,SKU_295,partially matching,0.689587547381719,0.6666666666666666,0.5208473801612854,1.0
RFP_6897,SKU_252,matching,0.7367131829261779,0.7,0.6223772764205933,1.0
RFP_6898,SKU_206,matching,0.7310543179512023,0.75,0.5201810598373413,1.0
RFP_6899,SKU_105,matching,0.7603860437870025,0.75,0.6179534792900085,1.0
RFP_6900,SKU_160,partially matching,0.5247953494389852,0.6666666666666666,0.6382067203521729,0.0
RFP_6901,SKU_257,partially matching,0.6263025283813477,0.5,0.5876750946044922,1.0
RFP_6902,SKU_204,matching,0.8242091516653698,0.8333333333333334,0.69180828332901,1.0
RFP_6903,SKU_225,partially matching,0.5157252450784047,0.6666666666666666,0.607973039150238,0.0
RFP_6904,SKU_248,matching,0.7587233673442493,0.7272727272727273,0.6502900123596191,1.0
RFP_6905,SKU_299,matching,0.812163321538405,0.9090909090909091,0.5253928899765015,1.0
RFP_6906,SKU_125,matching,0.741634633907905,0.6923076923076923,0.6516026258468628,1.0
RFP_6907,SKU_183,partially matching,0.6871717333793641,0.6,0.6239057779312134,1.0
RFP_6908,SKU_219,partially matching,0.5308092474937438,0.7,0.602697491645813,0.0
RFP_6909,SKU_146,partially matching,0.498411005964646,0.3076923076923077,0.48188284039497375,1.0
RFP_6910,SKU_138,partially matching,0.516472596847094,0.23076923076923078,0.6702932715415955,1.0
RFP_6911,SKU_125,matching,0.8203408598899842,0.8,0.7344695329666138,1.0
RFP_6912,SKU_284,partially matching,0.6332105384932625,0.5555555555555556,0.5181092023849487,1.0
RFP_6913,SKU_176,partially matching,0.6772998140917884,0.5555555555555556,0.6650734543800354,1.0
RFP_6914,SKU_115,matching,0.720897381955927,0.6363636363636364,0.6757185459136963,1.0
RFP_6915,SKU_105,partially matching,0.49815972393209285,0.6363636363636364,0.5999263525009155,0.0
RFP_6916,SKU_101,matching,0.7653700243343007,0.7272727272727273,0.67244553565979,1.0
RFP_6917,SKU_295,partially matching,0.7032982587814331,0.7,0.5109941959381104,1.0
RFP_6918,SKU_112,matching,0.8052885337309403,0.9090909090909091,0.5024769306182861,1.0
RFP_6919,SKU_259,partially matching,0.6109939455986022,0.5,0.5366464853286743,1.0
RFP_6920,SKU_236,partially matching,0.718363560329784,0.7272727272727273,0.5157573223114014,1.0
RFP_6921,SKU_102,matching,0.7202703555425007,0.6666666666666666,0.6231234073638916,1.0
RFP_6922,SKU_115,partially matching,0.6030167937278748,0.8,0.6767226457595825,0.0
RFP_6923,SKU_211,partially matching,0.6603550672531129,0.5,0.701183557510376,1.0
RFP_6924,SKU_252,partially matching,0.5363513832742517,0.36363636363636365,0.5151106715202332,1.0
RFP_6925,SKU_285,partially matching,0.684631691195748,0.5454545454545454,0.7063480615615845,1.0
RFP_6926,SKU_239,partially matching,0.6072850373658267,0.8181818181818182,0.6606470942497253,0.0
RFP_6927,SKU_257,matching,0.8399662471734561,0.9230769230769231,0.5947592854499817,1.0
RFP_6928,SKU_277,partially matching,0.6779705584049225,0.6,0.593235194683075,1.0
RFP_6929,SKU_254,matching,0.7423463815992528,0.6363636363636364,0.747215211391449,1.0
RFP_6930,SKU_150,partially matching,0.6989900464361365,0.6363636363636364,0.6026940941810608,1.0
RFP_6931,SKU_206,partially matching,0.7152349829673768,0.7,0.5507832765579224,1.0
RFP_6932,SKU_257,matching,0.8033975521723429,0.8333333333333334,0.6224362850189209,1.0
RFP_6933,SKU_204,partially matching,0.5523342490196228,0.75,0.5911141633987427,0.0
RFP_6934,SKU_241,partially matching,0.5483272552490234,0.7,0.6610908508300781,0.0
RFP_6935,SKU_252,partially matching,0.6204251793297855,0.8181818181818182,0.7044475674629211,0.0
RFP_6936,SKU_259,partially matching,0.5913182139396668,0.8,0.6377273797988892,0.0
RFP_6937,SKU_113,partially matching,0.4629210293292999,0.5,0.7097367644309998,0.0
RFP_6938,SKU_213,matching,0.7589214037765155,0.7272727272727273,0.6509501338005066,1.0
RFP_6939,SKU_247,partially matching,0.7003793636957805,0.5833333333333334,0.6957089900970459,1.0
RFP_6940,SKU_278,matching,0.7701264392245899,0.7272727272727273,0.6883002519607544,1.0
RFP_6941,SKU_230,partially matching,0.6461041867733002,0.5,0.6536806225776672,1.0
RFP_6942,SKU_135,matching,0.744362712990154,0.7272727272727273,0.6024211645126343,1.0
RFP_6943,SKU_218,matching,0.752096951007843,0.8,0.5069898366928101,1.0
RFP_6944,SKU_273,partially matching,0.5856034113810613,0.8461538461538461,0.541754961013794,0.0
RFP_6945,SKU_158,partially matching,0.6627291599909464,0.5833333333333334,0.5702083110809326,1.0
RFP_6946,SKU_217,partially matching,0.6043942731160383,0.5384615384615384,0.4505450129508972,1.0
RFP_6947,SKU_193,partially matching,0.6105621316216208,0.5454545454545454,0.45944952964782715,1.0
RFP_6948,SKU_299,partially matching,0.7066004693508148,0.7,0.5220015645027161,1.0
RFP_6949,SKU_137,partially matching,0.48674449920654295,0.5,0.7891483306884766,0.0
RFP_6950,SKU_117,partially matching,0.6757923652728399,0.6666666666666666,0.4748634397983551,1.0
RFP_6951,SKU_259,partially matching,0.506183886528015,0.7,0.5206129550933838,0.0
RFP_6952,SKU_109,matching,0.8025397102038065,0.8333333333333334,0.6195768117904663,1.0
RFP_6953,SKU_238,partially matching,0.5574896812438965,0.3,0.6916322708129883,1.0
RFP_6954,SKU_173,matching,0.7852403759956359,0.75,0.7008012533187866,1.0
RFP_6955,SKU_189,partially matching,0.6985553328807537,0.6153846153846154,0.6362100839614868,1.0
RFP_6956,SKU_171,matching,0.7219837486743927,0.75,0.48994582891464233,1.0
RFP_6957,SKU_107,partially matching,0.611937838792801,0.4,0.7064594626426697,1.0
RFP_6958,SKU_160,partially matching,0.6379665056864421,0.8333333333333334,0.737666130065918,0.0
RFP_6959,SKU_123,partially matching,0.5762230197588603,0.8333333333333334,0.531854510307312,0.0
RFP_6960,SKU_252,matching,0.7497093677520752,0.75,0.582364559173584,1.0
RFP_6961,SKU_137,partially matching,0.410846536893111,0.38461538461538464,0.728462815284729,0.0
RFP_6962,SKU_280,matching,0.7743825972080232,0.75,0.6646086573600769,1.0
RFP_6963,SKU_299,partially matching,0.6288937612013383,0.9090909090909091,0.5811610221862793,0.0
RFP_6964,SKU_193,partially matching,0.6557537317276001,0.6,0.519179105758667,1.0
RFP_6965,SKU_272,matching,0.8091308799656955,0.8181818181818182,0.6667999029159546,1.0
RFP_6966,SKU_291,partially matching,0.6736670831839244,0.5833333333333334,0.6066680550575256,1.0
RFP_6967,SKU_293,matching,0.744571328163147,0.75,0.5652377605438232,1.0
RFP_6968,SKU_141,partially matching,0.500861644744873,0.25,0.5862054824829102,1.0
RFP_6969,SKU_176,partially matching,0.6832361996173859,0.6,0.6107873320579529,1.0
RFP_6970,SKU_212,partially matching,0.6751748185891371,0.5384615384615384,0.6864801645278931,1.0
RFP_6971,SKU_216,matching,0.7520197272300719,0.7,0.6733990907669067,1.0
RFP_6972,SKU_192,partially matching,0.608680252234141,0.8333333333333334,0.6400452852249146,0.0
RFP_6973,SKU_261,partially matching,0.5202317470853979,0.6363636363636364,0.6734997630119324,0.0
RFP_6974,SKU_204,partially matching,0.6954967598120372,0.5833333333333334,0.6794336438179016,1.0
RFP_6975,SKU_238,partially matching,0.6731779038906098,0.5,0.7439263463020325,1.0
RFP_6976,SKU_162,partially matching,0.6916906317075093,0.6666666666666666,0.5278576612472534,1.0
RFP_6977,SKU_294,partially matching,0.6031797192313455,0.45454545454545453,0.5863566398620605,1.0
RFP_6978,SKU_252,matching,0.7308600664138794,0.7,0.6028668880462646,1.0
RFP_6979,SKU_276,partially matching,0.7060801083391364,0.6363636363636364,0.626327633857727,1.0
RFP_6980,SKU_250,partially matching,0.5876728236675263,0.8,0.6255760788917542,0.0
RFP_6981,SKU_257,partially matching,0.6242070894974929,0.5384615384615384,0.5165877342224121,1.0
RFP_6982,SKU_147,matching,0.7449811724516062,0.6923076923076923,0.6627577543258667,1.0
RFP_6983,SKU_274,partially matching,0.6857091983159382,0.6666666666666666,0.5079195499420166,1.0
RFP_6984,SKU_115,partially matching,0.6387806442650882,0.8181818181818182,0.7656324505805969,0.0
RFP_6985,SKU_206,partially matching,0.6315832116387108,0.5454545454545454,0.52951979637146,1.0
RFP_6986,SKU_273,matching,0.7286716163158415,0.7,0.5955720543861389,1.0
RFP_6987,SKU_250,matching,0.7801750746640292,0.8181818181818182,0.5702805519104004,1.0
RFP_6988,SKU_112,partially matching,0.5211331020702015,0.7272727272727273,0.524989128112793,0.0
RFP_6989,SKU_257,partially matching,0.5844254813411018,0.45454545454545453,0.5238425135612488,1.0
RFP_6990,SKU_228,partially matching,0.5685352563858033,0.75,0.6451175212860107,0.0
RFP_6991,SKU_275,matching,0.8160529001192613,0.9090909090909091,0.5383581519126892,1.0
RFP_6992,SKU_276,matching,0.8610331654548644,0.9,0.7034438848495483,1.0
RFP_6993,SKU_272,partially matching,0.55703650821339,0.7272727272727273,0.6446671485900879,0.0
RFP_6994,SKU_293,partially matching,0.538735568523407,0.7,0.6291185617446899,0.0
RFP_6995,SKU_191,partially matching,0.5426124453544616,0.25,0.7253748178482056,1.0
RFP_6996,SKU_146,partially matching,0.599778304497401,0.8333333333333334,0.6103721261024475,0.0
RFP_6997,SKU_123,partially matching,0.6458751132090886,0.6666666666666666,0.3751392662525177,1.0
RFP_6998,SKU_259,partially matching,0.6998687993396413,0.7272727272727273,0.4541081190109253,1.0
RFP_6999,SKU_119,partially matching,0.5360337495803833,0.75,0.5367791652679443,0.0
RFP_7000,SKU_275,partially matching,0.7083478927612303,0.7,0.5278263092041016,1.0
